ticker,name,price,dollar_volume,market_cap,sector
AAL,"American Airlines Group, Inc. - Common Stock",12.944999694824219,924850209.1883227,8499694080.0,Industrials
AAOI,"Applied Optoelectronics, Inc. - Common Stock",115.30500030517578,769175111.1277233,9067992064.0,Technology
AAON,"AAON, Inc. - Common Stock",83.58000183105469,95592331.53599548,6229182976.0,Industrials
AAPL,Apple Inc. - Common Stock,334.010009765625,13756460805.063995,4672253853696.0,Technology
ABCL,AbCellera Biologics Inc. - Common Shares,13.739999771118164,60910079.170426086,3539439616.0,Healthcare
ABNB,"Airbnb, Inc. - Class A Common Stock",162.83999633789062,801680720.2567383,100212768768.0,Consumer Cyclical
ABSI,Absci Corporation - Common Stock,11.074999809265137,38227021.66631303,1453570816.0,Healthcare
ACAD,ACADIA Pharmaceuticals Inc. - Common Stock,20.110000610351562,53993646.35611,4702136832.0,Healthcare
ACCV,Accelevation Holdings Corp. - Class A ordinary shares,17.3799991607666,148089999.81824747,2074714770.0723839,
ACGL,Arch Capital Group Ltd. - Common Stock,93.19000244140625,405690972.0542145,33088935936.0,Financial Services
ACHC,"Acadia Healthcare Company, Inc. - Common Stock",27.65999984741211,39330312.42790432,2761353984.0,Healthcare
ACIW,"ACI Worldwide, Inc. - Common Stock",50.15999984741211,37319684.90612602,5236548096.0,Technology
ACLS,"Axcelis Technologies, Inc. - Common Stock",148.2899932861328,42295806.66999741,3474167296.0,Technology
ACMR,"ACM Research, Inc. - Class A Common Stock",83.19000244140625,82869950.91164398,5272792576.0,Technology
ACT,"Enact Holdings, Inc. - Common Stock",45.48500061035156,21626194.29826355,6809565696.0,Financial Services
ADBE,Adobe Inc. - Common Stock,238.52000427246094,1384643767.6465714,100412473344.0,Technology
ADEA,Adeia Inc.  - Common Stock,26.31999969482422,26008676.021748256,2916358656.0,Technology
ADI,"Analog Devices, Inc. - Common Stock",416.4150085449219,1200252147.0115082,173573767168.0,Technology
ADMA,ADMA Biologics Inc - Common Stock,9.8149995803833,29851395.27845173,2097840512.0,Healthcare
ADP,"Automatic Data Processing, Inc. - Common Stock",257.7099914550781,590384605.7852341,106335322112.0,Technology
ADPT,Adaptive Biotechnologies Corporation - Common Stock,28.25,66984061.47979279,3876583168.0,Healthcare
ADRX,"ADARx Pharmaceuticals, Inc. - Common stock",18.19499969482422,29435707.245057423,1943250075.7818222,
ADSK,"Autodesk, Inc. - Common Stock",212.02000427246094,486765094.93744737,43745787904.0,Technology
ADUS,Addus HomeCare Corporation - Common Stock,111.72000122070312,24155629.04837036,2244252672.0,Healthcare
AEHR,Aehr Test Systems - Common Stock,106.66000366210938,242174379.8449402,3166304000.0,Technology
AEIS,"Advanced Energy Industries, Inc. - Common Stock",306.2200012207031,136554743.0448059,11169266688.0,Industrials
AEP,"American Electric Power Company, Inc. - Common Stock",119.5999984741211,495676468.1147419,68169388032.0,Utilities
AEVA,"Aeva Technologies, Inc. - Common Stock",14.569999694824219,21262245.43126602,1083924608.0,Technology
AFRM,"Affirm Holdings, Inc. - Class A Common Stock",71.11000061035156,280894612.7180214,22649401344.0,Financial Services
AGIO,"Agios Pharmaceuticals, Inc. - Common Stock",31.84000015258789,33486600.60295868,2009863808.0,Healthcare
AGNC,AGNC Investment Corp. - Common Stock,8.885000228881836,410116557.7216522,12287515648.0,Real Estate
AGYS,"Agilysys, Inc. - Common Stock",100.05999755859375,23016518.048228454,2991928832.0,Technology
AKAM,"Akamai Technologies, Inc. - Common Stock",110.88999938964844,642816462.1726997,15778646016.0,Technology
ALAB,"Astera Labs, Inc. - Common Stock",351.94000244140625,1329404101.6898804,48667774976.0,Technology
ALGM,"Allegro MicroSystems, Inc. - Common Stock",39.744998931884766,89625801.23192653,6525991424.0,Technology
ALGN,"Align Technology, Inc. - Common Stock",144.46499633789062,133129611.21573333,10658109440.0,Healthcare
ALGT,Allegiant Travel Company - Common Stock,77.6050033569336,37687834.59588852,2066734336.0,Industrials
ALHC,"Alignment Healthcare, Inc. - Common Stock",7.954999923706055,111264461.46148463,2709310464.0,Healthcare
ALKS,Alkermes plc - Ordinary Shares,41.69499969482422,99210064.41125718,7584577024.0,Healthcare
ALKT,"Alkami Technology, Inc. - Common Stock",13.899999618530273,37269934.72907982,1989120896.0,Technology
ALM,Almonty Industries Inc. - Common Shares,13.595000267028809,94958052.95731178,4894546944.0,Basic Materials
ALMS,Alumis Inc. - Common Stock,6.797999858856201,26840382.842023183,1297549440.0,Healthcare
ALNT,Allient Inc. - Common Stock,119.58999633789062,23120107.764930725,1612518144.0,Technology
ALNY,"Alnylam Pharmaceuticals, Inc. - Common Stock",221.9149932861328,335353258.07825315,33817577472.0,Healthcare
ALRM,"Alarm.com Holdings, Inc. - Common Stock",55.06999969482422,25376631.37867737,2685235456.0,Technology
AMAT,"Applied Materials, Inc. - Common Stock",537.3099975585938,2899659579.244586,361856630784.0,Technology
AMBA,"Ambarella, Inc. - Ordinary Shares",69.44999694824219,128205321.36007309,2950823936.0,Technology
AMD,"Advanced Micro Devices, Inc. - Common Stock",631.780029296875,12714915753.21206,830676729856.0,Technology
AMGN,Amgen Inc. - Common Stock,403.4849853515625,1276550619.870172,211089768448.0,Healthcare
AMKR,"Amkor Technology, Inc. - Common Stock",55.90999984741211,193817865.88915712,12255436800.0,Technology
AMLX,"Amylyx Pharmaceuticals, Inc. - Common Stock",27.709999084472656,44147127.85224533,3577794048.0,Healthcare
AMPL,"Amplitude, Inc. - Class A Common Stock",14.614999771118164,20947391.122575663,1535218432.0,Technology
AMRX,"Amneal Pharmaceuticals, Inc. - Class A Common Stock",20.184999465942383,53908106.75903425,5980242944.0,Healthcare
AMSC,American Superconductor Corporation - Common Stock,30.30500030517578,20351957.214315034,1372850432.0,Industrials
AMZN,"Amazon.com, Inc. - Common Stock",250.41000366210938,8683540128.090591,2708551237632.0,Consumer Cyclical
ANAB,"AnaptysBio, Inc. - Common Stock",48.82500076293945,31243884.25929432,1645047168.0,Healthcare
ANDE,"The Andersons, Inc. - Common Stock",67.55500030517578,25051252.87374611,2461086464.0,Consumer Defensive
ANIP,"ANI Pharmaceuticals, Inc. - Common Stock",72.13999938964844,29906937.892650604,1633536512.0,Healthcare
APA,APA Corporation - Common Stock,43.38999938964844,269602567.6344131,15813114880.0,Energy
APLD,Applied Digital Corporation - Common Stock,25.05500030517578,418044038.5984985,7474347520.0,Technology
APP,Applovin Corporation - Class A Common Stock,271.1099853515625,1596698127.5751953,103077388288.0,Communication Services
APPF,"AppFolio, Inc. - Class A Common Stock",203.99000549316406,57953803.48357773,7316442112.0,Technology
APPN,Appian Corporation - Class A Common Stock,36.595001220703125,32465024.55829239,2410984960.0,Technology
APPS,"Digital Turbine, Inc. - Common Stock",11.444999694824219,33086085.961061288,1357802368.0,Technology
ARCB,ArcBest Corporation - Common Stock,133.4600067138672,30714018.843334198,3044924928.0,Industrials
ARCC,Ares Capital Corporation - Closed End Fund,18.850000381469727,93294845.86446162,14098378752.0,Financial Services
ARQT,"Arcutis Biotherapeutics, Inc. - Common stock",25.1299991607666,90011141.93265982,2971357952.0,Healthcare
ARWR,"Arrowhead Pharmaceuticals, Inc. - Common Stock",64.08000183105469,163162397.08619386,11536162816.0,Healthcare
ARXS,"Arxis, Inc. - Class A Common Stock",49.66999816894531,59192365.79552002,21356061244.902237,
ASML,ASML Holding N.V. - New York Registry Shares,1861.46484375,2305102388.6829834,650304356352.0,Technology
ASND,Ascendis Pharma A/S - Ordinary Share,227.81500244140625,215401375.67521363,17106610176.0,Healthcare
ASO,"Academy Sports and Outdoors, Inc. - Common Stock",48.415000915527344,102417995.52552986,3255264256.0,Consumer Cyclical
ASST,"Strive, Inc. - Class A Common Stock",29.3799991607666,245575747.79684848,2551840768.0,Financial Services
ATEC,"Alphatec Holdings, Inc. - Common Stock",9.925000190734863,24396894.689302493,1348732288.0,Healthcare
ATEX,Anterix Inc. - Common Stock,84.66000366210938,24028758.652659606,1662321536.0,Communication Services
ATRC,"AtriCure, Inc. - Common Stock",54.79999923706055,92044827.41040668,2700237312.0,Healthcare
ATRO,Astronics Corporation - Common Stock,68.36499786376953,43047485.01882477,3215787520.0,Industrials
AUGO,Aura Minerals Inc. - Common Shares,82.51000213623047,87420994.60413131,7074991104.0,Basic Materials
AUR,"Aurora Innovation, Inc.  - Class A Common Stock",5.590000152587891,199233648.18297052,12908764160.0,Consumer Cyclical
AVAH,Aveanna Healthcare Holdings Inc. - Common Stock,12.625,43897852.44548073,3060435456.0,Healthcare
AVAV,"AeroVironment, Inc. - Common Stock",139.92999267578125,339030737.0644043,7547412992.0,Industrials
AVGO,Broadcom Inc. - Common Stock,355.6000061035156,8714356739.645252,1708518408192.0,Technology
AVPT,"AvePoint, Inc. - Class A Common Stock",14.225000381469727,28789464.186106395,2748234752.0,Technology
AVT,"Avnet, Inc. - Common Stock",108.06500244140625,135286110.11055756,7563845632.0,Technology
AXGN,"Axogen, Inc. - Common Stock",37.13999938964844,60648259.82861557,2381903872.0,Healthcare
AXON,"Axon Enterprise, Inc. - Common Stock",412.9049987792969,475332471.02772367,39400144896.0,Industrials
AXSM,"Axsome Therapeutics, Inc. - Common Stock",177.42999267578125,141172780.87549743,11052352512.0,Healthcare
AXTI,AXT Inc - Common Stock,85.66000366210938,631129858.9312531,4412093952.0,Technology
AYA,Aya Gold & Silver Inc. - Common Shares,27.045000076293945,35226299.687446974,4149681664.0,Basic Materials
AZTA,"Azenta, Inc. - Common Stock",38.41999816894531,32080897.62055092,1301985408.0,Healthcare
BAND,Bandwidth Inc. - Class A Common Stock,62.93450164794922,53024904.9009697,1591500928.0,Technology
BATRK,"Atlanta Braves Holdings, Inc. - Series C Common Stock",51.84000015258789,24994735.05057621,3179679744.0,Communication Services
BBIO,"BridgeBio Pharma, Inc. - Common Stock",67.03500366210938,203309885.74487,14626785280.0,Healthcare
BBNX,"Beta Bionics, Inc. - Common Stock",18.639999389648438,31343706.728740692,799916672.0,Healthcare
BCPC,Balchem Corporation - Common Stock,166.52000427246094,36367604.06890488,5341162496.0,Basic Materials
BCRX,"BioCryst Pharmaceuticals, Inc. - Common Stock",8.135000228881836,49782508.08899202,2074689664.0,Healthcare
BEAM,Beam Therapeutics Inc. - Common Stock,24.25,50097914.200294875,2493364224.0,Healthcare
BELFB,Bel Fuse Inc. - Class B Common Stock,258.81500244140625,35680191.50344849,3477736448.0,Technology
BGC,"BGC Group, Inc. - Class A Common Stock",11.949999809265137,48668455.55589628,5819709952.0,Financial Services
BIIB,Biogen Inc. - Common Stock,220.99000549316406,232455686.05615538,31574292480.0,Healthcare
BJRI,"BJ's Restaurants, Inc. - Common Stock",61.70000076293945,23262621.75965023,1293710720.0,Consumer Cyclical
BKNG,Booking Holdings Inc. - Common Stock,159.13999938964844,1498838112.5024307,134464659456.0,Consumer Cyclical
BKR,Baker Hughes Company - Common Stock,55.96500015258789,483640804.59376776,60925370368.0,Energy
BL,"BlackLine, Inc. - Common Stock",27.520000457763672,25108047.349355888,1705976704.0,Technology
BLBD,Blue Bird Corporation - Common Stock,56.224998474121094,30932372.455792617,1945384064.0,Industrials
BLFS,"BioLife Solutions, Inc. - Common Stock",37.41999816894531,35551291.13971634,1691646464.0,Healthcare
BLLN,"BillionToOne, Inc. - Class A common stock",105.62000274658203,70271115.32333374,4733983232.0,Healthcare
BLMN,"Bloomin' Brands, Inc. - Common Stock",8.335000038146973,20858194.626142453,758601344.0,Consumer Cyclical
BLZE,"Backblaze, Inc. - Common Stock",14.460000038146973,23499691.83239665,821413056.0,Technology
BMRN,BioMarin Pharmaceutical Inc. - Common Stock,57.70000076293945,123883790.99861431,12470021120.0,Healthcare
BOKF,BOK Financial Corporation - Common Stock,128.0,37487527.84421692,8164928000.0,Financial Services
BPOP,"Popular, Inc. - Common Stock",157.47500610351562,91958650.8550293,10434800640.0,Financial Services
BRKR,Bruker Corporation - Common Stock,63.720001220703125,138010224.0197174,8154270208.0,Healthcare
BRUN,Boost Run Inc. - Class A Common Stock,16.44499969482422,33242059.71672783,1351286528.0,Technology
BRZE,"Braze, Inc. - Class A Common Stock",25.65999984741211,70750230.46049786,2763667968.0,Technology
BSP,Bending Spoons S.p.A. - Ordinary Shares,32.07500076293945,93231178.70061454,20371483077.84645,
BSY,"Bentley Systems, Incorporated - Class B Common Stock",32.3650016784668,87519458.76735763,9691141120.0,Technology
BTDR,Bitdeer Technologies Group - Ordinary Shares,10.904999732971191,115526119.43419604,3147238400.0,Technology
BULL,Webull Corporation - Class A Ordinary Shares,7.385000228881836,102329391.45044842,4953297408.0,Technology
BUSE,First Busey Corporation - Common Stock,29.655000686645508,24146455.874126147,2496301568.0,Financial Services
BWIN,"The Baldwin Insurance Group, Inc. - Class A Common Stock",31.78499984741211,171757988.34736213,2763772928.0,Financial Services
BZ,KANZHUN LIMITED - American Depository Shares,14.925000190734863,126887353.78365389,7198684672.0,Communication Services
CACC,Credit Acceptance Corporation - Common Stock,526.760009765625,70670689.78967285,6256272896.0,Financial Services
CAE,CAE Inc - Common Shares,23.90999984741211,22764965.611165237,7711503872.0,Industrials
CAI,"Caris Life Sciences, Inc. - Common Stock",28.344999313354492,143414445.8469449,6739895808.0,Healthcare
CAKE,The Cheesecake Factory Incorporated - Common Stock,108.33999633789062,138949146.4592209,5105440768.0,Consumer Cyclical
CALM,"Cal-Maine Foods, Inc. - Common Stock",66.48500061035156,86503986.35977478,3520230656.0,Consumer Defensive
CAMT,Camtek Ltd. - Ordinary Shares,163.8800048828125,52504241.14242554,6700383232.0,Technology
CAPR,"Capricor Therapeutics, Inc. - Common Stock",8.979999542236328,31975535.224053383,496797664.0,Healthcare
CAR,"Avis Budget Group, Inc. - Common Stock",111.37999725341797,49877047.916836165,4650281984.0,Industrials
CARG,"CarGurus, Inc. - Class A Common Stock",30.170000076293945,41438491.19019766,2898451200.0,Communication Services
CART,Maplebear Inc. - Common Stock,44.15999984741211,188733194.25164375,10798320640.0,Consumer Cyclical
CASY,"Caseys General Stores, Inc. - Common Stock",616.7999877929688,495864770.3426056,24028248064.0,Consumer Cyclical
CATY,Cathay General Bancorp - Common Stock,60.63999938964844,29965745.237114716,4093560064.0,Financial Services
CBC,"Central Bancompany, Inc. - Class A Common Stock",31.8700008392334,55800861.32882376,7704879616.0,Financial Services
CBRL,"Cracker Barrel Old Country Store, Inc. - Common Stock",55.130001068115234,56553579.789027594,1134336640.0,Consumer Cyclical
CBRS,Cerebras Systems Inc. - Class A Common Stock,166.375,1326307628.2453918,39521154005.75758,
CBSH,"Commerce Bancshares, Inc. - Common Stock",55.18000030517578,58503771.32455902,8336278016.0,Financial Services
CCC,CCC Intelligent Solutions Holdings Inc. - Common Stock,6.554999828338623,85678266.647685,3981604352.0,Technology
CCEP,Coca-Cola Europacific Partners plc - Ordinary Shares,101.03009796142578,188602233.6288868,46081372160.0,Consumer Defensive
CCOI,"Cogent Communications Holdings, Inc. - Common Stock",8.539999961853027,20052305.217124272,467087520.0,Communication Services
CCXI,Churchill Capital Corp XI - Class A Ordinary Shares,12.0649995803833,27613152.58215151,724099968.0,Financial Services
CDNA,"CareDx, Inc. - Common Stock",67.38999938964844,76670363.6652855,2608439552.0,Healthcare
CDNS,"Cadence Design Systems, Inc. - Common Stock",349.20001220703125,833808119.7195892,79303991296.0,Technology
CDW,CDW Corporation - Common Stock,133.6750030517578,212896232.09726334,17913745408.0,Technology
CECO,CECO Environmental Corp. - Common Stock,74.83000183105469,50174099.811569214,4458920960.0,Industrials
CEG,Constellation Energy Corporation - Common Stock When-Issued,254.9600067138672,798452463.0174599,103250493440.0,Utilities
CELC,Celcuity Inc. - Common Stock,71.1500015258789,79634621.31344795,4339281408.0,Healthcare
CELH,"Celsius Holdings, Inc. - Common Stock",26.799999237060547,202663363.73931026,6890144256.0,Consumer Defensive
CENX,Century Aluminum Company - Common Stock,35.595001220703125,68285357.13217774,4570520064.0,Basic Materials
CERT,"Certara, Inc. - Common Stock",9.279999732971191,22492302.82604289,1159294720.0,Healthcare
CEVA,"CEVA, Inc. - Common Stock",37.130001068115234,20557499.576753616,771421568.0,Technology
CG,The Carlyle Group Inc. - Common Stock,40.029998779296875,137368630.5102211,15432773632.0,Financial Services
CGEM,"Cullinan Therapeutics, Inc. - Common Stock",14.604999542236328,23581941.330020525,1325706752.0,Healthcare
CGNX,Cognex Corporation - Common Stock,65.35749816894531,91336590.9361229,10337354752.0,Technology
CGON,"CG Oncology, Inc. - Common stock",67.37000274658203,74202400.72809982,6343991808.0,Healthcare
CHDN,"Churchill Downs, Incorporated - Common Stock",76.41999816894531,91266484.3169075,5808469504.0,Consumer Cyclical
CHEF,"The Chefs' Warehouse, Inc. - Common Stock",117.21499633789062,68658228.44575195,4455544320.0,Consumer Defensive
CHKP,Check Point Software Technologies Ltd. - Ordinary Shares,130.0800018310547,155359293.29066315,13714157568.0,Technology
CHRD,Chord Energy Corporation - Common Stock,136.9499969482422,101493575.23184967,8239140864.0,Energy
CHRW,"C.H. Robinson Worldwide, Inc. - Common Stock",156.97500610351562,212420153.63944244,17772492800.0,Industrials
CHTR,"Charter Communications, Inc. - Class A Common Stock",109.7699966430664,374607282.72713506,18694311936.0,Communication Services
CHYM,"Chime Financial, Inc. - Class A Common Stock",27.364999771118164,232785657.07210988,12544417792.0,Technology
CIFR,Cipher Digital Inc. - Common Stock,15.484999656677246,594918754.4108448,6432976384.0,Technology
CIGI,Colliers International Group Inc.  - Subordinate Voting Shares,90.5999984741211,26015502.118043136,4783572992.0,Real Estate
CINF,Cincinnati Financial Corporation - Common Stock,161.75999450683594,113639939.81119767,26206375936.0,Financial Services
CLBK,"Columbia Financial, Inc. - Common Stock",11.369999885559082,54318005.104412414,1191987072.0,Financial Services
CLBT,Cellebrite DI Ltd. - Ordinary Shares,11.0649995803833,32345724.0584929,2821303552.0,Technology
CLDX,"Celldex Therapeutics, Inc. - Common Stock",31.420000076293945,69580429.3161501,2973913344.0,Healthcare
CLMT,"Calumet, Inc - Common Stock",55.40999984741211,86390567.45857677,4957460480.0,Basic Materials
CLSK,"CleanSpark, Inc. - Common Stock",12.475000381469727,232537330.97128153,3257724672.0,Financial Services
CLYM,"Climb Bio, Inc. - Common Stock",10.8149995803833,20593166.879654884,854077120.0,Healthcare
CMCSA,Comcast Corporation - Class A Common Stock,21.545000076293945,736164021.527153,88982069248.0,Communication Services
CME,CME Group Inc. - Class A Common Stock,263.8450012207031,464801268.3323425,99238477824.0,Financial Services
CMPS,COMPASS Pathways Plc - American Depository Shares,11.84000015258789,41690631.71316719,1999549824.0,Healthcare
CNXC,Concentrix Corporation - Common Stock,25.295000076293945,60298227.826242924,1635291776.0,Technology
COAG,"Hemab Therapeutics Holdings, Inc. - Common Stock",30.850000381469727,23867245.57936716,1441068827.2692585,
COCO,"The Vita Coco Company, Inc. - Common Stock",55.8650016784668,81723206.01504326,2977400064.0,Consumer Defensive
COGT,"Cogent Biosciences, Inc. - Common Stock",30.8799991607666,66604134.71509943,5845189120.0,Healthcare
COHU,"Cohu, Inc. - Common Stock",73.44000244140625,59897775.88913269,2597459712.0,Technology
COIN,"Coinbase Global, Inc. - Class A Common Stock",181.4600067138672,1763678027.9094453,45353566208.0,Financial Services
COKE,"Coca-Cola Consolidated, Inc. - Common Stock",192.66000366210938,107691743.02984925,12608275456.0,Consumer Defensive
COLB,"Columbia Banking System, Inc. - Common Stock",28.844999313354492,83226273.93025188,8394008576.0,Financial Services
COLL,"Collegium Pharmaceutical, Inc. - Common Stock",22.020000457763672,20262917.06702404,720731200.0,Healthcare
COLM,Columbia Sportswear Company - Common Stock,57.0,38598168.53420486,2849157120.0,Consumer Cyclical
COO,"The Cooper Companies, Inc.  - Common Stock",57.369998931884766,317115348.62122154,10432188416.0,Healthcare
CORT,Corcept Therapeutics Incorporated - Common Stock,115.98999786376953,195008196.93926507,12543198208.0,Healthcare
CORZ,"Core Scientific, Inc. - Common Stock",16.334999084472656,192516965.03056487,5607229952.0,Technology
COST,Costco Wholesale Corporation - Common Stock,918.3499755859375,2142204723.7382386,402288508928.0,Consumer Defensive
CPB,The Campbell's Company - Common Stock,19.694400787353516,156184695.57160568,6414416384.0,Consumer Defensive
CPRT,"Copart, Inc. - Common Stock",27.30500030517578,303569563.4114704,30874034176.0,Industrials
CRAI,"CRA International,Inc. - Common Stock",170.6300048828125,20948698.39035034,1048926080.0,Industrials
CRDO,Credo Technology Group Holding Ltd - Ordinary Shares,220.5399932861328,1576776104.8567917,30377730048.0,Technology
CRML,Critical Metals Corp. - Ordinary Shares,7.045000076293945,78963143.94530363,998858176.0,Basic Materials
CROX,"Crocs, Inc. - Common Stock",117.7300033569336,135461494.66858444,5269643264.0,Consumer Cyclical
CRSP,CRISPR Therapeutics AG - Common Shares,54.816898345947266,88412015.91845283,5060893696.0,Healthcare
CRUS,"Cirrus Logic, Inc. - Common Stock",121.79000091552734,99107964.63779335,5499900928.0,Technology
CRWD,"CrowdStrike Holdings, Inc. - Class A Common Stock",268.3699035644531,2542248520.835228,217033244672.0,Technology
CRWV,"CoreWeave, Inc. - Class A Common Stock",89.31999969482422,2639688318.911235,49296338944.0,Technology
CSCO,"Cisco Systems, Inc. - Common Stock",111.76000213623047,1944926562.212297,432304652288.0,Technology
CSGP,"CoStar Group, Inc. - Common Stock",27.190000534057617,177128314.9590068,11795302400.0,Real Estate
CSIQ,Canadian Solar Inc. - Common Shares,11.34000015258789,22068735.293794632,884694656.0,Technology
CSX,CSX Corporation - Common Stock,47.42499923706055,499853906.5487493,91215863808.0,Industrials
CTAS,Cintas Corporation - Common Stock,192.01499938964844,412161647.5616913,79905857536.0,Industrials
CTSH,Cognizant Technology Solutions Corporation - Class A Common Stock,58.7400016784668,404637035.9838829,27618469888.0,Technology
CVBF,CVB Financial Corporation - Common Stock,22.2549991607666,32507519.022560883,3883383552.0,Financial Services
CVCO,"Cavco Industries, Inc. - Common Stock",584.3499755859375,57060248.63104248,4034359808.0,Consumer Cyclical
CVLT,"Commvault Systems, Inc. - Common Stock",151.11500549316406,83665181.91915818,5497620992.0,Technology
CWST,"Casella Waste Systems, Inc. - Class A Common Stock",83.08999633789062,46519332.74658813,5746059776.0,Industrials
CYTK,"Cytokinetics, Incorporated - Common Stock",64.73999786376953,139564124.28152925,10369061888.0,Healthcare
CZR,"Caesars Entertainment, Inc. - Common Stock",29.625,134918401.86675987,6045055488.0,Consumer Cyclical
DASH,"DoorDash, Inc. - Common Stock",188.30999755859375,819615262.4628662,83957981184.0,Consumer Cyclical
DAVE,Dave Inc.  - Class A Common Stock,349.8299865722656,106133777.87645264,4613921792.0,Technology
DBX,"Dropbox, Inc. - Class A Common Stock",34.01499938964844,166783202.56821138,7540910080.0,Technology
DDOG,"Datadog, Inc. - Class A Common Stock",277.7998962402344,798184177.989598,81039638528.0,Technology
DFTX,"Definium Therapeutics, Inc.  - Common Shares",37.029998779296875,91518837.20032196,5082429952.0,Healthcare
DGII,Digi International Inc. - Common Stock,76.43000030517578,26262824.14719925,2615764224.0,Technology
DIOD,Diodes Incorporated - Common Stock,104.66999816894531,45334831.83633728,4091003136.0,Technology
DJCO,Daily Journal Corp. (S.C.) - Common Stock,656.1799926757812,41153957.63579102,881889280.0,Technology
DJT,Trump Media & Technology Group Corp. - Common Stock,8.869999885559082,27787580.252121545,2415309568.0,Communication Services
DKNG,DraftKings Inc. - Class A Common Stock,18.924999237060547,307385713.9037895,11741137920.0,Consumer Cyclical
DLO,DLocal Limited - Class A Common Shares,13.774999618530273,21556885.00574131,4265430784.0,Technology
DLTR,"Dollar Tree, Inc. - Common Stock",112.11000061035156,327815084.72453004,22494058496.0,Consumer Defensive
DNLI,Denali Therapeutics Inc. - Common Stock,20.010000228881836,36434317.59921713,3411303424.0,Healthcare
DNTH,"Dianthus Therapeutics, Inc. - Common Stock",88.42500305175781,88162205.00927277,5795987456.0,Healthcare
DOCU,"DocuSign, Inc. - Common Stock",68.70999908447266,228969087.54700583,12152396800.0,Technology
DORM,"Dorman Products, Inc. - Common Stock",125.25,25827948.77326355,3732599296.0,Consumer Cyclical
DOX,Amdocs Limited - Ordinary Shares,57.974998474121094,54890274.84789467,6266988544.0,Technology
DPZ,Domino's Pizza Inc - Common Stock,297.3900146484375,222816491.27943724,10536863744.0,Consumer Cyclical
DRH,Diamondrock Hospitality Company - Common Stock,12.555000305175781,37983835.408919334,2479046400.0,Real Estate
DRS,"Leonardo DRS, Inc. - Common Stock",36.54999923706055,34172499.91057529,9686827008.0,Industrials
DSGX,The Descartes Systems Group Inc. - Common Stock,80.41000366210938,54658927.24533081,6337265152.0,Technology
DUOL,"Duolingo, Inc. - Class A Common Stock",143.67999267578125,157580185.26230162,6556393472.0,Technology
DXCM,"DexCom, Inc. - Common Stock",85.19200134277344,361640996.89749986,31622834176.0,Healthcare
DXPE,"DXP Enterprises, Inc. - Common Stock",192.83999633789062,24450052.42909088,2864931072.0,Industrials
DYN,"Dyne Therapeutics, Inc. - Common Stock",15.210000038146973,68455880.88721347,3426797056.0,Healthcare
EBAY,eBay Inc. - Common Stock,106.83999633789062,546394684.3088272,46297800704.0,Consumer Cyclical
EBC,"Eastern Bankshares, Inc. - Common Stock",21.360000610351562,52286608.44914436,4926708736.0,Financial Services
ECHO,EchoStar Corporation - Common stock,93.80000305175781,300358819.82872087,26608949248.0,Communication Services
ECPG,Encore Capital Group Inc - Common Stock,97.51000213623047,32873761.426763535,2068549504.0,Financial Services
EEFT,"Euronet Worldwide, Inc. - Common Stock",63.849998474121094,38118125.852105334,2670587136.0,Technology
ELMT,The Elmet Group Co. - Common Stock,22.225000381469727,28436130.52212467,676962354.6693764,
ELVN,"Enliven Therapeutics, Inc.  - Common Stock",46.13999938964844,74083374.43787766,4198414592.0,Healthcare
ENPH,"Enphase Energy, Inc. - Common Stock",33.560001373291016,163509567.47530556,4735536128.0,Technology
ENSG,"The Ensign Group, Inc. - Common Stock",172.2449951171875,62943756.1796814,10190683136.0,Healthcare
ENTG,"Entegris, Inc. - Common Stock",167.97999572753906,284598663.95373,21011308544.0,Technology
EQIX,"Equinix, Inc. - Common Stock",1030.5699462890625,508707617.8287109,102541590528.0,Real Estate
EQPT,EquipmentShare.com Inc - Class A Common Stock,18.35099983215332,63439030.45621662,4624111616.0,Industrials
ERAS,"Erasca, Inc. - Common Stock",14.770000457763672,69581070.99876824,5486018048.0,Healthcare
ERIE,Erie Indemnity Company - Class A Common Stock,220.4949951171875,44144657.836013794,12795853824.0,Financial Services
ESLT,Elbit Systems Ltd. - Ordinary Shares,697.3499755859375,52967260.739508055,34197893120.0,Industrials
ESQ,"Esquire Financial Holdings, Inc. - Common Stock",119.43000030517578,25468225.109567262,1422409600.0,Financial Services
ESTA,Establishment Labs Holdings Inc. - Common Shares,63.69499969482422,21895211.043477632,2185074688.0,Healthcare
ETON,"Eton Pharmaceuticals, Inc. - Common Stock",55.14500045776367,31997064.304252625,1678401792.0,Healthcare
ETOR,eToro Group Ltd. - Class A Common Shares,25.290000915527344,29054331.172333527,2407284992.0,Financial Services
EVER,"EverQuote, Inc. - Class A Common Stock",19.440000534057617,20214409.626669884,831625792.0,Communication Services
EVRG,"Evergy, Inc. - Common Stock",79.12000274658203,186428349.62508506,18790072320.0,Utilities
EWBC,"East West Bancorp, Inc. - Common Stock",125.80999755859375,104442906.9780777,17571770368.0,Financial Services
EWTX,"Edgewise Therapeutics, Inc. - Common Stock",41.2400016784668,71262909.39995289,4640654336.0,Healthcare
EXC,Exelon Corporation - Common Stock,40.69499969482422,343849014.09522057,45053005824.0,Utilities
EXE,Expand Energy Corporation - Common Stock,85.78500366210938,309978032.19519347,22955800576.0,Energy
EXEL,"Exelixis, Inc. - Common Stock",58.25,119299990.66635819,14332932096.0,Healthcare
EXLS,"ExlService Holdings, Inc. - Common Stock",35.91999816894531,69431784.50173645,5368792064.0,Technology
EXPE,"Expedia Group, Inc. - Common Stock",266.29998779296875,663755809.8362519,32891299840.0,Consumer Cyclical
EXPO,"Exponent, Inc. - Common Stock",67.43000030517578,38760801.80484772,3187018752.0,Industrials
EXTR,"Extreme Networks, Inc. - Common Stock",23.209999084472656,30638485.272159196,2801634304.0,Technology
EYE,"National Vision Holdings, Inc. - Common Stock",16.545000076293945,37863175.19009352,1347341184.0,Consumer Cyclical
EZPW,"EZCORP, Inc. - Class A Non-Voting Common Stock",30.610000610351562,20459617.2840847,2011041664.0,Financial Services
FA,First Advantage Corporation - Common Stock,18.649999618530273,34405087.59298353,3548431360.0,Industrials
FANG,"Diamondback Energy, Inc. - Common Stock",184.61000061035156,623025492.6310494,57221943296.0,Energy
FAST,Fastenal Company - Common Stock,50.650001525878906,338100400.9809338,55584780288.0,Industrials
FCEL,"FuelCell Energy, Inc. - Common Stock",18.040000915527344,96803678.55100441,1295257984.0,Industrials
FCFS,"FirstCash Holdings, Inc. - Common Stock",215.52999877929688,80187015.32276002,9803761664.0,Financial Services
FCNCA,"First Citizens BancShares, Inc. - Class A Common Stock",2071.409912109375,136710131.96832275,24188678144.0,Financial Services
FEIM,"Frequency Electronics, Inc. - Common Stock",86.11000061035156,33155709.908927917,710890880.0,Technology
FELE,"Franklin Electric Co., Inc. - Common Stock",98.62000274658203,30476276.62004318,4258421504.0,Industrials
FER,Ferrovial N.V. - Ordinary Shares,53.560001373291016,91828563.64873008,40115101696.0,Industrials
FFBC,First Financial Bancorp. - Common Stock,31.764999389648438,29902111.51403122,3376449024.0,Financial Services
FFIN,"First Financial Bankshares, Inc. - Common Stock",32.06999969482422,27074911.649052046,4673659392.0,Financial Services
FFIV,"F5, Inc. - Common Stock",453.57000732421875,235177860.1947754,23075010560.0,Technology
FHB,"First Hawaiian, Inc. - Common Stock",25.06999969482422,53665095.73626518,3108940032.0,Financial Services
FIBK,"First Interstate BancSystem, Inc. - Common Stock",36.0099983215332,45847387.93634033,3491960832.0,Financial Services
FIGR,"Figure Technology Solutions, Inc. - Class A Common Stock",28.6200008392334,162719559.04713994,8391283200.0,Financial Services
FISV,"Fiserv, Inc. - Common Stock",44.58000183105469,366443754.41168594,26024609792.0,nan
FIVE,"Five Below, Inc. - Common Stock",222.51499938964844,261364204.54988557,13635783680.0,Consumer Cyclical
FIVN,"Five9, Inc. - Common Stock",34.40999984741211,83311647.53020287,2314934784.0,Technology
FLEX,Flex Ltd. - Ordinary Shares,116.91000366210938,353335839.505513,41140412416.0,Technology
FLNC,"Fluence Energy, Inc. - Class A Common Stock",7.545000076293945,70536007.30263853,1821410048.0,Utilities
FLYW,Flywire Corporation - Voting Common Stock,17.674999237060547,24768947.204455376,2159601152.0,Technology
FORM,"FormFactor, Inc. - Common Stock",147.80499267578125,153037689.29977417,8778486784.0,Technology
FOX,Fox Corporation - Class B Common Stock,55.724998474121094,70158234.95307083,23937607680.0,Communication Services
FOXA,Fox Corporation - Class A Common Stock,62.130001068115234,311463176.5452881,26838626304.0,Communication Services
FRME,First Merchants Corporation - Common Stock,40.0099983215332,20616321.968833923,2558530048.0,Financial Services
FROG,JFrog Ltd. - Ordinary shares,95.05000305175781,148746865.5036087,11040399360.0,Technology
FRPT,"Freshpet, Inc. - Common Stock",60.51499938964844,63200553.254153445,3190575360.0,Consumer Defensive
FRSH,Freshworks Inc. - Class A Common Stock,12.795000076293945,53514483.688429356,3107305472.0,Technology
FRVO,Fervo Energy Company - Class A common stock,14.774999618530273,104357205.88345289,4355126152.781763,
FSLR,"First Solar, Inc. - Common Stock",175.9199981689453,469551240.8590614,21542856704.0,Technology
FSLY,"Fastly, Inc. - Class A Common Stock",26.239999771118164,212790571.92557925,3596994048.0,Technology
FSV,FirstService Corporation - Common Shares,129.63499450683594,27359571.27977524,5974024192.0,Real Estate
FTAI,FTAI Aviation Ltd. - Common Stock,167.5,241329026.57398987,18643904512.0,Industrials
FTDR,"Frontdoor, Inc. - Common Stock",77.98500061035156,46976911.18944168,5513531904.0,Consumer Cyclical
FTNT,"Fortinet, Inc. - Common Stock",180.4550018310547,661625909.1014442,117874769920.0,Technology
FTRE,Fortrea Holdings Inc. - Common Stock,19.81999969482422,28772823.343533706,1559639936.0,Healthcare
FULT,Fulton Financial Corporation - Common Stock,22.69499969482422,40292277.93621483,4450218496.0,Financial Services
FWONK,Liberty Media Corporation - Series C Common Stock,90.72000122070312,217686906.77856293,24241004544.0,Communication Services
GCT,GigaCloud Technology Inc - Class A Ordinary Shares,53.61000061035156,33212609.944709778,1845147776.0,Technology
GEHC,GE HealthCare Technologies Inc. - Common Stock,64.37000274658203,233997482.1749115,29128996864.0,Healthcare
GEN,Gen Digital Inc. - Common Stock,22.2549991607666,290754039.25695544,17936660480.0,Technology
GFS,GlobalFoundries Inc. - Ordinary Share,50.11000061035156,175650269.13316193,24770623488.0,Technology
GH,"Guardant Health, Inc. - Common Stock",177.7899932861328,312901789.4643097,21582770176.0,Healthcare
GIII,"G-III Apparel Group, LTD. - Common Stock",27.139999389648438,22577399.77340584,1160238336.0,Consumer Cyclical
GILD,"Gilead Sciences, Inc. - Common Stock",144.22000122070312,859112412.8655685,179285114880.0,Healthcare
GLBE,Global-E Online Ltd. - ordinary shares,39.189998626708984,60599273.21664734,6093856768.0,Consumer Cyclical
GLNG,Golar LNG Limited - Common Shares,49.060001373291016,69093096.7333765,5340694016.0,Energy
GLPI,"Gaming and Leisure Properties, Inc. - Common Stock",37.915000915527344,134067430.00361633,12417289216.0,Real Estate
GLXY,Galaxy Digital Inc. - Class A common stock,23.075000762939453,115886464.96430245,14255102976.0,Financial Services
GNTX,Gentex Corporation - Common Stock,22.139999389648438,47317400.57237587,4807388160.0,Consumer Cyclical
GO,Grocery Outlet Holding Corp. - Common Stock,11.625,26079614.458810426,1150370944.0,Consumer Defensive
GOOG,Alphabet Inc. - Class C Capital Stock,339.70001220703125,5971233868.88736,3992829296640.0,Communication Services
GOOGL,Alphabet Inc. - Class A Common Stock,342.92999267578125,9244672261.569931,4018022907904.0,Communication Services
GPRE,"Green Plains, Inc. - Common Stock",15.229999542236328,21273094.137687683,1106104320.0,Basic Materials
GRAL,"GRAIL, Inc. - Common Stock",142.0500030517578,150449048.36737138,3445553152.0,Healthcare
GRPN,"Groupon, Inc. - Common Stock",19.19499969482422,22979246.088777922,732788672.0,Communication Services
GSAT,"Globalstar, Inc. - Common Stock",83.0250015258789,45811115.84244003,10585328640.0,Communication Services
GSHD,"Goosehead Insurance, Inc. - Class A Common Stock",45.56999969482422,27145212.764081575,2052801664.0,Financial Services
GTLB,GitLab Inc. - Class A Common Stock,49.54999923706055,194996177.95762444,7950868480.0,Technology
GTX,Garrett Motion Inc. - Common Stock,27.334999084472656,65800648.16236343,5128029184.0,Consumer Cyclical
HALO,"Halozyme Therapeutics, Inc. - Common Stock",109.69999694824219,278196845.3499382,12160742400.0,Healthcare
HAPN,"Happen, Inc. - Common Stock",15.489999771118164,25226183.72235527,1926150656.0,Financial Services
HAS,"Hasbro, Inc. - Common Stock",89.69999694824219,152820201.73433763,12411207680.0,Consumer Cyclical
HBAN,Huntington Bancshares Incorporated - Common Stock,15.289999961853027,488560097.3379914,33367150592.0,Financial Services
HELP,Helus Pharma Inc.  - Common Stock,11.600000381469727,22337489.394605637,968903744.0,Healthcare
HLNE,Hamilton Lane Incorporated - Class A Common Stock,88.94999694824219,57334943.28125687,5414812672.0,Financial Services
HON,Honeywell International Inc. - Common Stock,214.2100067138672,607934785.8400208,63833300992.0,Industrials
HOOD,"Robinhood Markets, Inc. - Class A Common Stock",113.11000061035156,2564972080.5684013,102457352192.0,Financial Services
HQY,"HealthEquity, Inc. - Common Stock",90.0,81611824.4061737,7745047040.0,Healthcare
HRMY,"Harmony Biosciences Holdings, Inc. - Common Stock",39.63999938964844,44981597.62845306,2407201280.0,Healthcare
HSIC,"Henry Schein, Inc. - Common Stock",84.75,97357015.88500977,9976829952.0,Healthcare
HST,"Host Hotels & Resorts, Inc. - Common Stock",22.549999237060547,188434663.9807337,15374296064.0,Real Estate
HTFL,"Heartflow, Inc. - Common Stock",49.25,95323489.77543029,4134209792.0,Healthcare
HTO,H2O America  - Common Stock,60.2599983215332,28896883.21642361,2671929088.0,Utilities
HUBG,"Hub Group, Inc. - Class A Common Stock",29.90999984741211,46085335.90844212,2177982464.0,Industrials
HURN,Huron Consulting Group Inc. - Common Stock,162.20989990234375,38927785.03938904,2398960384.0,Industrials
HUT,Hut 8 Corp. - Common Stock,88.46499633789062,425847965.6234909,11050212352.0,Financial Services
HWC,Hancock Whitney Corporation - Common Stock,72.93499755859375,64839654.76961823,5953352704.0,Financial Services
HWKN,"Hawkins, Inc. - Common Stock",131.19500732421875,22239216.685713194,2558395648.0,Basic Materials
HYMC,Hycroft Mining Holding Corporation - Class A Common Stock,18.719999313354492,44351361.434799194,2022974208.0,Basic Materials
IBKR,"Interactive Brokers Group, Inc. - Class A Common Stock",88.44999694824219,328252757.574382,152653348864.0,Financial Services
IBOC,International Bancshares Corporation - Common Stock,69.56999969482422,27226648.53183174,4376416768.0,Financial Services
IBRX,"ImmunityBio, Inc. - Common Stock",10.164999961853027,110551666.5945661,8282620416.0,Healthcare
ICHR,Ichor Holdings - Ordinary Shares,62.88999938964844,39693535.91031723,2103991168.0,Technology
ICLR,ICON plc - Ordinary Shares,161.32249450683594,177965737.67746735,12187279360.0,Healthcare
ICUI,"ICU Medical, Inc. - Common Stock",160.58999633789062,39837577.889089964,3954612992.0,Healthcare
IDCC,"InterDigital, Inc. - Common Stock",334.8299865722656,68933792.37866516,8818299904.0,Technology
IDXX,"IDEXX Laboratories, Inc. - Common Stock",520.6799926757812,243548649.1834076,40225992704.0,Healthcare
IDYA,"IDEAYA Biosciences, Inc. - Common Stock",37.04999923706055,32293514.215497017,3646337792.0,Healthcare
IESC,"IES Holdings, Inc. - Common Stock",340.4800109863281,78908751.74583893,12746806272.0,Industrials
ILMN,"Illumina, Inc. - Common Stock",269.9800109863281,997601343.5808716,30502000640.0,Healthcare
IMMX,"Immix Biopharma, Inc. - Common Stock",9.600000381469727,20097945.319956303,879933568.0,Healthcare
IMNM,"Immunome, Inc. - Common Stock",20.899999618530273,30984062.91811695,2926327552.0,Healthcare
IMVT,"Immunovant, Inc.  - Common Stock",33.34000015258789,54427094.25987282,7857264640.0,Healthcare
INBX,"Inhibrx Biosciences, Inc. - Common Stock",97.55000305175781,38522665.48228226,1619752064.0,Healthcare
INCY,Incyte Corporation - Common Stock,115.32250213623047,192471323.5899132,25536874496.0,Healthcare
INDB,Independent Bank Corp. - Common Stock,79.66000366210938,30427450.18559418,3867213312.0,Financial Services
INDV,"Indivior Pharmaceuticals, Inc.  - Common Stock",35.80500030517578,66531282.06362343,4090343168.0,Healthcare
INIO,INNIO N.V. - Ordinary Shares,19.864999771118164,114227786.93427257,14898749828.338623,
INOD,Innodata Inc. - Common Stock,70.63500213623047,103750498.33695678,1843769728.0,Technology
INSM,Insmed Incorporated - Common Stock,109.79499816894531,269014594.0110779,27947372544.0,Healthcare
INTA,"Intapp, Inc. - Common Stock",36.43000030517578,20272285.559983063,2978196480.0,Technology
INTC,Intel Corporation - Common Stock,119.96009826660156,12411638963.190762,529879171072.0,Technology
INTR,Inter & Co. Inc. - Class A Common Shares,5.445000171661377,24893939.240090393,2410663680.0,Financial Services
INTU,Intuit Inc. - Common Stock,280.7749938964844,1091180702.426857,86002769920.0,Technology
INVA,"Innoviva, Inc. - Common Stock",20.639999389648438,21487305.334759522,1527992064.0,Healthcare
IOND,Ionic Digital Inc. - Class A Common Stock,83.8550033569336,65042926.75489769,3773154405.6741714,
IONS,"Ionis Pharmaceuticals, Inc. - Common Stock",43.45000076293945,217073709.85257453,9186170880.0,Healthcare
IOSP,Innospec Inc. - Common Stock,97.75,20999866.17981415,2289086464.0,Basic Materials
IOVA,"Iovance Biotherapeutics, Inc. - Common Stock",14.212900161743164,210185446.89060622,3750603264.0,Healthcare
IPAR,"Interparfums, Inc. - Common Stock",112.81999969482422,25083122.433265686,3584965888.0,Consumer Defensive
IPGP,IPG Photonics Corporation - Common Stock,84.84500122070312,31063206.686264038,3357502464.0,Technology
IRDM,Iridium Communications Inc - Common Stock,48.96500015258789,52679952.590199664,5035183104.0,Communication Services
IREN,IREN Limited - Ordinary Shares,41.095001220703125,1562779118.084458,17149432832.0,Financial Services
IRON,"Disc Medicine, Inc. - Common Stock",64.55999755859375,38713004.6446106,2921887488.0,Healthcare
IRTC,"iRhythm Holdings, Inc.  - Common Stock",110.55999755859375,59966401.997802734,3909577216.0,Healthcare
ISRG,"Intuitive Surgical, Inc. - Common Stock",392.7200012207031,915337633.3676239,128324452352.0,Healthcare
ITRI,"Itron, Inc. - Common Stock",86.6238021850586,55011826.84451103,4085741824.0,Technology
JAZZ,Jazz Pharmaceuticals plc - Ordinary Shares,237.60499572753906,170247473.19470292,15691151360.0,Healthcare
JBHT,"J.B. Hunt Transport Services, Inc. - Common Stock",234.03500366210938,294541082.71099395,25169426432.0,Industrials
JKHY,"Jack Henry & Associates, Inc. - Common Stock",142.84500122070312,160305502.37895203,11262188544.0,Technology
KALU,Kaiser Aluminum Corporation - Common Stock,151.88999938964844,32302519.371418,2667354368.0,Basic Materials
KDP,Keurig Dr Pepper Inc. - Common Stock,30.5,328812652.3070202,43151790080.0,Consumer Defensive
KLAC,KLA Corporation  - Common Stock,206.58999633789062,1720593225.0814652,228763271168.0,Technology
KLIC,"Kulicke and Soffa Industries, Inc. - Common Stock",101.48999786376953,64779561.16032181,4261159936.0,Technology
KMB,Kimberly-Clark Corporation - Common Stock,94.47000122070312,472180053.26273346,32858775552.0,Consumer Defensive
KNSA,"Kiniksa Pharmaceuticals International, plc - Class A Ordinary Shares",75.95500183105469,44015061.852350615,5993471488.0,Healthcare
KOD,Kodiak Sciences Inc - Common Stock,92.95999908447266,275103841.7535946,2070260992.0,Healthcare
KRYS,"Krystal Biotech, Inc. - Common Stock",323.4599914550781,96051196.34797363,10250692608.0,Healthcare
KSPI,Joint Stock Company Kaspi.kz - American Depository Shares,94.33000183105469,59864790.82212143,18559963136.0,Technology
KTOS,"Kratos Defense & Security Solutions, Inc. - Common Stock",42.790000915527344,188078512.6317318,8753432576.0,Industrials
KURA,"Kura Oncology, Inc. - Common Stock",10.675000190734863,20840444.062282134,1053382592.0,Healthcare
KYMR,"Kymera Therapeutics, Inc. - Common Stock",106.5999984741211,87532188.13990593,9701182464.0,Healthcare
LAMR,Lamar Advertising Company - Class A Common Stock,144.8699951171875,74107836.78710938,15076573184.0,Real Estate
LASR,"nLIGHT, Inc. - Common Stock",40.5099983215332,34570625.583096884,2308761600.0,Technology
LAUR,"Laureate Education, Inc. - Common Stock",38.79999923706055,36679189.75687046,4960354304.0,Consumer Defensive
LBTYA,Liberty Global Ltd. - Class A Common Shares,8.96500015258789,28822618.174959946,3618938880.0,Communication Services
LECO,"Lincoln Electric Holdings, Inc. - Common Shares",275.4700012207031,109140613.19915009,13986177024.0,Industrials
LFST,"LifeStance Health Group, Inc. - Common Stock",11.779999732971191,72319077.39998221,4960360448.0,Healthcare
LFUS,"Littelfuse, Inc. - Common Stock",459.1700134277344,77503208.21512756,10650784768.0,Technology
LGN,Legence Corp. - Class A Common stock,53.474998474121094,49780265.402584076,8723530752.0,Industrials
LGND,Ligand Pharmaceuticals Incorporated - Common Stock,302.32000732421875,77802503.3288147,5698294272.0,Healthcare
LIF,"Life360, Inc. - Common Stock",42.79999923706055,23580545.916262437,3411990528.0,Technology
LIFE,Ethos Technologies Inc. - Class A Common Stock,34.060001373291016,63798981.48937225,3725720064.0,Financial Services
LIN,Linde plc - Ordinary Shares,477.9049987792969,969097125.9006332,213606678528.0,Basic Materials
LIND,Lindblad Expeditions Holdings Inc.  - Common Stock,34.654998779296875,25482414.67321396,1625399680.0,Consumer Cyclical
LINE,"Lineage, Inc. - Common Stock",34.56999969482422,35401829.03991699,9327735808.0,Real Estate
LITE,Lumentum Holdings Inc. - Common Stock,1086.0,4585073241.095752,87330578432.0,Technology
LIVN,LivaNova PLC - Ordinary Shares,75.72000122070312,50335549.82600097,4299772928.0,Healthcare
LKQ,LKQ Corporation - Common Stock,22.829999923706055,75875375.13845253,6078374912.0,Consumer Cyclical
LLYVK,"Liberty Live Holdings, Inc. - Series C Liberty Live Group Common Stock",97.5199966430664,29820864.14105606,8999505920.0,Communication Services
LMAT,"LeMaitre Vascular, Inc. - Common Stock",78.73999786376953,20703137.58755226,1806442496.0,Healthcare
LNT,Alliant Energy Corporation - Common Stock,64.30500030517578,172758198.27438354,17626175488.0,Utilities
LNTH,"Lantheus Holdings, Inc. - Common Stock",100.0199966430664,99498979.68959121,6576350208.0,Healthcare
LOGI,Logitech International S.A. - Registered Shares,104.38999938964844,71693039.77413025,14255115264.0,Technology
LOPE,"Grand Canyon Education, Inc. - Common Stock",155.94000244140625,51068625.15130005,3951068672.0,Consumer Defensive
LPLA,LPL Financial Holdings Inc. - Common Stock,315.8999938964844,247112912.0019455,27464523776.0,Financial Services
LPTH,"LightPath Technologies, Inc. - Class A Common Stock",11.011899948120117,28631178.310146045,617973376.0,Technology
LQDA,Liquidia Corporation - Common Stock,27.75,145010399.29004136,6019472896.0,Healthcare
LRCX,Lam Research Corporation - Common Stock,348.2200012207031,2847186928.656522,375590256640.0,Technology
LSCC,Lattice Semiconductor Corporation - Common Stock,135.72000122070312,205273406.14624023,15963797504.0,Technology
LSTR,"Landstar System, Inc. - Common Stock",173.6699981689453,58015742.20768432,5852253184.0,Industrials
LULU,lululemon athletica inc. - Common Stock,94.54000091552734,729508528.944133,11010665472.0,Consumer Cyclical
LUNR,"Intuitive Machines, Inc. - Class A Common Stock",14.651399612426758,113327526.30900936,2413202688.0,Industrials
LYFT,"Lyft, Inc. - Class A Common Stock",15.375,144252824.76950473,5577790464.0,Technology
MANH,"Manhattan Associates, Inc. - Common Stock",204.3000030517578,126693512.64421463,12125976576.0,Technology
MAR,Marriott International - Class A Common Stock,357.6050109863281,535430577.75948334,86629163008.0,Consumer Cyclical
MARA,"MARA Holdings, Inc. - Common Stock",11.119999885559082,536423942.25048524,4355524608.0,Financial Services
MAT,"Mattel, Inc. - Common Stock",14.920000076293945,94504607.35048428,3894091008.0,Consumer Cyclical
MATW,Matthews International Corporation - Class A Common Stock,19.209999084472656,23146774.94377899,628321152.0,Industrials
MAZE,"Maze Therapeutics, Inc. - Common Stock",26.40999984741211,22724637.908727266,1387062656.0,Healthcare
MBLY,Mobileye Global Inc. - Class A Common Stock,7.275000095367432,44627396.816286966,6750489600.0,Consumer Cyclical
MBX,"MBX Biosciences, Inc. - Common Stock",58.41999816894531,32051364.508500673,3026621184.0,Healthcare
MCHP,Microchip Technology Incorporated - Common Stock,81.73500061035156,611810929.5271912,38781681664.0,Technology
MCRI,"Monarch Casino & Resort, Inc. - Common Stock",118.11499786376953,23445129.155848313,2165757184.0,Consumer Cyclical
MDB,"MongoDB, Inc. - Class A Common Stock",357.2200012207031,1108918186.9034348,29886404608.0,Technology
MDGL,"Madrigal Pharmaceuticals, Inc. - Common Stock",494.4700012207031,121074944.32272644,12306758656.0,Healthcare
MDLN,Medline Inc. - Class A common stock,35.35499954223633,296238255.0015747,44574203904.0,Healthcare
MDLZ,"Mondelez International, Inc. - Class A Common Stock",58.19499969482422,484053286.3516197,80151093248.0,Consumer Defensive
MEDP,"Medpace Holdings, Inc. - Common Stock",598.3499755859375,148667065.45320433,16255749120.0,Healthcare
MELI,"MercadoLibre, Inc. - Common Stock",1684.8050537109375,1162499787.152063,94782226432.0,Consumer Cyclical
MEOH,Methanex Corporation - Common Stock,58.619998931884766,54023528.53267155,4886326784.0,Basic Materials
META,"Meta Platforms, Inc. - Class A Common Stock",727.6199951171875,16440434268.54361,1641625812992.0,Communication Services
MFP,"Midera Food Processing, Inc. - Common Stock",41.90999984741211,20548946.664224625,1896965220.5854225,
MGNI,"Magnite, Inc. - Common Stock",24.760000228881836,54278559.78644943,3354691072.0,Communication Services
MIDD,The Middleby Corporation - Common Stock,104.2699966430664,65838293.5127594,4755582464.0,Industrials
MIRM,"Mirum Pharmaceuticals, Inc. - common stock",82.19999694824219,71009665.96471786,6374069760.0,Healthcare
MKSI,MKS Inc. - Common Stock,281.2200012207031,325557813.54539186,17514977280.0,Technology
MKTX,"MarketAxess Holdings, Inc. - Common Stock",164.21499633789062,144001296.96437073,5748406784.0,Financial Services
MLTX,MoonLake Immunotherapeutics - Class A Ordinary Shares,11.3100004196167,22926516.57180953,1137876352.0,Healthcare
MLYS,"Mineralys Therapeutics, Inc. - Common Stock",23.655000686645508,41190848.14659367,2690596864.0,Healthcare
MMED,"MiniMed Group, Inc. - Common Stock",19.56999969482422,58024456.567372516,6366245376.0,Healthcare
MMSI,"Merit Medical Systems, Inc. - Common Stock",86.08000183105469,51036501.26330032,5169728512.0,Healthcare
MMYT,MakeMyTrip Limited - Ordinary Shares,44.994998931884766,44892371.30265407,4592884736.0,Consumer Cyclical
MNDY,monday.com Ltd. - Ordinary Shares,78.90499877929688,102491295.81363678,3447665920.0,Technology
MNST,Monster Beverage Corporation - Common Stock,42.76499938964844,435276106.09718096,84866121728.0,Consumer Defensive
MORN,"Morningstar, Inc. - Common Stock",185.22500610351562,57853667.65205383,7467076608.0,Financial Services
MPWR,"Monolithic Power Systems, Inc. - Common Stock",1441.2900390625,915966641.4398682,57940336640.0,Technology
MRCY,Mercury Systems Inc - Common Stock,84.27999877929688,55081600.37572174,4819911168.0,Industrials
MRNA,"Moderna, Inc. - Common Stock",188.4250030517578,2468438191.8565583,53777076224.0,Healthcare
MRVL,"Marvell Technology, Inc. - Common Stock",273.9200134277344,4272499754.9673324,205776404480.0,Technology
MRX,Marex Group Limited - Ordinary Shares,73.33999633789062,57591868.87502289,5415315968.0,Financial Services
MSFT,Microsoft Corporation - Common Stock,515.239990234375,10470246956.493916,3642750140416.0,Technology
MSTR,Strategy Inc - Class A Common Stock,156.75999450683594,3349929674.7851396,51720114176.0,Technology
MTCH,"Match Group, Inc. - Common Stock",40.779998779296875,141753535.34460145,9540140032.0,Communication Services
MTSI,"MACOM Technology Solutions Holdings, Inc. - Common Stock",323.7406005859375,365480700.224707,21021097984.0,Technology
MU,"Micron Technology, Inc. - Common Stock",1075.7916259765625,26804796029.092163,1113028296704.0,Technology
MWH,"SOLV Energy, Inc. - Class A common stock",25.295000076293945,34210726.10004616,4994904064.0,Utilities
MXL,"MaxLinear, Inc - Common Stock",105.16999816894531,245963344.1652054,6021121024.0,Technology
MYRG,"MYR Group, Inc. - Common Stock",305.0799865722656,68889382.94911957,4385858048.0,Industrials
MZTI,The Marzetti Company - Common Stock,99.59500122070312,45436178.77228546,2763486720.0,Consumer Defensive
NAMS,NewAmsterdam Pharma Company N.V. - Ordinary Shares,22.7549991607666,45025348.979295924,2688390912.0,Healthcare
NAVN,"Navan, Inc. - Class A Common Stock",21.290000915527344,108384180.27129403,5174369280.0,Technology
NBIS,Nebius Group N.V. - Class A Ordinary Shares,242.14999389648438,3563572551.8421507,58325491712.0,Communication Services
NBIX,"Neurocrine Biosciences, Inc. - Common Stock",142.52999877929688,190482340.2852127,15934018560.0,Healthcare
NCNO,"nCino, Inc. - Common Stock",18.739999771118164,47033818.86660166,2315622144.0,Technology
NDAQ,"Nasdaq, Inc. - Common Stock",90.38500213623047,297010438.2190121,52309102592.0,Financial Services
NDSN,Nordson Corporation - Common Stock,332.864990234375,112742650.47039795,17163078656.0,Industrials
NEO,"NeoGenomics, Inc. - Common Stock",18.329999923706055,38826539.55773811,2268940032.0,Healthcare
NEOG,Neogen Corporation - Common Stock,12.364999771118164,57009794.4704319,2569288704.0,Healthcare
NESR,National Energy Services Reunited Corp - Ordinary Shares,24.520000457763672,63404670.15833016,3420387328.0,Energy
NFLX,"Netflix, Inc. - Common Stock",67.05999755859375,2568431390.6741056,314044317696.0,Communication Services
NKTR,Nektar Therapeutics - Common Stock,43.834999084472656,105772059.371949,2466831104.0,Healthcare
NMIH,NMI Holdings Inc - Common Stock,38.81999969482422,30147059.99554062,3324628992.0,Financial Services
NMRK,"Newmark Group, Inc. - Class A Common Stock",12.755000114440918,29138945.695669223,3516855296.0,Real Estate
NN,NextNav Inc. - Common stock,14.210000038146973,35762323.5524075,2627526144.0,Technology
NNE,Nano Nuclear Energy Inc. - common stock,15.704999923706055,31856559.4842227,933273728.0,Industrials
NOVT,Novanta Inc. - Common Shares,149.3800048828125,49713224.324258424,5434791936.0,Technology
NRIX,"Nurix Therapeutics, Inc. - Common stock",22.915000915527344,37068430.815979004,2666670336.0,Healthcare
NSIT,"Insight Enterprises, Inc. - Common Stock",161.39999389648438,59062500.69792938,4605421568.0,Technology
NTAP,"NetApp, Inc. - Common Stock",228.35000610351562,479774755.91657865,36190203904.0,Technology
NTCT,"NetScout Systems, Inc. - Common Stock",41.04499816894531,24937981.692695618,2703621376.0,Technology
NTLA,"Intellia Therapeutics, Inc. - Common Stock",12.210000038146973,53685770.99241438,1643686016.0,Healthcare
NTNX,"Nutanix, Inc. - Class A Common Stock",72.4800033569336,158768024.0908081,18227712000.0,Technology
NTRA,"Natera, Inc. - Common Stock",408.29998779296875,616528865.3303039,47032082432.0,Healthcare
NTRS,Northern Trust Corporation - Common Stock,171.2949981689453,182544615.7171669,34002309120.0,Financial Services
NTSK,"Netskope, Inc. - Class A Common Stock",17.885000228881836,121589482.88432732,6167631872.0,Technology
NUAI,"New Era Energy & Digital, Inc. - Common Stock",6.184999942779541,57337931.22335827,651077568.0,Technology
NUTX,Nutex Health Inc. - Common Stock,217.5,33051672.560791016,1350831104.0,Healthcare
NVAX,"Novavax, Inc. - Common Stock",10.335000038146973,51900909.972798206,1519150208.0,Healthcare
NVDA,NVIDIA Corporation - Common Stock,234.5500030517578,24257579754.48003,5259457986560.0,Technology
NVMI,Nova Ltd. - Ordinary Shares,395.07501220703125,196400687.31077576,11601614848.0,Technology
NVTS,Navitas Semiconductor Corporation - Common Stock,12.484999656677246,163546149.95347595,2917667584.0,Technology
NWE,"NorthWestern Energy Group, Inc.  - Common Stock",68.9800033569336,32408116.303964615,4341929984.0,Utilities
NWL,Newell Brands Inc. - Common Stock,5.414999961853027,32564028.58004613,2553270528.0,Consumer Defensive
NWS,News Corporation - Class B Common Stock,31.639999389648438,38888135.05351486,17630640128.0,Communication Services
NWSA,News Corporation - Class A Common Stock,28.655000686645508,131055836.84959126,15774218240.0,Communication Services
NXPI,NXP Semiconductors N.V. - Common Stock,244.8300018310547,812607776.9348824,55400468480.0,Technology
NXST,"Nexstar Media Group, Inc. - Common Stock",157.3000030517578,64791442.59355774,5217693696.0,Communication Services
NXT,Nextpower Inc. - Common Stock,83.75,168114010.99536133,12198116352.0,Technology
OCTV,Octave Intelligence plc - Class B Ordinary Shares,19.020000457763672,57971883.953088,5105686850.6410675,
OCUL,"Ocular Therapeutix, Inc. - Common Stock",7.0,31060475.508691598,2446520832.0,Healthcare
ODD,ODDITY Tech Ltd. - Class A Ordinary Shares,19.15999984741211,32339371.77402725,741682816.0,Consumer Defensive
ODFL,"Old Dominion Freight Line, Inc. - Common Stock",180.63999938964844,320155495.4993385,37398904832.0,Industrials
OKTA,"Okta, Inc. - Class A Common Stock",212.64999389648438,738362700.130722,30927570944.0,Technology
OLED,Universal Display Corporation - Common Stock,79.82499694824219,57596032.965135194,3617130496.0,Technology
OLLI,"Ollie's Bargain Outlet Holdings, Inc. - Common Stock",88.3550033569336,139970283.3421215,4293011456.0,Consumer Defensive
OMDA,"Omada Health, Inc. - Common Stock",20.670000076293945,30461055.509484194,1360847360.0,Healthcare
OMER,Omeros Corporation - Common Stock,18.354999542236328,27500622.74113846,1353661696.0,Healthcare
ON,ON Semiconductor Corporation - Common Stock,83.72000122070312,882758684.7376206,26827948032.0,Technology
ONB,Old National Bancorp - Common Stock,24.780000686645508,115715688.32258168,9682845696.0,Financial Services
ONDS,Ondas Inc - Common Stock,7.15500020980835,447631971.99613476,4191677184.0,Technology
OPCH,"Option Care Health, Inc. - Common Stock",22.709999084472656,49445613.03680229,3591850240.0,Healthcare
ORKA,"Oruka Therapeutics, Inc. - Common Stock",83.37000274658203,88529742.25762253,6008530432.0,Healthcare
ORLY,"O'Reilly Automotive, Inc. - Common Stock",85.08499908447266,516196687.4460834,69234909184.0,Consumer Cyclical
OSIS,"OSI Systems, Inc. - Common Stock",198.0500030517578,44441679.91875076,3151886592.0,Technology
OSW,OneSpaWorld Holdings Limited - Common Shares,23.55500030517578,20560798.916452408,2255301376.0,Consumer Cyclical
OTEX,Open Text Corporation - Common Shares,22.135000228881836,27510482.8494606,5515646976.0,Technology
OTTR,Otter Tail Corporation - Common Stock,88.81999969482422,21613275.829309464,3738605824.0,Industrials
OUST,"Ouster, Inc. - Common Stock",42.93000030517578,84393910.24160996,2564314880.0,Technology
OZK,Bank OZK - Common Stock,46.630001068115234,53079274.67611313,5270878208.0,Financial Services
PAGP,"Plains GP Holdings, L.P. - Class A Shares representing limited partner interests",25.94499969482422,46697270.158094406,6511197184.0,Energy
PANW,"Palo Alto Networks, Inc. - Common Stock",401.2099914550781,2290052177.74469,277804974080.0,Technology
PATK,"Patrick Industries, Inc. - Common Stock",67.28500366210938,42998753.715789795,2455280640.0,Consumer Cyclical
PAYO,Payoneer Global Inc. - Common Stock,7.159999847412109,20385777.763855744,2402452480.0,Technology
PAYX,"Paychex, Inc. - Common Stock",99.16000366210938,390485025.7755661,41162022912.0,Technology
PBLS,"Parabilis Medicines, Inc. - Common Stock",29.81999969482422,44800403.1196476,3683761179.100647,
PCAR,PACCAR Inc. - Common Stock,109.23999786376953,410844581.2831249,64506028032.0,Industrials
PCTY,Paylocity Holding Corporation - Common Stock,145.42999267578125,96648358.41621399,7684240384.0,Technology
PCVX,"Vaxcyte, Inc. - Common Stock",56.0,82757159.1940895,8842009600.0,Healthcare
PDFS,"PDF Solutions, Inc. - Common Stock",55.474998474121094,27436088.497340012,1955120128.0,Technology
PECO,"Phillips Edison & Company, Inc. - Common Stock",37.744998931884766,42248884.24455643,5456280064.0,Real Estate
PEGA,Pegasystems Inc. - Common Stock,34.04999923706055,74884117.69583015,5783766016.0,Technology
PENG,"Penguin Solutions, Inc. - Common Stock",61.290000915527344,74509487.15841675,2511660800.0,Technology
PENN,"PENN Entertainment, Inc. - Common Stock",14.914999961853027,53467966.78043165,2270411520.0,Consumer Cyclical
PEP,"PepsiCo, Inc. - Common Stock",125.76000213623047,1196803547.4965115,187196637184.0,Consumer Defensive
PFG,Principal Financial Group Inc - Common Stock,111.94999694824219,157741273.54400253,24544956416.0,Financial Services
PGEN,"Precigen, Inc. - Common Stock",8.420000076293945,38488332.761143684,2365806848.0,Healthcare
PGNY,"Progyny, Inc. - Common Stock",25.315000534057617,31461049.562715434,2106534272.0,Healthcare
PGY,Pagaya Technologies Ltd. - Class A Ordinary Shares,18.170000076293945,49700168.54944897,1725246336.0,Technology
PHVS,Pharvaris N.V. - Ordinary Shares,31.100000381469727,41514971.07390185,2726041088.0,Healthcare
PI,"Impinj, Inc. - Common Stock",191.38999938964844,69905333.44307709,4986021888.0,Technology
PLAB,"Photronics, Inc. - Common Stock",31.3700008392334,25490215.83905506,1662776320.0,Technology
PLMR,"Palomar Holdings, Inc. - Common stock",126.26499938964844,31105992.581845094,3509463296.0,Financial Services
PLPC,Preformed Line Products Company - Common Stock,425.6424865722656,29010628.44344177,1951862784.0,Industrials
PLSE,"Pulse Biosciences, Inc - Common Stock",48.54999923706055,33002880.4085474,3976235520.0,Healthcare
PLTR,Palantir Technologies Inc. - Class A Common Stock,189.58999633789062,4091580069.9569244,402392121344.0,Technology
PLUS,ePlus inc. - Common Stock,93.81500244140625,20736558.219436646,2335075072.0,Technology
PLXS,Plexus Corp. - Common Stock,274.2550048828125,53103417.28516541,6528965120.0,Technology
PODD,Insulet Corporation - Common Stock,131.11900329589844,221262873.82496643,9481413632.0,Healthcare
POET,POET Technologies Inc. - Common Shares,7.804999828338623,65005986.06640568,1335143168.0,Technology
POOL,Pool Corporation - Common Stock,163.1750030517578,140481706.5028061,6379254784.0,Industrials
POWI,"Power Integrations, Inc. - Common Stock",55.119998931884766,38217703.81236782,2715107072.0,Technology
POWL,"Powell Industries, Inc. - Common Stock",197.19000244140625,94319687.21600953,6366616064.0,Industrials
PPC,Pilgrim's Pride Corporation - Common Stock,27.28499984741211,41012485.64059029,7098015232.0,Consumer Defensive
PPLI,People Incorporated - Common Stock,41.439998626708984,52554960.10629539,2807290112.0,Communication Services
PPTA,Perpetua Resources Corp. - Common Shares,20.309999465942383,20775657.29413557,2984160256.0,Basic Materials
PRAX,"Praxis Precision Medicines, Inc. - Common Stock",296.80499267578125,135365289.9302246,9594425344.0,Healthcare
PRCH,"Porch Group, Inc. - Common Stock",17.549999237060547,25108837.85646782,1862860544.0,Financial Services
PRCT,PROCEPT BioRobotics Corporation - Common Stock,17.155000686645508,26957352.597897433,1167237120.0,Healthcare
PRDO,Perdoceo Education Corporation - Common Stock,32.279998779296875,22709308.823504258,2089447808.0,Consumer Defensive
PRGS,Progress Software Corporation - Common Stock,37.08000183105469,24232189.196567535,1675993984.0,Technology
PRVA,"Privia Health Group, Inc. - Common Stock",20.18000030517578,25104803.828539275,2640904704.0,Healthcare
PSKY,Paramount Skydance Corporation - Class B Common Stock,9.199999809265137,267501649.61487922,11499503616.0,Communication Services
PSMT,"PriceSmart, Inc. - Common Stock",170.13999938964844,36288530.62474823,5264805376.0,Consumer Defensive
PSNL,"Personalis, Inc. - Common Stock",16.184999465942383,32619596.083879758,1748045696.0,Healthcare
PTC,PTC Inc. - Common Stock,144.41000366210938,233374431.75063172,13917012992.0,Technology
PTCT,"PTC Therapeutics, Inc. - Common Stock",63.255001068115234,82163471.04811954,5597715968.0,Healthcare
PTEN,"Patterson-UTI Energy, Inc. - Common Stock",11.1899995803833,94238056.22913408,4868596224.0,Energy
PTGX,"Protagonist Therapeutics, Inc. - Common Stock",138.49000549316406,102067866.91026993,9334169600.0,Healthcare
PTRN,Pattern Group Inc. - Series A Common Stock,17.549999237060547,32862848.623343468,3895422976.0,Consumer Cyclical
PURR,Hyperliquid Strategies Inc - Common Stock,11.892000198364258,289632843.1889086,2332505344.0,Financial Services
PVLA,"Palvella Therapeutics, Inc. - Common Stock",128.82000732421875,32850834.7114563,2146564352.0,Healthcare
PWP,Perella Weinberg Partners - Class A Common Stock,15.930000305175781,33536378.828216173,1544130048.0,Financial Services
PYPL,"PayPal Holdings, Inc. - Common Stock",52.84000015258789,631177015.6992089,45039501312.0,Financial Services
PZZA,"Papa John's International, Inc. - Common Stock",19.625,30921117.94428482,711319168.0,Consumer Cyclical
QBTS,D-Wave Quantum Inc. - Common Stock,16.059999465942383,273727386.6233387,6236163584.0,Technology
QCOM,QUALCOMM Incorporated - Common Stock,185.6761932373047,2736537925.9124565,184021483520.0,Technology
QLYS,"Qualys, Inc. - Common Stock",192.97000122070312,125851721.14043275,6029504000.0,Technology
QMCO,Quantum Corporation - Common Stock,34.14500045776367,50834799.22206096,956874816.0,Technology
QNT,Quantinuum Inc. - Class A Common Stock,46.27000045776367,98310373.30109692,1816716841.9233513,
QRVO,"Qorvo, Inc. - Common Stock",114.25,217497987.63608703,9196286976.0,Technology
QUBT,Quantum Computing Inc. - Common Stock,8.21500015258789,58759689.68355455,1791467520.0,Technology
QURE,uniQure N.V. - Ordinary Shares,23.43000030517578,98621926.91498375,3153397248.0,Healthcare
RARE,Ultragenyx Pharmaceutical Inc. - Common Stock,15.25,87251197.65133362,1407849088.0,Healthcare
RCAT,"Red Cat Holdings, Inc. - Common Stock",6.335000038146973,61505216.37287889,1275180160.0,Industrials
RDNT,"RadNet, Inc. - Common Stock",70.27999877929688,55644074.44994354,5678830592.0,Healthcare
REAL,"The RealReal, Inc. - Common Stock",8.895000457763672,23409566.523008347,1136408192.0,Consumer Cyclical
REG,Regency Centers Corporation - Common Stock,71.65229797363281,97477209.45841217,14109775872.0,Real Estate
REGN,"Regeneron Pharmaceuticals, Inc. - Common Stock",735.6107177734375,577506992.7208191,82509160448.0,Healthcare
RELY,"Remitly Global, Inc. - Common stock",22.40399932861328,89851957.9845169,5008444416.0,Technology
REPL,"Replimune Group, Inc. - Common Stock",13.029999732971191,28090011.18858266,1329910144.0,Healthcare
REYN,Reynolds Consumer Products Inc. - Common Stock,22.21500015258789,33850749.37200298,4573651968.0,Consumer Cyclical
RGEN,Repligen Corporation - Common Stock,181.77499389648438,194194762.14634857,9139748864.0,Healthcare
RGLD,"Royal Gold, Inc. - Common Stock",234.72030639648438,161340391.3626175,21768282112.0,Basic Materials
RGTI,"Rigetti Computing, Inc.  - Common stock",15.319999694824219,264619056.99108085,5013273088.0,Technology
RIOT,"Riot Platforms, Inc. - Common Stock",19.424999237060547,350152341.2679041,7854169600.0,Financial Services
RIVN,"Rivian Automotive, Inc. - Class A Common Stock",14.270099639892578,361359636.85657215,23006359552.0,Consumer Cyclical
RKLB,Rocket Lab Corporation - Common Stock,73.3949966430664,1432795165.965854,40864755712.0,Industrials
RLAY,"Relay Therapeutics, Inc. - Common Stock",18.760000228881836,66304731.441932485,4108905472.0,Healthcare
RMBS,"Rambus, Inc. - Common Stock",112.23999786376953,245475785.61232644,9107295232.0,Technology
ROAD,"Construction Partners, Inc. - Common Stock",91.84500122070312,54455516.82833252,5475776000.0,Industrials
ROIV,Roivant Sciences Ltd. - Common Shares,35.65999984741211,340118124.6805029,29427439616.0,Healthcare
ROKU,"Roku, Inc. - Class A Common Stock",152.27999877929688,315561984.3712128,22733334528.0,Communication Services
ROP,"Roper Technologies, Inc. - Common Stock",355.7764892578125,325617703.7186279,38855184384.0,Technology
ROST,"Ross Stores, Inc. - Common Stock",228.2100067138672,436407059.04643786,72244322304.0,Consumer Cyclical
RPD,"Rapid7, Inc. - Common Stock",12.319999694824219,22045714.69458599,723208832.0,Technology
RPRX,Royalty Pharma plc - Class A Ordinary Shares,57.220001220703125,191473456.62187195,35002384384.0,Healthcare
RRR,"Red Rock Resorts, Inc. - Class A Common Stock",50.709999084472656,61172419.41712227,5574649344.0,Consumer Cyclical
RUM,RUM Group Inc. - Class A Common Stock,7.579999923706055,49543287.17728786,3616935424.0,Communication Services
RUN,Sunrun Inc. - Common Stock,7.71999979019165,61829239.02192445,2032941056.0,Technology
RUSHA,"Rush Enterprises, Inc. - Class A Common Stock",47.11000061035156,32274519.24540329,5660258304.0,Consumer Cyclical
RVMD,"Revolution Medicines, Inc. - Common Stock",206.3000030517578,409379329.7250458,43829653504.0,Healthcare
RYTM,"Rhythm Pharmaceuticals, Inc. - Common Stock",93.54499816894531,67764485.28892899,6886109184.0,Healthcare
SAIA,"Saia, Inc. - Common Stock",352.4800109863281,117020014.65761566,9185813504.0,Industrials
SAIC,Science Applications International Corporation - Common Stock,126.5199966430664,54096299.50205193,5345845248.0,Technology
SAIL,"SailPoint, Inc. - Common Stock",19.985000610351562,112781935.5597519,9979584512.0,Technology
SANM,Sanmina Corporation - Common Stock,228.0,120300989.7473999,10915101696.0,Technology
SATL,Satellogic Inc. - Class A Common Stock,5.704999923706055,29786398.292305373,783304768.0,Industrials
SBAC,SBA Communications Corporation - Class A Common Stock,158.99000549316406,167449626.4676834,19592351744.0,Real Estate
SBCF,Seacoast Banking Corporation of Florida - Common Stock,32.57500076293945,27610666.03802185,3260998656.0,Financial Services
SBET,"Sharplink, Inc. - Common Stock",9.273900032043457,78787008.38362989,1851049344.0,Financial Services
SBLK,Star Bulk Carriers Corp. - Common Shares,30.520000457763672,60173514.93312931,3453996032.0,Industrials
SBRA,"Sabra Health Care REIT, Inc. - Common Stock",19.140100479125977,49909847.421770096,5367272448.0,Real Estate
SBUX,Starbucks Corporation - Common Stock,94.58999633789062,660355928.2617188,114091204608.0,Consumer Cyclical
SDGR,"Schrodinger, Inc. - Common Stock",30.725000381469727,75856683.99355069,1425787904.0,Healthcare
SEDG,"SolarEdge Technologies, Inc. - Common Stock",32.83000183105469,109440520.34462929,2120792576.0,Technology
SEIC,SEI Investments Company - Common Stock,103.44999694824219,91569364.57037887,12857655296.0,Financial Services
SEZL,Sezzle Inc. - Common Stock,108.55000305175781,53677718.8041275,3970957824.0,Financial Services
SFD,"Smithfield Foods, Inc. - Common Stock",18.905000686645508,43057625.857645035,8213988864.0,Consumer Defensive
SFM,"Sprouts Farmers Market, Inc. - Common Stock",64.1050033569336,147156295.23424262,6918973440.0,Consumer Defensive
SFNC,Simmons First National Corporation - Common Stock,22.809999465942383,33845310.29730435,3310810880.0,Financial Services
SGML,Sigma Lithium Corporation - common shares,9.0,24781864.065685652,1123544320.0,Basic Materials
SGRY,"Surgery Partners, Inc. - Common Stock",13.28499984741211,32980789.987211227,1845947520.0,Healthcare
SHAZ,"SharonAI Holdings, Inc. - Class A Common Stock",50.7599983215332,81299272.63416901,1991211904.0,Technology
SHC,Sotera Health Company - Common Stock,18.344999313354492,35760174.27334261,5173844480.0,Healthcare
SHLS,"Shoals Technologies Group, Inc. - Class A Common Stock",8.345000267028809,31356217.94858384,1151171712.0,Technology
SHOO,"Steven Madden, Ltd. - Common Stock",46.19499969482422,50546652.79653931,3110026496.0,Consumer Cyclical
SHOP,Shopify Inc. - Class A Subordinate Voting Shares,151.25999450683594,1434248964.8342896,163783344128.0,Technology
SIGI,"Selective Insurance Group, Inc. - Common Stock",85.72000122070312,43800531.62571106,5395588096.0,Financial Services
SIRI,SiriusXM Holdings Inc. - Common Stock,25.71500015258789,115012326.66584149,9700785152.0,Communication Services
SITM,SiTime Corporation - Common Stock,709.5900268554688,292294418.0859192,17189355520.0,Technology
SKYW,"SkyWest, Inc. - Common Stock",96.875,34031392.699775696,3762174208.0,Industrials
SLAB,"Silicon Laboratories, Inc. - Common Stock",222.47999572753906,59683421.880729675,7325672448.0,Technology
SLDE,"Slide Insurance Holdings, Inc. - Common Stock",23.594999313354492,34983335.21884203,2894010368.0,Financial Services
SLM,SLM Corporation - Common Stock,22.7549991607666,50982453.550189875,4837239808.0,Financial Services
SLS,"SELLAS Life Sciences Group, Inc.  - Common Stock",11.529999732971191,75042135.18530694,2718189312.0,Healthcare
SMCI,"Super Micro Computer, Inc. - Common Stock",43.71500015258789,1534544033.952036,25153009664.0,Technology
SMMT,Summit Therapeutics Inc.  - Common Stock,16.71500015258789,124862245.18957672,13915785216.0,Healthcare
SMPL,The Simply Good Foods Company - Common Stock,9.795000076293945,23049816.827998064,902984768.0,Consumer Defensive
SMTC,Semtech Corporation - Common Stock,197.33999633789062,588706753.1478897,14469670912.0,Technology
SNDK,Sandisk Corporation - Common Stock When-Issued,1721.0009765625,16129739328.640747,247385161728.0,Technology
SNDX,"Syndax Pharmaceuticals, Inc. - Common Stock",17.649999618530273,32225106.498840522,1711502720.0,Healthcare
SNEX,StoneX Group Inc. - Common Stock,66.23500061035156,59809355.01413651,8323157504.0,Financial Services
SNPS,"Synopsys, Inc. - Common Stock",488.2900085449219,950591119.0553329,75811454976.0,Technology
SOFI,"SoFi Technologies, Inc.  - Common Stock",15.864999771118164,744597010.0964153,22098767872.0,Financial Services
SOLS,Solstice Advanced Materials Inc. - Common Stock,57.564998626708984,122423107.00648518,9908899840.0,Basic Materials
SONO,"Sonos, Inc. - Common Stock",17.850000381469727,35671984.17539501,1719994368.0,Technology
SOUN,"SoundHound AI, Inc. - Class A Common Stock",5.840000152587891,117110668.2051917,2844538368.0,Technology
SPSC,"SPS Commerce, Inc. - Common Stock",82.12999725341797,43398427.7398777,2806393856.0,Technology
SRAD,Sportradar Group AG - Class A Ordinary Shares,11.740799903869629,29444490.721454382,3882885632.0,Technology
SRPT,"Sarepta Therapeutics, Inc. - Common Stock",17.25,55677213.97921257,2232955136.0,Healthcare
SRRK,Scholar Rock Holding Corporation - Common Stock,46.90999984741211,112011331.803689,6648258560.0,Healthcare
SSNC,"SS&C Technologies Holdings, Inc. - Common Stock",78.51499938964844,120614025.44134597,18596407296.0,Technology
SSRM,SSR Mining Inc. - Common Stock,33.2599983215332,80896002.88558292,7579648512.0,Basic Materials
STAA,STAAR Surgical Company - Common Stock,22.5,25576837.422359467,1168856192.0,Healthcare
STEP,StepStone Group Inc. - Class A Common Stock,45.959999084472656,52592094.039253995,6419343872.0,Financial Services
STLD,"Steel Dynamics, Inc. - Common Stock",232.08999633789062,232922860.45783997,34151501824.0,Basic Materials
STNE,StoneCo Ltd. - Class A Common Share,9.40999984741211,44637257.0071125,2254072320.0,Technology
STOK,"Stoke Therapeutics, Inc. - Common Stock",25.489999771118164,25602955.123087503,1915784064.0,Healthcare
STRA,"Strategic Education, Inc. - Common Stock",79.9999008178711,24854002.564935684,1809027840.0,Consumer Defensive
STRL,"Sterling Infrastructure, Inc. - Common Stock",534.9749755859375,261642403.66641235,14521899008.0,Industrials
STX,Seagate Technology Holdings PLC - Ordinary Shares (Ireland),842.7849731445312,3641274063.7975984,195705798656.0,Technology
SUPN,"Supernus Pharmaceuticals, Inc. - Common Stock",42.560001373291016,27095571.801306345,2442206464.0,Healthcare
SWKS,"Skyworks Solutions, Inc. - Common Stock",85.36000061035156,619446236.9158837,11351138304.0,Technology
SYM,Symbotic Inc. - Class A Common Stock,43.63999938964844,69970875.51764831,25131718656.0,Industrials
SYNA,Synaptics Incorporated - Common Stock,121.44499969482422,93267142.86723748,3570467840.0,Technology
SYRE,"Spyre Therapeutics, Inc. - Common Stock",91.23999786376953,112270729.63520432,7623794176.0,Healthcare
TARS,"Tarsus Pharmaceuticals, Inc. - Common Stock",73.36000061035156,63664282.95984421,3639216896.0,Healthcare
TBBK,"The Bancorp, Inc. - Common Stock",48.762001037597656,36513651.00879936,2043419008.0,Financial Services
TCBI,"Texas Capital Bancshares, Inc. - Common Stock",93.48999786376953,51773316.2743824,4237881600.0,Financial Services
TEAM,Atlassian Corporation  - Class A Common Stock,187.32000732421875,570567322.3793213,46030761984.0,Technology
TECH,Bio-Techne Corp - Common Stock,72.41500091552734,223449747.40182495,11334821888.0,Healthcare
TEM,"Tempus AI, Inc. - Class A Common Stock",76.87999725341797,510809999.59041786,10789095424.0,Healthcare
TENB,"Tenable Holdings, Inc. - Common Stock",36.8849983215332,161602272.41124496,3686392064.0,Technology
TER,"Teradyne, Inc. - Common Stock",450.4849853515625,938259796.2046387,57410670592.0,Technology
TGTX,"TG Therapeutics, Inc. - Common Stock",54.185001373291016,98067013.72418442,8340732928.0,Healthcare
TH,Target Hospitality Corp. - Common Stock,18.75,54135256.58092499,1881388416.0,Industrials
THRM,Gentherm Inc - Common Stock,31.325000762939453,23503498.90303936,1168082816.0,Consumer Cyclical
TIGO,Millicom International Cellular S.A. - Common Stock,87.47000122070312,77079123.54719086,15821760512.0,Communication Services
TLN,Talen Energy Corporation - Common Stock,316.44000244140625,258158780.2701416,14979675136.0,Utilities
TMDX,"TransMedics Group, Inc. - Common Stock",78.69999694824219,61863760.83652725,2996776704.0,Healthcare
TMUS,"T-Mobile US, Inc. - Common Stock",164.0050048828125,863405298.9416687,192104759296.0,Communication Services
TNDM,"Tandem Diabetes Care, Inc. - Common Stock",16.454999923706055,38239744.5437129,1318516480.0,Healthcare
TNGX,"Tango Therapeutics, Inc. - Common Stock",23.34000015258789,76540921.04121514,3998594816.0,Healthcare
TPG,TPG Inc. - Class A Common Stock,45.0,122996979.18112564,18618345472.0,Financial Services
TRAX,"First Tracks Biotherapeutics, Inc. - Ordinary Shares",33.0,26587996.059757233,1153891029.0216904,
TRI,Thomson Reuters Corp - Common Shares,97.66000366210938,147747815.40143585,42334707712.0,Industrials
TRIP,"TripAdvisor, Inc. - Common Stock",8.494999885559082,39555425.3819952,1016118336.0,Consumer Cyclical
TRMB,Trimble Inc. - Common Stock,57.79999923706055,135258821.7531933,13330890752.0,Technology
TRMD,TORM plc - Class A Common Stock,39.65999984741211,73772966.34077683,3465894144.0,Energy
TROW,"T. Rowe Price Group, Inc. - Common Stock",105.69999694824219,160366769.0658493,22904791040.0,Financial Services
TRVI,"Trevi Therapeutics, Inc. - Common Stock",13.84000015258789,25538476.541876603,2318082048.0,Healthcare
TSCO,Tractor Supply Company - Common Stock,31.30500030517578,307912569.4183556,17434001408.0,Consumer Cyclical
TSEM,Tower Semiconductor Ltd. - Ordinary Shares,241.52999877929688,438235475.7578049,23621834752.0,Technology
TSLA,"Tesla, Inc.  - Common Stock",372.3399963378906,13634837099.006376,1447884357632.0,Consumer Cyclical
TTAN,"ServiceTitan, Inc. - Class A Common Stock",66.9303970336914,271751795.28074837,5538222592.0,Technology
TTD,"The Trade Desk, Inc. - Class A Common Stock",11.90999984741211,348366911.61608696,6540732416.0,Communication Services
TTEK,"Tetra Tech, Inc. - Common Stock",33.33000183105469,73546595.15660858,9130544128.0,Industrials
TTMI,"TTM Technologies, Inc. - Common Stock",132.03500366210938,230023604.21126556,12667147264.0,Technology
TTWO,"Take-Two Interactive Software, Inc. - Common Stock",202.77999877929688,504174261.45326996,39742693376.0,Communication Services
TVTX,"Travere Therapeutics, Inc. - Common Stock",56.54499816894531,99156895.61329651,6122652672.0,Healthcare
TW,Tradeweb Markets Inc. - Class A Common Stock,102.52999877929688,130550371.74341583,22356387840.0,Financial Services
TWST,Twist Bioscience Corporation - Common Stock,185.39999389648438,375218965.567012,8226090496.0,Healthcare
TXG,"10x Genomics, Inc. - Common Stock",92.47000122070312,242431409.54252625,8622669824.0,Healthcare
TXN,Texas Instruments Incorporated - Common Stock,294.04998779296875,1543026644.831726,234220634112.0,Technology
TXRH,"Texas Roadhouse, Inc. - Common Stock",155.75,197340211.5993042,11729048576.0,Consumer Cyclical
TYRA,"Tyra Biosciences, Inc. - Common Stock",20.399999618530273,35181526.96017265,1323929600.0,Healthcare
UAL,"United Airlines Holdings, Inc. - Common Stock",112.20999908447266,424750465.6786629,34217764864.0,Industrials
UBSI,"United Bankshares, Inc. - Common Stock",46.86000061035156,53381784.33490829,6363851776.0,Financial Services
UCTT,"Ultra Clean Holdings, Inc. - Common Stock",71.94000244140625,66598705.39265442,3245353216.0,Technology
UFPI,"UFP Industries, Inc. - Common Stock",77.61499786376953,36479143.68923416,4417944576.0,Basic Materials
UFPT,"UFP Technologies, Inc. - Common Stock",301.9150085449219,31079907.32664337,2126917120.0,Healthcare
ULTA,"Ulta Beauty, Inc. - Common Stock",547.1699829101562,263545038.91665953,22959906816.0,Consumer Cyclical
UMBF,UMB Financial Corporation - Common Stock,130.6300048828125,92595258.28102723,10612497408.0,Financial Services
UNIT,Uniti Group Inc. - Common Stock,8.1850004196167,21830042.36720538,2413901312.0,Real Estate
UPST,"Upstart Holdings, Inc. - Common stock",23.075000762939453,109071837.82663918,2420545536.0,Financial Services
UPWK,Upwork Inc. - Common Stock,8.09000015258789,21601599.319129944,1041694080.0,Communication Services
URBN,"Urban Outfitters, Inc. - Common Stock",80.45999908447266,77081255.76905861,6402795008.0,Consumer Cyclical
URGN,UroGen Pharma Ltd. - Ordinary Shares,41.03499984741211,31182589.984724045,2147323136.0,Healthcare
USAR,"USA Rare Earth, Inc. - Common Stock",13.618200302124023,213559108.9708232,4050530816.0,Basic Materials
USDE,StablecoinX Inc. - Class A Common Stock,14.15999984741211,58149984.96241808,340616395.20823956,
UTHR,United Therapeutics Corporation - Common Stock,544.2249755859375,467929683.58706665,21584955392.0,Healthcare
VC,Visteon Corporation - Common Stock,88.75,49748113.17423248,2645644288.0,Consumer Cyclical
VCTR,"Victory Capital Holdings, Inc. - Common Stock",114.31500244140625,81421666.81629333,6775279616.0,Financial Services
VCYT,"Veracyte, Inc. - Common Stock",45.560001373291016,63180696.08617973,3437507328.0,Healthcare
VECO,Veeco Instruments Inc. - Common Stock,57.900001525878906,31784682.4034729,2656694016.0,Technology
VERA,"Vera Therapeutics, Inc. - Class A Common Stock",29.94499969482422,81598024.0636837,2437326080.0,Healthcare
VIAV,Viavi Solutions Inc. - Common Stock,47.35499954223633,225862516.33291322,9230910464.0,Technology
VICR,Vicor Corporation - Common Stock,311.05999755859375,225866113.1223755,8138304000.0,Technology
VIR,"Vir Biotechnology, Inc. - Common Stock",11.100000381469727,21946253.681452274,1778459648.0,Healthcare
VISN,"Vistance Networks, Inc.  - Common Stock",6.175000190734863,46667405.8165802,1463324544.0,Technology
VKTX,"Viking Therapeutics, Inc. - Common Stock",29.969999313354492,290435773.20570356,3732310784.0,Healthcare
VLY,Valley National Bancorp - Common Stock,12.824999809265137,99165948.22247338,7559640064.0,Financial Services
VNOM,"Viper Energy, Inc.  - Class A Common Stock",40.82500076293945,82543679.0403572,23560974336.0,Energy
VOR,Vor Biopharma Inc. - Common Stock,18.30500030517578,27793404.720957566,1241398400.0,Healthcare
VRDN,"Viridian Therapeutics, Inc.  - Common Stock",19.350000381469727,38243051.96311941,2535480832.0,Healthcare
VRNS,"Varonis Systems, Inc. - Common Stock",47.75,80673138.96419144,5311149056.0,Technology
VRSK,"Verisk Analytics, Inc. - Common Stock",163.66000366210938,220321593.3889679,23286511616.0,Industrials
VRSN,"VeriSign, Inc. - Common Stock",287.1099853515625,207728709.7623291,26097575936.0,Technology
VRTX,Vertex Pharmaceuticals Incorporated - Common Stock,504.1000061035156,510826710.2409546,132188405760.0,Healthcare
VSAT,"ViaSat, Inc. - Common Stock",72.81500244140625,118679862.4579895,10184272896.0,Technology
VSEC,VSE Corporation - Common Stock,168.3249969482422,71805376.62726898,5478002176.0,Industrials
VSNT,"Versant Media Group, Inc. - Class A Common Stock",31.020099639892578,59957851.937224194,5156251136.0,Communication Services
VTRS,Viatris Inc. - Common Stock,17.599899291992188,152868833.40807724,18836889600.0,Healthcare
WAFD,"WaFd, Inc. - Common Stock",30.600000381469727,49357225.179543115,2485306880.0,Financial Services
WAY,Waystar Holding Corp. - Common Stock,24.84000015258789,50655426.63095589,4600044544.0,Healthcare
WBD,"Warner Bros. Discovery, Inc. - Series A Common Stock",30.950000762939453,1473455296.6871736,70488145920.0,Communication Services
WDAY,"Workday, Inc. - Class A Common Stock",186.5,465048618.6071289,45153759232.0,Technology
WDC,Western Digital Corporation - Common Stock,415.7550048828125,3349698609.427368,165854232576.0,Technology
WDFC,WD-40 Company - Common Stock,203.0500030517578,25491168.920051575,2684353280.0,Basic Materials
WEN,Wendy's Company (The) - Common Stock,6.195000171661377,40909770.18530333,1428594432.0,Consumer Cyclical
WERN,"Werner Enterprises, Inc. - Common Stock",35.345001220703125,30194385.72298813,2300885504.0,Industrials
WFRD,Weatherford International plc - Ordinary shares,80.75,82759250.07860108,6461833728.0,Energy
WGS,GeneDx Holdings Corp. - Class A Common Stock,72.43000030517578,67236928.15047073,2532082688.0,Healthcare
WINA,Winmark Corporation - Common Stock,297.6199951171875,30451459.09981079,1105202688.0,Consumer Cyclical
WING,Wingstop Inc. - Common Stock,105.9000015258789,141797485.220356,3062470912.0,Consumer Cyclical
WIX,Wix.com Ltd. - Ordinary Shares,72.24250030517578,87085127.73955078,3107744768.0,Technology
WLTH,Wealthfront Corporation - Common Stock,10.045000076293945,40160979.98734722,1508548352.0,Technology
WMG,Warner Music Group Corp. - Class A Common Stock,27.05500030517578,59184023.52412529,14665381888.0,Communication Services
WMT,Walmart Inc. - Common Stock,104.00499725341797,2327485011.9145136,845975322624.0,Consumer Defensive
WSBC,"WesBanco, Inc. - Common Stock",38.08000183105469,45349085.65364685,3813218048.0,Financial Services
WSC,WillScot Holdings Corporation - Class A Common Stock,17.364999771118164,49258501.23790093,3400048128.0,Industrials
WSE,Wise Group plc - Class A Ordinary Shares,11.4350004196167,20778134.896597195,11248946341.924294,
WSFS,WSFS Financial Corporation - Common Stock,77.80000305175781,28290717.108151246,4019808768.0,Financial Services
WTFC,Wintrust Financial Corporation - Common Stock,144.55999755859375,66445752.87703552,10098306048.0,Financial Services
WTW,Willis Towers Watson Public Limited Company - Ordinary Shares,288.4599914550781,166137136.96881714,29380036608.0,Financial Services
WULF,TeraWulf Inc. - Common Stock,15.3100004196167,441052004.1523512,8155642368.0,Financial Services
WWD,"Woodward, Inc. - Common Stock",331.4649963378906,252989210.70661926,19615023104.0,Industrials
WYFI,"WhiteFiber, Inc. - Ordinary Shares",17.832300186157227,24002782.038384534,720360640.0,Technology
WYNN,"Wynn Resorts, Limited - Common Stock",76.4000015258789,194225726.29231986,9139920896.0,Consumer Cyclical
XE,"X-Energy, Inc. - Class A Common Stock",14.4350004196167,111214544.90812421,5859799308.363274,
XEL,Xcel Energy Inc. - Common Stock,71.22000122070312,425689877.7772293,47622119424.0,Utilities
XENE,Xenon Pharmaceuticals Inc. - Common Shares,37.54999923706055,106496966.81664829,5660323328.0,Healthcare
XERS,"Xeris Biopharma Holdings, Inc. - Common Stock",9.175000190734863,28633064.121621847,1439418752.0,Healthcare
XMTR,"Xometry, Inc. - Class A Common Stock",103.92500305175781,82034916.40839767,4741199360.0,Industrials
XNCR,"Xencor, Inc. - Common Stock",24.360000610351562,34432930.88604851,1798608768.0,Healthcare
XP,XP Inc. - Class A Common Stock,21.489999771118164,162911418.13127604,9605896192.0,Financial Services
XRAY,DENTSPLY SIRONA Inc. - Common Stock,8.65999984741211,46800816.86894932,2107170304.0,Healthcare
Z,"Zillow Group, Inc. - Class C Capital Stock",27.55500030517578,127455649.29200554,7086934016.0,Communication Services
ZBIO,"Zenas BioPharma, Inc. - Common Stock",28.655000686645508,21660376.458067417,2050459648.0,Healthcare
ZBRA,Zebra Technologies Corporation - Class A Common Stock,377.614990234375,194849482.66536865,16153912320.0,Technology
ZD,"Ziff Davis, Inc. - Common Stock",55.220001220703125,40919416.94156189,1888882304.0,Communication Services
ZG,"Zillow Group, Inc. - Class A Common Stock",28.200000762939453,30125554.898338318,7229730304.0,Communication Services
ZION,Zions Bancorporation N.A. - Common Stock,63.08000183105469,100374129.31045684,9885421568.0,Financial Services
ZM,"Zoom Communications, Inc. - Class A Common Stock",92.58000183105469,270239421.45179904,28060839936.0,Technology
ZS,"Zscaler, Inc. - Common Stock",196.77999877929688,663978954.920935,27463303168.0,Technology
ZYME,Zymeworks Inc. - Common Stock,25.18000030517578,21418815.348279573,1907151488.0,Healthcare
A,"Agilent Technologies, Inc. Common Stock",167.73500061035156,389395507.35549086,40121294848.0,Healthcare
AA,Alcoa Corporation Common Stock ,42.140098571777344,171236689.78792953,13085948928.0,Basic Materials
AAMI,Acadian Asset Management Inc. Common Stock,95.77999877929688,42898882.90605316,3250895616.0,Financial Services
AAP,Advance Auto Parts Inc.,39.084999084472656,72363005.20117112,2573342208.0,Consumer Cyclical
ABBV,AbbVie Inc. Common Stock,262.8699951171875,1076655854.8059325,447310397440.0,Healthcare
ABCB,Ameris Bancorp Common Stock,81.05000305175781,41605047.3797615,5605132288.0,Financial Services
ABG,Asbury Automotive Group Inc Common Stock,177.35000610351562,49212684.91280365,3787585024.0,Consumer Cyclical
ABM,ABM Industries Incorporated Common Stock,49.20709991455078,27670119.960007858,2897612544.0,Industrials
ABT,Abbott Laboratories Common Stock,97.23500061035156,884094105.394474,183003594752.0,Healthcare
ACA,"Arcosa, Inc. Common Stock ",146.77999877929688,106504221.72593841,7139638784.0,Industrials
ACI,"Albertsons Companies, Inc. Class A Common Stock",11.755000114440918,96422810.64676718,5779385344.0,Consumer Defensive
ACM,AECOM Common Stock,59.78499984741211,95969099.95747375,8172866560.0,Industrials
ACN,Accenture plc Class A Ordinary Shares (Ireland),199.6199951171875,1280619636.9124541,109458079744.0,Technology
ACVA,ACV Auctions Inc. Class A Common Stock,10.454999923706055,158562159.02454433,1251773696.0,Consumer Cyclical
ADC,Agree Realty Corporation Common Stock,65.8949966430664,109995888.22970048,9060301824.0,Real Estate
ADM,Archer-Daniels-Midland Company Common Stock,80.73500061035156,301282782.17913055,42529914880.0,Consumer Defensive
ADT,ADT Inc. Common Stock,6.279900074005127,54013338.59816754,5150442496.0,Industrials
AEE,Ameren Corporation Common Stock,100.02999877929688,190383968.57835236,29406291968.0,Utilities
AEG,Aegon Ltd. New York Registry Shares,8.484999656677246,42408076.68215723,13430915072.0,Financial Services
AEM,Agnico Eagle Mines Limited Common Stock,183.41000366210938,335167822.25559235,100612169728.0,Basic Materials
AEO,"American Eagle Outfitters, Inc. Common Stock",17.729900360107422,129637215.17233714,2465003776.0,Consumer Cyclical
AER,AerCap Holdings N.V. Ordinary Shares,144.44000244140625,162043492.49783325,22031704064.0,Industrials
AES,The AES Corporation Common Stock,14.914999961853027,117767189.94810295,10568996864.0,Utilities
AESI,Atlas Energy Solutions Inc. Common Stock,11.994999885559082,47661177.80744071,1766298752.0,Energy
AFG,"American Financial Group, Inc. Common Stock",139.36000061035156,56925785.404311374,11712241664.0,Financial Services
AFL,AFLAC Incorporated Common Stock,111.58499908447266,233182761.7012104,57860030464.0,Financial Services
AG,First Majestic Silver Corp. Ordinary Shares (Canada),17.600000381469727,174469876.13379517,10089792512.0,Basic Materials
AGCO,AGCO Corporation Common Stock,113.23500061035156,126574689.61834565,8748713984.0,Industrials
AGI,Alamos Gold Inc. Class A Common Shares,32.314998626708984,125775569.50253086,15065576448.0,Basic Materials
AGM,Federal Agricultural Mortgage Corporation Common Stock,215.55999755859375,25997232.606002808,2424932608.0,Financial Services
AGO,Assured Guaranty Ltd. Common Stock,68.82990264892578,39021583.6303257,3198607872.0,Financial Services
AGX,"Argan, Inc. Common Stock",386.6050109863281,159605210.84164125,5635366912.0,Industrials
AHR,"American Healthcare REIT, Inc. Common Stock",50.849998474121094,166569283.04676056,11872212992.0,Real Estate
AI,"C3.ai, Inc. Class A Common Stock",11.119999885559082,49527098.29659963,1657640320.0,Technology
AIG,"American International Group, Inc. New Common Stock",75.2300033569336,371535865.5274021,39452291072.0,Financial Services
AIR,AAR Corp. Common Stock,101.98999786376953,72300504.14506836,4967941120.0,Industrials
AIT,"Applied Industrial Technologies, Inc. Common Stock",344.8699951171875,90884561.8875122,11736660992.0,Industrials
AIZ,"Assurant, Inc. Common Stock",268.9425048828125,108885814.56082764,13949007872.0,Financial Services
AJG,Arthur J. Gallagher & Co. Common Stock,226.78500366210938,342739763.9413956,63241887744.0,Financial Services
AKR,Acadia Realty Trust Common Stock,18.599899291992188,23915416.725266267,2923151360.0,Real Estate
ALB,Albemarle Corporation Common Stock,104.41999816894531,296275773.8292038,14496920576.0,Basic Materials
ALC,Alcon Inc. Ordinary Shares,63.650001525878906,118308194.18415757,32349126656.0,Healthcare
ALG,"Alamo Group, Inc. Common Stock",158.57000732421875,33725762.67909851,2074540928.0,Industrials
ALH,Alliance Laundry Holdings Inc. Common Stock,21.360000610351562,21983553.991904832,4253092608.0,Consumer Cyclical
ALK,"Alaska Air Group, Inc. Common Stock",39.47999954223633,115312605.38238144,4461005312.0,Industrials
ALL,Allstate Corporation (The) Common Stock,224.1324005126953,572250747.9536155,64725315584.0,Financial Services
ALLE,Allegion plc Ordinary Shares,155.1999969482422,158623918.75454634,12900079616.0,Industrials
ALLY,Ally Financial Inc. Common Stock,38.185001373291016,147151995.33951283,12677521408.0,Financial Services
ALSN,"Allison Transmission Holdings, Inc. Common Stock",117.51000213623047,95031181.22411156,10312345600.0,Consumer Cyclical
ALV,"Autoliv, Inc. Common Stock",111.91000366210938,80958148.74620971,8738664448.0,Consumer Cyclical
AM,Antero Midstream Corporation Common Stock,20.524999618530273,53963880.22261362,10756112384.0,Energy
AMBQ,"Ambiq Micro, Inc. Common Stock",69.37000274658203,38036596.23152733,1525802368.0,Technology
AMCR,Amcor plc Ordinary Shares,42.01499938964844,135597555.5049591,19876241408.0,Consumer Cyclical
AME,"AMETEK, Inc.",253.15499877929688,351563196.6608078,53473062912.0,Industrials
AMG,"Affiliated Managers Group, Inc. Common Stock",375.635009765625,100450237.34926757,9185705984.0,Financial Services
AMH,American Homes 4 Rent Common Shares of Beneficial Interest,30.270000457763672,102456454.46606675,13097966592.0,Real Estate
AMN,AMN Healthcare Services Inc,36.68000030517578,21004276.531560898,1340057728.0,Healthcare
AMP,"Ameriprise Financial, Inc. Common Stock",491.6099853515625,352320172.06174314,49126531072.0,Financial Services
AMPX,"Amprius Technologies, Inc. Common Stock",9.675000190734863,51019600.75914435,1414060544.0,Industrials
AMR,"Alpha Metallurgical Resources, Inc. Common Stock",172.2100067138672,58290800.338264465,2791164928.0,Basic Materials
AMRZ,Amrize Ltd Ordinary Shares,37.439998626708984,161800614.9088648,22035634176.0,Basic Materials
AMT,American Tower Corporation (REIT) Common Stock,162.875,446537442.01114196,81109671936.0,Real Estate
AMTM,"Amentum Holdings, Inc. Common Stock",18.0,33314023.324313737,4736089600.0,Industrials
AN,"AutoNation, Inc. Common Stock",163.3350067138672,118646873.24210282,6872432128.0,Consumer Cyclical
ANDG,Andersen Group Inc. Class A Common Stock,56.900001525878906,28783336.104650877,6041732608.0,Consumer Cyclical
ANET,"Arista Networks, Inc. Common Stock",206.8000030517578,937410843.8630753,240111960064.0,Technology
ANF,Abercrombie & Fitch Company Common Stock,135.9149932861328,180506337.48163223,6208149504.0,Consumer Cyclical
AON,Aon plc Class A Ordinary Shares (Ireland),270.9599914550781,651758781.5340805,65546760192.0,Financial Services
AOS,A.O. Smith Corporation Common Stock,56.72999954223633,84715700.23001213,7694464512.0,Industrials
APAM,Artisan Partners Asset Management Inc. Class A Common Stock,35.439998626708984,31233914.229058266,2819623424.0,Financial Services
APD,"Air Products and Chemicals, Inc. Common Stock",278.4800109863281,336210004.5252075,65810255872.0,Basic Materials
APG,APi Group Corporation Common Stock,40.55500030517578,137843497.69838333,16445859840.0,Industrials
APH,Amphenol Corporation Common Stock,87.1500015258789,983775408.747797,196525228032.0,Technology
APLE,"Apple Hospitality REIT, Inc. Common Shares",16.434999465942383,39984734.62701569,3654560256.0,Real Estate
APO,"Apollo Global Management, Inc. (New) Common Stock",114.94000244140625,356202762.79934233,76625928192.0,Financial Services
APTV,Aptiv PLC Ordinary Shares,43.470001220703125,170492261.10134125,9402300416.0,Consumer Cyclical
AQN,Algonquin Power & Utilities Corp. Common Shares,5.090099811553955,24556909.615095664,4265256448.0,Utilities
AR,Antero Resources Corporation Common Stock,34.10499954223633,146770034.51872998,11910188032.0,Energy
ARE,"Alexandria Real Estate Equities, Inc. Common Stock",47.68000030517578,94548204.19965133,8648648704.0,Real Estate
ARES,Ares Management Corporation Class A Common Stock,118.9000015258789,275978100.3428707,43655200768.0,Financial Services
ARIS,Aris Mining Corporation Common Shares,17.479999542236328,29618404.711224936,4033655808.0,Basic Materials
ARMK,Aramark Common Stock,55.42499923706055,126230684.25482178,14968629248.0,Industrials
AROC,"Archrock, Inc. Common Stock",30.665000915527344,52020362.808683395,5658163712.0,Energy
ARR,"ARMOUR Residential REIT, Inc.",13.694999694824219,66660297.71336861,2250693376.0,Real Estate
ARW,"Arrow Electronics, Inc. Common Stock",244.6824951171875,124404679.7246643,10899868672.0,Technology
ARX,Accelerant Holdings Class A Common Shares,19.729999542236328,38385295.509606555,4311192576.0,Financial Services
AS,"Amer Sports, Inc. Ordinary Shares",27.075000762939453,196922179.86630994,16157197312.0,Consumer Cyclical
ASAN,"Asana, Inc. Class A Common Stock",8.505000114440918,82379284.02757029,1890148352.0,Technology
ASB,Associated Banc-Corp Common Stock,28.959999084472656,65128792.206933975,5678524416.0,Financial Services
ASH,Ashland Inc. Common Stock,69.55000305175781,45094809.74531631,3260945664.0,Basic Materials
ASM,Avino Silver & Gold Mines Ltd. Common Shares (Canada),5.519999980926514,21550104.859076954,1226354944.0,Basic Materials
ATEN,"A10 Networks, Inc. Common Stock",27.81999969482422,29681514.175878525,1813773440.0,Technology
ATI,ATI Inc. Common Stock,191.5,302811669.5978546,27810076672.0,Industrials
ATKR,Atkore Inc. Common Stock,94.79000091552734,71195069.68918991,3180578304.0,Industrials
ATMU,Atmus Filtration Technologies Inc. Common Stock,45.65999984741211,34170888.06779957,3714228480.0,Consumer Cyclical
ATO,Atmos Energy Corporation Common Stock,156.92999267578125,164602914.09113464,28209258496.0,Utilities
ATR,"AptarGroup, Inc. Common Stock",120.5199966430664,53889238.047159195,7770885632.0,Healthcare
AU,AngloGold Ashanti PLC Ordinary Shares,94.87999725341797,234367854.05977592,53014732800.0,Basic Materials
AUB,Atlantic Union Bankshares Corporation Common Stock,38.720001220703125,54592761.57662125,5616910336.0,Financial Services
AVA,Avista Corporation Common Stock,35.20500183105469,24721610.965515137,3126493440.0,Utilities
AVEX,AEVEX Corp. Class A Common Stock,14.503700256347656,20571586.32873211,1003621335.8808441,
AVNT,Avient Corporation Common Stock,41.779998779296875,27155752.101879884,3798565376.0,Basic Materials
AVTR,"Avantor, Inc. Common Stock",15.324999809265137,134293907.35690102,9956002816.0,Healthcare
AVY,Avery Dennison Corporation Common Stock,171.44000244140625,140458330.50211793,12885570560.0,Consumer Cyclical
AWI,Armstrong World Industries Inc Common Stock,164.61500549316406,56149328.60839844,6949804544.0,Industrials
AWK,"American Water Works Company, Inc. Common Stock",129.53500366210938,246825341.36393127,28072456192.0,Utilities
AX,"Axos Financial, Inc. Common Stock",88.70500183105469,37771786.249276735,5301229568.0,Financial Services
AXP,American Express Company Common Stock,302.875,1021948029.9770508,216382783488.0,Financial Services
AXS,Axis Capital Holdings Limited Common Stock,95.12010192871094,67703159.7878479,7322560000.0,Financial Services
AXTA,Axalta Coating Systems Ltd. Common Shares,32.310001373291016,69199991.20220241,7270259712.0,Basic Materials
AYI,Acuity Inc. Common Stock,311.0299987792969,115041705.9374176,9408144384.0,Industrials
AZN,AstraZeneca PLC Ordinary Shares,156.94000244140625,482182292.5331726,245303623680.0,Healthcare
AZO,"AutoZone, Inc. Common Stock",2809.0,1164765125.930078,47402303488.0,Consumer Cyclical
AZZ,AZZ Inc.,139.5749969482422,32275215.009629823,4081294080.0,Industrials
B,Barrick Mining Corporation Common Shares,40.06209945678711,342339728.7851448,72188493824.0,Basic Materials
BA,Boeing Company (The) Common Stock,193.63499450683594,1630807417.5951867,163159293952.0,Industrials
BAC,Bank of America Corporation Common Stock,53.65999984741211,2221664642.7898073,437046771712.0,Financial Services
BAH,Booz Allen Hamilton Holding Corporation Common Stock,67.81500244140625,126087320.85188293,8920334336.0,Industrials
BALL,Ball Corporation Common Stock,56.79499816894531,120609403.62669984,16004077568.0,Consumer Cyclical
BAM,Brookfield Asset Management Inc Class A Limited Voting Shares,44.720001220703125,144966811.8934822,75054858240.0,Financial Services
BANC,"Banc of California, Inc. Common Stock",17.729999542236328,49220375.93008938,2891308288.0,Financial Services
BAP,Credicorp Ltd. Common Stock,373.8599853515625,125091787.35607299,29829101568.0,Financial Services
BAX,Baxter International Inc. Common Stock,23.454999923706055,162572900.35329103,12400149504.0,Healthcare
BB,BlackBerry Limited Common Stock,9.234999656677246,151820483.18766445,4489529344.0,Technology
BBT,Beacon Financial Corporation Common stock,28.200000762939453,35238732.72405338,2577344768.0,Financial Services
BBVA,Banco Bilbao Vizcaya Argentaria S.A. Common Stock,26.81999969482422,38107238.452617645,160168804352.0,Financial Services
BBWI,"Bath & Body Works, Inc.",16.19499969482422,109169616.8079296,3504595456.0,Consumer Cyclical
BBY,"Best Buy Co., Inc. Common Stock",87.62999725341797,299868094.2248024,18702321664.0,Consumer Cyclical
BC,Brunswick Corporation Common Stock,65.97000122070312,53562324.18611908,4552602624.0,Consumer Cyclical
BCC,"Boise Cascade, L.L.C. Common Stock",75.27999877929688,26665687.10586548,2591031808.0,Basic Materials
BCE,"BCE, Inc. Common Stock",19.854999542236328,94225897.70670395,21802452992.0,Communication Services
BCO,Brinks Company (The) Common Stock,102.66500091552734,47141114.21306305,4465368064.0,Industrials
BCS,Barclays PLC Common Stock,23.659799575805664,115079846.0545474,87858266112.0,Financial Services
BDC,Belden Inc Common Stock,113.53500366210938,47155648.15584564,4511772672.0,Technology
BDX,"Becton, Dickinson and Company Common Stock",176.61500549316406,324714252.2582649,48430374912.0,Healthcare
BE,Bloom Energy Corporation Class A Common Stock,290.1700134277344,4802952233.989634,77858308096.0,Industrials
BEN,"Franklin Templeton, Inc. Common Stock",33.20500183105469,128743362.13901825,17223806976.0,Financial Services
BEPC,Brookfield Renewable Corporation Brookfield Renewable Corporation Class A Subordinate Voting Shares,28.53499984741211,54099706.60816383,5777208320.0,Utilities
BETA,"Beta Technologies, Inc. Class A Common Stock",21.690000534057617,83461941.27307682,4898797568.0,Industrials
BFH,"Bread Financial Holdings, Inc. Common Stock",98.94989776611328,63577131.44730606,4078973696.0,Financial Services
BFLY,"Butterfly Network, Inc. Class A Common Stock",8.845000267028809,46544136.45268011,1949207552.0,Healthcare
BG,Bunge Limited Common Shares,107.2300033569336,229408821.75862998,24128239616.0,Consumer Defensive
BH,Biglari Holdings Inc. Class B Common Stock,357.9100036621094,43310472.37033844,1142622592.0,Consumer Cyclical
BHE,"Benchmark Electronics, Inc. Common Stock",87.69000244140625,31314639.950572204,2646401024.0,Technology
BHVN,Biohaven Ltd. Common Shares ,12.694999694824219,39928732.31535511,1925808128.0,Healthcare
BILL,"BILL Holdings, Inc. Common Stock",43.564998626708984,80776346.7846447,4742298624.0,Technology
BIO,"Bio-Rad Laboratories, Inc. Class A Common Stock",367.6099853515625,100562991.66408081,9947955200.0,Healthcare
BIPC,Brookfield Infrastructure Corporation Brookfield Infrastructure Corporation,36.86000061035156,41769740.36537018,4533978624.0,Utilities
BIRK,Birkenstock Holding plc Ordinary Shares,33.33000183105469,70158013.07434654,5075153920.0,Consumer Cyclical
BJ,"BJ's Wholesale Club Holdings, Inc. Common Stock",94.56500244140625,166025330.05570832,11330426880.0,Consumer Defensive
BKD,Brookdale Senior Living Inc. Common Stock,10.835000038146973,49223411.47571506,3000738560.0,Healthcare
BKE,"Buckle, Inc. (The) Common Stock",43.0,20746772.313524626,2094125312.0,Consumer Cyclical
BKH,Black Hills Corporation Common Stock,70.73999786376953,73063045.46875496,5573342208.0,Utilities
BKSY,BlackSky Technology Inc. Class A Common Stock,22.125,20925076.520570375,892161664.0,Industrials
BKU,"BankUnited, Inc. Common Stock",43.2400016784668,44661877.84023819,3179807488.0,Financial Services
BKV,BKV Corporation Common Stock,21.55500030517578,63096931.75394478,2590940672.0,Energy
BLDR,"Builders FirstSource, Inc. Common Stock",56.75,218571903.43083802,6366481920.0,Industrials
BLK,"BlackRock, Inc. Common Stock",1068.93505859375,546775698.790625,172786925568.0,Financial Services
BLSH,Bullish Ordinary Shares,34.189998626708984,51351748.777519226,5260711936.0,Technology
BMI,"Badger Meter, Inc. Common Stock",129.3699951171875,50135370.94276581,3657415680.0,Technology
BMNR,"BitMine Immersion Technologies, Inc. Common Stock",26.024999618530273,1011720232.4439663,14806191104.0,Financial Services
BMO,Bank Of Montreal Common Stock,165.1999969482422,115103694.90622254,120104984576.0,Financial Services
BMY,Bristol-Myers Squibb Company Common Stock,60.685001373291016,735936999.8897724,131080994816.0,Healthcare
BN,Brookfield Corporation Class A Limited Voting Shares,37.06999969482422,194074990.96463013,84918648832.0,Financial Services
BNL,"Broadstone Net Lease, Inc. Common Stock",18.565000534057617,36126285.64328241,4415475712.0,Real Estate
BNS,Bank Nova Scotia Halifax Pfd 3 Ordinary Shares,90.94000244140625,171481823.73540193,112353828864.0,Financial Services
BNY,The Bank of New York Mellon Corporation Common Stock,145.4600067138672,602024282.5746949,110521540608.0,Financial Services
BOH,Bank of Hawaii Corporation Common Stock,68.93499755859375,31851709.226470947,2961541120.0,Financial Services
BOOT,"Boot Barn Holdings, Inc. Common Stock",121.31999969482422,91321787.73347473,4245329152.0,Consumer Cyclical
BOX,"Box, Inc. Class A Common Stock",34.400001525878906,87709189.64288636,4754007040.0,Technology
BP,BP p.l.c. Common Stock,44.79499816894531,409716151.2541847,117834792960.0,Energy
BR,"Broadridge Financial Solutions, Inc. Common Stock",157.22000122070312,169658296.3447113,19611310080.0,Technology
BRBR,"BellRing Brands, Inc. Common Stock ",7.644999980926514,29486109.150232196,1116270720.0,Consumer Defensive
BRC,Brady Corporation Common Stock,85.36000061035156,23863425.197628785,4059127296.0,Industrials
BRO,"Brown & Brown, Inc. Common Stock",60.290000915527344,148143440.4003025,22415548416.0,Financial Services
BROS,Dutch Bros Inc. Class A Common Stock,38.73500061035156,169792518.03520736,7803387392.0,Consumer Cyclical
BRX,Brixmor Property Group Inc. Common Stock,27.295000076293945,98694332.40371962,8887022592.0,Real Estate
BSX,Boston Scientific Corporation Common Stock,42.88010025024414,927018331.8307459,63795085312.0,Healthcare
BTG,B2Gold Corp Common shares (Canada),5.179999828338623,112322312.7089098,7147124736.0,Basic Materials
BTI,"British American Tobacco  Industries, p.l.c. Common Stock ADR",52.505001068115234,295458674.15331876,118714277888.0,Consumer Defensive
BTU,Peabody Energy Corporation Common Stock ,24.815000534057617,64491862.20237102,3561917952.0,Energy
BUD,Anheuser-Busch Inbev SA Sponsored ADR (Belgium),73.31999969482422,180016243.5326523,154418888704.0,Consumer Defensive
BURL,"Burlington Stores, Inc. Common Stock",272.8999938964844,407923225.5076752,14923006976.0,Consumer Cyclical
BVN,Buenaventura Mining Company Inc.,31.25,38122703.43805313,8696510464.0,Basic Materials
BW,"Babcock & Wilcox Enterprises, Inc. Common Stock",5.65500020980835,31939650.79591191,1081486464.0,Industrials
BWA,BorgWarner Inc. Common Stock,60.79999923706055,149256899.95928955,13219983360.0,Consumer Cyclical
BWXT,"BWX Technologies, Inc. Common Stock",133.7899932861328,163338947.83155823,14309520384.0,Industrials
BX,Blackstone Inc. Common Stock,112.81999969482422,528011386.30595934,149938159616.0,Financial Services
BXDC,Blackstone Digital Infrastructure Trust Inc. Common Stock,17.354999542236328,52630835.21402931,1745912953.9489746,
BXMT,"Blackstone Mortgage Trust, Inc. Common Stock",11.005000114440918,33286032.340101384,2298091776.0,Real Estate
BXP,"BXP, Inc. Common Stock",60.66999816894531,87386619.51375198,11583390720.0,Real Estate
BXSL,Blackstone Secured Lending Fund Common Shares of Beneficial Interest,23.645000457763672,34357655.30731964,5682163200.0,Financial Services
BYD,Boyd Gaming Corporation Common Stock,67.73999786376953,79122321.50895958,5450609152.0,Consumer Cyclical
BZH,"Beazer Homes USA, Inc. Common Stock",33.39500045776367,25575870.19955654,886830720.0,Consumer Cyclical
C,"Citigroup, Inc. Common Stock",128.3300018310547,1288217601.2154617,231108837376.0,Financial Services
CACI,"CACI International, Inc. Class A Common Stock",619.8300170898438,157628770.09114075,13618212864.0,Technology
CAG,"ConAgra Brands, Inc. Common Stock",13.484999656677246,196272980.5763072,7135413248.0,Consumer Defensive
CAH,"Cardinal Health, Inc. Common Stock",227.78500366210938,416942181.6000549,55732121600.0,Healthcare
CALX,"Calix, Inc Common Stock",35.25,39532200.1099205,2197902848.0,Technology
CALY,Callaway Golf Company Common Stock,14.515000343322754,31873990.568187572,2743100416.0,Consumer Cyclical
CARR,Carrier Global Corporation Common Stock ,55.314998626708984,398918479.5718069,46711844864.0,Industrials
CAT,"Caterpillar, Inc. Common Stock",847.0800170898438,1851160692.332672,368751181824.0,Industrials
CAVA,"CAVA Group, Inc. Common Stock",54.02000045776367,204245691.2346657,6481809920.0,Consumer Cyclical
CB,Chubb Limited  Common Stock,331.3800048828125,544973822.0451965,131418873856.0,Financial Services
CBOE,"Cboe Global Markets, Inc. Common Stock",271.2300109863281,307756866.67108154,30336163840.0,Financial Services
CBRE,CBRE Group Inc Common Stock Class A,130.5449981689453,275587410.9655029,40004825088.0,Real Estate
CBT,Cabot Corporation Common Stock,77.94999694824219,31879901.793624878,4071122944.0,Basic Materials
CBZ,"CBIZ, Inc. Common Stock",54.709999084472656,53422478.59590378,2966638848.0,Industrials
CC,Chemours Company (The) Common Stock,13.774999618530273,26254244.40715637,2287584768.0,Basic Materials
CCI,Crown Castle Inc. Common Stock,66.72000122070312,252756252.03000182,31670902784.0,Real Estate
CCJ,Cameco Corporation Common Stock,85.05999755859375,259288903.10596314,43004526592.0,Energy
CCK,"Crown Holdings, Inc.",106.22000122070312,111525097.50977477,12217068544.0,Consumer Cyclical
CCL,Carnival Corporation Ltd. Common Shares,25.635000228881836,609188641.4891766,30865043456.0,Consumer Cyclical
CDE,"Coeur Mining, Inc. Common Stock",17.655000686645508,663206027.2308612,21154902016.0,Basic Materials
CDP,COPT Defense Properties Common Shares of Beneficial Interest,33.56999969482422,32327825.897303008,4077145600.0,Real Estate
CE,Celanese Corporation Common Stock,44.970001220703125,90907398.49003372,4981504000.0,Basic Materials
CF,"CF Industries Holdings, Inc. Common Stock",116.0,319860910.49780273,21010272256.0,Basic Materials
CFG,"Citizens Financial Group, Inc. Common Stock",64.3104019165039,265204776.19422722,29073833984.0,Financial Services
CFR,"Cullen/Frost Bankers, Inc. Common Stock",154.67999267578125,80456254.98007508,10045418496.0,Financial Services
CGAU,Centerra Gold Inc. Common Shares,21.575000762939453,26116235.064074516,4533924864.0,Basic Materials
CHD,"Church & Dwight Company, Inc. Common Stock",94.33000183105469,174425109.94068986,22390861824.0,Consumer Defensive
CHE,Chemed Corp,505.3599853515625,77993053.51920167,6789648384.0,Healthcare
CHH,"Choice Hotels International, Inc. Common Stock",103.18000030517578,56431172.28349457,4516390400.0,Consumer Cyclical
CHWY,"Chewy, Inc. Class A Common Stock",18.204999923706055,218643957.92228794,8175200768.0,Consumer Cyclical
CI,The Cigna Group Common Stock,268.0950012207031,445405904.761734,74346700800.0,Healthcare
CIEN,Ciena Corporation Common Stock,391.8699951171875,899768995.7800598,48203554816.0,Technology
CL,Colgate-Palmolive Company Common Stock,84.43000030517578,457692969.738176,70250856448.0,Consumer Defensive
CLF,Cleveland-Cliffs Inc. Common Stock,11.460000038146973,166785470.21899343,6758046720.0,Basic Materials
CLH,"Clean Harbors, Inc. Common Stock",319.6400146484375,116117980.26079102,16884001792.0,Industrials
CLS,"Celestica, Inc. Common Stock",384.7099914550781,780375494.2434494,41690460160.0,Technology
CLX,Clorox Company (The) Common Stock,80.10340118408203,268744034.6084484,10772534272.0,Consumer Defensive
CM,Canadian Imperial Bank of Commerce Common Stock,110.5,173710805.39834136,104158355456.0,Financial Services
CMBT,CMB.TECH NV Ordinary Shares,19.670000076293945,20652209.124791145,5594472960.0,Energy
CMC,Commercial Metals Company Common Stock,63.790000915527344,71745004.23724937,7490373632.0,Industrials
CMG,"Chipotle Mexican Grill, Inc. Common Stock",32.10499954223633,466751104.1146879,45491777536.0,Consumer Cyclical
CMI,Cummins Inc. Common Stock,528.4299926757812,596358064.9031464,75849834496.0,Industrials
CMS,CMS Energy Corporation Common Stock,63.68000030517578,247267828.78930092,21082220544.0,Utilities
CNA,CNA Financial Corporation Common Stock,46.209999084472656,28902749.549793243,12887179264.0,Financial Services
CNC,Centene Corporation Common Stock,62.90999984741211,298788287.3136404,32981575680.0,Healthcare
CNH,CNH Industrial N.V. Common Shares,13.390000343322754,225603808.12460598,22080018432.0,Industrials
CNI,Canadian National Railway Company Common Stock,119.83000183105469,166048893.6640625,73927843840.0,Industrials
CNK,"Cinemark Holdings Inc Cinemark Holdings, Inc. Common Stock",36.0099983215332,75975726.25547409,4112552704.0,Communication Services
CNM,"Core & Main, Inc. Class A Common Stock",41.560001373291016,120149864.91566467,8013524992.0,Industrials
CNO,"CNO Financial Group, Inc. Common Stock",53.849998474121094,59878673.88561211,5093301248.0,Financial Services
CNP,"CenterPoint Energy, Inc (Holding Co) Common Stock",37.55500030517578,248677355.2626049,26184130560.0,Utilities
CNQ,Canadian Natural Resources Limited Common Stock,48.45500183105469,325119010.0959358,105703415808.0,Energy
CNR,"Core Natural Resources, Inc. Common Stock",89.2699966430664,45806400.331258394,4881229312.0,Energy
CNS,Cohen & Steers Inc Common Stock,73.33000183105469,23346510.188064575,3937089792.0,Financial Services
CNX,CNX Resources Corporation Common Stock,31.549999237060547,68661677.4036686,5376271360.0,Energy
COF,Capital One Financial Corporation Common Stock,195.6300048828125,702823356.916095,127282855936.0,Financial Services
COHR,Coherent Corp. Common Stock,335.9849853515625,2035092513.0740845,59712188416.0,Technology
COLD,"Americold Realty Trust, Inc. Common Stock",13.914999961853027,50514787.06735635,3987171584.0,Real Estate
COMP,"Compass, Inc. Class A Common Stock",9.34000015258789,157410670.10756493,7968151040.0,Real Estate
CON,"Concentra Group Holdings Parent, Inc. Common Stock",35.689998626708984,34770620.56255607,4386610176.0,Healthcare
COP,ConocoPhillips Common Stock,126.77999877929688,887638927.9711273,163706257408.0,Energy
COR,"Cencora, Inc. Common Stock",308.5199890136719,411481426.99485934,61824188416.0,Healthcare
COUR,"Coursera, Inc. Common Stock",5.065000057220459,34199269.26914394,1398675968.0,Consumer Defensive
CP,Canadian Pacific Kansas City Limited Common Shares,86.0,204291474.59194183,79591833600.0,Industrials
CPA,"Copa Holdings, S.A. Class A Common Stock",133.02499389648438,44616643.90875244,5275094016.0,Industrials
CPAY,"Corpay, Inc. Common Stock",395.94500732421875,188456637.04486695,26813411328.0,Technology
CPK,Chesapeake Utilities Corporation Common Stock,127.77999877929688,24325609.679214478,3188802048.0,Utilities
CPNG,"Coupang, Inc. Class A Common Stock",13.595000267028809,226742078.0926314,26172035072.0,Consumer Cyclical
CPRI,Capri Holdings Limited Ordinary Shares,14.3149995803833,83682829.66423297,1434851712.0,Consumer Cyclical
CPT,Camden Property Trust Common Stock,96.00499725341797,117003846.17991447,10482233344.0,Real Estate
CR,Crane Company Common Stock,208.77000427246094,75519072.7369545,11469902848.0,Industrials
CRBG,Corebridge Financial Inc. Common Stock,34.2400016784668,164509486.9933613,15254335488.0,Financial Services
CRC,California Resources Corporation Common Stock,52.439998626708984,50675559.88726006,5018323968.0,Energy
CRCL,"Circle Internet Group, Inc. Class A Common Stock",80.33000183105469,1239589064.8425088,25261295616.0,Financial Services
CRGY,Crescent Energy Company Class A Common Stock,13.385000228881836,90823210.65876293,4731381248.0,Energy
CRH,CRH PLC Ordinary Shares,82.06999969482422,472241046.6287586,57906360320.0,Basic Materials
CRI,"Carter's, Inc. Common Stock",31.399999618530273,47199599.762654684,1134008448.0,Consumer Cyclical
CRK,"Comstock Resources, Inc. Common Stock",12.854999542236328,33952511.79018478,4341179904.0,Energy
CRL,"Charles River Laboratories International, Inc. Common Stock",289.0450134277344,268282627.5703598,13103366144.0,Healthcare
CRM,"Salesforce, Inc. Common Stock",234.11000061035156,2878518562.7390127,202573217792.0,Technology
CRS,Carpenter Technology Corporation Common Stock,387.1199951171875,287267047.85861814,22494138368.0,Industrials
CSL,Carlisle Companies Incorporated Common Stock,332.7900085449219,171448042.8580017,13088785408.0,Industrials
CSQR,"Csquare, Inc. Common Stock",17.334999084472656,33412446.995718956,2888599960.0820312,
CSTM,Constellium SE Ordinary Shares (France),24.399999618530273,39717055.62370749,3592840192.0,Basic Materials
CSW,"CSW Industrials, Inc. Common Stock",304.5899963378906,36839594.06607056,4741568000.0,Industrials
CTRE,"CareTrust REIT, Inc. Common Stock",36.2599983215332,84946116.2159191,9331218432.0,Real Estate
CTRI,"Centuri Holdings, Inc. Common Stock",21.03499984741211,35088973.249223135,1992001024.0,Utilities
CTVA,"Corteva, Inc. Common Stock ",12.154999732971191,420462501.17152464,57265434624.0,Basic Materials
CUBE,CubeSmart Common Shares,37.84000015258789,108432103.77545777,8840805376.0,Real Estate
CUBI,"Customers Bancorp, Inc Common Stock",75.34500122070312,22953437.436920166,2648312064.0,Financial Services
CURB,Curbline Properties Corp. Common Stock,28.364999771118164,42830982.74745484,3348715520.0,Real Estate
CUZ,Cousins Properties Incorporated Common Stock,28.19499969482422,40561617.42304802,4586509824.0,Real Estate
CVE,Cenovus Energy Inc Common Stock,32.3650016784668,226354586.55163917,61911302144.0,Energy
CVI,CVR Energy Inc. Common Stock,54.810001373291016,59838945.016879275,4947613696.0,Energy
CVNA,Carvana Co. Class A Common Stock,63.290000915527344,502039273.9479092,79870353408.0,Consumer Cyclical
CVS,CVS Health Corporation Common Stock,85.95369720458984,689039229.0771873,122902659072.0,Healthcare
CVSA,Covista Inc. Common Shares,125.82499694824219,43747232.37852249,4267787264.0,Consumer Defensive
CVX,Chevron Corporation Common Stock,207.05999755859375,2022583561.8916657,417103970304.0,Energy
CWEN,"Clearway Energy, Inc. Class C Common Stock",29.524999618530273,36492176.62136145,7815895040.0,Utilities
CWK,Cushman & Wakefield Ltd. Common Shares,11.984999656677246,25912128.614935733,3040716032.0,Real Estate
CX,"Cemex, S.A.B. de C.V. Sponsored ADR",9.585000038146973,72359036.07043019,15439591424.0,Basic Materials
CXT,"Crane NXT, Co. Common Stock",48.6349983215332,27184907.85991459,2871158016.0,Industrials
CXW,"CoreCivic, Inc. Common Stock",33.73500061035156,73033745.95195122,3404408320.0,Industrials
D,"Dominion Energy, Inc. Common Stock",61.20500183105469,307353074.9339584,57565151232.0,Utilities
DAC,Danaos Corporation Common Stock,163.91000366210938,20727608.42954254,2822280960.0,Industrials
DAL,"Delta Air Lines, Inc. Common Stock",83.7699966430664,584162002.397393,51383508992.0,Industrials
DAN,Dana Incorporated Common Stock ,27.864999771118164,42876747.121716976,3236982272.0,Consumer Cyclical
DAR,Darling Ingredients Inc. Common Stock,63.099998474121094,138776623.2497139,10687202304.0,Consumer Defensive
DB,Deutsche Bank AG Common Stock,34.95500183105469,75110495.5958763,76231032832.0,Financial Services
DCH,Dauch Corporation Common Stock,5.585000038146973,22640548.25018563,1574130560.0,Consumer Cyclical
DCI,"Donaldson Company, Inc. Common Stock",89.31500244140625,59833078.71482392,10244798464.0,Industrials
DCO,Ducommun Incorporated Common Stock,174.25999450683594,40316781.746247865,2483158528.0,Industrials
DD,"DuPont de Nemours, Inc. Common Stock",130.66000366210938,139885722.34372863,17138013184.0,Basic Materials
DDS,"Dillard's, Inc. Common Stock",646.385009765625,124337161.10877685,9691869184.0,Consumer Cyclical
DE,Deere & Company Common Stock,683.7249755859375,849831593.4124756,183323705344.0,Industrials
DECK,Deckers Outdoor Corporation Common Stock,78.87999725341797,272151635.8096153,10809435136.0,Consumer Cyclical
DEI,"Douglas Emmett, Inc. Common Stock",9.904999732971191,22628423.583913565,2159605248.0,Real Estate
DELL,Dell Technologies Inc. Class C Common Stock ,564.2249755859375,4662307258.966492,329319219200.0,Technology
DEO,Diageo plc Common Stock,84.875,83899460.15222168,47662862336.0,Consumer Defensive
DG,Dollar General Corporation Common Stock,119.06500244140625,291511286.55544585,27614603264.0,Consumer Defensive
DGX,Quest Diagnostics Incorporated Common Stock,231.3800048828125,265367534.08439636,25819639808.0,Healthcare
DHI,"D.R. Horton, Inc. Common Stock",135.3699951171875,405388996.0865753,37728907264.0,Consumer Cyclical
DHR,Danaher Corporation Common Stock,215.51499938964844,923062678.3840576,141581385728.0,Healthcare
DHT,"DHT Holdings, Inc.",23.41950035095215,93680130.62263899,3418194176.0,Energy
DINO,HF Sinclair Corporation Common Stock,113.20500183105469,301546168.7147087,19239770112.0,Energy
DIS,Walt Disney Company (The) Common Stock,102.20999908447266,892197142.1263626,180032995328.0,Communication Services
DK,"Delek US Holdings, Inc. Common Stock",74.81999969482422,209763140.31158257,4612619776.0,Energy
DKS,Dick's Sporting Goods Inc Common Stock,137.10499572753906,392652102.1822769,11508429824.0,Consumer Cyclical
DLB,Dolby Laboratories Common Stock,59.064998626708984,55955715.633649826,5795288064.0,Industrials
DLR,"Digital Realty Trust, Inc. Common Stock",179.27000427246094,332925305.931839,70940352512.0,Real Estate
DNA,"Ginkgo Bioworks Holdings, Inc. Class A Common Stock",12.210000038146973,20091648.024712227,455220320.0,Healthcare
DNOW,DNOW Inc. Common Stock,15.694999694824219,35756951.961956024,2849185536.0,Industrials
DOC,"Healthpeak Properties, Inc. Common Stock",19.559999465942383,103932530.77015838,14533419008.0,Real Estate
DOCN,"DigitalOcean Holdings, Inc. Common Stock",142.57000732421875,364179363.7306091,15271705600.0,Technology
DOCS,"Doximity, Inc. Class A Common Stock",28.155000686645508,76735247.6756051,4320682496.0,Healthcare
DOV,Dover Corporation Common Stock,190.125,253176423.53590697,25389916160.0,Industrials
DOW,Dow Inc. Common Stock ,28.114999771118164,258350391.5684719,21576318976.0,Basic Materials
DPC,DPC Holdings PLC Ordinary Shares,41.9900016784668,52347669.73510017,6271518743.293304,
DRI,"Darden Restaurants, Inc. Common Stock",200.0800018310547,274566786.1795311,23600789504.0,Consumer Cyclical
DT,"Dynatrace, Inc. Common Stock",59.080101013183594,373985678.1882229,14811358208.0,Technology
DTE,DTE Energy Company Common Stock,124.20999908447266,246822821.2208748,28221423616.0,Utilities
DTM,"DT Midstream, Inc. Common Stock ",121.22000122070312,109285906.97929077,13326768128.0,Energy
DUK,Duke Energy Corporation (Holding Company) Common Stock,113.88999938964844,472105858.8917961,93860552704.0,Utilities
DV,"DoubleVerify Holdings, Inc. Common Stock",13.484999656677246,49215594.828017995,2069859072.0,Communication Services
DVA,DaVita Inc. Common Stock,178.0,128438250.86634827,11682632704.0,Healthcare
DVN,Devon Energy Corporation Common Stock,47.474998474121094,617733751.2148613,54009999360.0,Energy
DX,"Dynex Capital, Inc. Common Stock",11.0649995803833,84792591.33395071,3132235264.0,Real Estate
DXC,DXC Technology Company Common Stock ,11.15999984741211,29389719.721324347,1772744576.0,Technology
DXYZ,Destiny Tech100 Inc. Common Stock,32.779998779296875,24492492.52025795,979471168.0,Financial Services
DY,"Dycom Industries, Inc. Common Stock",274.7950134277344,181768087.46826783,8727072768.0,Industrials
EAT,"Brinker International, Inc. Common Stock",198.7949981689453,314392007.0293182,9050686464.0,Consumer Cyclical
ECG,"Everus Construction Group, Inc. Common Stock",125.5,43977808.60451813,5835319808.0,Industrials
ECL,Ecolab Inc. Common Stock,274.7550048828125,324965372.25963134,75405590528.0,Basic Materials
ECO,Okeanis Eco Tankers Corp. Common Stock,86.94499969482422,64436575.09445953,2808872704.0,Industrials
ED,"Consolidated Edison, Inc. Common Stock",103.41000366210938,222342271.53829345,39789862912.0,Utilities
EDU,"New Oriental Education & Technology Group, Inc. Sponsored ADR representing 10 Ordinary Share (Cayman Islands)",55.16999816894531,35164734.18906097,9125822464.0,Consumer Defensive
EFOR,"Everforth, Inc. Common Stock",34.47999954223633,22642156.511425972,1256649984.0,Technology
EFX,"Equifax, Inc. Common Stock",140.8000030517578,297685137.42837065,19780345856.0,Industrials
EG,"Everest Group, Ltd. Common Stock",368.5400085449219,157417552.1597702,14175692800.0,Financial Services
EGO,Eldorado Gold Corporation Ordinary Shares,38.15999984741211,132036456.73195839,11376546816.0,Basic Materials
EGP,"EastGroup Properties, Inc. Common Stock",195.17999267578125,110131648.70100097,10649267200.0,Real Estate
EHC,Encompass Health Corporation Common Stock,119.01000213623047,105010139.04810639,12062842880.0,Healthcare
EIX,Edison International Common Stock,53.43000030517578,276112644.79230577,22432731136.0,Utilities
EL,"Estee Lauder Companies, Inc. (The) Common Stock",91.62000274658203,283214050.84743387,35430576128.0,Consumer Defensive
ELAN,Elanco Animal Health Incorporated Common Stock,22.260000228881836,123807001.2288434,11616207872.0,Healthcare
ELF,"e.l.f. Beauty, Inc. Common Stock",103.05000305175781,136740994.92100906,5694271488.0,Consumer Defensive
ELS,"Equity Lifestyle Properties, Inc. Common Stock",58.2400016784668,99474124.77954999,12183337984.0,Real Estate
ELV,"Elevance Health, Inc. Common Stock",386.1050109863281,497700340.6304337,89803407360.0,Healthcare
EMBJ,Embraer S.A. Common Stock,75.08000183105469,90832922.10106353,13300598784.0,Industrials
EME,"EMCOR Group, Inc. Common Stock",791.510009765625,264863614.48364258,32810708992.0,Industrials
EMN,Eastman Chemical Company Common Stock,65.70999908447266,80654350.92712517,7755917824.0,Basic Materials
EMR,Emerson Electric Company Common Stock,161.9550018310547,368592762.18760836,82578333696.0,Industrials
ENB,Enbridge Inc Common Stock,45.92499923706055,269477494.68373376,105643999232.0,Energy
ENOV,Enovis Corporation Common Stock,17.8700008392334,37372031.82233553,1066020672.0,Healthcare
ENS,EnerSys Common Stock,196.32000732421875,96968981.31179199,6370561024.0,Industrials
ENVA,"Enova International, Inc. Common Stock",173.6999969482422,73571097.94868088,5578106880.0,Financial Services
EOG,"EOG Resources, Inc. Common Stock",141.2949981689453,468740374.6097199,77987471360.0,Energy
EPAM,"EPAM Systems, Inc. Common Stock",108.77999877929688,126715142.46600494,5914963456.0,Technology
EPD,Enterprise Products Partners L.P. Common Stock,35.97999954223633,113949489.96322326,85256159232.0,Energy
EPR,EPR Properties Common Stock,56.349998474121094,52873121.72092132,4598833152.0,Real Estate
EPRT,"Essential Properties Realty Trust, Inc. Common Stock",25.829999923706055,66134789.79565926,6402657280.0,Real Estate
EQH,"Equitable Holdings, Inc. Common Stock",52.97999954223633,170885808.07686216,14333842432.0,Financial Services
EQNR,Equinor ASA,42.56999969482422,164179875.69115067,106690117632.0,Energy
EQT,EQT Corporation Common Stock,50.13999938964844,393997400.74676514,33946755072.0,Energy
EQX,Equinox Gold Corp. Common Shares,11.039999961853027,156104855.66958967,14400617472.0,Basic Materials
ERO,Ero Copper Corp. Common Shares,37.92499923706055,46842166.86516857,3712130816.0,Basic Materials
EROC,"ERock, Inc. Class A Common Stock",12.494999885559082,33749762.544797085,601934411.8719206,
ES,Eversource Energy (D/B/A) Common Stock,64.5,170666154.05915603,26487769088.0,Utilities
ESAB,ESAB Corporation Common Stock,69.9000015258789,64907624.52200661,4388114432.0,Industrials
ESE,ESCO Technologies Inc. Common Stock,275.3399963378906,65017304.95917511,6941673984.0,Technology
ESI,Element Solutions Inc. Common Stock,38.060001373291016,150409375.19915754,8285326336.0,Basic Materials
ESNT,Essent Group Ltd. Common Shares,60.5099983215332,56917020.63853912,6123285504.0,Financial Services
ESS,"Essex Property Trust, Inc. Common Stock",268.05999755859375,145048723.68484497,18946777088.0,Real Estate
ESTC,Elastic N.V. Ordinary Shares,94.04499816894531,166697796.76985854,9140540416.0,Technology
ETN,"Eaton Corporation, PLC Ordinary Shares",436.7250061035156,870302540.1388321,158337089536.0,Industrials
ETR,Entergy Corporation Common Stock,100.58000183105469,319145605.3137306,51045744640.0,Utilities
ETSY,"Etsy, Inc. Common Stock",72.7300033569336,242424628.92073974,6463270400.0,Consumer Cyclical
EVR,Evercore Inc. Class A Common Stock,261.9800109863281,130134275.66032562,11003538432.0,Financial Services
EW,Edwards Lifesciences Corporation Common Stock,85.58999633789062,298768081.3552917,49777909760.0,Healthcare
EXK,Endeavour Silver Corporation Ordinary Shares (Canada),8.574999809265137,77080085.62334637,3205763840.0,Basic Materials
EXP,Eagle Materials Inc Common Stock,172.82000732421875,81996735.51410218,5598400000.0,Basic Materials
EXPD,"Expeditors International of Washington, Inc. Common Stock",191.2449951171875,197495144.32117003,24722266112.0,Industrials
F,Ford Motor Company Common Stock,12.104999542236328,631175227.6570371,54649999360.0,Consumer Cyclical
FAF,First American Corporation (New) Common Stock,63.119998931884766,68633417.84962997,7279730176.0,Financial Services
FBIN,"Fortune Brands Innovations, Inc. Common Stock",38.34000015258789,90438522.8042694,4735168000.0,Industrials
FBK,FB Financial Corporation Common Stock,53.18000030517578,34743534.35404358,2711813632.0,Financial Services
FBP,First BanCorp. New Common Stock,26.93000030517578,39326744.81742249,4190744064.0,Financial Services
FCF,First Commonwealth Financial Corporation Common Stock,20.485000610351562,21843018.173038483,2119142784.0,Financial Services
FCN,"FTI Consulting, Inc. Common Stock",136.3800048828125,69538635.34423828,4180254720.0,Industrials
FCPT,"Four Corners Property Trust, Inc. Common Stock",21.625,27246906.318593215,2693245440.0,Real Estate
FCX,"Freeport-McMoRan, Inc. Common Stock",71.94499969482422,801161175.193491,101598240768.0,Basic Materials
FDS,FactSet Research Systems Inc. Common Stock,267.489990234375,249920583.56768188,9999252480.0,Financial Services
FDX,FedEx Corporation Common Stock,288.4046936035156,480762582.2944412,73813983232.0,Industrials
FDXF,"FedEx Freight Holding Company, Inc. Common Stock",112.5999984741211,216069387.84728813,16843217910.596565,
FE,FirstEnergy Corp. Common Stock,43.369998931884766,190153915.64916706,26772686848.0,Utilities
FERG,Ferguson Enterprises Inc. Common Stock,222.77999877929688,309940496.663826,42688241664.0,Industrials
FHI,"Federated Hermes, Inc. Common Stock",56.810001373291016,39538261.433213994,4514707456.0,Financial Services
FHN,First Horizon Corporation Common Stock,23.344999313354492,121575216.9627264,11581481984.0,Financial Services
FICO,Fair Isaac Corporation Common Stock,662.510009765625,732999220.6278198,20932968448.0,Technology
FIG,"Figma, Inc. Class A Common Stock",21.2549991607666,298607806.7520356,11726217216.0,Technology
FIGS,"FIGS, Inc. Class A Common Stock",13.760000228881836,36673030.04510174,2151516160.0,Consumer Cyclical
FIS,"Fidelity National Information Services, Inc. Common Stock",32.48500061035156,228083281.8429451,19718940672.0,Technology
FITB,Fifth Third Bancorp Common Stock,51.029998779296875,328021598.6660118,48974434304.0,Financial Services
FIX,"Comfort Systems USA, Inc. Common Stock",1735.5450439453125,503854313.65515137,56276434944.0,Industrials
FLG,"Flagstar Bank, N.A. Common Stock",11.779999732971191,61031496.078089476,5468848128.0,Financial Services
FLO,"Flowers Foods, Inc. Common Stock",5.554999828338623,46220889.86880865,1298373760.0,Consumer Defensive
FLR,Fluor Corporation Common Stock,49.720001220703125,120180688.13180923,7189919232.0,Industrials
FLS,Flowserve Corporation Common Stock,74.44499969482422,113473240.95674706,9312658432.0,Industrials
FLUT,Flutter Entertainment plc Ordinary Shares,75.05999755859375,261691613.97753143,17070173184.0,Consumer Cyclical
FMC,FMC Corporation Common Stock,8.425000190734863,40231185.4759655,1554065024.0,Basic Materials
FMX,Fomento Economico Mexicano S.A.B. de C.V. Common Stock,114.83000183105469,48992986.365225986,40009633792.0,Consumer Defensive
FN,Fabrinet Ordinary Shares,462.9150085449219,300443576.86548007,14513120256.0,Technology
FNB,F.N.B. Corporation Common Stock,17.475000381469727,79153505.96542454,6437607424.0,Financial Services
FND,"Floor & Decor Holdings, Inc. Common Stock",45.67499923706055,116494401.20035934,4945394176.0,Consumer Cyclical
FNF,"Fidelity National Financial, Inc. Common Stock",39.560001373291016,126338223.66183567,11813894144.0,Financial Services
FNV,Franco-Nevada Corporation,238.64500427246094,211302402.5195999,50617827328.0,Basic Materials
FOUR,"Shift4 Payments, Inc. Class A Common Stock",36.47999954223633,87244383.71244602,3313166592.0,Technology
FPS,"Forgent Power Solutions, Inc. Class A Common Stock",40.3849983215332,394259704.33245945,9015661568.0,Industrials
FR,"First Industrial Realty Trust, Inc. Common Stock",59.60499954223633,64629232.13753681,8353892864.0,Real Estate
FRO,Frontline Plc Ordinary Shares,52.09000015258789,190990755.776297,10534515712.0,Energy
FRT,Federal Realty Investment Trust Common Stock,107.1449966430664,107066162.31617431,10030818304.0,Real Estate
FSK,FS KKR Capital Corp. Common Stock,11.005200386047363,20470595.301437713,3291212800.0,Financial Services
FSM,Fortuna Mining Corp. Common Shares,11.194999694824219,55401387.24600391,3595881984.0,Basic Materials
FSS,Federal Signal Corporation Common Stock,116.9000015258789,48353721.97352371,7046033408.0,Industrials
FTI,TechnipFMC plc Ordinary Share,69.04000091552734,215502338.500457,29843709952.0,Energy
FTS,Fortis Inc. Common Shares,52.72999954223633,40095455.421393394,28089282560.0,Utilities
FTV,Fortive Corporation Common Stock ,56.685001373291016,114544342.36877346,16653033472.0,Technology
FUL,H. B. Fuller Company Common Stock,50.54499816894531,49778619.10999451,2744502784.0,Basic Materials
FUN,Six Flags Entertainment Corporation Common Stock New,11.585000038146973,29586995.037110902,1453914752.0,Consumer Cyclical
G,Genpact Limited Common Stock,33.34000015258789,64871238.20820923,5822392320.0,Technology
GAP,"Gap, Inc. (The) Common Stock",22.520000457763672,139525279.12720528,7316957184.0,Consumer Cyclical
GATX,GATX Corporation Common Stock,173.07000732421875,46599592.10715637,6190388224.0,Industrials
GBCI,"Glacier Bancorp, Inc. Common Stock",44.0,45375202.48358917,5913777152.0,Financial Services
GD,General Dynamics Corporation Common Stock,329.885009765625,434614760.7751282,95506685952.0,Industrials
GDDY,GoDaddy Inc. Class A Common Stock,96.87999725341797,260126614.84684372,11954276352.0,Technology
GEF,Greif Inc. Class A Common Stock,82.38999938964844,32102345.60526123,4728346112.0,Consumer Cyclical
GENI,Genius Sports Limited Ordinary Shares,6.034999847412109,46744059.43986998,1843949696.0,Communication Services
GEO,Geo Group Inc (The) REIT,31.639999389648438,70016011.6067234,4130880768.0,Industrials
GEV,GE Vernova Inc. Common Stock,990.8099975585938,1990667977.6126068,247446536192.0,Industrials
GFF,Griffon Corporation Common Stock,94.5999984741211,33188875.070106126,4344442880.0,Industrials
GFL,"GFL Environmental Inc. Subordinate voting shares, no par value",42.08000183105469,142491920.86042023,15206113280.0,Industrials
GGG,Graco Inc. Common Stock,78.2249984741211,114307448.6156086,12178926592.0,Industrials
GHC,Graham Holdings Company Common Stock,1145.4200439453125,39638015.247235104,4754447872.0,Industrials
GIB,CGI Inc. Common Stock,70.29000091552734,31785618.26072197,14273708032.0,Technology
GIL,"Gildan Activewear, Inc. Class A Sub. Vot. Common Stock",40.86000061035156,80138183.3123848,9241998336.0,Consumer Cyclical
GIS,"General Mills, Inc. Common Stock",32.099998474121094,371969525.58897436,19273445376.0,Consumer Defensive
GKOS,Glaukos Corporation Common Stock,164.55999755859375,139909699.1490448,10576704512.0,Healthcare
GL,Globe Life Inc. Common Stock,166.72000122070312,72039481.30598602,13137029120.0,Financial Services
GLOB,Globant S.A. Common Shares,35.36000061035156,37093416.873701476,1575190144.0,Technology
GLW,Corning Incorporated Common Stock,163.60000610351562,1279889306.6302795,141625327616.0,Technology
GM,General Motors Company Common Stock,78.44499969482422,637864377.9408157,76598001664.0,Consumer Cyclical
GME,GameStop Corporation Common Stock,24.280000686645508,229026826.1514519,8958120960.0,Consumer Cyclical
GMED,"Globus Medical, Inc. Class A Common Stock",75.83000183105469,117895671.91287613,9913228288.0,Healthcare
GNL,"Global Net Lease, Inc. Common Stock",8.28499984741211,22600595.178622436,2107305600.0,Real Estate
GNRC,Generac Holdlings Inc. Common Stock,217.33999633789062,288981920.04866946,10754958336.0,Industrials
GNW,Genworth Financial Inc Common Stock,9.5649995803833,46046521.931498334,3957989888.0,Financial Services
GOF,Guggenheim Strategic Opportunities Fund Common Shares of Beneficial Interest,8.670000076293945,25419302.38152914,2042312576.0,Financial Services
GOLD,"Gold.com, Inc. Common Stock",42.11000061035156,28995202.95577545,1375981056.0,Financial Services
GOLF,Acushnet Holdings Corp. Common Stock,83.95999908447266,28297032.465444565,4934642176.0,Consumer Cyclical
GPC,Genuine Parts Company Common Stock,127.16000366210938,119621358.23102264,18475966464.0,Consumer Cyclical
GPGI,"GPGI, Inc. Class A Common Stock",12.989999771118164,20569802.165200807,3855538176.0,Industrials
GPI,"Group 1 Automotive, Inc. Common Stock",249.0,72983600.41428833,3356821760.0,Consumer Cyclical
GPK,Graphic Packaging Holding Company,8.829999923706055,67241432.25178652,2834601216.0,Consumer Cyclical
GPN,Global Payments Inc. Common Stock,79.01499938964844,209912854.0773651,23135586304.0,Industrials
GPOR,Gulfport Energy Corporation Common Shares,154.52000427246094,45926744.695287324,3136780288.0,Energy
GRBK,"Green Brick Partners, Inc. Common Stock",66.58989715576172,25097361.6393631,2923006976.0,Consumer Cyclical
GRDN,"Guardian Pharmacy Services, Inc. Class A Common Stock",41.70500183105469,31795884.86418457,2761724416.0,Healthcare
GRMN,Garmin Ltd. Common Stock (Switzerland),280.8999938964844,227053396.85801393,52137713664.0,Technology
GRND,Grindr Inc. Common Stock,13.625,25067148.13108883,2671622912.0,Technology
GS,"Goldman Sachs Group, Inc. (The) Common Stock",903.1300048828125,2015437646.364514,296424112128.0,Financial Services
GTES,Gates Industrial Corporation Ltd. Common Shares,27.780000686645508,45360339.996639445,6366751744.0,Industrials
GTY,Getty Realty Corporation Common Stock,28.260000228881836,21985779.101637173,2024889600.0,Real Estate
GVA,Granite Construction Incorporated Common Stock,119.02999877929688,68174671.74491882,5127085568.0,Industrials
GWRE,"Guidewire Software, Inc. Common Stock",152.50750732421875,235193765.67727357,12020554752.0,Technology
GWW,"W.W. Grainger, Inc. Common Stock",1278.030029296875,345711293.88067627,60241580032.0,Industrials
GXO,"GXO Logistics, Inc. Common Stock ",46.59000015258789,63549977.471484564,5250833408.0,Industrials
H,Hyatt Hotels Corporation Class A Common Stock,159.08999633789062,127021930.43565826,15197558784.0,Consumer Cyclical
HAE,Haemonetics Corporation Common Stock,104.83000183105469,57450113.94673004,4630462464.0,Healthcare
HAFN,Hafnia Limited Common Shares,10.204999923706055,29533063.592538834,4577996800.0,Industrials
HAL,Halliburton Company Common Stock,32.01499938964844,351536652.8735256,30162036736.0,Energy
HASI,"HA Sustainable Infrastructure Capital, Inc. Common Stock",36.439998626708984,40035091.920647815,4840436224.0,Financial Services
HAWK,"HawkEye 360, Inc. Common Stock",14.6850004196167,22817457.810038663,1438624172.2279816,
HAYW,"Hayward Holdings, Inc. Common Stock",12.53499984741211,49429105.04616737,2745888000.0,Industrials
HBM,Hudbay Minerals Inc. Ordinary Shares (Canada),27.219999313354492,109921823.34407596,11911962624.0,Basic Materials
HCA,"HCA Healthcare, Inc. Common Stock",425.92999267578125,623056277.9623657,92875456512.0,Healthcare
HCC,"Warrior Met Coal, Inc. Common Stock",89.94999694824219,60441028.73162842,5426998784.0,Basic Materials
HCI,"HCI Group, Inc. Common Stock",184.19000244140625,31260439.82097473,2339191040.0,Financial Services
HD,"Home Depot, Inc. (The) Common Stock",283.385009765625,1502902809.4036865,305063526400.0,Consumer Cyclical
HDB,HDFC Bank Limited Common Stock,22.2549991607666,236371931.12660235,112166387712.0,Financial Services
HE,"Hawaiian Electric Industries, Inc. Common Stock",8.90999984741211,29112272.319745444,1786871168.0,Utilities
HEI,Heico Corporation Common Stock,303.67999267578125,145717018.89603272,43702145024.0,Industrials
HESM,Hess Midstream LP Class A Representing Limited Partner Interests,37.869998931884766,52044019.792687796,8286308352.0,Energy
HGV,Hilton Grand Vacations Inc. Common Stock ,35.119998931884766,42630548.85887375,3107022592.0,Consumer Cyclical
HHH,Howard Hughes Holdings Inc. Common Stock,70.96499633789062,58890952.86105652,3696732160.0,Real Estate
HIG,"The Hartford Insurance Group, Inc. Common Stock",126.08499908447266,234967513.33970374,37147385856.0,Financial Services
HII,"Huntington Ingalls Industries, Inc. Common Stock",268.510009765625,137694742.13399658,11066781696.0,Industrials
HIMS,"Hims & Hers Health, Inc. Class A Common Stock",28.639999389648438,271308585.1327732,6438283264.0,Healthcare
HIW,"Highwoods Properties, Inc. Common Stock",29.68000030517578,35721300.82161255,3400951296.0,Real Estate
HL,Hecla Mining Company Common Stock,17.155000686645508,671830125.2955805,13585278976.0,Basic Materials
HLI,"Houlihan Lokey, Inc. Class A Common Stock",126.76499938964844,113935892.33335419,9520987136.0,Financial Services
HLIO,"Helios Technologies, Inc. Common Stock",71.95999908447266,27335059.618623734,2262881024.0,Industrials
HLT,Hilton Worldwide Holdings Inc. Common Stock ,319.2900085449219,512229709.17295074,69610332160.0,Consumer Cyclical
HMC,"Honda Motor Company, Ltd. Common Stock",31.28499984741211,27501586.494793892,41073209344.0,Consumer Cyclical
HMY,Harmony Gold Mining Company Limited,17.364999771118164,73588020.6044096,12752664576.0,Basic Materials
HNGE,"Hinge Health, Inc. Class A Common Stock",97.30500030517578,166118657.04395446,7361752064.0,Healthcare
HNI,HNI Corporation Common Stock,47.375,26228113.128549956,3375581952.0,Consumer Cyclical
HOG,"Harley-Davidson, Inc. Common Stock",24.594999313354492,45678357.132508375,2760002816.0,Consumer Cyclical
HOMB,"Home BancShares, Inc. Common Stock",28.614999771118164,44701905.87728157,5917468160.0,Financial Services
HOS,"Hornbeck Offshore Services, Inc. Common Stock",7.664999961853027,21770088.751482725,2902125056.0,Industrials
HP,"Helmerich & Payne, Inc. Common Stock",38.68000030517578,44695029.31450462,4396813824.0,Energy
HPE,Hewlett Packard Enterprise Company Common Stock,69.87000274658203,1393804601.5267434,74975215616.0,Technology
HPQ,HP Inc. Common Stock,32.244998931884766,514466083.29281366,29055707136.0,Technology
HR,Healthcare Realty Trust Incorporated Common Stock,17.530000686645508,73469148.31573562,6643243008.0,Real Estate
HRB,"H&R Block, Inc. Common Stock",41.849998474121094,89487268.93305627,5550664192.0,Consumer Cyclical
HRI,Herc Holdings Inc. Common Stock ,137.875,126959720.41967925,4840538624.0,Industrials
HRL,Hormel Foods Corporation Common Stock,20.274999618530273,94539196.21141347,11466558464.0,Consumer Defensive
HSBC,"HSBC Holdings, plc. Common Stock",95.98999786376953,154782420.10427704,355422208000.0,Financial Services
HSY,The Hershey Company Common Stock,160.67999267578125,252244416.74336547,35168018432.0,Consumer Defensive
HTGC,"Hercules Capital, Inc. Common Stock",16.80500030517578,21467652.959632874,3278177280.0,Financial Services
HUBB,Hubbell Inc Common Stock,475.010009765625,216362730.67985687,23695837184.0,Industrials
HUBS,"HubSpot, Inc. Common Stock",213.78089904785156,395510148.8654938,11491665920.0,Technology
HUM,Humana Inc. Common Stock,384.9700012207031,401015900.4723984,49008373760.0,Healthcare
HUN,Huntsman Corporation Common Stock,8.550000190734863,23063602.3055923,1675742848.0,Basic Materials
HXL,Hexcel Corporation Common Stock,86.04940032958984,77235762.62533417,6787205120.0,Industrials
HZO,"MarineMax, Inc.  (FL) Common Stock",52.390899658203125,40972553.074337006,1152596352.0,Consumer Cyclical
IAG,Iamgold Corporation Ordinary Shares,18.543899536132812,106284602.36318512,11551329280.0,Basic Materials
IBM,International Business Machines Corporation Common Stock,222.02999877929688,1333679328.89431,222904287232.0,Technology
IBN,ICICI Bank Limited Common Stock,27.479900360107422,126282199.815617,103323000832.0,Financial Services
IBP,"Installed Building Products, Inc. Common Stock",193.6699981689453,93940643.09814683,5389571072.0,Consumer Cyclical
ICE,Intercontinental Exchange Inc. Common Stock,150.24000549316406,444384758.53519595,87858241536.0,Financial Services
IDA,"IDACORP, Inc. Common Stock",132.91000366210938,84985658.8815155,7928409600.0,Utilities
IDT,IDT Corporation Class B Common Stock,78.17500305175781,26100373.725204468,1703994112.0,Communication Services
IE,Ivanhoe Electric Inc. Common Stock,10.410699844360352,24025486.54635954,1602286208.0,Basic Materials
IEX,IDEX Corporation Common Stock,233.72000122070312,133710065.92602997,16331168768.0,Industrials
IFF,"International Flavors & Fragrances, Inc. Common Stock",83.0199966430664,142748532.93507156,21442938880.0,Basic Materials
IIPR,"Innovative Industrial Properties, Inc. Common Stock",50.7599983215332,22604725.504441835,1556126848.0,Real Estate
IMAX,Imax Corporation Common Stock,52.65999984741211,54674504.90275879,2847402240.0,Communication Services
IMO,Imperial Oil Limited Common Stock,125.7699966430664,84045097.42649078,65252540416.0,Energy
INFQ,"Infleqtion, Inc. Common Stock",13.229999542236328,109522510.6861496,2992741632.0,Technology
ING,"ING Group, N.V. Common Stock",34.669898986816406,76006963.50817032,104624078848.0,Financial Services
INGM,Ingram Micro Holding Corporation Common Stock,28.360000610351562,70266507.70264092,6098700800.0,Technology
INGR,Ingredion Incorporated Common Stock,95.91500091552734,62155061.94562645,6365678080.0,Consumer Defensive
INSP,"Inspire Medical Systems, Inc. Common Stock",70.55999755859375,68498723.895401,1932080512.0,Healthcare
INSW,"International Seaways, Inc. Common Stock ",115.16500091552734,85039817.6553791,4990279680.0,Energy
INVH,Invitation Homes Inc. Common Stock,25.975000381469727,147728769.12851867,16587653120.0,Real Estate
INVX,"Innovex International, Inc. Common Stock",27.479999542236328,22839421.639704894,2035264384.0,Energy
IONQ,"IonQ, Inc. Common Stock",43.849998474121094,1017099406.8420467,15184443392.0,Technology
IOT,Samsara Inc. Class A Common Stock,41.04999923706055,282041802.0711683,22645350400.0,Technology
IP,International Paper Company Common Stock,32.01499938964844,184674741.45521545,18280753152.0,Consumer Cyclical
IQV,"IQVIA Holdings, Inc. Common Stock",258.1600036621094,421171352.3463623,41917857792.0,Healthcare
IR,Ingersoll Rand Inc. Common Stock,76.30000305175781,368181893.80107194,27912679424.0,Industrials
IRM,Iron Mountain Incorporated (Delaware)Common Stock REIT,113.45500183105469,174990640.49594116,34027431936.0,Real Estate
IRT,"Independence Realty Trust, Inc. Common Stock",14.494999885559082,63843659.70951567,3667134720.0,Real Estate
IT,"Gartner, Inc. Common Stock",186.3524932861328,193743385.6604042,10825944064.0,Technology
ITGR,Integer Holdings Corporation Common Stock,126.51000213623047,100757641.87914085,4275932928.0,Healthcare
ITT,ITT Inc. Common Stock ,206.1199951171875,177352032.62867737,17453631488.0,Industrials
ITW,Illinois Tool Works Inc. Common Stock,262.82000732421875,362282706.2763001,74728677376.0,Industrials
IVR,INVESCO MORTGAGE CAPITAL INC Common Stock,5.764999866485596,22923544.49066205,748090112.0,Real Estate
IVT,InvenTrust Properties Corp. Common Stock,30.3799991607666,21324882.985476684,2513244928.0,Real Estate
IVZ,Invesco Ltd Common Stock,30.774999618530273,134526790.0094574,14088257536.0,Financial Services
J,Jacobs Solutions Inc. Common Stock,138.05999755859375,111459225.58959961,16675382272.0,Industrials
JAN,"Janus Living, Inc. Class A-1 Common Stock",28.829999923706055,57224594.00645695,6756973456.798759,
JBL,Jabil Inc. Common Stock,306.3800048828125,441694617.17596436,31915003904.0,Technology
JBS,JBS N.V. Class A Common Shares,11.645000457763672,61497934.065870665,41330851840.0,Consumer Defensive
JBTM,JBT Marel Corporation Common Stock,109.02999877929688,63703334.41427612,5740688896.0,Industrials
JCI,Johnson Controls International plc Ordinary Share,155.93499755859375,474901935.7553223,86796689408.0,Industrials
JEF,Jefferies Financial Group Inc. Common Stock,46.16999816894531,124494452.02566604,11091982336.0,Financial Services
JHX,James Hardie Industries plc. Ordinary Shares,25.270000457763672,372359752.94272727,16562307072.0,Basic Materials
JLL,Jones Lang LaSalle Incorporated Common Stock,308.05999755859375,126208001.3296814,15782022144.0,Real Estate
JMKE,Jersey Mike's Subs Inc. Class A Common Stock,16.59000015258789,73259524.81951503,3863883007.4404583,
JNJ,Johnson & Johnson Common Stock,255.36000061035156,1675260758.4527931,643780313088.0,Healthcare
JOBY,"Joby Aviation, Inc. Common Stock",5.889999866485596,154545416.50020003,6295775232.0,Industrials
JPM,JP Morgan Chase & Co. Common Stock,331.4200134277344,2842783447.2190123,934312542208.0,Financial Services
JXN,Jackson Financial Inc. Class A Common Stock ,132.10499572753906,123267251.00078277,9315749888.0,Financial Services
KAI,Kadant Inc Common Stock,268.7250061035156,45619937.22179107,3338437632.0,Industrials
KBH,KB Home Common Stock,45.470001220703125,87750756.8964409,2945319424.0,Consumer Cyclical
KBR,"KBR, Inc. Common Stock",34.29499816894531,52308435.51818466,4583823360.0,Industrials
KD,"Kyndryl Holdings, Inc. Common Stock",11.4350004196167,50243721.85096464,2798964736.0,Technology
KEX,Kirby Corporation Common Stock,138.97500610351562,60120713.21562042,7302767616.0,Industrials
KEY,KeyCorp Common Stock,20.075000762939453,322318589.46580505,23028633600.0,Financial Services
KEYS,Keysight Technologies Inc. Common Stock,384.6650085449219,353067139.4153549,55670034432.0,Technology
KFY,Korn Ferry Common Stock,72.2699966430664,49637636.62777786,4109517568.0,Industrials
KGC,Kinross Gold Corporation Common Stock,24.135000228881836,197656861.65819463,34365394944.0,Basic Materials
KGS,"Kodiak Gas Services, Inc. Common Stock",55.34000015258789,108881686.04926129,6344783872.0,Energy
KHC,The Kraft Heinz Company Common Stock,22.165000915527344,521308643.78745157,28987461632.0,Consumer Defensive
KIM,Kimco Realty Corporation (HC) Common Stock,22.213899612426758,127111527.38114747,15830629376.0,Real Estate
KKR,KKR & Co. Inc. Common Stock,91.01000213623047,387667598.3994808,92913295360.0,Financial Services
KLAR,Klarna Group plc Ordinary Shares,12.585000038146973,74356480.9867672,5183118336.0,Financial Services
KMI,"Kinder Morgan, Inc. Common Stock",31.06999969482422,399022194.838583,69014102016.0,Energy
KMPR,Kemper Corporation,25.799999237060547,22902526.853500366,1597995904.0,Financial Services
KMT,Kennametal Inc. Common Stock,32.630001068115234,43473327.139566995,2205016320.0,Industrials
KMX,CarMax Inc,54.685001373291016,189651595.6621952,8540919808.0,Consumer Cyclical
KN,Knowles Corporation Common Stock,40.17499923706055,23372198.0930233,3008578560.0,Technology
KNF,Knife Riv Holding Co. Common Stock,50.58000183105469,60440491.48211441,3277251328.0,Basic Materials
KNSL,"Kinsale Capital Group, Inc. Common Stock",332.2300109863281,72412908.74126129,8283373568.0,Financial Services
KNTK,Kinetik Holdings Inc. Class A Common Stock,52.415000915527344,73001718.10299797,9194320896.0,Energy
KNX,Knight-Swift Transportation Holdings Inc.,66.57499694824219,251924623.09191436,11202495488.0,Industrials
KO,Coca-Cola Company (The) Common Stock,85.69499969482422,1343069520.3649845,381722165248.0,Consumer Defensive
KR,Kroger Company (The) Common Stock,59.03499984741211,489605845.45277596,34853502976.0,Consumer Defensive
KRC,Kilroy Realty Corporation Common Stock,33.724998474121094,48986999.07191658,4136913664.0,Real Estate
KRG,Kite Realty Group Trust Common Stock,24.395000457763672,52491073.4667242,5420374016.0,Real Estate
KRMN,Karman Holdings Inc. Common Stock,34.185001373291016,146163322.89003563,4663198720.0,Industrials
KSS,Kohl's Corporation Common Stock,18.954999923706055,66849736.93493996,1916243328.0,Consumer Cyclical
KT,KT Corporation Common Stock,18.915000915527344,25122368.49812317,9308572672.0,Communication Services
KTB,"Kontoor Brands, Inc. Common Stock ",64.55000305175781,49361830.59015961,3581725184.0,Consumer Cyclical
KVUE,Kenvue Inc. Common Stock,17.18000030517578,463315057.4757412,34160957440.0,Consumer Defensive
KVYO,"Klaviyo, Inc. Series A Common Stock",15.774999618530273,104017684.26281138,4567028224.0,Technology
KWR,Quaker Houghton Common Stock,161.8800048828125,22320498.003961183,2658245632.0,Basic Materials
L,Loews Corporation Common Stock,105.89749908447266,113180807.25945815,22262034432.0,Financial Services
LAD,"Lithia Motors, Inc. Common Stock",308.82989501953125,104231840.09190369,8013175808.0,Consumer Cyclical
LAZ,"Lazard, Inc. Common Stock",36.19499969482422,72035206.44949417,4209726976.0,Financial Services
LBRT,Liberty Energy Inc. Class A common stock,19.0049991607666,72972232.88202277,3420492032.0,Energy
LCII,LCI Industries,83.26000213623047,29734032.68159294,2287712768.0,Consumer Cyclical
LCLN,"Lincoln International, Inc. Class A Common Stock",24.149999618530273,23036338.071682453,842251315.898613,
LDOS,"Leidos Holdings, Inc. Common Stock",119.08999633789062,158320976.46839753,16267834368.0,Technology
LEA,Lear Corporation Common Stock,121.3550033569336,80518786.53482895,8449336320.0,Consumer Cyclical
LEN,Lennar Corporation Class A Common Stock,79.94999694824219,451943124.6409699,18593490944.0,Consumer Cyclical
LEU,Centrus Energy Corp. Class A Common Stock,139.63999938964844,114353500.92834091,3398171136.0,Energy
LEVI,Levi Strauss & Co Class A Common Stock,19.7549991607666,50620558.89684429,7785526784.0,Consumer Cyclical
LH,Labcorp Holdings Inc. Common Stock,306.6499938964844,256775340.77793732,25907396608.0,Healthcare
LHX,"L3Harris Technologies, Inc. Common Stock",236.77000427246094,397562360.39476776,46146777088.0,Industrials
LII,"Lennox International, Inc. Common Stock",357.3900146484375,176261184.08560792,12685495296.0,Industrials
LION,Lionsgate Studios Corp Common Shares,11.270000457763672,34186668.93421002,3313327104.0,nan
LLY,Eli Lilly and Company Common Stock,1146.675048828125,2542584648.830518,1003097554944.0,Healthcare
LMND,"Lemonade, Inc. Common Stock",46.25,51335128.51244354,3831132416.0,Financial Services
LMT,Lockheed Martin Corporation Common Stock,506.42498779296875,629843247.8467499,121435168768.0,Industrials
LNC,Lincoln National Corporation Common Stock,40.22999954223633,82693245.74438533,8365291008.0,Financial Services
LNG,"Cheniere Energy, Inc. Common Stock",269.2099914550781,605368217.334346,57517694976.0,Energy
LOAR,Loar Holdings Inc. Common Stock,61.75,45825756.251364134,6135189504.0,Industrials
LOW,"Lowe's Companies, Inc. Common Stock",181.3813018798828,624961096.8703766,109540188160.0,Consumer Cyclical
LPG,Dorian LPG Ltd. Common Stock,57.13909912109375,34940758.791879274,2308553472.0,Energy
LPX,Louisiana-Pacific Corporation Common Stock,65.06999969482422,73196908.13862228,4601309696.0,Industrials
LRN,"Stride, Inc. Common Stock",78.91000366210938,56307799.80065002,3398140672.0,Consumer Defensive
LTC,"LTC Properties, Inc. Common Stock",43.27000045776367,27715280.033651352,2313357312.0,Real Estate
LTH,"Life Time Group Holdings, Inc. Common Stock",41.06999969482422,136282550.56072885,9236799488.0,Consumer Cyclical
LUMN,"Lumen Technologies, Inc. Common Stock",5.735000133514404,82170299.35342649,6887629312.0,Communication Services
LUV,Southwest Airlines Company Common Stock,42.34000015258789,248007649.8075199,18770917376.0,Industrials
LVS,Las Vegas Sands Corp. Common Stock,36.375,237177816.4337303,27585593344.0,Consumer Cyclical
LW,"Lamb Weston Holdings, Inc. Common Stock ",43.540000915527344,72734245.07390022,6538011136.0,Consumer Defensive
LXP,LXP Industrial Trust Common Stock (Maryland REIT),60.91999816894531,54240293.60926743,3582537984.0,Real Estate
LYB,LyondellBasell Industries NV Ordinary Shares Class A (Netherlands),58.810001373291016,222133584.07221565,20973240320.0,Basic Materials
LYV,"Live Nation Entertainment, Inc. Common Stock",168.89999389648438,342881142.15766144,39638056960.0,Communication Services
LZB,La-Z-Boy Incorporated Common Stock,29.899999618530273,23544791.67407589,1240033792.0,Consumer Cyclical
M,Macy's Inc Common Stock,22.662200927734375,152930414.84030342,5492232192.0,Consumer Cyclical
MA,Mastercard Incorporated Common Stock,554.1950073242188,1524285001.3478637,495988178944.0,Financial Services
MAA,"Mid-America Apartment Communities, Inc. Common Stock",114.95999908447266,146935308.68286133,15167012864.0,Real Estate
MAC,Macerich Company (The) Common Stock,23.024999618530273,84771480.64499493,6778322944.0,Real Estate
MAIN,Main Street Capital Corporation Common Stock,55.11000061035156,25815084.979385376,5236473856.0,Financial Services
MAIR,Madison Air Solutions Corporation Class A Common Stock,24.915000915527344,64900956.53027077,12500419337.32077,
MAN,ManpowerGroup Common Stock,54.310001373291016,48717193.19430771,2681046016.0,Industrials
MANE,"Veradermics, Incorporated Common Stock",116.18000030517578,83349124.02397156,4110329600.0,Healthcare
MAS,Masco Corporation Common Stock,68.3949966430664,163050962.96533203,13288460288.0,Industrials
MATX,"Matson, Inc. Common Stock",231.33250427246094,69896261.4611824,6745472512.0,Industrials
MBC,"MasterBrand, Inc. Common Stock",7.054999828338623,23581603.63933339,1532283520.0,Consumer Cyclical
MBGL,Mobility Global Inc. Common Stock,17.084999084472656,76906158.18021965,5465599975.5859375,
MC,Moelis & Company Class A Common Stock,56.31999969482422,52653681.346616745,4800442368.0,Financial Services
MCD,McDonald's Corporation Common Stock,232.0449981689453,1454806525.0571098,179408355328.0,Consumer Cyclical
MCK,McKesson Corporation Common Stock,893.5700073242188,761588011.2418091,103541555200.0,Healthcare
MCO,Moody's Corporation Common Stock,439.5150146484375,367424239.65983886,81573445632.0,Financial Services
MCY,Mercury General Corporation Common Stock,102.81990051269531,31618490.895565033,5611975680.0,Financial Services
MDT,Medtronic plc. Ordinary Shares,86.31500244140625,1191425846.3432693,118229188608.0,Healthcare
MDU,"MDU Resources Group, Inc. Common Stock (Holding Company)",18.604999542236328,38393438.15620098,4070262016.0,Utilities
MET,"MetLife, Inc. Common Stock",94.6500015258789,291408603.8529587,61237731328.0,Financial Services
MFC,Manulife Financial Corporation Common Stock,42.904998779296875,69311408.01368561,72013504512.0,Financial Services
MFG,"Mizuho Financial Group, Inc. Sponosred ADR (Japan)",10.854999542236328,37718131.57795334,134130991104.0,Financial Services
MGA,"Magna International, Inc. Common Stock",64.38999938964844,70648816.81074981,17356687360.0,Consumer Cyclical
MGM,MGM Resorts International Common Stock,30.584999084472656,168740529.17495918,10259951616.0,Consumer Cyclical
MGY,Magnolia Oil & Gas Corporation Class A Common Stock,24.170000076293945,125951454.77971335,6644282368.0,Energy
MHK,"Mohawk Industries, Inc. Common Stock",127.12000274658203,137765487.8066574,8419173888.0,Consumer Cyclical
MHO,"M/I Homes, Inc. Common Stock",134.86000061035156,27174360.57548523,3494873344.0,Consumer Cyclical
MIAX,"Miami International Holdings, Inc. Common Stock",33.290000915527344,60607092.283721164,4269905408.0,Financial Services
MIR,"Mirion Technologies, Inc. Class A Common Stock",14.779999732971191,56405016.76205025,4061885440.0,Industrials
MKC,"McCormick & Company, Incorporated Common Stock",44.67110061645508,182397425.85367316,13805527040.0,Consumer Defensive
MKL,Markel Group Inc. Common Stock,1733.6700439453125,123897339.00405884,22080081920.0,Financial Services
MLI,"Mueller Industries, Inc. Common Stock",62.95500183105469,112864343.62313919,13496488960.0,Industrials
MLM,"Martin Marietta Materials, Inc. Common Stock",483.5899963378906,434115429.7012421,34980597760.0,Basic Materials
MMM,3M Company Common Stock,161.78500366210938,493670191.1821991,83438731264.0,Industrials
MMS,"Maximus, Inc. Common Stock",53.125,40617759.333229065,2958999040.0,Industrials
MO,"Altria Group, Inc.",67.27999877929688,523961652.7384674,115062054912.0,Consumer Defensive
MOD,Modine Manufacturing Company Common Stock,178.5850067138672,249079598.37802276,9597466624.0,Consumer Cyclical
MOH,Molina Healthcare Inc Common Stock,187.46499633789062,118198751.60402985,10483034112.0,Healthcare
MOS,Mosaic Company (The) Common Stock,21.274999618530273,199882175.09198362,8336813568.0,Basic Materials
MP,MP Materials Corp. Common Stock,46.880001068115234,263367354.06825963,9359238144.0,Basic Materials
MPC,Marathon Petroleum Corporation Common Stock,422.80499267578125,1204776416.7593384,115811270656.0,Energy
MRK,"Merck & Company, Inc. Common Stock (new)",143.83999633789062,1400788019.061351,359503888384.0,Healthcare
MRP,"Millrose Properties, Inc. Class A Common Stock",24.649999618530273,63996178.46204357,5003023872.0,Real Estate
MRSH,Marsh Common Stock,170.5,478367126.53167725,84972232704.0,Financial Services
MS,Morgan Stanley Common Stock,191.0,1093307478.5987945,336438853632.0,Financial Services
MSA,MSA Safety Incorporated Common Stock,182.14999389648438,43779874.41834412,6984406016.0,Industrials
MSCI,MSCI Inc. Common Stock,538.7000122070312,314999913.37470704,40147484672.0,Financial Services
MSGE,Madison Square Garden Entertainment Corp. Class A Common Stock,79.9000015258789,42314569.14998665,3614119680.0,Communication Services
MSGS,Madison Square Garden Sports Corp. Class A Common Stock (New),405.8599853515625,126102325.19314575,9484606464.0,Communication Services
MSI,"Motorola Solutions, Inc. Common Stock",448.0899963378906,387786234.63132477,76466405376.0,Technology
MSM,"MSC Industrial Direct Company, Inc. Common Stock",130.44000244140625,90914551.00057983,6603266048.0,Industrials
MT,Arcelor Mittal NY Registry Shares NEW,64.12429809570312,91567920.73482513,56297676800.0,Basic Materials
MTB,M&T Bank Corporation Common Stock,218.8249969482422,242322346.77558517,34305638400.0,Financial Services
MTD,"Mettler-Toledo International, Inc. Common Stock",1487.22998046875,294264300.40749514,25709309952.0,Healthcare
MTDR,Matador Resources Company Common Stock,53.630001068115234,101837318.2207838,7582420992.0,Energy
MTG,MGIC Investment Corporation Common Stock,27.235000610351562,73284739.05615921,6287075840.0,Financial Services
MTH,Meritage Homes Corporation Common Stock,63.72999954223633,57535706.169184305,4024174336.0,Consumer Cyclical
MTN,"Vail Resorts, Inc. Common Stock",139.125,147718079.66661683,4727143936.0,Consumer Cyclical
MTRN,Materion Corporation,310.44000244140625,64160481.42168274,5182180864.0,Basic Materials
MTZ,"MasTec, Inc. Common Stock",217.6300048828125,330636854.9081421,18856402944.0,Industrials
MUFG,"Mitsubishi UFJ Financial Group, Inc. Common Stock",22.7549991607666,68740889.7552472,263553744896.0,Financial Services
MUR,Murphy Oil Corporation Common Stock,37.790000915527344,63634075.55621948,5460669952.0,Energy
MUSA,Murphy USA Inc. Common Stock,515.1199951171875,128536961.77401122,9621652480.0,Consumer Cyclical
MUX,McEwen Inc. Common Stock,17.809999465942383,25967973.921420097,1198025984.0,Basic Materials
MWA,MUELLER WATER PRODUCTS Common Stock,21.864999771118164,33298588.219282817,3662708224.0,Industrials
NAD,Nuveen Quality Municipal Income Fund Common Stock,10.274999618530273,21335726.21619167,2559425280.0,Financial Services
NAT,Nordic American Tankers Limited Common Stock,8.319999694824219,38348285.74450131,1500253440.0,Energy
NATL,NCR Atleos Corporation Common Stock,45.494998931884766,37382468.696783066,3399185152.0,Technology
NCLH,Norwegian Cruise Line Holdings Ltd. Ordinary Shares,15.015000343322754,291377632.33919096,6704142848.0,Consumer Cyclical
NE,Noble Corporation plc A Ordinary Shares,40.65999984741211,52123496.97666168,7189487616.0,Energy
NEA,Nuveen AMT-Free Quality Municipal Income Fund Common Shares of Beneficial Interest Par Value $.01,10.114999771118164,25957810.999410342,3279593984.0,Financial Services
NEE,"NextEra Energy, Inc. Common Stock",76.79000091552734,965525301.1566795,172698550272.0,Utilities
NEM,Newmont Corporation,115.46499633789062,802946287.7407471,132617715712.0,Basic Materials
NET,"Cloudflare, Inc. Class A Common Stock",350.1449890136719,1024620048.4236389,112029794304.0,Technology
NEU,NewMarket Corp Common Stock,925.6900024414062,106640544.55908203,7994343424.0,Basic Materials
NFG,National Fuel Gas Company Common Stock,76.75,68420729.90232697,7805578752.0,Energy
NG,Novagold Resources Inc.,6.534999847412109,41652097.2899559,3380804608.0,Basic Materials
NHC,National HealthCare Corporation Common Stock,226.62249755859375,23473167.365444947,3601494528.0,Healthcare
NHI,"National Health Investors, Inc. Common Stock",65.98999786376953,26966320.574275207,3482175232.0,Real Estate
NI,NiSource Inc Common Stock,39.474998474121094,225277343.21736374,20009644032.0,Utilities
NIC,Nicolet Bankshares Inc. Common Stock,166.1750030517578,26066164.715827942,3536580096.0,Financial Services
NJR,NewJersey Resources Corporation Common Stock,51.5,39326176.88050079,5372055552.0,Utilities
NKE,"Nike, Inc. Common Stock",33.724998474121094,1517241342.314465,54540828672.0,Consumer Cyclical
NLY,Annaly Capital Management Inc. Common Stock,18.700300216674805,245458880.2654148,16755070976.0,Real Estate
NNN,"NNN REIT, Inc. Common Stock",40.599998474121094,90478373.3625042,8506399232.0,Real Estate
NOC,Northrop Grumman Corporation Common Stock,480.7300109863281,476120113.5520142,73874194432.0,Industrials
NOG,"Northern Oil and Gas, Inc. Common Stock",23.764999389648438,50473723.99286957,2750032896.0,Energy
NOV,NOV Inc. Common Stock,18.985000610351562,64265399.74645805,7478910464.0,Energy
NOW,"ServiceNow, Inc. Common Stock",135.0,1589715191.3562927,136299208704.0,Technology
NPO,Enpro Inc. Common Stock,334.2799987792969,48112891.18892517,6236315648.0,Industrials
NRG,"NRG Energy, Inc. Common Stock",95.12000274658203,296922661.14298093,23699128320.0,Utilities
NSC,Norfolk Southern Corporation Common Stock,317.7799987792969,324723082.5013428,73051619328.0,Industrials
NSP,"Insperity, Inc. Common Stock",46.85490036010742,22215734.44601669,1914729088.0,Industrials
NTR,Nutrien Ltd. Common Shares,70.36000061035156,199227873.03285676,38463131648.0,Basic Materials
NTST,NetSTREIT Corp. Common Stock,17.510000228881836,30473984.64655943,1955408512.0,Real Estate
NU,Nu Holdings Ltd. Class A Ordinary Shares,13.420100212097168,1035161258.8977563,72025571328.0,Financial Services
NUE,Nucor Corporation Common Stock,241.09750366210938,308915830.6595367,57782968320.0,Basic Materials
NUVB,Nuvation Bio Inc. Class A Common Stock,5.09499979019165,29017513.912584998,2231388160.0,Healthcare
NVO,Novo Nordisk A/S Common Stock,37.29800033569336,562534533.6664312,196708450304.0,Healthcare
NVR,"NVR, Inc. Common Stock",5959.580078125,250811490.97998047,16155154432.0,Consumer Cyclical
NVS,Novartis AG Common Stock,140.48500061035156,344133145.8374214,262564757504.0,Healthcare
NVST,Envista Holdings Corporation Common Stock,23.549999237060547,73778606.89213982,4171241984.0,Healthcare
NVT,nVent Electric plc Ordinary Shares ,170.55999755859375,303944949.3357849,25324294144.0,Industrials
NXE,Nexgen Energy Ltd. Common Shares,9.015000343322754,38652870.98390412,6870553600.0,Energy
NYT,New York Times Company (The) Common Stock,61.61000061035156,236804137.17204514,10673747968.0,Communication Services
O,Realty Income Corporation Common Stock,53.904998779296875,500558522.8085197,56896094208.0,Real Estate
OBDC,Blue Owl Capital Corporation Common Stock,10.320300102233887,34759565.718086675,5441827840.0,Financial Services
OC,Owens Corning Inc Common Stock New,118.05000305175781,143625385.09943008,9885828096.0,Industrials
OGE,OGE Energy Corp Common Stock,45.09000015258789,82980016.96292686,9660382208.0,Utilities
OGN,Organon & Co. Common Stock ,13.725000381469727,32212625.431610774,3585931776.0,Healthcare
OGS,"ONE Gas, Inc. Common Stock",72.44000244140625,46569051.40867309,4948359680.0,Utilities
OHI,"Omega Healthcare Investors, Inc. Common Stock",45.810001373291016,96201716.79289131,15066431488.0,Real Estate
OI,"O-I Glass, Inc. Common Stock",5.635000228881836,22009204.05873699,1004934720.0,Consumer Cyclical
OII,"Oceaneering International, Inc. Common Stock",44.439998626708984,42887781.30238686,4965036544.0,Energy
OKE,"ONEOK, Inc. Common Stock",87.63999938964844,341396262.417202,60001177600.0,Energy
OKLO,Oklo Inc. Class A common stock,35.79999923706055,384948119.00427437,7595100672.0,Utilities
OLN,Olin Corporation Common Stock,15.975000381469727,45133122.484157085,1981015552.0,Basic Materials
OMC,Omnicom Group Inc. Common Stock,73.98999786376953,248171501.47240525,22518341632.0,Communication Services
OMF,"OneMain Holdings, Inc. Common Stock",56.349998474121094,55582765.9462925,7137172992.0,Financial Services
ONON,On Holding AG Class A Ordinary Shares,30.915000915527344,345420729.74177706,8925203456.0,Consumer Cyclical
ONTO,Onto Innovation Inc. Common Stock,328.114990234375,227077087.58522338,16471543808.0,Technology
OPLN,"OPENLANE, Inc. Common Stock",35.63999938964844,38850965.14069138,4263289856.0,Consumer Cyclical
OR,OR Royalties Inc. Common Shares,34.38999938964844,28956348.37231369,6741058560.0,Basic Materials
ORA,"Ormat Technologies, Inc. Common Stock",93.0999984741211,95401094.75415535,6042074112.0,Utilities
ORC,"Orchid Island Capital, Inc. Common Stock",5.138999938964844,33773597.49868069,1271372800.0,Real Estate
ORCL,Oracle Corporation Common Stock,142.0399932861328,5209511759.002967,453069275136.0,Technology
ORI,Old Republic International Corporation Common Stock,38.220001220703125,60463729.82462845,9928905728.0,Financial Services
OSCR,"Oscar Health, Inc. Class A Common Stock",31.045000076293945,169391740.77555543,9894417408.0,Healthcare
OSK,Oshkosh Corporation (Holding Company)Common Stock,134.4600067138672,89899408.4743576,9200559104.0,Industrials
OTF,Blue Owl Technology Finance Corp. Common Stock,9.618499755859375,20559796.89202366,4914038272.0,Financial Services
OTIS,Otis Worldwide Corporation Common Stock ,63.939998626708984,328025495.7623884,26037784576.0,Industrials
OUT,OUTFRONT Media Inc. Common Stock,28.815000534057617,48016637.257612705,5023377408.0,Real Estate
OVV,Ovintiv Inc. (DE),60.529998779296875,208632538.1100975,17622185984.0,Energy
OWL,Blue Owl Capital Inc. Class A Common Stock,9.130000114440918,185431333.320541,16596343808.0,Financial Services
OXY,Occidental Petroleum Corporation Common Stock,57.904998779296875,546429174.0108169,60608016384.0,Energy
P,"Everpure, Inc. Class A common stock",139.74000549316406,838557270.1304886,31789881344.0,Technology
PAAS,Pan American Silver Corp. Common Stock,45.45000076293945,156038306.210248,21145518080.0,Basic Materials
PAC,"Grupo Aeroportuario Del Pacifico, S.A. B. de C.V. Grupo Aeroportuario Del Pacifico, S.A. de C.V. (each representing 10 Series B shares)",201.99000549316406,29639566.229486845,12445698048.0,Industrials
PACS,"PACS Group, Inc. Common Stock",42.709999084472656,33376291.255954742,7126214144.0,Healthcare
PAG,"Penske Automotive Group, Inc. Common Stock",204.24000549316406,85082405.25252227,14248186880.0,Consumer Cyclical
PAGS,PagSeguro Digital Ltd. Class A Common Shares,8.944999694824219,28582173.671879195,2664118784.0,Technology
PARR,"Par Pacific Holdings, Inc.  Common Stock",84.91000366210938,77903616.48361664,4140734208.0,Energy
PATH,"UiPath, Inc. Class A Common Stock",13.104999542236328,706765734.4914014,7064262144.0,Technology
PAY,"Paymentus Holdings, Inc. Class A Common Stock",30.969999313354492,37072229.231908895,4434964480.0,Technology
PAYC,"Paycom Software, Inc. Common Stock",221.02000427246094,165444317.92751616,9792260096.0,Technology
PB,"Prosperity Bancshares, Inc. Common Stock",67.41999816894531,80272973.34263153,8512120832.0,Financial Services
PBA,Pembina Pipeline Corp. Ordinary Shares (Canada),45.959999084472656,52671053.52732048,28124000256.0,Energy
PBF,PBF Energy Inc. Class A Common Stock,80.73999786376953,297450044.31153905,9196088320.0,Energy
PBH,Prestige Consumer Healthcare Inc. Common Stock,45.48500061035156,28635946.340431213,2324194048.0,Healthcare
PBI,Pitney Bowes Inc. Common Stock,16.71500015258789,30123477.214760207,2325049856.0,Industrials
PBR,Petroleo Brasileiro S.A. Petrobras ADS,21.575000762939453,433635039.2608105,135106142208.0,Energy
PCG,Pacific Gas & Electric Co. Common Stock,12.345000267028809,533168668.0594419,31361705984.0,Utilities
PCOR,"Procore Technologies, Inc. Common Stock",50.9900016784668,136692378.57390937,8114415616.0,Technology
PD,"PagerDuty, Inc. Common Stock",15.3100004196167,23939799.870274782,1064423744.0,Technology
PDI,PIMCO Dynamic Income Fund Common Stock,14.454999923706055,66481445.20136414,7159077888.0,Financial Services
PEB,Pebblebrook Hotel Trust Common Shares of Beneficial Interest,19.020000457763672,39462434.24258137,2009514496.0,Real Estate
PEG,Public Service Enterprise Group Incorporated Common Stock,68.1050033569336,236386307.8296772,36255371264.0,Utilities
PEN,"Penumbra, Inc. Common Stock",318.07000732421875,119642692.18920593,12560302080.0,Healthcare
PFE,"Pfizer, Inc. Common Stock",27.69499969482422,887618052.757027,156769517568.0,Healthcare
PFGC,Performance Food Group Company Common Stock,93.5999984741211,136660992.73625144,14896751616.0,Consumer Defensive
PFS,"Provident Financial Services, Inc Common Stock",22.540000915527344,20071810.08957405,2987982080.0,Financial Services
PFSI,"PennyMac Financial Services, Inc. Common Stock",62.255001068115234,39916468.043465614,3625394944.0,Financial Services
PG,Procter & Gamble Company (The) Common Stock,144.59500122070312,1143747320.0775847,330941169664.0,Consumer Defensive
PGR,Progressive Corporation (The) Common Stock,209.5500030517578,591315514.9301094,125999923200.0,Financial Services
PH,Parker-Hannifin Corporation Common Stock,969.614990234375,545824308.7453492,118145556480.0,Industrials
PHIN,PHINIA Inc. Common Stock,60.2599983215332,26557158.95143509,2426540800.0,Consumer Cyclical
PHM,"PulteGroup, Inc. Common Stock",115.44499969482422,202067167.5814705,21888786432.0,Consumer Cyclical
PII,Polaris Inc. Common Stock,53.790000915527344,44992070.53360138,3319467008.0,Consumer Cyclical
PINS,"Pinterest, Inc. Class A Common Stock",19.155000686645508,280669402.56274575,10404922368.0,Communication Services
PIPR,Piper Sandler Companies Common Stock,65.4000015258789,59230548.93854904,5400623104.0,Financial Services
PJT,PJT Partners Inc. Class A Common Stock,139.23500061035156,66184242.71015167,7480708096.0,Financial Services
PK,Park Hotels & Resorts Inc. Common Stock ,15.479999542236328,46626527.04684772,3085509888.0,Real Estate
PKG,Packaging Corporation of America Common Stock,229.1699981689453,141204524.31698227,20363415552.0,Consumer Cyclical
PL,Planet Labs PBC Class A Common Stock,17.6299991607666,209380939.51069394,6323677696.0,Industrials
PLD,"Prologis, Inc. Common Stock",128.7949981689453,469664518.70144045,132243308544.0,Real Estate
PLNT,"Planet Fitness, Inc. Common Stock",42.25,123596441.46949616,3727989504.0,Consumer Cyclical
PM,Philip Morris International Inc Common Stock,187.77000427246094,833344513.2620316,296682061824.0,Consumer Defensive
PNC,"PNC Financial Services Group, Inc. (The) Common Stock",221.22500610351562,407070666.5965134,95730524160.0,Financial Services
PNFP,"Pinnacle Financial Partners, Inc. Common stock",95.80000305175781,99544781.47391434,14821128192.0,Financial Services
PNR,Pentair plc. Ordinary Share,53.41999816894531,140852716.62933046,9104856064.0,Industrials
PNW,Pinnacle West Capital Corporation Common Stock,96.21499633789062,112645206.67455597,11776735232.0,Utilities
POR,Portland General Electric Co Common Stock,44.439998626708984,70182322.29743862,5756899328.0,Utilities
POST,"Post Holdings, Inc. Common Stock",72.83000183105469,72591152.8594307,3649374208.0,Consumer Defensive
PPG,"PPG Industries, Inc. Common Stock",105.52999877929688,185259788.01857454,23201452032.0,Basic Materials
PPL,PPL Corporation Common Stock,32.83000183105469,234855082.82576865,25785948160.0,Utilities
PR,Permian Resources Corporation Class A Common Stock,22.170000076293945,233077831.4514866,19741218816.0,Energy
PRG,"PROG Holdings, Inc. Common Stock",31.450000762939453,22879512.468096733,1484923136.0,Industrials
PRGO,Perrigo Company plc Ordinary Shares,14.324999809265137,40326432.48454447,1972604928.0,Healthcare
PRI,"Primerica, Inc. Common Stock",277.0350036621094,55515097.39784851,8894346240.0,Financial Services
PRIM,Primoris Services Corporation Common Stock,78.69999694824219,97676389.07244262,3929221632.0,Industrials
PRKS,United Parks & Resorts Inc. Common Stock,32.560001373291016,25866361.016705513,1754481920.0,Consumer Cyclical
PRLB,"Proto Labs, Inc. Common stock",98.98999786376953,21146116.382886123,1904182912.0,Industrials
PRM,"Perimeter Solutions, SA Common Stock",27.719999313354492,39126033.43141203,5041557504.0,Basic Materials
PRMB,Primo Brands Corporation Class A Common Stock,19.53499984741211,80407273.75051193,7474137600.0,Consumer Defensive
PRU,"Prudential Financial, Inc. Common Stock",112.6500015258789,178715202.9645359,40733011968.0,Financial Services
PS,Pershing Square Inc. Common Stock,51.90999984741211,35890108.72564411,20763999938.964844,
PSA,Public Storage Common Stock,285.1000061035156,249110273.49309236,55009312768.0,Real Estate
PSN,Parsons Corporation Common Stock,41.27000045776367,53222851.574408725,4914917376.0,Technology
PSX,Phillips 66 Common Stock,265.67999267578125,855537956.4092773,103669628928.0,Energy
PTY,Pimco Corporate & Income Opportunity Fund,11.060999870300293,21987928.110149194,2545682176.0,Financial Services
PUK,Prudential Public Limited Company Common Stock,24.4950008392334,27052526.54436493,33265719296.0,Financial Services
PUMP,ProPetro Holding Corp. Common Stock,9.265000343322754,40955977.4611692,1419230464.0,Energy
PVH,PVH Corp. Common Stock,75.62000274658203,68151519.87481117,3151675136.0,Consumer Cyclical
PWR,"Quanta Services, Inc. Common Stock",679.7899780273438,514666136.3169861,93624844288.0,Industrials
Q,"Qnity Electronics, Inc. Common Stock",131.71499633789062,178383101.4520096,26025050112.0,Technology
QGEN,Qiagen N.V. Common Shares,45.04999923706055,89067348.86510602,8714089472.0,Healthcare
QSR,Restaurant Brands International Inc. Common Shares,70.11000061035156,247984208.52521667,35166887936.0,Consumer Cyclical
QTWO,"Q2 Holdings, Inc. Common Stock",56.560001373291016,36026428.182477,3750011392.0,Technology
QXO,"QXO, Inc. Common Stock",12.015000343322754,240416797.70977527,12798277632.0,Industrials
R,"Ryder System, Inc. Common Stock",237.22000122070312,59430235.008392334,9378493440.0,Industrials
RACE,Ferrari N.V. Common Shares,388.19000244140625,166765910.33631897,71747018752.0,Consumer Cyclical
RAL,Ralliant Corporation Common Stock,73.44000244140625,96380927.9979988,7314411008.0,Technology
RAMP,"LiveRamp Holdings, Inc. Common Stock",37.67499923706055,50777503.98967743,2296530688.0,Technology
RBA,"RB Global, Inc. Common Stock",82.25499725341797,138306810.6344387,15107065856.0,Industrials
RBC,RBC Bearings Incorporated Common Stock,515.9199829101562,156335215.05337524,15092753408.0,Industrials
RBLX,Roblox Corporation Class A Common Stock,43.880001068115234,547959510.181192,32082622464.0,Communication Services
RBRK,"Rubrik, Inc. Class A Common Stock",118.37000274658203,315323718.56729394,18872420352.0,Technology
RCI,"Rogers Communication, Inc. Common Stock",31.059999465942383,42941689.26246023,19669602304.0,Communication Services
RCL,Royal Caribbean Cruises Ltd. Common Stock,276.5199890136719,814906243.9705474,69270085632.0,Consumer Cyclical
RCUS,"Arcus Biosciences, Inc. Common Stock",24.18000030517578,44825681.167412564,3524587776.0,Healthcare
RDDT,"Reddit, Inc. Class A Common Stock",148.07000732421875,721595238.4842072,29661751296.0,Communication Services
RDN,Radian Group Inc. Common Stock,32.619998931884766,53956511.382927135,4768139776.0,Financial Services
RDW,Redwire Corporation Common Stock,10.765000343322754,146449096.33808804,2783667712.0,Industrials
RDY,Dr. Reddy's Laboratories Ltd Common Stock,12.234999656677246,37674862.50833645,9779281920.0,Healthcare
REXR,"Rexford Industrial Realty, Inc. Common Stock",36.8650016784668,108308518.09296227,8480086528.0,Real Estate
REZI,"Resideo Technologies, Inc. Common Stock ",18.655000686645508,38489847.71780529,2878266880.0,Industrials
RF,Regions Financial Corporation Common Stock,27.135000228881836,258348244.39290047,25238413312.0,Financial Services
RGA,"Reinsurance Group of America, Incorporated Common Stock",250.2899932861328,83768633.63173676,16100125696.0,Financial Services
RH,RH Common Stock,120.33499908447266,112557956.58712769,2639166976.0,Consumer Cyclical
RHI,Robert Half Inc. Common Stock,35.79999923706055,66189269.03672314,3919890432.0,Industrials
RHP,"Ryman Hospitality Properties, Inc. (REIT)",121.33999633789062,69983727.24268036,8448505856.0,Real Estate
RIG,Transocean Ltd (Switzerland) Common Stock,5.164999961853027,242451803.14838195,6343879168.0,Energy
RIO,Rio Tinto Plc Common Stock,93.90499877929688,168487429.28099975,161123418112.0,Basic Materials
RITM,Rithm Capital Corp. Common Stock,8.755000114440918,57831664.86362457,5419340288.0,Real Estate
RJF,"Raymond James Financial, Inc. Common Stock",158.01499938964844,210133395.48010024,33728702464.0,Financial Services
RKT,"Rocket Companies, Inc. Class A Common Stock",11.835000038146973,464020039.3039654,36924616704.0,Financial Services
RL,Ralph Lauren Corporation Common Stock,360.885009765625,230531178.1069336,20153395200.0,Consumer Cyclical
RLI,RLI Corp. Common Stock (DE),55.775001525878906,41055226.54735641,5617425408.0,Financial Services
RMD,ResMed Inc. Common Stock,219.14999389648438,267900787.09879303,31678527488.0,Healthcare
RNG,"RingCentral, Inc. Class A Common Stock",77.81999969482422,113669583.38906555,5784889344.0,Technology
RNR,RenaissanceRe Holdings Ltd. Common Stock,325.3349914550781,101268057.98268738,13477356544.0,Financial Services
RNST,Renasant Corporation Common Stock,39.970001220703125,28969704.308641814,3664176640.0,Financial Services
ROG,Rogers Corporation Common Stock,162.19000244140625,37061720.107011415,2356720640.0,Technology
ROK,"Rockwell Automation, Inc. Common Stock",453.45001220703125,286132203.4338379,46206795776.0,Industrials
ROL,"Rollins, Inc. Common Stock",30.184999465942383,250318342.91892672,16791975936.0,Consumer Cyclical
RPM,RPM International Inc. Common Stock,99.12000274658203,91732192.62082902,12540924928.0,Basic Materials
RRC,Range Resources Corporation Common Stock,38.15999984741211,103865500.48444557,9622922240.0,Energy
RRX,Regal Rexnord Corporation Common Stock,161.0,175459378.62740785,10371350528.0,Industrials
RS,"Reliance, Inc. Common Stock",399.44989013671875,105394829.72489624,20048003072.0,Basic Materials
RSG,"Republic Services, Inc. Common Stock",209.60499572753906,336640565.6005562,68453916672.0,Industrials
RSI,"Rush Street Interactive, Inc. Class A Common Stock",20.139999389648438,84350009.49571228,6136717824.0,Consumer Cyclical
RTX,RTX Corporation Common Stock,184.9199981689453,742138822.6044868,266303651840.0,Industrials
RVTY,"Revvity, Inc. Common Stock",151.3249969482422,317727486.48615646,13511996416.0,Healthcare
RXO,"RXO, Inc. Common Stock",23.799999237060547,36917770.85116539,3237499648.0,Industrials
RY,Royal Bank Of Canada Common Stock,195.3300018310547,198437492.3611328,285947068416.0,Financial Services
RYAN,"Ryan Specialty Holdings, Inc. Class A Common Stock",37.814998626708984,82733876.85461044,10113654784.0,Financial Services
RYN,Rayonier Inc. REIT Common Stock,18.094999313354492,69540890.53654365,6058307072.0,Real Estate
S,"SentinelOne, Inc. Class A Common Stock",25.145000457763672,193901566.94590434,6814801920.0,Technology
SAH,"Sonic Automotive, Inc. Common Stock",63.2599983215332,23546360.446792983,2378539520.0,Consumer Cyclical
SAM,"Boston Beer Company, Inc. (The) Common Stock",167.38999938964844,45223320.179626465,1691247104.0,Consumer Defensive
SAN,"Banco Santander, S.A. Sponsored ADR (Spain)",13.34000015258789,103432445.96383648,212532477952.0,Financial Services
SAP,SAP  SE ADS,207.22999572753906,391095644.30051804,238666366976.0,Technology
SARO,"StandardAero, Inc. Common Stock",21.065000534057617,90230384.3459527,7958611968.0,Industrials
SBH,"Sally Beauty Holdings, Inc. (Name to be changed from Sally Holdings, Inc.) Common Stock",16.530000686645508,21030497.054248907,1491403136.0,Consumer Cyclical
SBSW,D/B/A Sibanye-Stillwater Limited ADS,9.984999656677246,57768195.401512004,9114466304.0,Basic Materials
SCCO,Southern Copper Corporation Common Stock,205.19000244140625,206391462.9202179,164638998528.0,Basic Materials
SCHW,Charles Schwab Corporation (The) Common Stock,96.81500244140625,863671561.0494782,185393430528.0,Financial Services
SCI,Service Corporation International Common Stock,77.37000274658203,77972345.16796455,10919682048.0,Consumer Cyclical
SDEV,Stablecoin Development Corporation Common Stock,6.610000133514404,98527003.95780861,333473052.5357723,
SDRL,Seadrill Limited Common Shares,44.25,27902977.25662918,2980725248.0,Energy
SEB,Seaboard Corporation Common Stock,4014.330078125,44587638.10131836,4136075008.0,Industrials
SECZ,Securitize Corp. Common Stock,12.6899995803833,62776738.07333203,2071025282.7340078,
SEI,"Solaris Energy Infrastructure, Inc. Class A Common Stock",74.69499969482422,188624107.145533,6486374912.0,Energy
SF,Stifel Financial Corporation Common Stock,70.4800033569336,104818417.4889965,12122418176.0,Financial Services
SFBS,"ServisFirst Bancshares, Inc. Common Stock",40.119998931884766,28852508.28664837,4560780800.0,Financial Services
SG,"Sweetgreen, Inc. Class A Common Stock",9.029999732971191,40812221.40521006,802933632.0,Consumer Cyclical
SGHC,Super Group (SGHC) Limited Ordinary Shares,11.244999885559082,34413721.5069047,6975894016.0,Consumer Cyclical
SGI,Somnigroup International Inc. Common Stock,62.685001373291016,200635014.49230176,13848360960.0,Consumer Cyclical
SHAK,"Shake Shack, Inc. Class A Common Stock",60.744998931884766,89846507.41964607,2701423360.0,Consumer Cyclical
SHO,"Sunstone Hotel Investors, Inc. Sunstone Hotel Investors, Inc. Common Shares",11.375,20949067.04541874,2043523840.0,Real Estate
SHW,Sherwin-Williams Company (The) Common Stock,319.8550109863281,544845305.6952102,76903358464.0,Basic Materials
SIG,Signet Jewelers Limited Common Shares,102.27999877929688,117024220.95567779,3672324608.0,Consumer Cyclical
SITE,"SiteOne Landscape Supply, Inc. Common Stock",89.5199966430664,97970817.51576233,4234758656.0,Industrials
SJM,The J.M. Smucker Company Common Stock,117.0999984741211,155869069.3361042,13067680768.0,Consumer Defensive
SKM,"SK Telecom Co., Ltd. Common Stock",36.709999084472656,40602225.334759906,14161703936.0,Communication Services
SKT,Tanger Inc. Common Stock,35.064998626708984,31813685.27770252,4384681472.0,Real Estate
SKY,"Champion Homes, Inc. Common Stock",87.58999633789062,44409900.430439755,4369279488.0,Consumer Cyclical
SLB,SLB Limited Common Shares,48.97999954223633,715210867.7766508,82013749248.0,Energy
SLF,Sun Life Financial Inc. Common Stock,78.5,40193284.56964264,43777249280.0,Financial Services
SLG,SL Green Realty Corp Common Stock,49.05500030517578,43108970.76654091,4000609536.0,Real Estate
SLGN,Silgan Holdings Inc. Common Stock,35.084999084472656,47240165.911310196,4023842816.0,Consumer Cyclical
SM,SM Energy Company Common Stock,35.334999084472656,147380585.20739442,9012290560.0,Energy
SMA,"SmartStop Self Storage REIT, Inc. Common Stock",32.47999954223633,24336320.387155913,1772912384.0,Real Estate
SMG,Scotts Miracle-Gro Company (The) Common Stock,49.2598991394043,57073001.205808446,3256259840.0,Basic Materials
SMR,NuScale Power Corporation Class A Common Stock,7.795000076293945,329471463.31953526,4218516992.0,Industrials
SN,"SharkNinja, Inc. Ordinary Shares",182.06500244140625,346530111.6975525,23572742144.0,Consumer Cyclical
SNA,Snap-On Incorporated Common Stock,368.7449951171875,107039731.82421875,19337668608.0,Industrials
SNAP,Snap Inc. Class A Common Stock,5.675099849700928,177928079.4630804,9014252544.0,Communication Services
SNDR,"Schneider National, Inc. Common Stock",32.91999816894531,22170139.895269394,5956724224.0,Industrials
SNN,"Smith & Nephew SNATS, Inc. Common Stock",26.465099334716797,38284977.501858905,11621750784.0,Healthcare
SNOW,Snowflake Inc. Common Stock,339.29998779296875,1458230991.1436706,119839105024.0,Technology
SNX,TD SYNNEX Corporation Common Stock,279.2300109863281,300849286.15597075,20662140928.0,Technology
SO,Southern Company (The) Common Stock,83.81999969482422,539632977.340023,102083207168.0,Utilities
SOBO,South Bow Corporation Common Shares,33.880001068115234,26168400.55411873,7590521856.0,Energy
SOLV,Solventum Corporation Common Stock,88.4000015258789,75185836.70146751,15172040704.0,Healthcare
SON,Sonoco Products Company Common Stock,48.77000045776367,58294770.12484036,4779312640.0,Consumer Cyclical
SPB,"Spectrum Brands Holdings, Inc. Common Stock",78.36000061035156,24476512.54669113,1959684736.0,Consumer Defensive
SPG,"Simon Property Group, Inc. Common Stock",200.91000366210938,252163144.5681259,78441603072.0,Real Estate
SPGI,S&P Global Inc. Common Stock,383.9800109863281,762317817.6197388,122648592384.0,Financial Services
SPHR,Sphere Entertainment Co. Class A Common Stock,128.2675018310547,69890012.31558152,5012821504.0,Communication Services
SPNT,SiriusPoint Ltd. Common Shares,24.59000015258789,27190812.671370126,2828618240.0,Financial Services
SPOT,Spotify Technology S.A. Ordinary Shares,473.510009765625,735199465.6542358,108032786432.0,Communication Services
SPXC,"SPX Technologies, Inc. Common Stock",173.13499450683594,109106496.3946724,9467153408.0,Industrials
SQM,Sociedad Quimica y Minera S.A. Common Stock,64.59500122070312,69759801.45246124,20675895296.0,Basic Materials
SR,Spire Inc. Common Stock,77.50499725341797,43324328.42162132,4815624704.0,Utilities
SRE,DBA Sempra Common Stock,78.45500183105469,273890641.13107985,55483445248.0,Utilities
SSB,SouthState Bank Corporation Common Stock,101.84500122070312,65409635.616925046,10146445312.0,Financial Services
SSD,"Simpson Manufacturing Company, Inc. Common Stock",174.22999572753906,52492295.12642441,7100595712.0,Basic Materials
ST,Sensata Technologies Holding plc Ordinary Shares,43.720001220703125,55724074.7417923,6064478720.0,Technology
STAG,"Stag Industrial, Inc. Common Stock",36.150001525878906,59241465.794755936,7323025408.0,Real Estate
STE,STERIS plc (Ireland) Ordinary Shares,207.41000366210938,137069190.68937835,20811399168.0,Healthcare
STM,STMicroelectronics N.V. Common Stock,57.0099983215332,451397203.49205476,44727738368.0,Technology
STN,Stantec Inc Common Stock,67.6500015258789,23558529.00459633,7914063360.0,Industrials
STNG,Scorpio Tankers Inc. Common Shares,85.80999755859375,96936748.7850525,4194313216.0,Energy
STT,State Street Corporation Common Stock,176.18499755859375,382595440.5168915,52750979072.0,Financial Services
STUB,"StubHub Holdings, Inc. Class A Common Stock",5.40500020980835,39706420.14850352,2279166720.0,Communication Services
STWD,"STARWOOD PROPERTY TRUST, INC. Starwood Property Trust Inc.",13.085000038146973,71888472.65738368,5930092032.0,Real Estate
STZ,"Constellation Brands, Inc. Common Stock",113.04000091552734,266784420.7301632,20879124480.0,Consumer Defensive
SU,Suncor Energy  Inc. Common Stock,69.66999816894531,288299177.37570417,80441278464.0,Energy
SUI,"Sun Communities, Inc. Common Stock",110.87999725341797,121094924.52876167,14854868992.0,Real Estate
SUNB,"Sunbelt Rentals Holdings, Inc. Common Stock",76.89250183105469,472405864.9489037,59548389376.0,Industrials
SVM,Silvercorp Metals Inc. Common Shares,10.550000190734863,20332098.329754733,2696504832.0,Basic Materials
SW,Smurfit WestRock plc Ordinary Shares,42.619998931884766,189819178.68150005,22197809152.0,Consumer Cyclical
SWK,"Stanley Black & Decker, Inc. Common Stock",91.47000122070312,153047281.2176071,13472194560.0,Industrials
SWX,"Southwest Gas Holdings, Inc. Common Stock (DE)",82.61000061035156,68278771.43252869,6376684032.0,Utilities
SXI,Standex International Corporation Common Stock,293.010009765625,38303870.63512878,3242305536.0,Industrials
SXT,Sensient Technologies Corporation Common Stock,129.19000244140625,41922284.88413391,5615483904.0,Basic Materials
SYF,Synchrony Financial Common Stock,72.24749755859375,212729872.11541596,24510187520.0,Financial Services
SYK,Stryker Corporation Common Stock,275.0799865722656,865113372.0933319,105480282112.0,Healthcare
SYY,Sysco Corporation Common Stock,77.5199966430664,383190647.562579,39180472320.0,Consumer Defensive
T,AT&T Inc.,24.34000015258789,947998464.3836479,175455338496.0,Communication Services
TAC,TransAlta Corporation Ordinary Shares,12.329999923706055,22738236.51764078,3825648640.0,Utilities
TALO,"Talos Energy, Inc. Common Stock",16.780000686645508,34760980.723891065,2886833152.0,Energy
TAP,Molson Coors Beverage Company Class B Common Stock,36.85499954223633,211137817.1666506,7087113728.0,Consumer Defensive
TBBB,BBB Foods Inc. Class A Common Shares,52.525001525878906,32571991.972812273,6164375040.0,Consumer Defensive
TD,Toronto Dominion Bank (The) Common Stock,117.62000274658203,179284359.28769034,194589573120.0,Financial Services
TDC,Teradata Corporation Common Stock,30.199899673461914,43433883.103969574,2560290048.0,Technology
TDG,Transdigm Group Incorporated Common Stock,1088.4549560546875,436544634.51282346,63256412160.0,Industrials
TDOC,"Teladoc Health, Inc. Common Stock",5.539100170135498,20127698.499854922,1117356672.0,Healthcare
TDS,"Telephone and Data Systems, Inc. Common Shares",35.61000061035156,58833429.065000154,4294978048.0,Communication Services
TDW,Tidewater Inc. Common Stock,82.8550033569336,48344504.88518639,4533290496.0,Energy
TDY,Teledyne Technologies Incorporated Common Stock,619.625,166285854.2324707,27739338752.0,Technology
TECK,Teck Resources Ltd Ordinary Shares,68.47000122070312,200603319.3334198,31864469504.0,Basic Materials
TEL,TE Connectivity plc Ordinary Shares,221.52999877929688,378887298.9940033,58209939456.0,Technology
TEN,Tsakos Energy Navigation Ltd Common Shares,49.5,27036457.167074583,1378940416.0,Energy
TEVA,Teva Pharmaceutical Industries Limited Ordinary Shares,39.48500061035156,202352717.03278428,46051065720.70354,
TEX,Terex Corporation Common Stock,57.040000915527344,67513513.00938568,6865429504.0,Industrials
TFC,Truist Financial Corporation Common Stock,46.54999923706055,379388191.4411068,60800339968.0,Financial Services
TFII,TFI International Inc. Common Shares,119.07499694824219,30340109.342505645,10927974400.0,Industrials
TFX,Teleflex Incorporated Common Stock,125.0250015258789,104667756.51235008,5685952000.0,Healthcare
TGB,Trekor Metals Limited Common Shares,8.914999961853027,46373151.510098934,2992240896.0,Basic Materials
TGT,Target Corporation Common Stock,155.01499938964844,524780884.9960167,71164755968.0,Consumer Defensive
THC,Tenet Healthcare Corporation Common Stock,258.0299987792969,191029601.36798096,21326260224.0,Healthcare
THG,Hanover Insurance Group Inc,220.99000549316406,70546277.59786835,7850740736.0,Financial Services
THO,"Thor Industries, Inc. Common Stock",69.88999938964844,62868652.782432556,3729910784.0,Consumer Cyclical
TJX,"TJX Companies, Inc. (The) Common Stock",132.80999755859375,1166831759.379167,139493785600.0,Consumer Cyclical
TKO,"TKO Group Holdings, Inc. Class A Common Stock",176.05499267578125,224969739.99848938,35820240896.0,Communication Services
TKR,Timken Company (The) Common Stock,122.86499786376953,112097935.01999894,8124951040.0,Industrials
TM,Toyota Motor Corporation Common Stock,181.64010620117188,57962704.17881012,228169056256.0,Consumer Cyclical
TMO,Thermo Fisher Scientific Inc Common Stock,653.47998046875,1479336595.4868774,221718970368.0,Healthcare
TNET,"TriNet Group, Inc. Common Stock",62.959999084472656,20360501.150255583,3054730496.0,Industrials
TNK,Teekay Tankers Ltd.,102.55999755859375,47394832.25900574,3337415936.0,Energy
TNL,Travel   Leisure Co. Common  Stock,62.80500030517578,46020731.31924973,3993447168.0,Consumer Cyclical
TOL,"Toll Brothers, Inc. Common Stock",136.30999755859375,156069553.44375914,12039005184.0,Consumer Cyclical
TOST,"Toast, Inc. Class A Common Stock",29.979999542236328,256010001.85789052,18787891200.0,Technology
TPB,"Turning Point Brands, Inc. Common Stock",56.625,26596850.36249237,1437458432.0,Consumer Defensive
TPC,Tutor Perini Corporation Common Stock,87.20500183105469,36249265.813482665,4557216768.0,Industrials
TPL,Texas Pacific Land Corporation Common Stock,338.1549987792969,138409470.90354308,25359230976.0,Energy
TPR,"Tapestry, Inc. Common Stock",117.33000183105469,362369246.5893837,23103514624.0,Consumer Cyclical
TREX,"Trex Company, Inc. Common Stock",43.849998474121094,70915129.71645889,4594401792.0,Industrials
TRGP,"Targa Resources, Inc. Common Stock",280.07000732421875,315792119.1673218,62135676928.0,Energy
TRLV,Trulieve Cannabis Corp. Subordinate Voting Shares,10.569999694824219,31667372.064347077,2283823360.0,Healthcare
TRNO,Terreno Realty Corporation Common Stock,64.6980972290039,50114240.82567139,7128837632.0,Real Estate
TRP,TC Energy Corporation Common Stock,59.02000045776367,205734952.95842323,64849989632.0,Energy
TRU,TransUnion Common Stock,64.36000061035156,205444756.68237838,14710090752.0,Financial Services
TRV,"The Travelers Companies, Inc. Common Stock",360.760009765625,494128475.82802737,76367659008.0,Financial Services
TSM,Taiwan Semiconductor Manufacturing Company Ltd.,472.7099914550781,4405158290.884958,2207466913792.0,Technology
TSN,"Tyson Foods, Inc. Common Stock",51.779998779296875,192109019.062545,18504759296.0,Consumer Defensive
TT,Trane Technologies plc,463.92498779296875,498747032.43316346,96372359168.0,Industrials
TTC,Toro Company (The) Common Stock,98.875,86754595.65221253,8917763072.0,Industrials
TTE,TotalEnergies SE Ordinary Shares,84.88500213623047,138067893.06939355,201294495744.0,Energy
TU,Telus Corporation Ordinary Shares,8.085000038146973,60607365.10904274,14592375808.0,Communication Services
TWLO,Twilio Inc. Class A Common Stock,294.2550048828125,702619239.1414673,35468963840.0,Technology
TXNM,"TXNM Energy, Inc. Common Stock",58.45500183105469,102569036.85577774,5957095936.0,Utilities
TXT,Textron Inc. Common Stock,77.63999938964844,149871452.2551651,13752878080.0,Industrials
TYL,"Tyler Technologies, Inc. Common Stock",323.7300109863281,239474991.7857437,14048062464.0,Technology
U,Unity Software Inc. Common Stock,43.98500061035156,421419155.3728615,18373711872.0,Technology
UBER,"Uber Technologies, Inc. Common Stock",68.18000030517578,1338555179.0334027,144041328640.0,Technology
UBS,UBS Group AG Registered Ordinary Shares,47.779998779296875,110758566.50511932,165823954944.0,Financial Services
UCB,"United Community Banks, Inc. Common Stock",34.02000045776367,29567416.360369872,4183970048.0,Financial Services
UDR,"UDR, Inc. Common Stock",33.31999969482422,146192242.1006855,13108843520.0,Real Estate
UEC,Uranium Energy Corp. Common Stock,9.29170036315918,93449286.80314207,5455967744.0,Energy
UGI,UGI Corporation Common Stock,37.209999084472656,74799527.56576538,8223736832.0,Utilities
UHS,"Universal Health Services, Inc. Common Stock",173.94000244140625,136938655.88332215,10247291904.0,Healthcare
UI,Ubiquiti Inc. Common Stock,610.3200073242188,82040151.36991271,33658015744.0,Technology
ULS,UL Solutions Inc. Class A Common Stock,66.7699966430664,66030474.902513124,14518591488.0,Industrials
UMAC,"Unusual Machines, Inc. Common Stock",21.985000610351562,60868808.712804034,1251410432.0,Technology
UMC,United Microelectronics Corporation (NEW) Common Stock,26.280000686645508,256802008.2628128,55161450496.0,Technology
UNF,Unifirst Corporation Common Stock,250.32000732421875,99953077.50025025,4946744320.0,Industrials
UNFI,"United Natural Foods, Inc. Common Stock",45.529998779296875,32388146.72360611,2682747136.0,Consumer Defensive
UNH,UnitedHealth Group Incorporated Common Stock (DE),369.6098937988281,1900185013.688005,354507325440.0,Healthcare
UNM,Unum Group Common Stock,88.93000030517578,185299901.69386902,14830971904.0,Financial Services
UNP,Union Pacific Corporation Common Stock,277.95001220703125,669893542.9622376,171165040640.0,Industrials
UPS,"United Parcel Service, Inc. Common Stock",93.0,457030784.5526886,84950540288.0,Industrials
URI,"United Rentals, Inc. Common Stock",1074.3800048828125,489446283.8071167,61966753792.0,Industrials
USB,U.S. Bancorp Common Stock,57.57500076293945,474690355.0465258,96271998976.0,Financial Services
USFD,US Foods Holding Corp. Common Stock,97.49500274658203,248967203.9064331,20886730752.0,Consumer Defensive
UTI,Universal Technical Institute Inc Common Stock,19.415000915527344,38712375.93359337,1153694208.0,Consumer Defensive
UTZ,Utz Brands Inc Class A Common Stock ,14.266400337219238,21220697.947149992,1261409152.0,Consumer Defensive
UUUU,Energy Fuels Inc Ordinary Shares (Canada),10.75,85023424.01140328,3661818368.0,Energy
V,Visa Inc.,360.8399963378906,2220452389.8950806,684160843776.0,Financial Services
VAC,Marriott Vacations Worldwide Corporation Common Stock,104.77999877929688,42708754.69033661,3492844800.0,Consumer Cyclical
VAL,Valaris Limited Common Shares,78.30999755859375,109121559.63227996,5845800960.0,Energy
VEEV,Veeva Systems Inc. Class A Common Stock,273.3299865722656,399492750.2603744,42418495488.0,Healthcare
VFC,V.F. Corporation Common Stock,14.125,110160424.05641422,4927941632.0,Consumer Cyclical
VG,"Venture Global, Inc. Class A common stock",13.270000457763672,206160470.7076544,38988951552.0,Energy
VGNT,Versigent PLC Ordinary Shares,46.595001220703125,34767734.473667145,3300569259.1438293,
VIA,"Via Transportation, Inc. Class A Common Stock",29.560300827026367,25652371.547688864,2146857984.0,Technology
VICI,VICI Properties Inc. Common Stock,22.725000381469727,259135292.27907467,27604013056.0,Real Estate
VIK,Viking Holdings Ltd Ordinary Shares,80.23999786376953,386880987.4600502,37678391296.0,Consumer Cyclical
VIRT,"Virtu Financial, Inc. Class A Common Stock",60.119998931884766,64821810.01380424,5465812480.0,Financial Services
VLO,Valero Energy Corporation Common Stock,406.6499938964844,1540332088.9760728,110644764672.0,Energy
VLTO,Veralto Corp Common Stock ,94.88999938964844,161376378.50765532,22797115392.0,Industrials
VMC,Vulcan Materials Company (Holding Company) Common Stock,243.33999633789062,310169781.2748337,32123215872.0,Basic Materials
VMI,"Valmont Industries, Inc. Common Stock",481.4100036621094,84052654.15317078,9242062848.0,Industrials
VMRK,Vivmark Residential Common Shares of Beneficial Interest,59.7400016784668,389337853.1969927,50504560640.0,Real Estate
VNO,Vornado Realty Trust Common Stock,33.79999923706055,48151269.190251544,7105259008.0,Real Estate
VNT,Vontier Corporation Common Stock ,32.04999923706055,41584336.357167244,4252053504.0,Technology
VOYA,"Voya Financial, Inc. Common Stock",96.91999816894531,115696481.46117477,9325988864.0,Financial Services
VOYG,"Voyager Technologies, Inc. Class A Common Stock",30.6299991607666,85275623.22576456,2079870464.0,Industrials
VPG,"Vishay Precision Group, Inc. Common Stock",79.47000122070312,21535446.080093384,825600256.0,Technology
VRT,"Vertiv Holdings, LLC Class A Common Stock",252.38999938964844,1318231831.1783943,95523258368.0,Industrials
VSH,"Vishay Intertechnology, Inc. Common Stock",38.57500076293945,105613731.13219643,4721777664.0,Technology
VST,Vistra Corp. Common Stock,138.39999389648438,702383145.1608734,50253815808.0,Utilities
VSTS,Vestis Corporation Common Stock,14.149999618530273,22636620.239117146,1737958272.0,Industrials
VSXY,Victorias Secret & Co. Common Stock ,91.36499786376953,140333549.99173316,5797648896.0,Consumer Cyclical
VTR,"Ventas, Inc. Common Stock",84.41000366210938,323206423.2692642,46555013120.0,Real Estate
VVV,Valvoline Inc. Common Stock,30.985000610351562,86937065.72901192,3821620224.0,Consumer Cyclical
VVX,"V2X, Inc. Common Stock",70.6500015258789,54046338.69050789,2294793728.0,Industrials
VYLR,Vylor Inc. Common Stock,69.06990051269531,710291211.6427231,46083161342.46826,
VYX,NCR Voyix Corporation Common Stock,6.715000152587891,22871934.5165473,1123198720.0,Technology
VZ,Verizon Communications Inc. Common Stock,45.94649887084961,1007308790.497415,209005969408.0,Communication Services
W,Wayfair Inc. Class A Common Stock,100.43499755859375,242179042.355954,12845898752.0,Consumer Cyclical
WAB,Westinghouse Air Brake Technologies Corporation Common Stock,288.8800048828125,214746300.4434204,47129501696.0,Industrials
WAL,Western Alliance Bancorporation Common Stock (DE),76.56500244140625,87249079.12400512,8537142784.0,Financial Services
WAT,Waters Corporation Common Stock,425.6549987792969,293629900.7564209,39091228672.0,Healthcare
WBI,WaterBridge Infrastructure LLC Class A Shares Representing Limited Liability Company Interests,28.850000381469727,22487262.37536793,4016030208.0,Energy
WCC,"WESCO International, Inc. Common Stock",383.5450134277344,172057826.3097946,17042366464.0,Industrials
WCN,"Waste Connections, Inc. Common Shares",154.7899932861328,200593776.64783555,40638697472.0,Industrials
WEC,"WEC Energy Group, Inc. Common Stock",101.66500091552734,292403893.1510067,34709475328.0,Utilities
WELL,Welltower Inc. Common Stock,228.69500732421875,600100550.1673218,172375244800.0,Real Estate
WEX,WEX Inc. common stock,170.94500732421875,102534205.21140137,6402060288.0,Technology
WFC,Wells Fargo & Company Common Stock,80.30000305175781,1145838229.9176018,269801209856.0,Financial Services
WH,"Wyndham Hotels & Resorts, Inc. Common Stock ",71.32499694824219,84354994.45378494,5165093888.0,Consumer Cyclical
WHD,"Cactus, Inc. Class A Common Stock",63.79999923706055,49773836.127754785,4748828672.0,Energy
WHR,Whirlpool Corporation Common Stock,30.2549991607666,97272452.38317671,2306754048.0,Consumer Cyclical
WK,Workiva Inc. Class A Common Stock,71.42500305175781,77346543.58456497,4096784384.0,Technology
WKC,World Kinect Corporation Common Stock,35.790000915527344,40211192.65508576,1818184192.0,Energy
WLK,Westlake Corporation Common Stock,64.34500122070312,54319259.61386414,9090167808.0,Basic Materials
WLY,"John Wiley & Sons, Inc. Common Stock",47.43000030517578,25935032.992979813,2415601152.0,Communication Services
WM,"Waste Management, Inc. Common Stock",204.63999938964844,456224679.02630234,86594297856.0,Industrials
WMB,"Williams Companies, Inc. (The) Common Stock",70.43000030517578,522611272.9640579,89872228352.0,Energy
WMS,"Advanced Drainage Systems, Inc. Common Stock",128.32000732421875,98693557.58086395,9709116416.0,Industrials
WOLF,"Wolfspeed, Inc. Common Stock New",35.54999923706055,71110269.67774563,1316973056.0,Technology
WOR,"Worthington Enterprises, Inc. Common Shares",60.845001220703125,30678827.355078887,2852920832.0,Industrials
WPC,W. P. Carey Inc. REIT,64.51000213623047,109579578.76083374,16002320384.0,Real Estate
WPM,Wheaton Precious Metals Corp Common Shares (Canada),135.77000427246094,262353740.6545349,68728029184.0,Basic Materials
WRB,W.R. Berkley Corporation Common Stock,69.11000061035156,263108967.04027328,26082447360.0,Financial Services
WRBY,Warby Parker Inc. Class A Common Stock,27.270000457763672,89376416.5483593,2939399680.0,Healthcare
WSM,"Williams-Sonoma, Inc. Common Stock (DE)",231.75999450683594,256056349.14935455,26229878784.0,Consumer Cyclical
WSO,"Watsco, Inc. Common Stock",298.1449890136719,140940778.9615097,12593472512.0,Industrials
WST,"West Pharmaceutical Services, Inc. Common Stock",364.739990234375,227241685.3955078,23418941440.0,Healthcare
WT,"WisdomTree, Inc. Common Stock",24.530000686645508,68700131.72443628,3643866112.0,Financial Services
WTM,"White Mountains Insurance Group, Ltd. Common Stock",2025.2694091796875,39675964.9579895,4911967232.0,Financial Services
WTRG,"Essential Utilities, Inc. Common Stock",39.17100143432617,102312349.0214735,12029374464.0,Utilities
WTS,"Watts Water Technologies, Inc. Class A Common Stock",364.3500061035156,68199493.95533904,11637664768.0,Industrials
WTTR,"Select Water Solutions, Inc. Class A common stock",20.09000015258789,37174126.025598526,2906772992.0,Energy
WU,Western Union Company (The) Common Stock,6.025000095367432,56821132.47609472,2164689664.0,Financial Services
WY,Weyerhaeuser Company Common Stock,18.5,150313180.62989387,15971509248.0,Real Estate
XOM,ExxonMobil Holdings Corporation Common Stock,164.5800018310547,2254081649.5392113,675874930688.0,Energy
XPO,"XPO, Inc. Common Stock",187.16000366210938,198390029.0185608,21514637312.0,Industrials
XYL,Xylem Inc. Common Stock New,101.91500091552734,298116495.9528519,24810309632.0,Industrials
XYZ,"Block, Inc. Class A Common Stock,",74.70999908447266,294838323.3154667,47613005824.0,Technology
YELP,Yelp Inc. Common Stock,18.139999389648438,28529474.30747032,1112946816.0,Communication Services
YETI,"YETI Holdings, Inc. Common Stock",41.0099983215332,73313098.60723019,2913348096.0,Consumer Cyclical
YOU,"Clear Secure, Inc. Class A Common Stock",41.415000915527344,86671957.82048492,5839566336.0,Technology
YUM,"Yum! Brands, Inc.",136.47999572753906,320578850.7370361,39195418624.0,Consumer Cyclical
YUMC,"Yum China Holdings, Inc. Common Stock",39.79999923706055,53753318.42203502,14405273600.0,Consumer Cyclical
ZBH,"Zimmer Biomet Holdings, Inc. Common Stock",87.76000213623047,200269278.12724763,17735745536.0,Healthcare
ZETA,Zeta Global Holdings Corp. Class A Common Stock,32.560001373291016,163093898.90125713,7665955328.0,Technology
ZIM,ZIM Integrated Shipping Services Ltd. Ordinary Shares,29.599899291992188,50560202.52594833,3501698816.0,Industrials
ZTS,Zoetis Inc. Class A Common Stock,69.72000122070312,331140981.10556793,30062018560.0,Healthcare
ZWS,Zurn Elkay Water Solutions Corporation Common Stock,48.060001373291016,40451477.06896057,7599063552.0,Industrials
