ticker,name,etf,test,price,ret_5,ret_20,ret_60,ret_120,drawdown_52,off_low_52,ma20,ma50,vol_ratio,dollar_volume,volatility
AAL,"American Airlines Group, Inc. - Common Stock",N,N,12.760000228881836,-0.014671782485074947,-0.1654676088478273,-0.1481975554869125,0.1814814818085302,-0.2969696695831061,0.25343809885686497,-0.07044509783597597,-0.15259864159608327,0.5756402411134712,790412310.2328401,0.46625319749236904
AAOI,"Applied Optoelectronics, Inc. - Common Stock",N,N,112.61499786376953,0.08922524933339648,-0.16165416266870802,-0.333836167815446,0.21575084964837488,-0.495226379278907,4.778091287135437,-0.053331310872599014,-0.03251304562589963,0.5305823532314563,1116248553.7754464,1.3361800905882104
AAON,"AAON, Inc. - Common Stock",N,N,78.30999755859375,0.04061778598302235,-0.08591106300524587,-0.3835163930285942,-0.0010799637384437677,-0.4707239665289469,0.069043390718732,-0.01958898694163047,-0.16400503235960262,0.8842651080959673,86674573.66014099,0.5400106963434287
AAPL,Apple Inc. - Common Stock,N,N,315.6600036621094,-0.029126814131216316,0.03525630471577701,0.08519295122460946,0.26519689541039626,-0.07100603567155361,0.39700185194589377,0.005044980283217537,-0.0021013555476174783,0.658824521134387,11757756385.6441,0.31529574624512663
ABCL,AbCellera Biologics Inc. - Common Shares,N,N,11.210000038146973,-0.006205646851179525,0.14856555074397337,1.1393130778238314,2.184659119002706,-0.10319999694824222,3.0323741559403317,-0.020083465583856985,0.3097630653928338,0.4789647403829978,78556501.12446542,1.1078635131411807
ABEO,Abeona Therapeutics Inc. - Common Stock,N,N,5.849999904632568,-0.021739149502721822,-0.20945948253503388,0.057866127067526696,0.2857142108575921,-0.21581771116375492,0.40287764930491554,-0.038856497719313654,-0.09056992602088632,0.5784931248535857,8963636.900583839,0.5606747935154203
ABNB,"Airbnb, Inc. - Class A Common Stock",N,N,169.58999633789062,-0.0709688129557231,-0.08319818220947894,0.28205320458797223,0.2932966523523646,-0.10976379875123032,0.5204410520520466,-0.07667683696355143,0.034144617820401235,0.9968012077342544,847468840.4242325,0.4894247981181736
ABSI,Absci Corporation - Common Stock,N,N,8.875,0.0039592586886849634,-0.05685439490833177,0.30514702221514134,2.1031469669696055,-0.23623062931097527,2.8586957321725874,-0.029816079643739335,-0.030817279664651975,0.597069614751847,25312068.94941368,1.124380626319977
ABTC,American Bitcoin Corp. - Class A Common Stock,N,N,8.630000114440918,0.1193255605372292,0.24710982937774406,-0.32866585595073505,-0.4414239339170972,-0.938202645960458,0.6628131058369922,0.07605986080481264,0.22613095484342893,1.1136994208895263,15074936.959596206,1.202798594745587
ABUS,Arbutus Biopharma Corporation - Common Stock,N,N,5.159999847412109,0.013752395427459652,0.1049250028079276,0.2112675047359105,0.21411761115579053,-0.011494242373779495,0.4059944796030637,0.03138114138775028,0.08080932244194194,1.1800224772618906,23749554.76552,0.40694997611708367
ACAD,ACADIA Pharmaceuticals Inc. - Common Stock,N,N,27.600000381469727,-0.04465209537667658,-0.06154367478181577,0.30867710677010174,0.35826775570768454,-0.0971540511286737,0.375872438497751,-0.04899730011456083,0.008049804568099894,0.7312739083686061,39441476.84892044,0.36163998288487736
ACB,Aurora Cannabis Inc. - Common Shares,N,N,3.8361001014709473,-0.05281483436797185,0.10074611677010337,0.26187504921304616,0.10869943906861845,-0.38425359715465224,0.4868605484144979,-0.01469316495707318,0.19154930724399155,0.7083981372873527,5827707.834581852,0.5730398708422486
ACDC,ProFrac Holding Corp. - Class A Common Stock,N,N,5.619999885559082,0.12625253373503598,0.06641364438317043,-0.2556291730355478,-0.14848485352031904,-0.3027295790356366,0.7617554184171249,0.1137534445720274,0.1640430521097549,0.6909610767093113,6996224.56719985,0.8880140191183475
ACGL,Arch Capital Group Ltd. - Common Stock,N,N,94.80000305175781,-0.03863703006806185,-0.03521269091441315,0.03425702884786652,0.020781740584656205,-0.1096919603394737,0.11898018987033998,-0.03821274641388017,-0.051649077036201696,1.5571014306838997,229166009.1579651,0.23375119022818758
ACHC,"Acadia Healthcare Company, Inc. - Common Stock",N,N,27.387500762939453,-0.030530946444621176,-0.11937297662357227,0.11331302187984704,0.18049568371951397,-0.23090423213926847,1.3448202095339994,-0.04785078723631009,-0.10510499971338805,0.4752557909766533,42523886.01490231,0.6289942959007675
ACHV,"Achieve Life Sciences, Inc.  - Common Shares",N,N,7.760000228881836,-0.059393911650686526,0.14623341960775527,0.4057971477708857,0.9207921539985746,-0.09026958126540852,1.9283018677800783,-0.022793080141151445,0.11022092776334058,0.7169649966144132,11811559.352228642,0.6142416183326782
ACIC,American Coastal Insurance Corporation - Common Stock,N,N,9.239999771118164,-0.012820501064172207,-0.059063130522473695,-0.1157894794480443,-0.18012427721305746,-0.24609873660926118,0.006535889318931121,-0.023720241641896678,-0.0950403708616232,0.7224579709062103,2290964.4122009277,0.34707748493455176
ACIW,"ACI Worldwide, Inc. - Common Stock",N,N,51.17499923706055,-0.0010735956601061192,-0.020386722955356262,0.13118915425280964,0.30782003169328,-0.1496344470330745,0.3302572813415994,-0.026577723952963983,-0.06383143597917496,0.6781428578561413,39616171.100098416,0.3573246276232552
ACLS,"Axcelis Technologies, Inc. - Common Stock",N,N,120.33999633789062,0.09310564393644327,-0.1109633880373394,-0.3318898534302287,0.4035455952436142,-0.37192070717954673,0.6235832687342957,-0.034057641106918,-0.09619508967269264,0.6477917375501544,36065904.371125795,0.8145397225521419
ACMR,"ACM Research, Inc. - Class A Common Stock",N,N,77.08999633789062,0.10065670088819711,-0.035410434132796875,-0.17945717038862574,0.6542918210759574,-0.39246594129797474,1.7620923238750437,-0.005389830067357049,-0.08722137880063818,0.6230218496584868,64185028.78713226,1.0423926598650282
ACNB,ACNB Corporation - Common Stock,N,N,64.9000015258789,0.014379524698733936,0.014004139423448914,0.13603731442896572,0.46717111002490186,-0.0159210837141861,0.5868149521772419,0.008662485447835433,0.035202134390930784,0.9717553418912772,4771050.555024338,0.22250949496618358
ACRS,"Aclaris Therapeutics, Inc. - Common Stock",N,N,5.945000171661377,-0.012458440116738023,0.004222989027912627,0.3761573924602555,0.6243169487008566,-0.09028304353891836,2.2845305854164226,-0.02911033123683071,0.025866709688073364,0.7823983382396323,9738495.935548712,0.5121567502556514
ACT,"Enact Holdings, Inc. - Common Stock",N,N,49.040000915527344,0.012595511181245467,0.00321483437391179,0.1619408864109897,0.2260493653137361,-0.01522955482898658,0.43371294919996495,-0.0038373774461677446,0.03175843617332186,0.8597964796970204,15291761.791065598,0.1700957577881527
ADAM,"Adamas Trust, Inc. - Common Stock",N,N,9.654999732971191,0.004682630374776231,-0.05620721749704394,0.06935275856860534,0.30320955225217805,-0.05620721749704394,0.6123056621640279,-0.022303255715350967,0.022461299136693702,0.6479738982562453,6908763.735466719,0.2610032657951484
ADBE,Adobe Inc. - Common Stock,N,N,256.57000732421875,-0.10315289650851711,-0.027075136939116118,0.2575727965458685,0.04296750944804373,-0.3017743066170393,0.3265601699302534,-0.060098772298721626,0.022430787061776147,0.768811248717592,1141730540.8854766,0.4791794654337352
ADEA,Adeia Inc.  - Common Stock,N,N,27.325000762939453,0.12125563487666291,-0.012368343768398127,-0.14231992105078517,0.18072356083406915,-0.18441257053187665,1.3512050808797729,0.017432500491337155,-0.0033376328074238293,0.5804406567062694,21749935.020072173,0.6158659336925093
ADI,"Analog Devices, Inc. - Common Stock",N,N,365.5950012207031,0.031239457718148955,-0.048250995458864465,-0.1222650684222415,0.1915919075549275,-0.1768230367187198,0.6437279193578607,-0.011287758686417404,-0.02600248051200793,0.6964666327153537,1294875315.0797973,0.3913664537006122
ADMA,ADMA Biologics Inc - Common Stock,N,N,9.454999923706055,0.013397642124561626,-0.045431582170285534,0.15164432153158458,-0.36415601906707307,-0.5360647540208043,0.24407895294087756,-0.011681096015442205,0.029552669735725123,0.5617301773888621,16270616.395441532,0.3730035042134029
ADP,"Automatic Data Processing, Inc. - Common Stock",N,N,266.010009765625,-0.06165995650957001,-0.01873911483599655,0.17594271637196313,0.28686479381722596,-0.0826346143301585,0.4197162103813401,-0.04250950234746276,0.008737805164223289,0.6665854613463011,540412464.0026795,0.3071751774559392
ADPT,Adaptive Biotechnologies Corporation - Common Stock,N,N,23.989999771118164,-0.014379637603762041,-0.05513980512741001,0.36306813926982584,0.8064759227032587,-0.09266265935901108,0.9331184581860299,-0.043060300352155134,0.017318574441735235,0.5442255440269513,42259741.85851669,0.5610125937150225
ADSK,"Autodesk, Inc. - Common Stock",N,N,209.0,-0.15620332698151107,-0.1692833457523143,0.05326819389390036,-0.15888601258199186,-0.35729881475166725,0.11336031664669499,-0.1503926863608237,-0.09628890213297303,0.9735081416752448,493678730.80394286,0.4537131314989583
ADTN,"ADTRAN Holdings, Inc. - Common Stock",N,N,7.414999961853027,-0.007362761697910614,-0.04445879598621105,-0.5140891316751732,-0.36678053478244055,-0.6177834996053067,0.044366205838246575,-0.05036339944220336,-0.2209579694314503,0.6781311894510449,12817748.930175733,0.6192859918990682
ADUR,Aduro Clean Technologies Inc. - Common Stock,N,N,13.420000076293945,0.005996995711468278,-0.14467811120450647,-0.054929559397758676,0.15193137473999063,-0.22829209043662602,0.4602829911918469,-0.09831522355488687,-0.09160444687319791,0.7923971106612783,5835987.918784142,0.649929429421362
ADUS,Addus HomeCare Corporation - Common Stock,N,N,118.95999908447266,0.038498436623543686,0.01770895462086508,0.27530017840089593,0.1714425948745797,-0.03087577120592544,0.34433271506698104,0.0058256001915157896,0.03703728878770174,0.7816883391591207,21629823.53283882,0.23973252208782894
ADV,Advantage Solutions Inc.  - Class A Common Stock,N,N,31.010000228881836,-0.04964758768630262,0.027161301103627578,-0.2089285809861673,0.5200980788604526,-0.36714285247179923,1.4709163153459723,-0.0527754684640368,-0.13332196652642536,0.4243487019272783,2324871.6126087187,0.9935885509282708
ADVB,Advanced Biomed Inc. - Common Stock,N,N,8.829999923706055,-0.15421453270002294,0.13642212939273968,0.962222205268012,0.9887386959255662,-0.5347734385316188,1.3800538633191928,-0.011613265988527521,0.06194902968188121,0.11515783971427719,2218402.6491309167,2.667511221371254
AEBI,Aebi Schmidt Holding AG - Common Stock,N,N,12.289999961853027,0.019916993138531014,-0.0431399357648139,-0.0020430743859354283,-0.03892843532585233,-0.2094709036870238,0.3355151827682774,-0.01580176329052263,-0.02303928122904264,1.1785247541201014,6261954.9749227045,0.4420268793283011
AEHL,Antelope Enterprise Holdings Limited - Class A Ordinary Shares,N,N,8.045000076293945,0.6090000152587891,0.4898148026322471,-0.5165264199890144,-0.7007068330554029,-0.9806461696063182,1.2725989160979418,0.3515897523394431,-0.10641888736617411,4.8179588828351365,26693763.013981532,2.5339759422093033
AEHR,Aehr Test Systems - Common Stock,N,N,94.29650115966797,0.23118560736916471,-0.19528502377463353,-0.13066746475088942,1.5969842355619073,-0.3524036758161765,3.8606444852503445,-0.061369811798838825,0.038584015334649946,1.0370292002632109,266046687.6364418,1.4842782373041739
AEIS,"Advanced Energy Industries, Inc. - Common Stock",N,N,291.8949890136719,0.09323965922723554,-0.10865056217606417,-0.17601049213499076,-0.08617031267719821,-0.24922923825552823,0.8888907869223825,-0.005974639256906555,-0.030623091276798187,0.6101434523691049,137232813.02155304,0.7845732853498586
AEP,"American Electric Power Company, Inc. - Common Stock",N,N,125.83000183105469,0.023340946388673567,0.018206829314308948,-0.018896462485711307,-0.0249003869822515,-0.08581731123658076,0.21884174638974607,0.013136249972257152,-0.018578733337080933,0.6628603450864512,372618907.46463394,0.19042364969379666
AEVA,"Aeva Technologies, Inc. - Common Stock",N,N,16.350000381469727,0.10622467367141963,-0.3204488468666169,-0.3431096511689925,0.1198630105668419,-0.44178901091115386,0.7791078485324363,-0.09710907629460852,-0.14962446278764086,0.7636887660426191,26628048.146355342,1.3326562937727513
AFRM,"Affirm Holdings, Inc. - Class A Common Stock",N,N,69.76000213623047,-0.00257363881745043,-0.09054167953897985,0.05425425520065996,0.5704638678936447,-0.24321976670341217,0.6402540357040605,-0.07052656111047384,-0.09046695652132908,1.7891405621743808,401839042.27102435,0.5419413407204335
AFYA,Afya Limited - Class A Common Shares,N,N,14.25,-0.022633739741623637,0.04933726657276005,0.010638270529935934,0.04349050326520976,-0.10151322140788432,0.13071237520301016,0.0022506626545717445,0.001813811556625966,1.6323134900479557,2486444.8042766573,0.2497393300629965
AGEN,Agenus Inc. - Common Stock,N,N,7.4710001945495605,-0.0649561441096227,0.09385069956130976,1.2639394856068509,0.9869681418879694,-0.10633965294695069,1.697112002163498,-0.03326192237125236,0.1576090104562904,0.16765344068595686,7581003.020570111,1.9365667599606078
AGIO,"Agios Pharmaceuticals, Inc. - Common Stock",N,N,34.11000061035156,-0.0029230773691099055,0.04343842286008481,0.1578411972296958,0.21258448730867263,-0.2501648856500721,0.526857671323705,0.01044213406011707,-0.03860245119855377,0.6309194375671064,28427455.753199004,0.5794456402875996
AGMB,AgomAb Therapeutics NV - ADRs representing one common share.,N,N,14.9399995803833,0.10339731332899316,0.00606055195970745,0.554630605007634,0.07870030100301739,-0.1616161708059629,0.554630605007634,0.07451090590613552,0.12032632038510016,1.7149008703375663,2263955.397412777,1.0877630039906354
AGNC,AGNC Investment Corp. - Common Stock,N,N,10.69890022277832,0.009330173372586348,-0.006611896632333525,0.07263232492127325,0.11159387433905477,-0.04302739029470304,0.26034039698226796,-0.005560571360104349,-0.0020066688269999577,0.9637398857382612,162267938.61391306,0.1965806318417927
AGNT,"AGNT, Inc. - Common Stock",N,N,3.8350000381469727,-0.021683682778734448,-0.09178223627977733,-0.16239958916579977,-0.3682590834508107,-0.6654912425063279,0.012556140925044978,-0.10153102292940697,-0.11890279278385607,0.884658533850681,5065465.656495142,0.6442238751052192
AGPU,Axe Compute Inc. - Common Stock,N,N,10.880000114440918,0.15132278667072097,0.358302097821503,0.5302390872196847,6.7163123205678215,-0.39555554919772673,6.7163123205678215,0.08447546308635201,0.2596091636053881,0.438339744156806,4035990.4002129077,1.3833273858626796
AGYS,"Agilysys, Inc. - Common Stock",N,N,107.33999633789062,-0.04578186170930321,0.0072252664471368355,0.18424533385587605,0.5892803506494078,-0.239370747931543,0.7260009440133819,-0.05357689037948821,-0.020148427559845694,0.6569606637983999,28942382.796218872,0.5065826249892239
AHCO,AdaptHealth Corp.  - Common Stock,N,N,5.889999866485596,0.06896544860595677,0.042477834879143694,-0.4202755949857756,-0.4374403327348655,-0.5597907461802956,0.12835251019604854,0.014729926564531093,-0.2763772356863302,0.9059501219822134,15048368.815937042,0.9499669519090869
AIP,"Arteris, Inc.  - Common Stock",N,N,23.3439998626709,0.12555448988861517,-0.14958108510554624,-0.4306341496909537,0.5012218377064666,-0.5195719327153037,1.6956120408762878,-0.019682775562125943,-0.19649963152758343,0.8797946201196617,15439049.95891266,0.8945062996991442
AIRJ,AirJoule Technologies Corporation - Class A Common Stock,N,N,4.539999961853027,0.041284363033615934,-0.2906250165309755,0.08353219566893033,0.3969230651855469,-0.31107741172507086,0.8087649319134478,-0.09741552224288197,-0.05859910800345558,0.5329051626463812,6522326.606241226,1.051428818201596
AIRO,"AIRO Group Holdings, Inc. - Common Stock",N,N,7.260000228881836,-0.005479446686014522,-0.1387900396131182,-0.09589035239039123,-0.2725450338793294,-0.6405940616496602,0.24102570038209747,-0.11154619879979244,-0.03607416522684215,0.7517346914172186,5422897.477905559,0.908004310866203
AKAM,"Akamai Technologies, Inc. - Common Stock",N,N,108.57499694824219,0.019866596674412484,-0.06938374344517484,-0.1867041427097963,-0.002618075147082788,-0.32620704133366774,0.5086146325784575,-0.02571984933566074,-0.06168145488136112,0.7266132243401461,306178798.56283796,0.5137309937152135
AKAN,Akanda Corp. - Common Shares,N,N,3.1958999633789062,-0.13624326427249311,-0.3865835048025098,-0.8276213697108115,-0.0961913424460985,-0.9702520007976488,0.19241986604978512,-0.24772173486601934,-0.5201292294449223,2.4635901299619323,12514762.741471052,1.4097544667489297
AKTS,"Aktis Oncology, Inc. - Common stock",N,N,25.700000762939453,-0.011158099681900624,0.03754542947068429,0.17191064319656668,0.4059080852067276,-0.20260623245555842,0.6919026644430588,0.008021049773397904,0.011269590789882988,0.6018257553502017,6902343.95804615,0.7096629310813451
ALAB,"Astera Labs, Inc. - Common Stock",N,N,296.44000244140625,0.05905469101865646,-0.049841303502356604,-0.19259156374932251,1.346367033671513,-0.38627798189731744,1.956417795610895,0.0006616293460546263,-0.08843647310437819,0.6541885327096625,1009451544.5859649,1.0591536186776331
ALGM,"Allegro MicroSystems, Inc. - Common Stock",N,N,36.775001525878906,0.03679166225723374,-0.13511286147777535,-0.27040963363769177,0.16671957461285114,-0.4717753508321376,0.612938717388311,-0.036363959866199336,-0.17386466234459708,0.6764826243440443,74264095.21426353,0.8371032979182109
ALGN,"Align Technology, Inc. - Common Stock",N,N,151.5500030517578,-0.022005701564055347,-0.12378586280658843,-0.13320746839369213,-0.1209906627647499,-0.2326970418374824,0.2135650735499186,-0.0666321599327162,-0.11090798182221218,0.7902110853834188,127987353.52588959,0.41385844360875923
ALGT,Allegiant Travel Company - Common Stock,N,N,74.84500122070312,0.0336279165231963,-0.15276200675366403,-0.1828255899848762,-0.030379597700922245,-0.37189494024409453,0.2897639633831126,-0.06028807230750277,-0.20468611983112295,0.7450250155978317,40501738.02864685,0.5230347616666718
ALHC,"Alignment Healthcare, Inc. - Common Stock",N,N,13.0600004196167,-0.03899924407802646,-0.010606014520558649,-0.33873415596877476,-0.28202308762090933,-0.46824101369679816,0.021909287362747998,-0.028219552378838664,-0.22371414498181375,0.7810423679178976,53464841.18100338,0.7065279985413868
ALKS,Alkermes plc - Ordinary Shares,N,N,45.2599983215332,-0.04110174597559546,-0.08026825516007385,0.022131878257741322,0.6639704798538411,-0.18036947988033925,0.7066364080051679,-0.06084001213401746,-0.09897358856702498,0.6382800002361069,58978418.11250572,0.3530440224358666
ALKT,"Alkami Technology, Inc. - Common Stock",N,N,19.010000228881836,-0.022119356654463518,-0.04135147241447734,0.25148128729587116,0.09190122891974384,-0.28345270498048036,0.30294722618696834,-0.0532161055898942,0.003982144575080948,0.698365389181147,23593280.373778343,0.41808000226892267
ALM,Almonty Industries Inc. - Common Shares,N,N,18.885000228881836,0.0708817682889964,0.42099324929183046,0.06815610310556908,0.06214845329372176,-0.1936379091647613,3.262979900828631,0.0898231229291131,0.22955623256629365,0.8878657160975708,109972521.7643961,0.8832072669119696
ALMS,Alumis Inc. - Common Stock,N,N,10.350000381469727,0.09292503586349055,-0.5920378384275027,-0.5714285488630741,-0.5928402694568882,-0.6584158203934728,1.6202532295003333,-0.4797556889109711,-0.5805062942489562,2.807650881593809,41543619.577451035,1.345981953419013
ALMU,"Aeluma, Inc. - Common Stock",N,N,13.364999771118164,0.07263240210276778,-0.26525566911916676,-0.4696428822822304,-0.0634198078215994,-0.5755795532467356,0.24557319117393495,-0.08663786781292893,-0.16349549702376698,0.7231750175472524,6303903.835386467,0.8174609964732764
ALNT,Allient Inc. - Common Stock,N,N,96.43499755859375,0.11550030032192615,-0.15354494249932416,0.05582224128950042,0.5767941484137253,-0.15584104556627698,1.2970312791474985,-0.01988490770134199,0.020578612201288315,0.6573744342450415,20506404.896954346,0.6988240454732694
ALNY,"Alnylam Pharmaceuticals, Inc. - Common Stock",N,N,256.4150085449219,0.04187155300074741,0.15919987379077383,-0.09345942014552844,-0.18546690442200497,-0.47800372967770166,0.24788307317721214,0.06151042699686271,-0.0040507265078337795,0.8916453666097112,402968361.2119843,0.7322942826539955
ALOY,REalloys Inc. - Common Stock,N,N,10.1850004196167,0.020541171020378002,-0.20117643767712168,-0.3308147016475068,-0.2651514666733823,-0.6064528303750144,0.7204392378982436,-0.11909700850258553,-0.07042326321797565,0.5033428073315301,25222419.03740158,1.263224692439043
ALRM,"Alarm.com Holdings, Inc. - Common Stock",N,N,55.849998474121094,0.004315732082996071,-0.0092247732413836,0.19721321859204077,0.21254878004643385,-0.030381945249291165,0.32565860570056837,-0.011723093782438299,0.026828040992241897,0.709697152262023,19142212.392407607,0.28600435475143865
ALRS,Alerus Financial Corporation - Common Stock,N,N,33.0,0.01195950267859347,-0.0131578542098848,0.09698800887100845,0.4427789810546232,-0.032825292114477156,0.6267250130667317,-0.0064281154425115394,0.009606553963109832,0.5059326665962636,4300352.375598145,0.18128416150023158
ALT,"Altimmune, Inc. - Common Stock",N,N,3.3304998874664307,0.07783170873057221,0.11016662915547681,0.27605364801907495,-0.026169645272201558,-0.4610841456347139,0.2859073350721013,0.06524013197371392,0.0965655688863225,0.724245166506406,12586679.291500187,0.47792330565048774
ALTO,"Alto Ingredients, Inc. - Common Stock",N,N,4.110000133514404,0.022388097764902914,-0.014388475223450214,-0.2789473208694231,-0.10457516407768686,-0.3138563788714164,3.4673913684312687,-0.003032108881152795,-0.1302323320790686,0.5682028030209436,5923545.367316365,0.718763227775175
ALVO,Alvotech - Ordinary Shares,N,N,5.184999942779541,-0.010496150904771295,0.36447368627439913,0.24340523930821334,0.36447368627439913,-0.42260576758467205,0.7283333142598469,0.09665818946081584,0.29878261247044113,0.8050143795860827,4799365.183471227,0.7732464564151621
AMAL,Amalgamated Financial Corp. - Common Stock,N,N,47.68000030517578,0.007182090230080096,-0.04659064376241295,0.07153150158037502,0.30027621059166876,-0.06656228277211684,0.9199165001649336,-0.028297172896405987,-0.014143048068313124,1.0463424958821788,8205145.977508163,0.2248541253436481
AMAT,"Applied Materials, Inc. - Common Stock",N,N,471.6000061035156,0.06733054110907988,-0.10179729017325989,-0.16773155712520293,0.35259445997277195,-0.3470203488065009,1.9017773196875178,-0.025880526633187295,-0.10300336678772759,0.6237077063847649,3466122816.4456205,0.7965861115260221
AMBA,"Ambarella, Inc. - Ordinary Shares",N,N,65.0,-0.04172197780715703,-0.21582820028205474,-0.04101503141581664,0.20459601747295397,-0.31944300548452087,0.3360739560393202,-0.09279328540443432,-0.12154327324938285,1.019438584608173,91216701.88502502,0.943656996455522
AMCX,AMC Global Media Inc. - Class A Common Stock,N,N,11.670000076293945,-0.05582521031952792,-0.010178107374668843,0.15773811156967787,0.731454076052275,-0.09182881479734384,0.789877317551096,-0.053028757349322664,0.03650414066856644,0.7152538543422451,5995589.905393695,0.538010163824157
AMD,"Advanced Micro Devices, Inc. - Common Stock",N,N,515.6500244140625,0.12192955081172596,0.08713530201477004,0.007975481422737074,1.5852301567089673,-0.11234089918823265,2.3124560318581016,0.07634845739952212,0.03444268368075121,0.596962987631873,8233724328.702698,0.7129488800468953
AMGN,Amgen Inc. - Common Stock,N,N,391.57000732421875,-0.10624940270191874,-0.04934019693105962,0.10883545697217034,0.12903314083139694,-0.11832385024480307,0.4840043774254936,-0.08563104358033591,-0.012971282537606044,0.8813446425611261,1016261979.8301026,0.3307930043925685
AMIX,"Autonomix Medical, Inc. - Common Stock",N,N,4.527500152587891,-0.044831145314621956,-0.5035635735306435,-0.4414630912389613,-0.5302935801165582,-0.8288926564912569,0.6463636918501421,-0.19584375939758059,-0.25128284339902696,0.06474947209041258,15819008.754288292,9.192049346787964
AMKR,"Amkor Technology, Inc. - Common Stock",N,N,51.48740005493164,0.12797178631644712,-0.050052462396553254,-0.376876614292485,0.10177492274497624,-0.44861409944488484,1.091419217575274,0.008777471420023275,-0.10575785420042194,0.774242651029975,215502211.9341139,0.9616179086265643
AMLX,"Amylyx Pharmaceuticals, Inc. - Common Stock",N,N,33.869998931884766,0.001774550610966541,0.43334744539982273,1.3214529525468923,1.4561275580550106,-0.14599094649026212,2.2226449280951357,0.021118761762579874,0.36289006864685214,0.6562284077505307,129255209.06388645,1.4161506881873773
AMPG,"Amplitech Group, Inc. - Common Stock",N,N,3.5390000343322754,0.09228395799859368,-0.430112719389243,-0.5831566396065784,0.350763430883543,-0.6351546284617517,1.010795484948134,-0.06423932874485383,-0.30398765806626216,0.45178972749971247,9507666.735088825,1.2444671270720176
AMPH,"Amphastar Pharmaceuticals, Inc. - Common Stock",N,N,22.729999542236328,-0.010017402064788072,0.11312436127873071,0.1314086296464445,0.19631576538085938,-0.22687075383803634,0.3473620872249594,0.0340983831431565,0.10235989405252477,0.788335229430566,8250036.434204483,0.4163128853254675
AMPL,"Amplitude, Inc. - Class A Common Stock",N,N,12.0,-0.13232103642815252,-0.054373491189860235,0.74165460559303,0.7021276135241024,-0.16083917203197384,1.1390373822473614,-0.08769529247587426,0.09908226181475044,0.7240508074125418,23475955.975103952,0.6618667218574881
AMRX,"Amneal Pharmaceuticals, Inc. - Class A Common Stock",N,N,17.209999084472656,-0.026583778992669616,0.006432672546728746,0.06234557246711758,0.38902329359074694,-0.09895294551044598,0.7927081667300795,-0.03214020005154983,-0.030935780613042807,0.7990785309784647,29642661.49283867,0.3189387265118397
AMSC,American Superconductor Corporation - Common Stock,N,N,30.295000076293945,0.0607493222267228,-0.05711176255273409,-0.24300350500328716,0.005142690437437203,-0.5456658677618151,0.1674373481930611,0.007273187035192752,-0.05847434601051027,0.7549280404925728,17769551.350956917,0.6328787814087243
AMSF,"AMERISAFE, Inc. - Common Stock",N,N,24.809999465942383,-0.043562106586374716,-0.1145610613625766,-0.2131303861198256,-0.23348417425497148,-0.4144935738979677,0.0,-0.05478515205251977,-0.16524234485448985,0.9788705991106598,11153450.396399975,0.3522920608578913
AMZN,"Amazon.com, Inc. - Common Stock",N,N,252.89999389648438,-0.00792407142229068,-0.07114260072275114,0.060155064603428565,0.2050316852357561,-0.10956973565578676,0.27219680284644476,-0.027952628404537938,-0.00702895277620863,0.6343674642576637,8080824868.194231,0.446136689358202
ANAB,"AnaptysBio, Inc. - Common Stock",N,N,56.6150016784668,0.024149835901767336,-0.021686491732877844,0.009720028296930527,0.3121523627310214,-0.18901298297642788,3.377448561867741,-0.013542734523183775,-0.021493746885393405,0.8502024183557806,24396780.144621085,0.64284340481743
ANDE,"The Andersons, Inc. - Common Stock",N,N,71.43000030517578,0.06199818668603774,0.11435260539068515,-0.002930036317413065,0.03411010275190618,-0.11673058143682613,0.8881145944166904,0.06064994272629565,0.017686640450077284,1.261859552476318,24764757.010015488,0.413555409285863
ANGI,Angi Inc. - Class A Common Stock,N,N,4.585000038146973,-0.018201292667735403,0.02115818972639949,-0.17978534651303246,-0.3911022695358374,-0.7466850861041435,0.05889148243279019,-0.034787635887798984,-0.15021776429720113,0.9468536357357427,3680324.226756668,0.9033005869041684
ANGO,"AngioDynamics, Inc. - Common Stock",N,N,14.979999542236328,-0.05548550652524309,-0.04888891795324901,0.23801645206368027,0.44038462420187074,-0.07129570231642945,0.544329880081843,-0.04558633745099516,0.020116284440169885,0.6710880219955356,4941390.075777245,0.39127802026924485
ANIK,Anika Therapeutics Inc. - Common Stock,N,N,21.299999237060547,0.009000408394863602,0.0032972066101535358,0.4470107914855286,0.5095676651544632,-0.03313669663330898,1.5357143100427133,-0.0003754857633070374,0.14378378236869538,0.9260467242084716,2335894.763805771,0.4992830219565835
ANIP,"ANI Pharmaceuticals, Inc. - Common Stock",N,N,70.26000213623047,-0.023081146759978965,-0.057292321387405365,-0.13981388499360314,-0.052716679644626785,-0.2889383273735363,0.00042715047505281767,-0.05223751979331703,-0.09959321146208722,0.9068368620689595,25198222.09255295,0.28492632928255984
ANNX,"Annexon, Inc. - common stock",N,N,4.585000038146973,-0.062372154737465046,-0.141385785181116,-0.026539277916689308,-0.15405904546000004,-0.34123563031363413,1.1627359837983322,-0.0937391825389523,-0.14167508414250385,0.5297923854088583,12112867.063298892,0.6996900399749775
AOSL,Alpha and Omega Semiconductor Limited - Common Shares,N,N,26.020000457763672,0.10067686673280529,-0.25315728060262577,-0.4244635924644329,0.23142458548113165,-0.5120029893719329,0.4894105026022153,-0.037259018555258705,-0.17338042663862552,0.7174632254160922,17021816.98977127,0.955599825001862
AOUT,"American Outdoor Brands, Inc. - Common Stock",N,N,14.630000114440918,0.46300001144409175,0.1501572175562742,0.41901062259945343,0.80172417741772,-0.009478695936611437,1.3003144351125484,0.2511224339383473,0.15894040410518984,3.0057409854378783,4360639.293191862,1.1571104102398355
APA,APA Corporation - Common Stock,N,N,44.57619857788086,0.006234748207156748,0.09739536558408579,0.2125860962389272,0.23437335607139675,-0.002769623779542263,1.1297732080031282,0.04483685219528022,0.16676877031555803,0.684020291711149,204554327.72775537,0.4317927108098211
APC,ARKO Petroleum Corp. - Class A Common Stock,N,N,18.795000076293945,0.04474709924500164,0.051777840965612665,-0.05996078810715044,0.06191940722138045,-0.1048906487894169,0.1280597095913878,0.010590797040267219,-0.01293477474368221,0.8201001457847995,3116495.4727781294,0.3558002556938715
APEI,"American Public Education, Inc. - Common Stock",N,N,45.26499938964844,-0.012758977185197584,-0.00995192079847651,-0.13169003525430012,-0.1666973555973449,-0.25624385580519693,0.47587216423372447,-0.0035826257200870515,-0.08723910554714165,0.614927952855855,10863653.752806092,0.5070067005816266
APLD,Applied Digital Corporation - Common Stock,N,N,28.479999542236328,0.1724989077308159,-0.04075449545490195,-0.3330210999210349,0.06866791556850971,-0.4263847196985121,0.873684203921923,0.024792179487662214,-0.013478097049232862,0.7893997452113782,422264047.40415347,0.8810821673739615
APOG,"Apogee Enterprises, Inc. - Common Stock",N,N,37.881900787353516,0.0077653799835255555,-0.12573507531671757,-0.049676389898495765,0.1665354137392212,-0.22023733712792992,0.21138806983456138,-0.06462352693351359,-0.0684909732798985,0.8002284339902888,7385329.970415878,0.5037850620909226
APP,Applovin Corporation - Class A Common Stock,N,N,307.2200012207031,-0.014499227417931304,-0.03596081247164229,-0.38156489317987374,-0.3058273354804196,-0.5812159058820554,0.028902525163792214,-0.01220039323353228,-0.20502951308837192,0.6636264066663881,1488557826.512123,0.6925728486266578
APPF,"AppFolio, Inc. - Class A Common Stock",N,N,201.43499755859375,-0.10584606423077836,-0.0078071455054253835,0.2495191934091423,0.20137770476759131,-0.2936566283329577,0.4052951214241536,-0.0696423241504972,0.037456793249815545,0.8034654073301172,75815667.08923034,0.5018223365206417
APPN,Appian Corporation - Class A Common Stock,N,N,34.03499984741211,-0.15734091701583564,-0.041537554036623514,0.41753434081483753,0.35059519115038706,-0.25427256129342646,0.8181090328957537,-0.10883894929712035,0.08753654880543493,1.08136666703373,30690045.415683366,0.7125061569343385
APPS,"Digital Turbine, Inc. - Common Stock",N,N,11.449999809265137,0.14499998092651367,-0.12193252739564786,0.17315569065072833,2.5122698904174086,-0.20430857984112805,3.0602837164249355,0.02022631244903983,0.06945376744681364,0.6494702661192666,28736218.015667677,1.218670419503638
AQST,"Aquestive Therapeutics, Inc. - Common Stock",N,N,5.210000038146973,-0.0057251401300709714,0.18140594521886944,0.24940046590534326,0.2960199161359678,-0.3044058481500882,0.7661016792992144,0.07008986662838979,0.20029490696551155,0.7948217349251016,15745858.321252441,0.5423321915483074
ARCB,ArcBest Corporation - Common Stock,N,N,139.4199981689453,0.050482194745467224,0.026959368077501544,-0.19357479647249887,0.6040588863474254,-0.19441285606142222,1.3454522993516145,0.005096848974728063,-0.02868320744851105,0.5095291872874322,33982056.18608017,0.4594050690726628
ARCC,Ares Capital Corporation - Closed End Fund,N,N,19.610000610351562,-0.015067766919121373,-0.018026976233403658,0.044195947463211205,0.10017579205943794,-0.03517672822494011,0.15250507296528193,-0.014102187042417835,0.013761544311432505,0.8276202847443829,71903582.22509423,0.16816272270438398
ARCT,Arcturus Therapeutics Holdings Inc. - Common Stock,N,N,15.071000099182129,-0.07141093504273144,1.0041223586978365,1.1622669372803136,1.3009159786743871,-0.3492659672505931,1.7253163702329113,0.1524770638629065,0.6552771139135822,1.368211498291761,19863340.691930674,0.9876205867734577
ARDX,"Ardelyx, Inc. - Common Stock",N,N,3.755000114440918,-0.0013297542646331095,-0.04695429951593766,-0.3400702852935964,-0.3234234260551031,-0.530037519148086,0.012129400493597231,-0.025624365747035305,-0.17510597169230835,0.7322509567500454,13758823.55033288,0.5107418182196062
ARHS,"Arhaus, Inc. - Class A Common Stock",N,N,8.390000343322754,0.0035885990284156843,-0.14735770190855035,0.17015345244729851,0.1783708536764883,-0.2583326322065228,0.4591304944909138,-0.07784459382509168,-0.013277778012251829,0.6172868303613972,10043070.378638793,0.6537413721342832
ARKO,ARKO Corp. - Common Stock,N,N,4.574999809265137,0.016666624281141518,0.04407934048410311,-0.46646703256983024,-0.07329935726210757,-0.4670845576624143,0.2251408447107257,-0.015501318567438416,-0.2830906635649879,0.8994276509243243,4754882.3370370865,0.720389304599255
AROW,Arrow Financial Corporation - Common Stock,N,N,39.18519973754883,0.04801284774552306,0.006038484467326688,-0.00929475303075511,0.253708155782453,-0.07083502747333514,0.5561481407418853,0.014457325304158886,-0.009963951354064693,0.7219306503372971,3608501.58180809,0.21887056014104245
ARQQ,Arqit Quantum Inc. - Ordinary Shares,N,N,22.15999984741211,0.17248678807832407,-0.09143089782867242,0.6294117077824171,0.6258253603339077,-0.6197013956868848,0.8811545288399458,0.030122711089660248,0.07660093138156454,0.31419040859484054,5464307.489213372,1.5036105094184586
ARQT,"Arcutis Biotherapeutics, Inc. - Common stock",N,N,24.25,0.021052631578947434,-0.07548606850137662,-0.005332205301130655,0.09037770906329379,-0.22275642926249306,0.4494919703242539,-0.027159310679601756,-0.0768164874712498,1.0353356227946091,42282345.10731812,0.3813857152889807
ARRY,"Array Technologies, Inc. - Common Stock",N,N,4.664999961853027,0.06995408692631755,-0.1280373747645115,-0.3996139030496161,-0.3199708642770638,-0.609949837209549,0.06995408692631755,-0.012228067339976945,-0.14629237741216505,0.7593393347956374,26126952.59935131,0.6083080466316376
ARTV,"Artiva Biotherapeutics, Inc. - Common Stock",N,N,10.979999542236328,-0.02659576221956539,-0.06791173250163429,0.2857142378550859,0.8931033070957806,-0.1799851186925645,3.815789333340862,-0.03525539846381365,0.03386905225825432,0.5420288069291448,2954673.4020544053,0.6781967747220954
ARVN,"Arvinas, Inc. - Common Stock",N,N,9.039999961853027,-0.02586204504569778,0.005561756619337999,0.1926121441744213,-0.1698806540997091,-0.34634851686748536,0.29512893082384006,-0.02249135884760678,0.03791130535923437,0.6586023777043595,5111081.805018425,0.44273204845567565
ARWR,"Arrowhead Pharmaceuticals, Inc. - Common Stock",N,N,85.62000274658203,0.0348078916747665,-0.040564715417336195,0.14895338974157624,0.5097867065567456,-0.04431291163731799,2.0876308748643084,-0.011521823219006744,0.0164336797467195,0.555450538143558,93179818.60171318,0.5572474839418854
ASLE,AerSale Corporation - Common Stock,N,N,5.690000057220459,0.04403674428525961,-0.006980796111671794,-0.09250397535413524,-0.09825671809530534,-0.3548752546375389,0.04403674428525961,0.0051671685821919056,-0.048033323761913715,0.9356720654311117,2278820.531600952,0.3633754260205629
ASMB,"Assembly Biosciences, Inc. - Common Stock",N,N,35.915000915527344,0.020892569754850987,0.31701504630163924,0.5642422625276091,0.3050508836527057,-0.06714283336292615,0.7476886739127973,0.059119316978261116,0.21608492424687253,0.853497237911756,10239379.557383727,0.609772579059375
ASML,ASML Holding N.V. - New York Registry Shares,N,N,1746.4549560546875,0.048833696080156974,-0.02941293594710792,-0.061622404221196136,0.2932201336882687,-0.12100205929526864,1.216453999617189,-0.002905319347753954,-0.0004660313412050421,0.6206210593016137,1936675976.9388428,0.49551814687356055
ASND,Ascendis Pharma A/S - Ordinary Share,N,N,268.3299865722656,0.03104701852935876,0.054051847633889816,0.2305328330573979,0.17993923860515837,-0.03192873344890923,0.4141982650144542,0.04463022659164628,0.0406493826498322,0.7898884597072552,135527048.58239898,0.36056025560924604
ASO,"Academy Sports and Outdoors, Inc. - Common Stock",N,N,49.005001068115234,0.14470916832741,-0.011198553062891636,-0.03639301440148479,-0.02871102914524626,-0.19442857232440158,0.18407869815160516,0.07796287686159875,0.046697170143486844,1.1321268354052574,82378055.6584154,0.4342369433989013
ASPI,ASP Isotopes Inc. - Common Stock,N,N,4.150000095367432,0.09788363142278689,-0.03935186794878465,-0.366412217630511,-0.10656617601542961,-0.7046263317416814,0.1723164237536028,0.02818211849028529,-0.035892652150672055,0.7270482215624502,11900015.226167345,0.7797331398171694
ASST,"Strive, Inc. - Class A Common Stock",N,N,27.670000076293945,0.15291666984558105,1.1925515314747668,0.8264026912878732,1.7573493270585017,-0.8447250249710687,2.861828363379066,0.37944789142017865,0.8034870686970335,1.9712302206801329,196061699.25058308,0.9363479955450144
ASTE,"Astec Industries, Inc. - Common Stock",N,N,42.7400016784668,0.03788250028485174,-0.004657590932427014,-0.1655453375810647,-0.18603141571826254,-0.33901042783897206,0.05963842836175237,-0.0034972787017869544,-0.131227694831192,0.7929599223450713,8817046.351156235,0.47452917694379076
ASTH,Astrana Health Inc. - Common Stock,N,N,37.439998626708984,-0.03005181070641283,0.08584684233672335,-0.03055412578485517,0.5287872183185223,-0.2483437543773095,1.0616739505118646,-0.02577384079938938,-0.07740078927581873,0.47575327857036465,13127789.252325822,0.504749970694361
ASTL,Algoma Steel Group Inc. - Common Shares,N,N,4.440000057220459,0.0750605167529168,0.0045248824844552615,-0.1137724841558726,0.22651939159791823,-0.23448277392937322,0.39184952275178375,0.023100418485242802,0.07732998477707809,0.7418026658900027,5722703.011363268,0.7799074694112195
ASYS,"Amtech Systems, Inc. - Common Stock",N,N,15.460000038146973,0.0647382610708318,0.003896131240451739,-0.35556481093595327,0.3978299684985691,-0.35556481093595327,1.1929077475011365,0.016737365237487145,-0.05187111096233621,0.7693069477639498,6625169.904422998,0.84065360880744
ATAI,AtaiBeckley Inc. - Common Stock,N,N,7.320000171661377,-0.0027247929851148545,0.015256606509349568,0.8673469462229875,1.0561798565496998,-0.016129016752173708,1.185074740312341,-0.0016366433823654658,0.07525304831201018,1.2311278477039267,93465533.19752237,0.8903660592131949
ATEC,"Alphatec Holdings, Inc. - Common Stock",N,N,9.1899995803833,-0.002171602354053448,-0.019210278268326886,0.10990336675839063,-0.2683121597647401,-0.5947972020844259,0.3147353192134956,-0.025450716047107913,-0.007495125831659011,0.5506036138078831,13623669.175008822,0.5407464735928494
ATEX,Anterix Inc. - Common Stock,N,N,86.2300033569336,-0.03707425551850996,-0.07219710467194096,0.045212161902225434,1.2626607708190778,-0.20308671597669437,3.7932187022798383,-0.040492237337916626,-0.10081635359113694,0.5711284505409455,27739631.564782333,0.7010788705236749
ATLC,Atlanticus Holdings Corporation - Common Stock,N,N,93.19000244140625,0.0442627148385486,-0.003315481910093565,0.008768188050128023,0.7576386578050383,-0.1663833824294888,0.943077652634424,-0.01909390813437739,-0.053808702869336145,0.7386860284993637,12506077.57282257,0.5020156886040509
ATNI,"ATN International, Inc. - Common Stock",N,N,29.8700008392334,-0.008629217682546653,-0.045381912264159885,0.06401626984250997,0.16063285890408063,-0.06976019086078866,1.1880365178458843,-0.03143692708164947,0.09082280572498647,0.8361655084771629,2337046.141293335,0.6673899581969539
ATRC,"AtriCure, Inc. - Common Stock",N,N,52.505001068115234,0.073282972881338,0.2224679891838457,0.8237234942148839,0.8199306888688656,-0.022799152885868534,1.0303557551772786,0.0826052455106876,0.2801820155368602,0.9082018502369354,37191271.69465637,0.4870440199918461
ATRO,Astronics Corporation - Common Stock,N,N,75.98999786376953,0.04110152195920436,0.014417222652018502,-0.008172190474066143,0.3749526332333104,-0.18683787752441527,1.486692850586504,-0.045477691113792074,0.014631278287877914,0.686462411061951,54100153.69217415,0.6275302714050448
AUGO,Aura Minerals Inc. - Common Shares,N,N,87.78269958496094,0.11054085164680849,0.16480251355950193,0.4549987923331491,0.2374619082537155,-0.17978755900297227,1.9883573098417315,0.04912629493539211,0.2733954154788363,0.8516955052662223,76048474.16428451,0.8094783403555318
AUPH,Aurinia Pharmaceuticals Inc - Common Shares,N,N,15.970000267028809,-0.004984359740467514,0.039037110340739645,0.009481705126306972,0.13423297965652825,-0.14232011024515578,0.4452488679972364,-0.008367092649677055,0.010331076550887497,0.5022004922532287,15375903.889543582,0.42809305786941354
AUR,"Aurora Innovation, Inc.  - Class A Common Stock",N,N,6.380000114440918,0.16849818129418503,-0.08201434682981501,0.04078303349637058,0.5714286217632476,-0.24047614235996706,0.6923077312252324,0.032320713376315924,0.007055719211715772,0.9587421567140525,182333191.60749364,0.649631774376785
AURA,"Aura Biosciences, Inc. - Common Stock",N,N,7.289999961853027,-0.018842512748334816,-0.09328358253215008,0.1372855125411896,0.10790274261083566,-0.1808988455825482,0.46680085907446567,-0.04412247103974698,-0.008082298343318417,0.7526680484739413,6263834.266947413,0.568211124453428
AVAH,Aveanna Healthcare Holdings Inc. - Common Stock,N,N,13.53499984741211,0.005572051192613614,0.5122905179730317,0.9090267357006694,0.9587554480889249,-0.02062227595553756,1.1760450649460665,0.041734807560317444,0.24376280053612587,0.9429337903773799,50428546.34466305,0.636640119480965
AVAV,"AeroVironment, Inc. - Common Stock",N,N,146.89500427246094,0.018901339655441607,-0.25061217696800975,-0.1388497907395485,-0.31945795636431806,-0.6415708730806626,0.07473669991269838,-0.07967299246844428,-0.07806926125638047,0.789851654313985,195258955.04997712,0.7956954352389121
AVBP,"ArriVent BioPharma, Inc. - Common Stock",N,N,29.92009925842285,-0.00762521933718785,-0.046827020063922586,-0.020298023527213327,0.31170977461426785,-0.13874214701122212,0.7425800306042252,-0.007806396407724736,-0.04000714387602333,0.7009937555345603,12275402.736259079,0.5442987953004368
AVGO,Broadcom Inc. - Common Stock,N,N,364.9599914550781,-0.012767802732680411,-0.12286098050118277,-0.04327063116650576,0.1594480841247352,-0.24094608804447515,0.24582535789715587,-0.021752989756483765,-0.04854914706015723,1.1204489197217564,8791501216.606464,0.4359568764279011
AVNW,"Aviat Networks, Inc. - Common Stock",N,N,19.575000762939453,0.049035419239525924,-0.06785710652669275,0.010583371957880061,-0.21668663696576018,-0.2679506009539169,0.29721673724319997,-0.04939961854972574,-0.05837358782274138,1.450095756394096,3721799.3505975725,0.45609709430296536
AVO,"Mission Produce, Inc. - Common Stock",N,N,14.125,0.10179409799070793,0.09496127268950216,0.2611607357631536,0.13090474450308687,-0.0792047027706787,0.397131600362717,0.08840130094911025,0.09217577122408982,0.5487702641448555,6395068.616973686,0.4236160860827637
AVPT,"AvePoint, Inc. - Class A Common Stock",N,N,13.0600004196167,-0.03259256150987411,-0.005331279071904227,0.20147199237481672,0.261835742827494,-0.21372667430984071,0.4527253339398376,-0.026916240265500657,0.006636436550370606,0.6003569740959315,19492536.422023248,0.41700552866356944
AVR,Anteris Technologies Global Corp. - Common Stock,N,N,8.595000267028809,0.017159817874159433,-0.06270444977984369,-0.06065566935953737,0.45925304955180146,-0.1868495255267133,1.5428994011884813,-0.040923895054822856,-0.03258480434712496,0.45755956926306285,5547276.743460178,0.4994236476466456
AVT,"Avnet, Inc. - Common Stock",N,N,92.26499938964844,0.032162434496368686,-0.038505624531858795,0.018489933982448026,0.5489848928810606,-0.06453409754656514,1.1141783339586113,0.010743919895654264,0.030694627966237453,0.8189728052257648,95805095.91955185,0.38855042648397525
AVTX,"Avalo Therapeutics, Inc. - Common Stock",N,N,19.6200008392334,0.035356203130306296,0.007704238889008064,0.3292683289287279,0.3365122909647287,-0.14210755928021823,1.0102459404840798,-0.0016282877700124487,0.024982024381475343,0.5828928791044979,13670464.062565614,0.6690118506107307
AXGN,"Axogen, Inc. - Common Stock",N,N,46.80500030517578,-0.06164796906760861,-0.0345503146220385,0.08848837919013453,0.5127666288710808,-0.0952058627613055,2.0022450190551346,-0.04801613822386852,0.033928231485927274,0.5798698262523664,38706799.36071396,0.47819970438232307
AXON,"Axon Enterprise, Inc. - Common Stock",N,N,491.9200134277344,-0.05089711554415788,-0.2269176732800956,0.11362144566392085,-0.03243443306700611,-0.3673705565778492,0.42198071907296564,-0.15283847660200423,-0.13282241711632758,0.7716125939763253,416211814.8417053,0.7523134835480001
AXSM,"Axsome Therapeutics, Inc. - Common Stock",N,N,207.7301025390625,0.024158658303860214,-0.03726144308384105,-0.18591486448368966,0.3158301701654178,-0.18591486448368966,0.8205968914730315,-0.004442231736330848,-0.06601385248726055,0.5485774104912584,114750424.47525024,0.36924882775720097
AXTI,AXT Inc - Common Stock,N,N,72.9000015258789,0.2992336612527109,-0.011927314556487878,-0.24984563390666847,0.4950780154905192,-0.48235460783894135,22.980263960741244,0.04840799766803894,0.1585441742434326,0.7135135003188553,647461457.648832,1.6880548620087292
AYA,Aya Gold & Silver Inc. - Common Shares,N,N,29.885000228881836,0.13329538406456187,0.07345546210795728,0.5972742753196212,1.1165014497943488,0.0,2.230810835554793,0.08062664957137722,0.26712430471470094,1.4328015723990037,29892494.31692772,0.7736625388256766
AZ,A2Z Cust2Mate Solutions Corp. - Common Shares,N,N,6.130000114440918,0.01322312746842047,-0.0850745837389415,0.009884669041635208,0.13308692926733134,-0.30419979313603496,0.197265674112715,-0.08928835270554247,-0.01100318009040191,1.1420768333434141,4975670.699201966,0.7867781370099846
AZTA,"Azenta, Inc. - Common Stock",N,N,30.100000381469727,-0.04656317160482881,-0.09853246685588968,0.3324479937208631,0.39545669018680174,-0.26603263561546997,0.8789013434068007,-0.09133446183714122,0.005794185370220362,1.0198059590784783,24462377.551240824,0.5163531428486605
BAND,Bandwidth Inc. - Class A Common Stock,N,N,44.16999816894531,-0.13034066995966886,-0.14432392322925292,-0.3239975414058731,1.948598098712043,-0.43689448248118334,2.4453977551011907,-0.09844727048641322,-0.2007383118496162,0.5358164167668832,33193967.12907791,1.084577440546941
BANF,BancFirst Corporation - Common Stock,N,N,110.26000213623047,0.023674710550855682,-0.02931591081097129,-0.04753293416094018,0.07632012884860617,-0.17083787492594515,0.07632012884860617,-0.01764075208183946,-0.029597864776736094,0.6927066150484945,12269169.76181755,0.20838273185071893
BANR,Banner Corporation - Common Stock,N,N,69.66000366210938,0.015748057775140545,-0.042605805155377596,0.04368323933243867,0.2161776224727252,-0.05877581878884475,0.21827200660954826,-0.02177343284260902,-0.004719606849640012,0.6648021995563755,19586062.02167816,0.20688879053232465
BATRA,"Atlanta Braves Holdings, Inc. - Series A Common Stock",N,N,55.36000061035156,-0.0018030738509170474,0.01783418333495579,0.010403352533302934,0.17524681346644422,-0.0420488019844083,0.3206107592667482,-0.01789118633985598,-0.00885867054728029,1.0188261340236993,4160381.724983978,0.2160075495430352
BATRK,"Atlanta Braves Holdings, Inc. - Series C Common Stock",N,N,49.97999954223633,-0.0045807517711637935,-0.019230760593457963,-0.014589938104432432,0.1647634518752068,-0.06718929014167774,0.3138800825274235,-0.0336987564941047,-0.02714193942179355,0.6479009045594968,26263201.882712554,0.23868196073087908
BBCP,"Concrete Pumping Holdings, Inc.  - Common Stock",N,N,10.444999694824219,0.1592674172573767,0.11950694321927324,-0.06070145662604265,0.5270467049437695,-0.1331950597930044,0.8228620698177809,0.10467726608056638,0.03879697433110585,1.3427864110709025,2017954.583028412,0.4755547184136599
BBIO,"BridgeBio Pharma, Inc. - Common Stock",N,N,74.48999786376953,-0.027164709930060038,-0.11003583536768669,0.1151196775553045,0.062321662093781205,-0.1738937631538735,0.5202040380361128,-0.05795316946454865,-0.07743870306782719,0.4813923377912132,147397384.1062149,0.42293086755822146
BBNX,"Beta Bionics, Inc. - Common Stock",N,N,18.90999984741211,-0.008390133716443371,0.07321219902023768,0.3014452990320369,0.7789275299934157,-0.408877774844975,1.134311577897273,-0.009390109356320231,0.09586975707437029,0.6529020260119164,18819716.683517266,0.6960389643493426
BBOT,"BridgeBio Oncology Therapeutics, Inc. - Common Stock",N,N,8.5649995803833,-0.028911578601364174,-0.06902176543985794,0.10516123617849038,-0.035473032657438175,-0.3761835494578434,0.20294939860251882,-0.05340815977692981,-0.02373140906585025,0.5720838387163423,2188935.7476469516,0.5242224356616642
BBSI,"Barrett Business Services, Inc. - Common Stock",N,N,32.08000183105469,-0.050606659903547624,0.024447947557340033,-0.05889896870990541,0.1453132591611761,-0.31489318195056637,0.20524152899331072,-0.0337544300507453,-0.112598080339398,0.6673145426409276,6342016.05033493,0.5031858460895894
BCAL,California BanCorp - Common Stock,N,N,21.645000457763672,0.026315803753452327,0.0072126890784718345,0.10042657695340207,0.2625608697398414,-0.011643797498098518,0.37554934420515607,0.007810606935565234,0.01841093037649366,0.664710388115496,3101501.5850669863,0.19034750905067263
BCAX,Bicara Therapeutics Inc. - Common Stock,N,N,23.334999084472656,-0.0036294189387013898,-0.017887253380265644,0.07584133286820638,0.2675176142249047,-0.23240133627341086,1.2351532588486869,-0.030445338715586634,-0.1111356893749802,0.5726706796387734,11757854.289251328,0.5623720459858824
BCPC,Balchem Corporation - Common Stock,N,N,169.48500061035156,-0.022070261393599133,-0.05320928545205139,0.02693291023414157,0.04055129868329255,-0.07516639915631196,0.21545051424859651,-0.04057264655168691,-0.009883918375334755,0.6350191577166167,25690681.865045168,0.193485011547497
BCRX,"BioCryst Pharmaceuticals, Inc. - Common Stock",N,N,9.069999694824219,-0.08568552166657661,-0.12282402698474015,0.0425287234104359,-0.009825344332654917,-0.18361836407681276,0.45352564543426865,-0.07482024245857599,-0.06696844515446154,0.6847046145033587,28408178.16382599,0.5084719026908057
BCTX,BriaCell Therapeutics Corp. - Common Shares,N,N,3.5999999046325684,-0.00826452034781,0.04347821880453617,0.299638963689969,-0.16473318969213024,-0.7389412679774352,0.3138685737600515,-0.012887338011018268,-0.0005552796473518029,0.5823175799331787,2146218.2415889027,0.7304748734898023
BDSX,"Biodesix, Inc. - Common Stock",N,N,26.799999237060547,0.06900676359375835,0.10242697761497621,0.7795483725320274,0.6656307633875365,-0.12418304238683364,3.9084247343990848,0.03507871366140525,0.14369110769366156,0.9504266079404732,3263664.9847213747,0.9090276244136535
BEAM,Beam Therapeutics Inc. - Common Stock,N,N,25.704999923706055,-0.11423158103950892,-0.04264433674101109,-0.11453670975864061,0.015205380470858954,-0.32212549670539714,0.29300809903629954,-0.09744472241767876,-0.11381320905318637,0.7654396241388564,50012966.62246227,0.6631581786170134
BELFA,Bel Fuse Inc. - Class A Common Stock,N,N,209.97999572753906,0.03652874829498587,-0.10414268409775596,-0.19625877230792732,0.09222893294711931,-0.2788049100123504,0.899978130143869,-0.028401171129252445,-0.06831412649464608,0.5736976099814542,25347074.330783844,0.668546856543646
BELFB,Bel Fuse Inc. - Class B Common Stock,N,N,249.32000732421875,0.024237980443901463,-0.1405722093116587,-0.151385045579571,0.21248205052781532,-0.25119361749301417,0.8572979837391017,-0.04105107997779178,-0.07675337727587461,0.5494314255801588,38224848.09812622,0.6643115424648378
BETR,Better Home & Finance Holding Company - Class A Common Stock,N,N,13.954999923706055,0.14104664317545024,-0.10141660246917528,-0.47359487728323335,-0.5098349048023985,-0.837864529183387,0.20301719524063921,0.04946510667071946,-0.2698495781487211,1.0152920033219086,9118893.385546874,1.2911182059969872
BFC,Bank First Corporation - Common Stock,N,N,153.52999877929688,0.02128648246700915,-0.02166567294442423,0.06169702619078099,0.17255056564604443,-0.03086731123701658,0.303613669067591,-0.0037183043755755207,0.010933050064946936,0.7313895078747509,10732870.480575562,0.2308284482581089
BFST,"Business First Bancshares, Inc. - Common Stock",N,N,31.100000381469727,0.013689702480970567,-0.02297712156726739,0.06857702603797478,0.2126144391440774,-0.032057172735633244,0.3977500702717285,-0.010547448560243589,-0.00146728368256277,0.6876224555899957,5647329.409385872,0.1940572121323725
BGC,"BGC Group, Inc. - Class A Common Stock",N,N,11.875,-0.009591307198785648,0.17091464071162288,0.00392343026306885,0.2441133160801814,-0.05956570742193601,0.44062794229361746,0.021745329034737804,0.04974717131612261,0.6730212448663897,30329998.449056625,0.4094460022811742
BHRB,Burke & Herbert Financial Services Corp. - Common Stock,N,N,71.0,0.005238606271701807,-0.02828709312230593,0.06645055240236131,0.18590817541697757,-0.041566037117910626,0.27492530488034594,-0.012747366942932992,-0.007931990383925669,0.5521504824517942,7051209.956109619,0.2056754464820523
BIAF,"bioAffinity Technologies, Inc. - Common Stock",N,N,11.500100135803223,0.7450834399885617,0.5775171736599076,-0.4819774891629094,-0.68449657352282,-0.9269834912012493,1.521951815813698,0.5819646674963739,0.277930613794118,5.46573099446091,73669769.92190747,2.1790557633826917
BIIB,Biogen Inc. - Common Stock,N,N,209.55999755859375,-0.029994426628946802,0.027809103859525397,0.04753808728698439,0.14947068380735384,-0.06658944953021673,0.5446303559143244,-0.031263440727199665,0.0011704744720957283,0.5627149421557516,143985841.32149354,0.39407447825305997
BIOA,"BioAge Labs, Inc. - Common Stock",N,N,9.239999771118164,-0.029411835418260313,-0.13402064619970178,-0.48780491673006876,-0.522727299596383,-0.6318725246737579,0.9249998758236617,-0.06584103884027115,-0.4178134111824616,0.5383875850738391,5096043.177105999,1.5136387374695157
BJRI,"BJ's Restaurants, Inc. - Common Stock",N,N,59.81999969482422,-0.03125506567086289,-0.11417146784898746,0.13683011989908378,0.7299015768444137,-0.1944519529492602,1.0850470052732306,-0.06933326944297225,-0.07877675076496848,0.7981759331026471,28024453.82091446,0.46359345744843106
BKNG,Booking Holdings Inc. - Common Stock,N,N,170.67999267578125,-0.1278042283898153,-0.19819609813106887,0.03480047380509821,-0.023659938464224095,-0.22957379611822604,0.11016070888731289,-0.15945200974870843,-0.12017175399549551,0.8129336627152424,1009889346.7498474,0.45121625168572366
BKR,Baker Hughes Company - Common Stock,N,N,65.6500015258789,0.03125984422300765,0.012961024516714659,0.04357804062117365,0.15017150565416615,-0.05107139485786927,0.4993599532046642,0.033565312105812595,0.0908851852513759,0.7163411773463252,380328992.2883431,0.30304776281105267
BL,"BlackLine, Inc. - Common Stock",N,N,29.649999618530273,-0.07947840852862587,0.05440962779639036,0.032022279531938036,-0.23166624769909705,-0.4960054615725189,0.17518827413748594,-0.05871522662041195,-0.028181122593168073,0.8261433563106818,30270380.569194317,0.5639212490865181
BLBD,Blue Bird Corporation - Common Stock,N,N,64.29000091552734,0.0617671630981238,-0.02855846752694291,-0.1013419053287492,0.19254314779252435,-0.2111656329383148,0.3799098670309038,0.038556146708782935,-0.08479684865505355,1.0219075170988636,34553751.50139847,0.46142359157514845
BLFS,"BioLife Solutions, Inc. - Common Stock",N,N,35.125,-0.009726563541862965,0.00875934255740729,0.345785420943433,0.8370815093232136,-0.05628697345495537,0.9352617486635686,-0.025570961790140068,0.07528033565038372,0.7216969622284942,26079356.43293228,0.39597621700912383
BLKB,"Blackbaud, Inc. - Common Stock",N,N,45.209999084472656,-0.053788190884965115,-0.005280564894126427,0.6204300968680172,0.025635145337536747,-0.35570756357122213,0.7034663724529997,-0.030992808944827366,0.12926751988351914,0.4216036869202881,17085418.13685417,0.5983185154441566
BLLN,"BillionToOne, Inc. - Class A common stock",N,N,97.43000030517578,0.05535096000046935,-0.005207291438813044,-0.036491320620845036,0.3670549304656714,-0.350336737266588,0.5216305194851618,0.023083173169129223,-0.1371759982565831,0.7151633626742417,53782596.97650719,0.9505629310760075
BLMN,"Bloomin' Brands, Inc. - Common Stock",N,N,9.399999618530273,-0.03490761402234188,-0.15467628459803096,0.13389621975693378,0.6491227952764007,-0.20675111257976053,0.7870720930612038,-0.10442075617115587,-0.016160129344684915,0.7818627961771817,17387820.40948982,0.8693364336926185
BLZE,"Backblaze, Inc. - Common Stock",N,N,14.081000328063965,0.040724361121016406,-0.24740774895335382,0.777904064699577,2.9005542208444286,-0.3107684719663635,3.2540787225028103,-0.11238162816928055,-0.09531419558136645,0.38783958239592187,41663995.408240035,1.335923277159138
BMRC,Bank of Marin Bancorp - Common Stock,N,N,27.610000610351562,0.03875096650120291,-0.017437714037943253,0.06619154645956016,0.17447831157899008,-0.08089361043686272,0.2619473191014745,0.007940147668229258,-0.01451700661813915,0.8744065602071591,3918365.2712249756,0.2727443482444577
BMRN,BioMarin Pharmaceutical Inc. - Common Stock,N,N,63.810001373291016,-0.015885179253128823,-0.0825305740705028,0.1404825827197831,0.1511816890127773,-0.0915432330016509,0.28467895561925594,-0.03949059368494956,0.015882235314793602,0.8333350661077453,118169484.80592117,0.30105613793927866
BNC,CEA Industries Inc. - Common Stock,N,N,4.806099891662598,0.710355868160123,0.9778188311230231,1.344439026075201,0.5404166884452877,-0.7167884451309052,1.4151255621257115,0.5509526837361776,0.6744114054148458,4.864203074012008,19616009.135968447,1.4148119216333856
BNTC,Benitec Biopharma Inc. - Common Stock,N,N,12.6899995803833,0.030869142795564075,-0.058605340406559625,0.13506254329067113,0.08647253842621527,-0.23184024039057693,0.26143131720334534,-0.004413103780164351,0.00024431453858442254,0.5704696400182412,2416132.6401299476,0.5062510702472288
BOKF,BOK Financial Corporation - Common Stock,N,N,133.90499877929688,0.002282879205446564,-0.06624137702082455,-0.0008970251757931536,0.08850816508448878,-0.07928219751077958,0.31630883255787645,-0.03922103795474652,-0.04383159513145385,0.8873047940784811,29071714.047319032,0.18571377498678934
BOXL,Boxlight Corporation - Class A Common Stock,N,N,5.880000114440918,-0.06369428057385984,0.9797979992587349,0.2727273290244592,-0.19672131467909937,-0.9657582106182049,1.1538461807177884,-0.04207223403797711,0.23904250074111677,0.023744395696896355,29537412.11875558,3.742950627098688
BPOP,"Popular, Inc. - Common Stock",N,N,165.3000030517578,-0.011540947946477864,-0.05456413570094165,0.027027065461296518,0.28864666834471886,-0.07066954748128318,0.5393881752842755,-0.033389850158933476,-0.035848008093283146,0.926773526593022,71926678.1855835,0.17655689459643495
BRCB,"Black Rock Coffee Bar, Inc. - Class A Common Stock",N,N,9.425000190734863,0.011266147998798326,0.3639653254499935,0.2788331529288606,-0.42600486315819064,-0.6614583283377333,0.5226171411324736,0.05257283011007252,0.12721708477686788,0.9089451990515947,3276013.1757985116,0.769224304845678
BRKR,Bruker Corporation - Common Stock,N,N,55.43000030517578,-0.010708521991665498,-0.027884955100371256,0.023021760112489353,0.6327290517645505,-0.13848300497132038,0.8269806336035921,-0.043939453380249294,-0.05419562641497844,0.7687760577129339,99865730.57714538,0.6682302289943579
BRUN,Boost Run Inc. - Class A Common Stock,N,N,19.020000457763672,0.1307967183623926,0.02203115711796655,-0.3848641523016646,0.7259527829115415,-0.5147959161331037,0.8483965527963464,-0.009594204246411664,-0.14243201393686966,1.0548000937512694,49218480.00077514,1.330084292802895
BRZE,"Braze, Inc. - Class A Common Stock",N,N,25.174999237060547,-0.23200121493108405,-0.10790220235239223,0.16228067471885987,0.33342162903138295,-0.3043658416035179,0.5943634767498851,-0.18540032129688266,-0.08085217436248071,1.0020872212995944,84260051.47608757,0.7385308053400291
BSRR,Sierra Bancorp - Common Stock,N,N,40.689998626708984,0.027006555367751872,0.02159168355809049,0.01767282490712363,0.2604558332176272,-0.04407623559590923,0.5759247809151073,0.011924708223521208,0.002062172265752782,0.7068363209832363,2151854.552707672,0.1838225525441653
BSVN,Bank7 Corp. - Common stock,N,N,55.099998474121094,0.0715674919529321,0.07912254195401092,0.19250466091290974,0.44230057388930955,-0.04057116173904496,0.4475741782181393,0.04884452845998766,0.07641151802937696,1.1131618052453374,2359046.904562759,0.3304444313642846
BSY,"Bentley Systems, Incorporated - Class B Common Stock",N,N,32.45000076293945,-0.08899489792257498,-0.1048275651602909,0.05803719211664893,-0.1240682138702992,-0.425517553153268,0.14180157198546461,-0.09334747272097377,-0.05187927206281462,0.6352436194641121,73573452.78390045,0.41883569465317944
BTDR,Bitdeer Technologies Group - Ordinary Shares,N,N,12.569999694824219,0.2144926793750752,0.44649025337119497,-0.2950084268866625,0.44316873016896685,-0.5146718193064777,0.7266482599668951,0.18183524094497172,0.10494806366021203,0.8735553027115968,143371474.41253185,1.1410029521982297
BULL,Webull Corporation - Class A Ordinary Shares,N,N,9.619999885559082,0.05366919660199465,0.270805768482274,0.4709480033136537,0.8393881167257242,-0.3813504972629548,1.077753703623983,0.08241912963077347,0.20503055318928198,1.2282970385426315,165320687.63181433,0.5932997075529146
BUSE,First Busey Corporation - Common Stock,N,N,30.299999237060547,0.013377913833897637,-0.025096547250972434,0.06178783821502254,0.27726664629269737,-0.04053200410822844,0.4207725135493192,-0.006329344390517688,0.00452472012417271,0.7037794937196402,18188855.776828956,0.17991663922568227
BUUU,BUUU Group Limited - Class A Ordinary Share,N,N,38.9900016784668,0.3398625830704394,0.352410745114379,1.189219699474242,1.5659758118815708,0.0,5.36052217790584,0.2692470982350237,0.5203257922474607,1.1787346914163275,2766462.3981370926,1.0530485225961117
BVS,Bioventus Inc. - Class A Common Stock,N,N,13.569999694824219,-0.007315316818698792,-0.020216655518661808,0.5945945158461221,0.5213004012060773,-0.11074708445017178,1.0844852869006756,-0.033665081920319806,0.04102734673827424,0.6837427302538015,7695016.0799097065,0.5824963316668978
BWB,"Bridgewater Bancshares, Inc. - Common Stock",N,N,21.16010093688965,0.01147709654493645,-0.025329257060001664,0.05800504684448238,0.2557923120381542,-0.05913289674357325,0.3086024017966116,-0.020002965170273668,-0.011339679810457248,0.42838661524646504,2785058.392860985,0.2503752295203465
BWFG,"Bankwell Financial Group, Inc. - Common Stock",N,N,65.93000030517578,0.007179975974283437,-0.030298538363265348,0.18849191395348464,0.4513002133391464,-0.03229116449335856,0.6459097986994924,-0.009100399778530832,0.031367961584916504,0.8044599845364615,4127409.6975658415,0.23905253270468893
BWIN,"The Baldwin Insurance Group, Inc. - Class A Common Stock",N,N,29.114999771118164,-0.037838745839493426,-0.0216734023119296,0.6059018818998707,0.37789876609071604,-0.08730407149579844,0.7645454406738281,-0.053701588422535584,0.011741966417256888,0.5821496530749762,28918552.233214855,0.6826148186590115
BWMN,Bowman Consulting Group Ltd. - Common Stock,N,N,42.56999969482422,-0.000704196722333239,0.004720339107418425,0.3701319637256295,0.5943819654834199,-0.041863619121670026,0.6819439191260048,0.0016706253983422847,0.25612645258352007,0.7629514782183743,15999359.885051727,1.172322134169589
BYND,"Beyond Meat, Inc. - Common stock",N,N,11.300000190734863,-0.09236944868661423,-0.09888355461644915,-0.44689182467255784,-0.4619047528221494,-0.8959484314041901,0.00802855952556869,-0.12788452439996012,-0.29953755538701476,0.644353710277533,21298472.906995725,0.847323913087702
BZ,KANZHUN LIMITED - American Depository Shares,N,N,16.219999313354492,-0.07578347473072689,-0.031641832038537765,0.18394157220243978,0.18480641420884214,-0.3442753769358793,0.2822134231209563,-0.021004386156442068,0.029422925194945826,1.8759051505774735,125729721.60500097,0.557027738886651
CABA,"Cabaletta Bio, Inc. - Common Stock",N,N,3.2149999141693115,-0.025757587689451578,0.15232973409577144,0.06810628716131784,0.0824915431646398,-0.22530124330402868,0.9603658184222985,0.020391945086459584,0.0872505634910643,0.8854401183187449,14893365.255416071,0.5820873429100423
CAC,Camden National Corporation - Common Stock,N,N,56.91999816894531,0.013352323739519889,-0.020141194363389125,0.08898090777577439,0.2811240124914698,-0.047682821933928365,0.6470678880157257,-0.006415043963424627,0.011178913323804496,0.8057217790020073,4685455.942485047,0.22522066715971917
CACC,Credit Acceptance Corporation - Common Stock,N,N,589.7999877929688,-0.007371511893370819,0.030740401504455006,0.07598278121656099,0.27869916052676147,-0.10255633469591319,0.43489678749486127,-0.00446709513952992,-0.016849925540288635,0.7454482466782884,62025540.97863464,0.28877891963928987
CADL,"Candel Therapeutics, Inc. - Common Stock",N,N,12.5,-0.027237382963384404,0.17370896222858567,0.4602803022478972,1.4801587489306645,-0.09090909090909094,1.8280542498272814,-0.01543793720095965,0.12925956311753417,0.5566912291723319,15354580.516343117,0.6421712873938806
CAE,CAE Inc - Common Shares,N,N,24.049999237060547,0.020797953405155667,-0.11483256645095208,-0.04940711611441262,-0.1257724813898311,-0.29368576282127623,0.03842829859724217,-0.04204260822592887,-0.055299389084875084,1.2859760394098492,20691923.9574913,0.2937382139754493
CAI,"Caris Life Sciences, Inc. - Common Stock",N,N,24.325000762939453,-0.01836157833325902,0.051210086626930496,0.35364505800855595,0.31700063168662806,-0.28895055790924695,0.6718213363618446,-0.007193470894809373,0.20259458521059548,1.151402318842797,123164771.73410168,0.727942295979138
CAKE,The Cheesecake Factory Incorporated - Common Stock,N,N,105.41999816894531,-0.02713180532342474,-0.0675747351373237,0.404160448303426,0.8885294701533055,-0.10120217114782737,1.4741244099996624,-0.042976207750255346,0.07544728767223874,0.7570625687426952,171753714.40545273,0.4429340516532639
CALM,"Cal-Maine Foods, Inc. - Common Stock",N,N,73.8499984741211,-0.06542645391771162,-0.10549902303825864,-0.05441741463552352,-0.11371630712800784,-0.31522481631405663,0.03306553105237131,-0.07754379313756832,-0.11839423844548647,0.8429446172736619,66778956.53852081,0.35239301596953515
CAMT,Camtek Ltd. - Ordinary Shares,N,N,147.39999389648438,0.15030431245960996,-0.10346091713849404,-0.23733641725030263,-0.11577686505747309,-0.28950164308159276,0.8150473532595721,-0.007978609485302268,-0.0017473151995216485,0.6407636117309502,53163461.30134735,0.7939096843677022
CAPR,"Capricor Therapeutics, Inc. - Common Stock",N,N,9.0600004196167,-0.09490507368062828,1.305343579063209,-0.6488371826537727,-0.7067960993053362,-0.743633265973451,1.3532469205298217,0.12267662462577045,-0.24137119555192743,0.8454017137332384,85833385.5074257,2.180925691588251
CAR,"Avis Budget Group, Inc. - Common Stock",N,N,133.69520568847656,-0.04978529787987418,-0.0495151272024954,-0.28551085305048574,0.316934693748413,-0.8127439371759402,0.5246345303480933,-0.04837012110899053,-0.09687799608183423,0.6660281057259737,41212655.2294899,0.5448219114531162
CARE,"Carter Bankshares, Inc. - Common Stock",N,N,31.079999923706055,0.01007473062497688,-0.029053372277171752,0.043322258897970256,0.5957858580425845,-0.12725457449159427,0.8451275225906769,-0.01614435070474296,-0.047091843621016705,0.5280050402267477,8636395.195604134,0.2841684960867352
CARG,"CarGurus, Inc. - Class A Common Stock",N,N,32.310001373291016,-0.07075061984715536,-0.10696514370485333,0.18917928901596737,-0.048586506350527525,-0.17217518873124904,0.19844222813418555,-0.09738515164801553,-0.09227545458599817,0.674414951244202,26114132.40999012,0.41732359499621613
CARL,"Carlsmed, Inc. - Common Stock",N,N,15.229999542236328,-0.06507067610294859,0.10924982155940266,0.3106712299682226,0.30170938380493073,-0.1035903621301818,0.7248017750654883,-0.01589561128767336,0.13448442058778998,0.7044349133356869,2332439.752573967,0.6732958973892591
CART,Maplebear Inc. - Common Stock,N,N,46.849998474121094,-0.06393608015422203,-0.051427433628592034,0.1358952524521304,0.23974589412807168,-0.09521051412513626,0.4227147901592163,-0.06448749554241351,-0.021066427463450887,0.6143181653571281,168886745.49883118,0.44218402347952795
CASH,"Pathward Financial, Inc. - Common Stock",N,N,79.68000030517578,-0.008215036878257531,-0.08916326877506442,-0.05334439778360511,-0.1174575266879977,-0.20215271281616232,0.2009663325658697,-0.04115521777994524,-0.07913774753043978,0.8648778659366254,15962622.343115997,0.2745696811689829
CASS,"Cass Information Systems, Inc - Common Stock",N,N,55.529998779296875,0.01175656494509969,-0.028544730662246498,0.12940264428849213,0.2932669230008602,-0.04596918155706553,0.551306917339258,-0.017061511601960788,0.010260444540423963,0.9199476132009272,4371381.0241767885,0.2003259149239434
CASY,"Caseys General Stores, Inc. - Common Stock",N,N,621.0,-0.1902569770298621,-0.25172606656716123,-0.3057335780282272,-0.07113033280300529,-0.3217513695511184,0.2129567775399357,-0.21942513213699744,-0.24485510940782285,1.061823259535803,278820374.82194823,0.45303630651054905
CATY,Cathay General Bancorp - Common Stock,N,N,61.34000015258789,0.010044469207139084,-0.03112188317664799,0.012094723263293083,0.3165649161716968,-0.04947581972809423,0.39524769815422833,-0.01687051077329116,-0.015688799515505725,0.7666918828327322,22246834.723215293,0.17636157591064824
CBC,"Central Bancompany, Inc. - Class A Common Stock",N,N,32.369998931884766,0.026641237771841686,-0.015110740834969105,0.12856894625659177,0.3715317332347172,-0.030393884726854448,0.43481057065146866,-0.0002829493688868423,0.008962594071726171,0.9101816316989709,24623565.524320222,0.21752833597431745
CBIO,"Crescent Biopharma, Inc. - Common Stock",N,N,20.520000457763672,0.1444506474347491,0.22947871786406226,0.1450893063839449,0.9826086668075831,-0.23943658984722127,1.2953021723613865,0.14668905219289297,0.21522228629199303,0.987592696081005,4614986.935507774,0.7125491851832354
CBLL,"CeriBell, Inc. - Common Stock",N,N,23.65999984741211,-0.037428807125693075,0.11027688598610697,0.28099624943164203,0.25251459035925605,-0.049417419541917584,1.1666666375557293,-0.01533595703677837,0.13546925723275005,0.6737260489707133,8262903.807930946,0.46360411152904324
CBRL,"Cracker Barrel Old Country Store, Inc. - Common Stock",N,N,51.79999923706055,-0.04428047033386695,-0.07549526386567251,0.11490518051385101,0.8883530535971342,-0.12262875281498675,1.1125607753355284,-0.07850499060941352,-0.05396403808485273,0.7754632745842815,39589997.04727707,0.4925037564996508
CBSH,"Commerce Bancshares, Inc. - Common Stock",N,N,57.77000045776367,0.015811421488526767,-0.016545914119414307,0.03983270184204302,0.22840825791476238,-0.03790056032036315,0.22866688377573774,-0.010481333060188724,-0.012656590072761209,0.7107557918775541,48245362.62504482,0.14819088728528343
CCAP,"Crescent Capital BDC, Inc. - Common Stock",N,N,10.300000190734863,-0.017175511389674658,-0.09708034884395567,-0.05397924354308181,-0.15292754898986582,-0.2595918461364123,0.0009718395450835082,-0.03315858974575714,-0.05685336361592985,0.9656470679719824,2483664.103147888,0.23813524274882167
CCB,Coastal Financial Corporation - Common Stock,N,N,48.875,0.03614589563790127,-0.05755882327845052,-0.3353053065225773,-0.3519623284726543,-0.5891821509749233,0.22463042312362247,0.010189736640695779,-0.18126294450294533,0.610892804590881,8131106.413722229,1.002675005643465
CCBG,Capital City Bank Group - Common Stock,N,N,50.369998931884766,0.009846779940593908,-0.024398546135691257,0.07456950912080851,0.2252837371016041,-0.04175406372271362,0.3259282667627459,-0.014658104605557498,-0.008833609062074532,0.6059675022633714,3009950.131829262,0.20926998174826797
CCC,CCC Intelligent Solutions Holdings Inc. - Common Stock,N,N,6.880000114440918,-0.04972371105774864,0.001455637416072797,0.49565222979944124,0.1150729383091742,-0.29652348647347515,0.6303318617294207,-0.05208043994581191,0.05466476575831014,0.7116698489477692,63942507.43158541,0.5539210871153181
CCCC,"C4 Therapeutics, Inc. - Common Stock",N,N,3.484999895095825,-0.0994832046119396,-0.0994832046119396,-0.10641030515987926,0.2955389669012978,-0.253747357995446,1.0380115890946509,-0.12105928131643562,-0.10194301878490086,0.6204510899658316,9022600.38046267,0.5803400052927858
CCEP,Coca-Cola Europacific Partners plc - Ordinary Shares,N,N,105.20999908447266,-0.02221189055335593,-0.012205455128008191,0.05909002378675421,0.1067221035519541,-0.05818637591326847,0.2531238166844729,-0.022325481849481577,-0.017173547008341505,0.6854790288173228,156785935.20152092,0.23943933020157845
CCNE,CNB Financial Corporation - Common Stock,N,N,34.310001373291016,0.0266308573641012,-0.0007574731593085193,0.05194644034667539,0.2825609977387318,-0.03404692725238423,0.5271498060618987,0.005677166255977806,0.004600770244473251,0.785898007666412,4740542.953478241,0.1989815166292654
CCOI,"Cogent Communications Holdings, Inc. - Common Stock",N,N,9.375,0.04051051740799583,-0.13181428505695925,-0.40770686020468405,-0.5134411486716841,-0.7910254548274515,0.04051051740799583,-0.05579047961543482,-0.17701949365086256,0.9634948639262733,16884362.834324837,0.854055865693322
CCSI,"Consensus Cloud Solutions, Inc. - Common Stock",N,N,36.84000015258789,0.019651233420505898,-0.002977012397301304,0.05831653832839123,0.3180679480136619,-0.07553321045891437,0.8201581308887858,-0.01843759505108178,-0.0097998550516335,1.1214671365478297,7157865.187646866,0.4620751246551686
CCXI,Churchill Capital Corp XI - Class A Ordinary Shares,N,N,13.479999542236328,0.032950141395917454,-0.17654252589106212,0.3189823082221188,0.3320157801060708,-0.2942408757586079,0.33597614850173896,-0.07439835746551393,-0.10608897364830239,0.376209514019664,32576048.292160034,0.9092162212335961
CDNA,"CareDx, Inc. - Common Stock",N,N,50.349998474121094,0.02818046189540513,0.06605968583791011,1.1919895506852796,1.8970081073295195,-0.03838812285714699,2.7771942057237915,0.031582576294042486,0.2114023028018075,0.9091049605298116,51153857.63905525,0.935210858307308
CDNL,Cardinal Infrastructure Group Inc. - Class A Common Stock,N,N,37.9900016784668,0.05498482225003598,-0.007316403865892163,-0.44725738654231706,0.16106357766359602,-0.5971794861423463,0.7244666588456428,-0.03227445530734807,-0.3266046661267613,0.5801105065788772,26785495.166137315,1.2023992091397084
CDNS,"Cadence Design Systems, Inc. - Common Stock",N,N,285.8699951171875,-0.08679406045900173,-0.12719446712477045,-0.2574033627841392,-0.013016224763784834,-0.31345617075243615,0.07607464871069958,-0.10044229046946174,-0.15433686814547543,1.0245193805960127,722145700.9005188,0.38525326176771874
CDW,CDW Corporation - Common Stock,N,N,142.74000549316406,-0.05029938393274924,0.05948063006112858,0.08496771520720903,0.22690959311590353,-0.14711865401948643,0.4528931915790797,0.002617455394908319,0.021583172869817258,0.8121008017627175,227356425.3054413,0.4924840628767756
CDZI,"Cadiz, Inc. - Common Stock",N,N,4.269999980926514,0.07556673807413161,0.20281691219191367,0.07017543125827697,-0.1177686267957253,-0.38294798643797956,0.4328858904685853,0.12132351260836693,0.17005534003944978,0.7966517753885161,3257683.5021252157,0.6970574219089134
CECO,CECO Environmental Corp. - Common Stock,N,N,79.54499816894531,0.12749815348113414,0.07536835009111531,-0.17774447048302022,0.41337952903806174,-0.20191632757820643,0.7567358726457218,0.07032207319472916,0.05234538455556992,0.6478854196199563,51546828.005469516,0.5927749253775417
CEG,Constellation Energy Corporation - Common Stock When-Issued,N,N,296.7950134277344,0.05880994617644597,0.0678663270123967,0.17138741487522147,-0.06149329174792839,-0.26116072937801427,0.25687631558966695,0.05647149664076889,0.10911576004997037,0.7779794503808629,678088474.3174881,0.35306480463760814
CELC,Celcuity Inc. - Common Stock,N,N,93.0,0.01108933035268822,0.055498800996194086,0.05025405753674739,-0.17340682397825546,-0.35853219243587975,1.0566120630138705,0.005775100026168101,-0.011593055508926975,0.5599931985366945,70836017.53430939,0.6376879223065655
CELH,"Celsius Holdings, Inc. - Common Stock",N,N,28.8700008392334,-0.06022130584218044,0.02776791322208827,-0.0106236964599139,-0.3043373291750988,-0.5548874411415625,0.21455617514740033,-0.08237049456598278,-0.04327306277790499,0.628866184852398,265037561.26497793,0.7285392357317398
CENT,Central Garden & Pet Company - Common Stock,N,N,40.35499954223633,-0.04190407014261188,-0.08574988445287013,-0.058226348208427536,0.1256625177088151,-0.1328964600692022,0.3925120834947471,-0.06735153439203823,-0.0723607055398543,0.8864387595902039,5025323.078567123,0.26644646508932407
CENTA,Central Garden & Pet Company - Class A Common Stock Nonvoting,N,N,34.77000045776367,-0.045304717027376595,-0.09476697224964148,-0.0794281165909636,0.10521301556314078,-0.14359601565191016,0.32356299398114263,-0.07172319274001604,-0.08324367797702326,0.8341126457350821,10873786.38397255,0.2597983839265441
CENX,Century Aluminum Company - Common Stock,N,N,48.84000015258789,0.04403594328870941,-0.0659782119436717,-0.2018303440315884,-0.11745572790165659,-0.2898065648297209,1.2465501686652445,0.06155452015219898,0.0681433537411682,0.5995423248721025,81756674.14602832,0.5730319997790655
CEPO,"Cantor Equity Partners I, Inc. - Class A Ordinary Shares",N,N,10.75,-0.000929389281516313,0.006554278354308218,0.012241065521826355,0.025763403583704436,-0.004629647208502563,0.21744055412042385,0.0014206124760756111,0.010412416611156772,0.8904839388778223,3686545.676150131,0.5285243168180046
CERT,"Certara, Inc. - Common Stock",N,N,7.63100004196167,-0.05790127375561405,-0.06137762182720008,0.46750006189713345,0.1740000064556415,-0.4388970714766258,0.7033482164001967,-0.06299690968794835,-0.005631842100915385,0.44687677370178536,18373452.02261672,0.6162485769299709
CEVA,"CEVA, Inc. - Common Stock",N,N,28.850000381469727,0.09988566088286022,-0.06422314457139688,-0.37323482192996005,0.5577753600635398,-0.4236915783054225,0.6763510700880284,0.013294011999484878,-0.16509427202617666,0.7251618145344098,24404104.373787783,0.917888585484477
CFFI,C&F Financial Corporation - Common Stock,N,N,94.80000305175781,0.03708564986146734,0.10812390029260133,0.23566216818797114,0.36256417162026544,-0.000948428058483497,0.4827545243661573,0.051994990842728406,0.11654994351880821,2.6958357967512487,5135808.39903717,0.39573764751598556
CFFN,"Capitol Federal Financial, Inc. - Common Stock",N,N,8.75,0.02339179003549785,-0.006810489983984591,0.07072982844240472,0.2870866979222795,-0.03878987158183911,0.5303140549351162,0.009110834306158777,0.013906992682598318,0.835268799271971,6369636.775972366,0.18425218600628385
CG,The Carlyle Group Inc. - Common Stock,N,N,45.38999938964844,-0.024709959244870294,-0.05470068236525427,-0.0007720918280369471,-0.03498914894457372,-0.32718491157350993,0.12820033386955498,-0.059354603591805666,-0.024018736426521525,0.6648136872247311,158402619.17353135,0.3708176169290967
CGBD,"Carlyle Secured Lending, Inc. - Closed End Fund",N,N,11.364999771118164,-0.016017352083258163,0.017457447940225634,0.06953308681945303,0.09387431025121695,-0.05840518251170157,0.13783381015724694,-0.008008396179757238,0.04574019096438686,0.9091130616248042,5970806.470043182,0.2619462073411376
CGEM,"Cullinan Therapeutics, Inc. - Common Stock",N,N,21.489999771118164,-0.013767835328331812,0.09475296433374503,0.5686131438180568,0.636709793131119,-0.06361659883597715,2.7373912645422895,-0.005391913398878012,0.1164216195170098,0.7130842962058171,14870775.814506054,0.5897258412574483
CGNT,Cognyte Software Ltd. - Ordinary Shares,N,N,8.15999984741211,-0.03317532546115076,-0.12913554460249332,-0.07900675354288411,-0.025089610635394388,-0.33333333333333337,0.28706619101283826,-0.061205719625531896,-0.07585677260310142,1.0726611438139133,4879374.970409393,0.36060479811011864
CGNX,Cognex Corporation - Common Stock,N,N,62.334999084472656,0.037533242088757524,-0.00759145729513,-0.018668469575847557,0.25338565506545274,-0.13804892936744229,0.7988220565145594,0.013268797134477595,-0.020584337110039486,0.577124247968646,112928593.46190262,0.513706075987103
CGON,"CG Oncology, Inc. - Common stock",N,N,74.54499816894531,-0.017334595713499268,-0.03226016681463906,0.2515949706202347,0.15663307523210768,-0.07604117641329378,1.2480397621221035,-0.025386769460227776,0.01143106846141495,0.5394201441200552,49109569.721660614,0.47354064135432616
CGTL,Creative Global Technology Holdings Limited - Class A Ordinary Shares,N,N,4.210000038146973,-0.05605381117975716,0.08226219141726232,-0.3052805151981617,-0.7221122017060888,-0.9460256405365772,0.15342463784871985,-0.04621657979805116,-0.05331563743618184,0.12792614434560468,4143278.1101391315,0.9904936173574932
CHCO,City Holding Company - Common Stock,N,N,144.0,0.012373414221504175,-0.015922926275534377,0.10844170487859883,0.25138754519069195,-0.026895498327132228,0.2557843196222156,-0.005229448045291796,0.020014419828179975,0.7314965543695805,12860350.994506836,0.17271169224400024
CHDN,"Churchill Downs, Incorporated - Common Stock",N,N,84.44490051269531,-0.025448366697662594,-0.04721986765672903,-0.028699124208013793,-0.01590836831065412,-0.2818700302528633,0.028060642076622067,-0.05094357629086277,-0.03184718835724987,0.7762195954104985,72915540.62996216,0.3700553980647935
CHEF,"The Chefs' Warehouse, Inc. - Common Stock",N,N,109.93499755859375,-0.04834660012784786,0.005717683779701721,0.21140493177513764,0.8072496177777555,-0.04834660012784786,1.0134615500163418,-0.01411326210503372,0.04433939932027742,1.1368447212181076,84731618.46549988,0.36294122296989506
CHKP,Check Point Software Technologies Ltd. - Ordinary Shares,N,N,132.10000610351562,-0.01762471254311715,0.02307939203082765,0.06480742143433105,-0.13750324533195235,-0.3615581471873195,0.17453547319068652,-0.004195009511099634,-0.002084927888752919,0.7559910063347576,113058163.60367279,0.3931943644776714
CHMG,Chemung Financial Corp  - Common Stock,N,N,83.5,0.04518714029204651,0.01606229849017282,0.15708600085529856,0.6370791858873743,-0.015794394103387788,0.6986421664310527,0.0088074336707189,0.04430609426998644,0.9314200447963861,3900509.431391907,0.2898864876409423
CHRD,Chord Energy Corporation - Common Stock,N,N,149.6300048828125,-0.005185817168445239,0.08423128021780713,0.11539469926156021,0.1661844110223769,-0.005185817168445239,0.8365277764902057,0.035667367618274826,0.1162303367224291,0.7073541759850548,87477877.69161682,0.4078942628302829
CHRN,ChronoScale Holdings Corporation - Common Stock,N,N,20.969999313354492,0.18742918995140467,0.08821996965266865,0.14215678737675996,0.9616464112716636,-0.29227134973661784,4.475195752239889,-0.005123866108597275,-0.02466026959360923,0.545232046431523,3195237.2279657363,1.3274898238842001
CHRW,"C.H. Robinson Worldwide, Inc. - Common Stock",N,N,153.60000610351562,0.043160084900871976,0.0631462393886888,-0.20376526162129627,-0.09288078946521827,-0.26338204565403434,0.25365289100987476,0.04707331694463157,-0.07639804204198475,0.6544015644356391,171876864.0963974,0.4977064845376994
CHTR,"Charter Communications, Inc. - Class A Common Stock",N,N,143.26010131835938,-0.02004173386768493,-0.09150802777372447,-0.01755524535235853,-0.31454496976861546,-0.4933150376089174,0.1617882098350205,-0.04971895045754915,-0.0013558421710309077,0.6630289654083253,395849228.6337677,0.5575643588042412
CHYM,"Chime Financial, Inc. - Class A Common Stock",N,N,34.209999084472656,0.08054324855813233,0.07815945723337192,1.0485028456041325,0.816781690020292,0.0,1.080900120021417,0.04525035562022328,0.26768492252415244,0.7089521979302168,217607700.7616295,0.6616213833587287
CIFR,Cipher Digital Inc. - Common Stock,N,N,18.204999923706055,0.24606436355292982,0.05781527554705779,-0.25693877862424264,0.240967950172305,-0.3761137856987289,0.9745118651252174,0.09487294307965244,-0.05007148760528224,0.861289684366258,533500735.39188385,1.2815989057429982
CIGI,Colliers International Group Inc.  - Subordinate Voting Shares,N,N,94.0999984741211,-0.05083720946697512,-0.09196177778517267,-0.03221704733914266,-0.10695111003756863,-0.44269077980522986,0.06128113092034426,-0.08389962376444304,-0.0644821504282741,1.0076860053253123,21267843.447885513,0.37350717904351094
CINF,Cincinnati Financial Corporation - Common Stock,N,N,168.3350067138672,-0.012060523992854066,-0.02814502517774975,0.0014647961889882044,0.06277550800212328,-0.12339213777042579,0.1305019214018548,-0.015718591523665615,-0.047133548655411306,0.5553150561257559,70368532.28044662,0.2546240426442789
CIVB,"Civista Bancshares, Inc.  - Common Stock",N,N,27.280000686645508,0.011494304085410745,-0.04112478189519253,0.00879119499481451,0.26492235527849406,-0.06316693525350814,0.4058011185211985,-0.01473559775598865,-0.02804286831889391,0.9997444475037403,4390725.123700619,0.204964220287904
CLBK,"Columbia Financial, Inc. - Common Stock",N,N,11.569999694824219,0.006086929984714606,0.04800722235530097,0.23523089007820985,0.4883166089217239,-0.021150592762660625,0.8622928352983923,-0.009523827562684883,0.06122332001547348,0.5077672924063206,42780567.70292473,0.25747853536832827
CLBT,Cellebrite DI Ltd. - Ordinary Shares,N,N,11.345000267028809,-0.04261604204085978,-0.2922645177127,-0.1164330115103438,-0.22187926430763305,-0.41998974556300084,0.0866858930096126,-0.024358756691799988,-0.18472791062311988,0.7293072858003719,58306160.66302729,0.7709883122723856
CLDX,"Celldex Therapeutics, Inc. - Common Stock",N,N,39.310001373291016,0.0017838861322636568,-0.11324160276138295,0.25711547162869275,0.3773651055457463,-0.12391347650875018,0.7409212358774475,-0.03288102644670632,0.004759287208490948,0.4792991163630913,28315332.534241103,0.3962673488146981
CLFD,"Clearfield, Inc. - Common Stock",N,N,29.100000381469727,0.0300885090785743,-0.01221991562086211,-0.2619832575134443,0.022128594426053194,-0.43230586550281935,0.11923078390268183,0.013584132339515165,-0.05159825623259573,0.7079196676675359,4060724.950146961,0.6964236209541445
CLGN,CollPlant Biotechnologies Ltd. - Ordinary Shares,N,N,3.509999990463257,-0.05898124061266796,0.189830486009396,0.03539819523470911,-0.42459015650186627,-0.8882165594552467,0.28571427323816967,0.062027222452857744,0.058504214816254896,5.921115320583965,4016457.363951576,1.1057068948533124
CLMB,"Climb Global Solutions, Inc. - Common Stock",N,N,27.829999923706055,-0.005716321854965067,0.003244417928279786,0.22924031245471732,0.4382428617602039,-0.22251409082925944,0.668465192717679,-0.01145547048606399,0.03533455550801956,0.820941096624415,3535712.267147541,0.4126767337347487
CLMT,"Calumet, Inc - Common Stock",N,N,54.28499984741211,0.05366846593713048,0.1790833789732631,0.5771354658696513,0.8648230405089128,0.0,2.121621722409362,0.09208322472989772,0.22053767903478505,0.9795273275869244,53316318.25260296,0.49609848700778236
CLOV,"Clover Health Investments, Corp.  - Class A Common stock",N,N,4.21999979019165,-0.018604743487125486,-0.03872439213307732,-0.10782245810259738,1.24468074515698,-0.2199630482040955,1.482352748131675,-0.010782986005360318,-0.05565381827681837,0.5878599000507262,13878045.330735493,0.5597818653694405
CLPT,ClearPoint Neuro Inc. - Common Stock,N,N,13.954999923706055,-0.0634227999341005,-0.0634227999341005,0.0383184791221598,0.4521332385282453,-0.5285473059506377,0.6114318902530078,-0.08044084384147221,-0.09462484591293452,0.7104163635795048,7650984.663880348,0.8500524788954508
CLSK,"CleanSpark, Inc. - Common Stock",N,N,13.579999923706055,0.2278480477830478,0.17881939097963206,-0.17597085552690162,0.37449390348256184,-0.4146551949515772,0.6601466280036077,0.1132059963263643,0.04732230612000943,0.7017051935211389,220312631.41983557,0.956901494552683
CLYM,"Climb Bio, Inc. - Common Stock",N,N,15.8100004196167,0.0668016697151641,0.1415162443438851,0.3819930943639931,1.220505712603007,-0.11378922172692452,8.640244242391159,-0.003435319487056776,0.11794656977544227,1.252769526002635,24495432.573920585,0.7198739123213128
CMCO,Columbus McKinnon Corporation - Common Stock,N,N,18.434999465942383,0.06807643229890425,-0.057033238600054825,0.3374816568044061,0.3263067644499389,-0.19883479677950666,0.526185767630347,0.013454974715998436,0.0860545009751732,0.5717128057356513,6687147.215492725,1.0456769561854429
CMCSA,Comcast Corporation - Class A Common Stock,N,N,25.979999542236328,-0.012167289129548453,0.012865494292937596,0.0748563432336733,-0.06754668632387406,-0.17979710684777483,0.18521895309358105,-0.018567156101435556,0.041875517254670536,0.5730274049491031,519856694.5949291,0.33800816464379646
CME,CME Group Inc. - Class A Common Stock,N,N,274.80499267578125,-0.04065288544248191,0.059713808862430495,0.019571082700904796,-0.1057629209805454,-0.13363564843664832,0.25722843066029477,-0.004635385357351418,0.05405618261639811,0.6976308564042737,507519724.37568665,0.2845727849205524
CMPR,Cimpress plc - Ordinary Shares,N,N,86.06300354003906,-0.022344601460115188,-0.09768288930250546,-0.03169434968980689,0.23087822931699686,-0.1827651169381691,0.5072330269683738,-0.040649425854350274,-0.09681798321486534,0.8333785053888705,17343096.15447998,0.4021380080619678
CMPS,COMPASS Pathways Plc - American Depository Shares,N,N,14.239999771118164,0.07552870221202035,0.06427501116005652,0.17880793551772123,1.4217686214232552,-0.0550763066034512,1.9061223457079062,0.029571240409457022,0.08810267445211784,0.5386776734647098,29664384.574469946,0.6771989532112931
CNOB,"ConnectOne Bancorp, Inc. - Common Stock",N,N,31.6299991607666,0.02561605072211459,-0.03265337479319552,-0.02911110122326921,0.253506583898933,-0.0672521435243062,0.3945474561318161,-0.016343290158015833,-0.025520605356974202,0.6394125360257281,9684488.649613952,0.22429841187310878
CNXC,Concentrix Corporation - Common Stock,N,N,27.3700008392334,-0.15210650947151083,0.06539510588754482,0.06208354627781687,-0.08363129644301937,-0.4975789558082757,0.3269714405137083,-0.006281054944053732,0.07687467119884239,0.7088293689997561,33338153.526076414,0.7837874915549254
CNXN,"PC Connection, Inc. - Common Stock",N,N,83.63999938964844,0.04720165911384977,0.017518184085399513,0.15805940476919855,0.4402532397237957,-0.03394974043295951,0.5110290798539923,0.043908036000568806,0.05017592608017196,0.727732275403118,10131582.739715576,0.23586668097503988
COCO,"The Vita Coco Company, Inc. - Common Stock",N,N,52.220001220703125,-0.10058560135126748,-0.1898851696806484,-0.3545117399781681,-0.06566466647027813,-0.37848127461199466,0.3549558894707825,-0.14759207242245598,-0.20466658844691665,0.921117680464327,52620779.89190292,0.49454433662324465
COFS,"ChoiceOne Financial Services, Inc. - Common Stock",N,N,33.58000183105469,0.014808149779608648,-0.01812862333490417,0.04027271068521787,0.25348430933201027,-0.03004035623676027,0.3143406729630962,-0.0026581424950389287,-0.004730291996151159,0.6298262148766501,2282083.435041809,0.21744463453800786
COGT,"Cogent Biosciences, Inc. - Common Stock",N,N,35.04999923706055,0.010668942578687002,-0.09431528304708159,0.058912412472285736,0.019784705449756412,-0.18183942315081347,1.9281535885680188,-0.03200863302162804,-0.08627828433373508,0.5875982561109412,54596953.92574215,0.44875187921665216
COHU,"Cohu, Inc. - Common Stock",N,N,53.68000030517578,0.21557972125585434,0.01628172312230869,-0.12473506110357391,0.7623112908279697,-0.2737113023213755,1.8644610971610938,0.0210078950386392,0.014503167175751397,0.711361507510186,49435823.45506859,0.9652247062853957
COIN,"Coinbase Global, Inc. - Class A Common Stock",N,N,181.63999938964844,0.02725931379808011,0.22250637468819767,0.13681312290248937,-0.10208114381256428,-0.5309732110865013,0.28740523144281815,0.04908412653004568,0.10523727921732284,0.9360804269579246,1688755374.0320022,0.7237125701313689
COKE,"Coca-Cola Consolidated, Inc. - Common Stock",N,N,186.84500122070312,-0.03269311618182069,0.02825928301748326,-0.004166616516111943,-0.1198016406453235,-0.13627666178625375,0.680200788612465,-0.023929648877213827,-0.001358879338214991,0.8140856957746982,76919650.07584839,0.3434475667158551
COLB,"Columbia Banking System, Inc. - Common Stock",N,N,29.985000610351562,0.022680795445053636,-0.042859861752437056,-0.03063193696754829,0.17307536898376163,-0.09696777666748846,0.30960783180134,-0.02204443165340597,-0.03779931779250534,0.8967135445121036,86706569.16534767,0.22317482689527893
COLL,"Collegium Pharmaceutical, Inc. - Common Stock",N,N,23.520000457763672,-0.019999980926513672,-0.09468818813770086,-0.3210161411032757,-0.32413790306305945,-0.5280898799005638,0.006418468683940137,-0.10090023653871649,-0.24941120196869027,1.367889862222535,22096145.819866754,0.5551427371437763
COLM,Columbia Sportswear Company - Common Stock,N,N,57.45000076293945,0.011265611233541195,0.02516255038452675,-0.1381227177826132,0.05500476673138821,-0.14829394945018648,0.19845235900222735,-0.008307378195271276,-0.04234478014455523,0.8240149076910964,36223520.602893256,0.29616817776076787
COO,"The Cooper Companies, Inc.  - Common Stock",N,N,67.09249877929688,-0.031574769609460485,-0.1266271928426308,-0.011601333323292717,-0.057292391380552754,-0.20431096985149555,0.1375466141068904,-0.07917921797193939,-0.07449239438526556,0.7470871206093285,116322091.83450623,0.28022397143992095
CORT,Corcept Therapeutics Incorporated - Common Stock,N,N,114.37999725341797,0.008819897902845097,0.022528130067194008,0.37956811242659083,2.43483483105072,-0.07437082191553313,2.5576980349860525,-0.014861507651627748,0.0878952112283804,0.7083333424894501,89005925.33051682,0.6824903061129012
CORZ,"Core Scientific, Inc. - Common Stock",N,N,18.69499969482422,0.16334785624454318,-0.053896787536519275,-0.3226449479552981,0.1434250311096137,-0.35888203728905843,0.3776713423180653,0.027268343880682666,-0.08964746087639808,0.8662238039931047,197436573.27672958,0.8577293163030745
COST,Costco Wholesale Corporation - Common Stock,N,N,904.3200073242188,-0.03791652178317251,-0.04235852220619807,-0.07796830634466168,-0.07434061732079567,-0.17230992803816658,0.06860151003897896,-0.04108207754013504,-0.03936326943497215,0.8132062281065889,1627106633.3161347,0.20540422282767679
CPB,The Campbell's Company - Common Stock,N,N,21.790000915527344,-0.08097841598832844,-0.04093302931045906,-0.02857506793839304,0.06979049526137726,-0.3135760190142244,0.10791009549611452,-0.05646484519194894,-0.03824924461822288,1.1867710153419904,175718496.98203927,0.38524878398107326
CPRT,"Copart, Inc. - Common Stock",N,N,32.0,-0.014474936958223772,0.08843538827228392,0.04065040650406515,-0.030303030303030276,-0.3456032924034792,0.17776959551502802,-0.014945133760972396,0.059546506115761844,0.5485938801081539,307452879.46100885,0.4268238409731679
CRAI,"CRA International,Inc. - Common Stock",N,N,165.64999389648438,-0.03959880566001295,-0.015056535611397304,0.10446935143886238,0.08023202220000392,-0.2505172006943047,0.21111463769045624,-0.03141965584799555,-0.01833905857764817,0.8115021474270364,18596910.0285141,0.3628933763118841
CRBP,"Corbus Pharmaceuticals Holdings, Inc. - Common Stock",N,N,10.21500015258789,-0.09441485865202026,0.07413248230688496,0.2472528297870582,0.12872927483976437,-0.4723657112321551,0.3841463406754624,-0.04116016640365838,0.0423363180173848,1.1393119242124294,6284080.721904373,0.48317697536783993
CRCT,"Cricut, Inc. - Class A common stock",N,N,5.34499979019165,-0.08632480729461423,-0.10469012093213759,0.21797920630877865,0.3469770521470559,-0.18402749822709263,0.4622264035115524,-0.05802532776960989,0.04236098337258376,0.9416312534416815,4226032.027555848,0.6029726910000939
CRDO,Credo Technology Group Holding Ltd - Ordinary Shares,N,N,167.8699951171875,-0.1875817105439611,-0.32225768717936465,-0.33068858198936013,0.6503145212607493,-0.44509453519251285,0.9117412570837553,-0.2432459511912799,-0.26131148067614085,1.2601208413348683,1363745958.9118927,1.0705892885180732
CRMD,CorMedix Inc. - Common Stock,N,N,8.270000457763672,-0.013126450498215148,0.13287674543624384,-0.05377566655180388,0.2982732506027086,-0.36821998767290354,0.3232000732421876,0.008475132736172952,0.024503901836595787,0.6305385551121397,11559726.172903443,0.5665861008922107
CRML,Critical Metals Corp. - Ordinary Shares,N,N,7.339700222015381,0.06065030940667393,0.0841507005456299,-0.2586161106231424,-0.1582912847184742,-0.7550984187462145,0.4307407521013833,0.04628878516044255,0.033674109069053326,1.0587330383151152,53657053.30216949,1.0650531787255542
CRNC,Cerence Inc. - Common Stock,N,N,8.220000267028809,-0.023752946253317142,-0.024911035651806412,-0.22598866708028476,0.15126056312866631,-0.38195487600405587,0.3791946668484407,-0.014152046984621247,-0.08708252823958051,0.7199843010061467,5392157.965842009,0.625761261373741
CRON,Cronos Group Inc. - Common Share,N,N,3.134999990463257,-0.07248524132614897,0.01785716497389478,0.16977608670607403,0.23425198328591867,-0.11690139927530152,0.363043502373146,-0.045952536107055186,0.0406984473410239,0.9110111347565092,4300054.185362768,0.39675690225804144
CROX,"Crocs, Inc. - Common Stock",N,N,113.80999755859375,-0.012751572139738099,-0.13590470156273116,-0.08740278731375628,0.4622895397797975,-0.193923113601299,0.5507562134500643,-0.07241157845786483,-0.11245835670398374,0.7840594079479736,104965494.02855834,0.41292025751249817
CRSP,CRISPR Therapeutics AG - Common Shares,N,N,54.119998931884766,-0.047518493091181724,0.0009247131004761489,0.0867469831527492,0.13482911491581873,-0.29512894253291133,0.2205683072990714,-0.04415825066275103,0.007582915936755752,0.6734656812260833,79682083.89254245,0.52215226305923
CRSR,"Corsair Gaming, Inc. - Common Stock",N,N,12.5,0.075731508012711,-0.025720960691224315,0.48279947182509053,1.336448639779646,-0.12891988378332364,1.7292576873855539,0.03558261534488549,0.13492950077394217,0.5598466840264158,16715130.655798912,0.9446208094655698
CRTO,Criteo S.A. - Ordinary Shares,N,N,17.350000381469727,-0.0034462645874923092,0.005214377253442315,-0.028011203883169355,-0.02308557669640987,-0.25472509150644074,0.09394708430306764,-0.017956925450173244,-0.11866746196803812,0.40134608850653847,5876859.398367977,0.8011931595368528
CRUS,"Cirrus Logic, Inc. - Common Stock",N,N,111.1500015258789,0.019070338652924734,-0.08885971413817073,-0.32262780177652517,-0.17058423937022793,-0.37870315641154895,0.02461281421756767,-0.026669161928859264,-0.13143161368686473,1.2109794362963173,93117903.06182404,0.33224073784962954
CRVL,CorVel Corp. - Common Stock,N,N,66.81999969482422,-0.04186977714925155,0.09183004676183004,0.10739144060075723,0.22853466528152722,-0.24248950925806845,0.45260868901791773,-0.023855786978182802,0.037213642317041495,0.7939674635329892,10571773.305602264,0.30811646540308785
CRVS,"Corvus Pharmaceuticals, Inc. - Common Stock",N,N,13.789999961853027,-0.03363703437370935,-0.06381531633371584,0.1559094391531819,-0.02059658831139366,-0.4596395096200774,1.4024391135414116,-0.05073312326020252,-0.04301239921944866,0.6427808360590472,9949003.508321524,0.4746458477963465
CRWD,"CrowdStrike Holdings, Inc. - Class A Common Stock",N,N,210.93499755859375,-0.019226343166443782,-0.04941413537399986,0.23570592460263007,0.9360271562401135,-0.0868614824303301,1.4089649971002856,0.008024859774669935,0.044167016779728785,1.2841809122845151,2121646146.0072846,0.6843532263969653
CRWV,"CoreWeave, Inc. - Class A Common Stock",N,N,99.33499908447266,0.2136224915859941,0.09981177391617102,-0.012083579616200879,0.19940834883485925,-0.3057380639275854,0.6332620779826486,0.07913295974331636,0.15830542063920627,0.6741508623658115,2550543479.119554,1.0836565031393985
CSCO,"Cisco Systems, Inc. - Common Stock",N,N,109.45999908447266,-0.002551474255033881,-0.09109026980739499,-0.09273753876474267,0.4235158700566126,-0.15485011829154516,0.6793402330709841,-0.01681016406413971,-0.03982896988933249,0.5876137162838162,2073936985.0421321,0.33719452137585676
CSGP,"CoStar Group, Inc. - Common Stock",N,N,29.760000228881836,-0.06941836601412443,-0.04370181792016503,-0.09378806057841449,-0.30967293417908526,-0.6665919839049352,0.09653651061734014,-0.06453335720022246,-0.01796438124805777,1.0335854216223967,205145127.2476781,0.5055197298819984
CSIQ,Canadian Solar Inc. - Common Shares,N,N,13.899999618530273,0.09794627062113581,-0.12468516886911585,-0.1691572026981516,-0.24946008234555261,-0.5860631667483831,0.2894248574066658,-0.01843092302558902,-0.05345592967708823,1.0169562136075552,25751749.33264198,0.6412002686081798
CSQ,Calamos Strategic Total Return Fund - Closed End Fund,N,N,20.875,0.0069947159172985,0.006219902271418665,0.052179367808605326,0.21138069022889638,-0.010194412092572103,0.30608862537619586,0.0005127799495245888,0.017560256431783605,0.7115621356098031,3261794.796602249,0.15033538278262534
CSTL,"Castle Biosciences, Inc. - Common stock",N,N,32.400001525878906,-0.03110039304844403,0.004962774165082395,0.5652174073291205,0.2648839279870334,-0.24721187647117115,0.7851240885316642,-0.004531792367929666,0.13119807980971032,0.6546497463069365,10886298.525383377,0.5126527535150259
CSWC,Capital Southwest Corporation - Common Stock,N,N,24.18000030517578,-0.031249952239866263,-0.027295575517830573,0.05486366377720775,0.1561184582210291,-0.0543605555822434,0.37463172199859196,-0.0285548960165527,-0.000861525424219689,0.9332590780095609,14379492.881552886,0.16669862405420738
CSX,CSX Corporation - Common Stock,N,N,48.68000030517578,-0.0004106870113006478,-0.02256174108992759,0.026135510642566473,0.23518937075678514,-0.0829745033515431,0.5384005199702788,-0.030378097963772555,-0.02760540205163131,0.7220531489654888,438583251.04688644,0.22266275767168864
CTAS,Cintas Corporation - Common Stock,N,N,198.26499938964844,-0.011590792116700444,-0.031663898447300554,0.12763797612966488,0.07485176784582626,-0.08197464091300799,0.21871298943981765,-0.017850167182094978,0.0007991099174968763,0.6511292149871187,319881469.9671402,0.28912889421457666
CTBI,"Community Trust Bancorp, Inc. - Common Stock",N,N,76.8499984741211,0.015057448202799417,-0.01587908723166198,0.08775650126449253,0.3411833347546873,-0.03284672338816552,0.5449403727071986,-0.003236101396873914,0.009661719882220865,0.6615347259411916,7093738.349955368,0.19036380932155725
CTKB,"Cytek Biosciences, Inc. - Common Stock",N,N,4.559999942779541,-0.012987000923330161,-0.03797464916251703,0.1515151259729104,0.05069119411446721,-0.22448982074329182,0.3591653999569355,-0.024598932772130877,0.0002632248247560476,0.4597822649211311,3257083.414034414,0.45753871907355637
CTMX,"CytomX Therapeutics, Inc. - Common Stock",N,N,3.5959999561309814,-0.02016352006120148,0.04231881345778188,0.19468437459281707,-0.18272730041141294,-0.46725926575837307,0.8632124631400853,0.03966692563243157,0.03163764462240204,0.7984219731278254,10386245.161952127,0.5356783793716211
CTNM,"Contineum Therapeutics, Inc. - Common stock",N,N,15.885000228881836,-0.040181210805712464,0.07186238569421577,0.33712121850677246,0.29991815726401305,-0.0959020771320076,0.7322791817578433,-0.01900539779284205,0.03141985576505468,0.7021451610535341,7991349.035685539,0.6697738133733321
CTRN,"Citi Trends, Inc. - Common Stock",N,N,70.75499725341797,0.04250765271968748,-0.07121295655060833,0.3972156024133233,0.43199752017655224,-0.07121295655060833,1.30172406572026,0.0008451390228438882,0.05706551350814282,0.751154523713811,10931481.68534851,0.5253492449025917
CTSH,Cognizant Technology Solutions Corporation - Class A Common Stock,N,N,59.025001525878906,-0.06885940851550687,0.013158644298193689,0.13803136581709907,-0.008297573602406239,-0.3068744146326299,0.5329484776225217,-0.036678342683441945,0.1122878271100296,0.5051567861210233,361074050.4266834,0.5470036923446232
CUE,"Cue Biopharma, Inc. - Common Stock",N,N,30.0,0.05485230086666992,0.06232295478563832,0.22299222014830344,2.7878787513898717,-0.18433928777380149,4.649717575005543,0.08152927779451269,0.022094271958635225,0.8260805899953848,4593594.667922974,1.226227886937133
CURR,Currenc Group Inc. - Ordinary Shares,N,N,3.7699999809265137,0.12202383887842227,0.013440847293478164,0.3561151150090929,0.520161270940217,-0.16035630888514407,1.7318840535892406,0.05101756145928493,0.13581585649913808,3.727344721418571,2426057.101509714,1.0391533442434775
CVBF,CVB Financial Corporation - Common Stock,N,N,22.06999969482422,0.009144894737819875,-0.03286590753855734,0.049030200842739236,0.21049046627956058,-0.05278968165286091,0.2595705455825199,-0.020743223452689308,-0.02258922318593004,0.5385519673604865,18774284.88641739,0.20190862566792525
CVCO,"Cavco Industries, Inc. - Common Stock",N,N,538.5250244140625,-0.025911100306539203,-0.09366685002483299,-0.09149568874088998,0.11706326309375914,-0.2282088155282057,0.18159779900610307,-0.06582338161006351,-0.06417184190815672,0.8235834515856424,51533250.91165161,0.31871420407841755
CVLT,"Commvault Systems, Inc. - Common Stock",N,N,133.0050048828125,0.02945052650500135,-0.04608038535804038,0.041053558695070214,0.6512104263652163,-0.3193541661623611,0.7691540880940346,-0.029640425195186615,-0.04345496680701777,0.5991277056233261,59619085.74838562,0.6074764912821072
CWBC,Community West Bancshares - Common Stock,N,N,26.15999984741211,0.016712021485656425,0.027090716633660694,0.020746677975075345,0.18934600500769094,-0.061947656807092355,0.3446757537405527,0.004049198401497867,0.0009047465124853993,0.40857949951975914,5309054.352001572,0.24726543961664707
CWCO,Consolidated Water Co. Ltd. - Ordinary Shares,N,N,29.020000457763672,0.0034578278425281272,-0.10210393775433779,-0.031604834045915964,-0.07099760410692424,-0.23803911497613883,0.019880337235084644,-0.02679497975783962,-0.020157321815167162,0.7054902345173834,2457157.2492938996,0.2478393154841098
CWST,"Casella Waste Systems, Inc. - Class A Common Stock",N,N,91.30999755859375,-0.014463075501524592,-0.01307824392969581,0.021707449394544387,0.06285640398437131,-0.14933854412326208,0.2179537958094404,-0.012459197680403933,-0.018560421465137145,0.5637020306469822,34503096.14314423,0.3120639892135295
CYCU,"Cycurion, Inc. - Common Stock",N,N,3.619999885559082,0.16025641613458053,-0.23044220057510367,-0.28963898207247685,-0.6350806595042393,-0.9684056945717369,0.6759258063487112,-0.19392550498310446,-0.18121038199294737,0.21683458210880777,6114709.268955171,10.36616373174393
CYRX,"CryoPort, Inc. - Common Stock",N,N,15.390000343322754,-0.010289379128589404,0.029431474225499965,0.052667610382421515,0.8953202660375548,-0.1015761180788044,0.9935234147125145,-0.031740509911471926,-0.019407923208602296,0.5955781128070792,7701021.263145924,0.39315027311387796
CYTK,"Cytokinetics, Incorporated - Common Stock",N,N,74.16000366210938,0.0386554912779673,-0.02995413181877782,0.05716325087678209,0.1924747596032199,-0.15012603888857756,0.5592935559450283,-0.011931112499515173,-0.05873746818066783,0.8742327810578832,126334789.64118958,0.37606725079217534
CZFS,"Citizens Financial Services, Inc. - Common Stock",N,N,82.6050033569336,0.033854840793445584,0.0038279552546074402,0.18600145796466605,0.4377582334084422,-0.012728514823931225,0.5910401154426601,0.01109881230101406,0.06163406891817558,0.9486294935100693,2555352.9738265993,0.35109247723914877
CZR,"Caesars Entertainment, Inc. - Common Stock",N,N,29.704999923706055,0.0011796375909036705,-0.001176861051831568,0.00729061221622862,0.08293837379582536,-0.02318316104056306,0.6375413959857776,0.0010868565601767077,-0.004780939331509693,0.5993669043565347,97231300.42380095,0.10295158263642998
DAKT,"Daktronics, Inc. - Common Stock",N,N,19.309999465942383,-0.0025827036587201535,-0.08915100136699317,-0.04876846346431274,-0.04547701913552504,-0.30364227245908215,0.11812385374093237,-0.012554046603884483,-0.030057692860199436,1.4971801526227262,12727671.676926041,0.30888570174332686
DASH,"DoorDash, Inc. - Common Stock",N,N,196.36639404296875,-0.12981303351835105,-0.07374342432561909,0.30406688574280105,0.19017144981612044,-0.30302264197704176,0.339470572083828,-0.11210838763847253,-0.03840352293970917,0.7766448978294053,843147631.5011139,0.4674991415550054
DAVE,Dave Inc.  - Class A Common Stock,N,N,374.1499938964844,0.09837358444994004,0.20693546418220765,0.30465860760543007,0.8154689725116713,-0.15452060893371367,1.3996280034013244,0.05126514019625139,-0.01276924032750193,0.666169508285447,130060248.56715699,0.7543528209266008
DBX,"Dropbox, Inc. - Class A Common Stock",N,N,33.75,-0.014886116360742996,-0.00968315179942214,0.24584716906234072,0.3467677860834635,-0.06067353984580259,0.5299184413900542,-0.024242167438436546,0.0420461675910615,0.8563992097507044,116728335.85638046,0.3962160444560728
DCTH,"Delcath Systems, Inc. - Common Stock",N,N,16.020700454711914,-0.023127998331767707,-0.06964569723951708,0.3669539325679039,0.7079637803039416,-0.07714862376450837,0.956129581872595,-0.03909629810458892,0.0992044550809652,0.6125220529023759,7278867.949297333,0.6322869248046699
DDOG,"Datadog, Inc. - Class A Common Stock",N,N,214.77000427246094,-0.04051997951133968,-0.12971065185660968,-0.06581117888518051,0.6362182939240932,-0.25465900113947126,1.0929689494082249,-0.07081481830045566,-0.13387946224052605,0.83124076990097,878650196.900869,0.6658834522512322
DFDV,DeFi Development Corp. - Common Stock,N,N,5.96999979019165,0.15697673773881604,1.0947368385829201,0.9258064431776982,0.3092104967336131,-0.6774716522760253,1.4170039356439728,0.3346746781528387,0.6899733416225196,1.914449276749402,8782390.59209771,0.9520068875288396
DFNS,T3 Defense Inc. - Common Stock,N,N,10.088700294494629,0.0008631320292089573,-0.7242017553446429,-0.6536068568413862,-0.9272886465261648,-0.9938948863573406,1.5868461661009627,-0.45022759484313757,-0.5389281936040942,0.22472554304567233,17443548.262738563,6.360981688403184
DFTX,"Definium Therapeutics, Inc.  - Common Shares",N,N,38.45000076293945,-0.0012986814820921122,-0.060131974911954766,0.5535353843611901,1.179705334088776,-0.20639834556306624,3.2533186864148984,-0.0882467922359661,-0.11432466247760309,0.5150411072138221,82490098.89363556,1.2063723174432368
DGICA,"Donegal Group, Inc. - Class A Common Stock",N,N,19.0,-0.006276194245094513,0.017675410945770187,0.09830614618764377,0.12132458844407124,-0.06446305766808114,0.1756990126531841,0.0034592924663838787,0.005569178062331703,0.7154053332686238,2220013.9014339447,0.22868976175467254
DGII,Digi International Inc. - Common Stock,N,N,69.61000061035156,-0.021369277404173714,-0.16714526100324256,0.013541064371627387,0.40201406789623095,-0.18336458992406135,1.0383601024908016,-0.08315605966347628,-0.04235589852093313,0.7620108969168584,26059136.218949128,0.4778488013174458
DGXX,Digi Power X Inc. - Common Subordinate Voting Shares,N,N,3.9286999702453613,0.14874265573194512,0.03659630865128549,-0.37040062270044505,0.6301659047000412,-0.5356146628214579,1.078677248667237,0.023249492736409527,-0.02053665506622493,0.472902509278496,11308256.938528085,0.8863548951349224
DHC,Diversified Healthcare Trust  - Common Shares of Beneficial Interest,N,N,7.550000190734863,-0.010484917759652879,-0.07475486128479569,-0.16298429401296466,0.06150359369980252,-0.21680498736035325,0.8764417440819223,-0.046355925478610116,-0.1199672511168306,0.725402155931906,9631102.079167938,0.33357041663355735
DIOD,Diodes Incorporated - Common Stock,N,N,91.69000244140625,0.05233565168980192,-0.11110032879250609,-0.1568735407686782,0.37363299537687267,-0.253095463947165,1.1645420472208365,-0.023473250947751767,-0.01391422113688856,0.7823168670120588,65898931.84887085,0.8068847094418828
DJCO,Daily Journal Corp. (S.C.) - Common Stock,N,N,635.0999755859375,0.032280062523238895,0.13435016440508374,0.14185537872576992,0.3064137006809109,-0.04456011015564365,0.6957252493950141,0.03608512751493698,0.06628884659467338,1.1820938846001559,40877961.089868166,0.3190884621757189
DJT,Trump Media & Technology Group Corp. - Common Stock,N,N,9.180999755859375,0.013355334507566763,0.030415253994193536,0.1770512219685476,0.005585940939671019,-0.4789444200583354,0.30042490513743414,0.023032382339280177,0.004384638664542306,0.7203354038693093,34068804.56216411,0.6678763366276942
DKNG,DraftKings Inc. - Class A Common Stock,N,N,23.3799991607666,-0.0025597854916358243,-0.07734810497312172,-0.1937931323873585,-0.0751582861658151,-0.49074277415654355,0.12837837526846263,-0.057884912275567024,-0.05342217124530335,0.8023332122264292,213350766.15009537,0.5424820456725656
DLO,DLocal Limited - Class A Common Shares,N,N,14.75,-0.00539446555074985,0.04535792763254154,0.20408163265306123,0.3098733555861817,-0.06527248101399397,0.3622205967384733,-0.0066671140995632205,-0.000528533236622053,0.7094824473038981,39996133.22956409,0.4474877356891655
DLTR,"Dollar Tree, Inc. - Common Stock",N,N,120.7300033569336,-0.08336498972919382,-0.05723875012808999,0.05903511716608412,0.12317430231921822,-0.14503223839109414,0.4196848783769198,-0.06967242331947343,-0.05141957575939782,0.8637725657896197,291259690.2420372,0.36508551720515214
DMRA,"Damora Therapeutics, Inc. - Ordinary Shares",N,N,28.950000762939453,0.028784697614065324,-0.04644268178740929,0.3931664969358968,0.3687943870020365,-0.15202105212347017,10.22093086008858,-0.036333044005193105,-0.028960107722851847,0.5501472662229634,9304955.460007668,0.7532791608874432
DNLI,Denali Therapeutics Inc. - Common Stock,N,N,21.59000015258789,-0.07199653045363175,-0.12555691836432148,-0.0032317495529706752,0.0762712227008342,-0.20654168030059983,0.6933333453010111,-0.09986345482419712,-0.11061860560138925,0.6805618446330342,26071168.559264373,0.4865386954998127
DNTH,"Dianthus Therapeutics, Inc. - Common Stock",N,N,108.47000122070312,0.01735132645342574,-0.00018431784920414085,0.32167663731018425,0.3754755310826716,-0.06459122044588272,2.294957693011873,-0.01615403591950737,0.025513527663661995,0.4890116162021628,60529489.88310242,0.5264468602535304
DNUT,"Krispy Kreme, Inc. - Common Stock",N,N,3.2899999618530273,-0.020833314115565327,0.06472493632333398,-0.2366589314311477,-0.09366395092807223,-0.29999997970905623,0.12671228626428133,-0.03320600172079635,-0.013729849718689846,0.7336010989504479,9166577.634217978,0.51454469670318
DOCU,"DocuSign, Inc. - Common Stock",N,N,64.20999908447266,-0.006652232506744737,0.0820694121901242,0.4259382817037525,0.31308787486420386,-0.24467712656241714,0.5379640499274887,0.018680826574408727,0.13703974710106537,1.1079079308726913,213362855.8157673,0.5445074944016693
DOMO,"Domo, Inc. - Class B Common Stock",N,N,3.8399999141693115,0.043478218616745945,-0.020408204226431526,0.2715231584177784,0.08169013119670887,-0.789011002571567,0.9199999570846558,0.00787399258959387,0.04313808144489517,0.5955578783725074,3997180.651359439,1.33225345238728
DOO,BRP Inc. - Common Subordinate Voting Shares,N,N,63.029998779296875,0.02089402438872945,-0.033874910435887085,0.048584630557002795,0.02059607043974676,-0.22392691028714395,0.24108940475249763,-0.017305914727944183,0.01173696454963924,1.548157061740311,19397386.37933121,0.3730251057268487
DORM,"Dorman Products, Inc. - Common Stock",N,N,128.30499267578125,0.008845670450589482,-0.03566336164705464,0.0034803070804432235,0.2713534978567087,-0.21593135447116374,0.27666659378886815,-0.019957244061372004,-0.04888459297524683,0.5587891033014034,20783628.793226622,0.47275495437035847
DOX,Amdocs Limited - Ordinary Shares,N,N,59.36000061035156,-0.05175715563489913,0.03252737654007043,0.06425214365426157,-0.058814350054717024,-0.2870379177536899,0.2036057894231229,-0.024494449410336294,0.04988363235614557,0.7563810718297502,61401787.39865112,0.34035979812118733
DPRO,Draganfly Inc. - Common Shares,N,N,6.03000020980835,0.12081785902247666,0.36117391500436535,0.005000034968058342,-0.0918674200215166,-0.5620915025889799,0.5868421803881265,0.21358494788595705,0.28020046330548,2.2938745738674537,9237767.922829127,0.800503170548366
DPZ,Domino's Pizza Inc - Common Stock,N,N,327.5899963378906,-0.03754737186777224,-0.08325404462104835,0.017707854950637536,-0.1255035019064722,-0.27248861796701107,0.15743913278020072,-0.042280128781375104,-0.02243165252125867,0.9146262292923817,262502075.15073854,0.38526309745683524
DRH,Diamondrock Hospitality Company - Common Stock,N,N,11.895000457763672,-0.008749961853027344,-0.009575334631685584,0.005282467030824023,0.27895673783903807,-0.11098652047652069,0.6345104571980611,-0.041749703985084485,-0.045781590742985045,0.8760148153735796,26769075.225888442,0.2501846465931665
DRS,"Leonardo DRS, Inc. - Common Stock",N,N,36.790000915527344,-0.02413792649857649,-0.1745757134206748,-0.24039869255306578,-0.20454229219658193,-0.258131377268936,0.13706040394427377,-0.08308095731080523,-0.1465695820504297,0.8497278356065453,31228614.921492003,0.3394513867383108
DRTS,Alpha Tau Medical Ltd. - Ordinary Shares,N,N,14.837800025939941,0.06287965511420479,0.03978973720826717,0.5063755788125139,1.0297948210787595,-0.012787738552624384,3.276023026974623,0.022176390700807458,0.10334983212788007,1.0791180181727544,8970725.832380962,0.6428829054358935
DRVN,Driven Brands Holdings Inc. - Common Stock,N,N,12.918999671936035,0.009296834330307924,0.0469205439374909,-0.03804918999464291,0.21762489066676394,-0.304308029927605,0.2542717895827842,-0.002486278404338682,-0.06744782298220575,1.0221375191884021,11787333.407226562,0.4848506289109471
DSGN,"Design Therapeutics, Inc. - Common Stock",N,N,15.164999961853027,0.0016512297201696224,0.03727770728864854,0.38240652622704285,0.47233006611925754,-0.04861980168958302,1.7423145364362642,-0.0020564315317335158,0.07355231188997235,0.8132525928188765,8325681.928269625,0.5634753779420264
DSGR,"Distribution Solutions Group, Inc. - Common Stock",N,N,34.7400016784668,0.0011527641108892706,-0.0037280544135348537,0.25324684484138205,0.3570312953437671,-0.006292832144368377,0.7990679771762172,-0.00113568942021669,0.05067055303394796,1.0384823885776768,7152016.945948792,0.53832318446385
DSGX,The Descartes Systems Group Inc. - Common Stock,N,N,74.37999725341797,-0.07522072645533096,-0.06062140734096522,0.019322954763975053,0.04525004813937561,-0.30479485242979354,0.18401779074739766,-0.04707000418681284,-0.01321379227885111,1.2897081470315594,45438252.55803871,0.405324042182388
DSP,Viant Technology Inc. - common stock,N,N,13.199999809265137,0.04513061675846641,0.0007581674905212665,0.18918913113743097,0.12054330292720539,-0.06316538918981407,0.6216215297942957,0.02827762865911332,0.05416995207421138,0.6603757282241386,2724128.712204027,0.6003297101119449
DTIL,"Precision BioSciences, Inc. - Common Stock",N,N,7.380000114440918,-0.034031381752402834,-0.017310267706912352,0.2098361032491607,0.049786613682350156,-0.20474134409505507,1.0672269614686853,-0.06505350705243729,-0.06001628738523701,0.4925051630353899,2008346.906656742,0.5870715709868803
DUOL,"Duolingo, Inc. - Class A Common Stock",N,N,143.32000732421875,-0.09731055320581128,0.058180779243721004,0.16871899644623123,0.43248378763243545,-0.5872951540348155,0.5919139094465515,-0.01569986599699058,0.05213783291703922,0.842575861733583,166801472.16644287,0.6441944831344517
DUOT,"Duos Technologies Group, Inc. - Common Stock",N,N,8.869999885559082,0.030197472618968213,0.011402442711035965,-0.24058222142096164,0.17795479925821112,-0.39412570508547473,0.40905477014404035,-0.0816141711901418,-0.039263481843089476,0.7701024921214877,13923647.35949769,0.8000590011298606
DXCM,"DexCom, Inc. - Common Stock",N,N,83.19499969482422,-0.0770468132000206,-0.07075839574274156,0.10382110472454564,0.22960383079929803,-0.09903613824721225,0.517049589047061,-0.06958668894384146,0.017370935568342682,0.615774265794135,340546875.01322556,0.4398192946464844
DXPE,"DXP Enterprises, Inc. - Common Stock",N,N,188.39999389648438,0.028945863551596007,-0.03384618514623394,0.11538683211068501,0.43389903928508167,-0.061939865904385605,1.2027358422234409,-0.007195754667332688,0.06551922198270543,0.634094697765232,21302380.418800354,0.5493196489926586
DYN,"Dyne Therapeutics, Inc. - Common Stock",N,N,19.56999969482422,-0.22031874910759264,-0.2673155984419011,0.07586581199834441,0.06998352734964697,-0.2692307993635239,0.5820533448565768,-0.22259520339344174,-0.20812832811059379,1.246218479389317,55917985.12885781,0.5381710332749835
EBAY,eBay Inc. - Common Stock,N,N,101.69999694824219,-0.03124410653273968,-0.0377398111937457,-0.06077521217250226,0.11465639456329546,-0.14011424914777593,0.29245642039029396,-0.020617470717640307,-0.06527335453618976,0.9836164873584035,426094719.1533569,0.3274535332398074
EBC,"Eastern Bankshares, Inc. - Common Stock",N,N,21.594999313354492,0.01123902693466916,-0.06002420923554108,0.04778984528486663,0.18150973623799826,-0.08069183101811972,0.3274528098808833,-0.037467953214443295,-0.04245839156158582,0.5287053418412263,37221097.12870703,0.22549452705215622
ECHO,EchoStar Corporation - Common stock,N,N,91.98999786376953,0.069153845710483,0.04557847640181878,-0.19363607654914894,-0.1462645209858976,-0.35126942253878046,0.3744209987199989,0.03611008569066221,0.013963327897435818,0.3862163551060645,231110435.23883516,0.42714078536670064
ECPG,Encore Capital Group Inc - Common Stock,N,N,99.08000183105469,0.06526179502644869,0.05979253497717174,0.21809695465772028,0.44769138364482597,-0.04491995497083301,1.4446090504613025,-0.006398035824573767,0.04011607883475188,1.0022540181539712,35950559.90492783,0.3945838780443741
EDRY,EuroDry Ltd. - Common Shares,N,N,58.029998779296875,0.1204865370430741,0.5111978248279165,1.5837044142808954,1.9501778624410862,0.0,4.167408828561791,0.20485428200474187,0.6910478747408957,1.1951634741205963,6635525.746100617,0.8888679241220814
EEFT,"Euronet Worldwide, Inc. - Common Stock",N,N,71.15499877929688,0.04424712968380895,0.009720413604768163,0.0674316662203025,0.05134453987074439,-0.2209875012904987,0.11650712836016441,0.0038549987128406737,-0.04498779244032769,0.8259092297037387,40529692.17460785,0.43550395426266697
EFSC,Enterprise Financial Services Corporation - Common Stock,N,N,62.81999969482422,0.00031847863067913096,-0.05120071645558211,-0.016131598387969293,0.2027140861230461,-0.08318735008021882,0.22916237020390673,-0.02228724942308291,-0.03907046563027694,0.7544455476698994,11449296.749402618,0.1845487067078003
EGBN,"Eagle Bancorp, Inc. - Common Stock",N,N,27.475000381469727,0.024804212188520136,-0.032229624087710906,-0.03697515216558389,0.14468160750507653,-0.056480263478932424,0.7408565173595438,-0.016299524123168707,-0.008646413994433555,0.6070291085906779,5478030.790452575,0.24632955043021315
EH,EHang Holdings Limited - ADS,N,N,4.784999847412109,0.07770265444717772,-0.17071059562746105,-0.27828057845884224,-0.571620428403819,-0.7538580393025658,0.07770265444717772,-0.06130458923703652,-0.10363046369636608,0.7430424418430354,3586001.752353287,0.6378917845637619
EIKN,"Eikon Therapeutics, Inc. - Common Stock",N,N,11.25,0.034007342065004664,0.09970679407681526,0.2857142857142858,-0.041737630380847435,-0.3081180909200001,0.34569383516833896,0.010055664252184515,0.0642122021781113,0.7441577484654012,5165167.071208954,0.8679369182180114
ELE,Elemental Royalty Corporation - Common Stock,N,N,21.56999969482422,0.04963506061470646,0.11185567623523185,0.40963307495214907,0.0781041430520295,-0.107285297261284,0.7194862960924684,0.002556339179990097,0.1699680916166122,0.6089823849350836,5822743.024462509,0.5957652376252095
ELVA,Electrovaya Inc. - Common Shares,N,N,7.199999809265137,0.100917408449817,-0.01773535004011162,-0.2421052832352487,-0.05138344341004775,-0.412724333209755,0.702127606808423,0.02996921711063605,-0.12483288529651071,0.3430069685800962,3574316.0133630754,1.3766825666661384
ELVN,"Enliven Therapeutics, Inc.  - Common Stock",N,N,59.33000183105469,0.02540617361210562,0.009356976236473358,0.28614785296554457,1.1772477736166858,-0.029762872435154186,2.918758288352431,0.00021076254671403838,0.059042594772089174,0.6353147003084256,46469120.99904785,0.4091624498930088
ELVR,Elevra Lithium Limited - American Depository Shares,N,N,56.33000183105469,-0.05008427393283521,-0.0756481276590284,-0.27828315658488567,0.1250250084758353,-0.44952603514993894,2.4965859526324015,-0.08637506828371844,-0.06824794795333433,0.3164068374354572,2277980.2480888367,0.8504949738871972
EMAT,Evolution Metals & Technologies Corp. - Common Stock,N,N,3.240000009536743,-0.07954544684857368,0.39655176843389306,-0.5242290694918393,-0.5199999985871492,-0.8294736837085924,0.43362832885349034,-0.005219518564222758,-0.21477388052454727,1.9372034496460866,4412000.618563652,1.3498621728967382
EMBC,Embecta Corp. - Common Stock,N,N,5.480000019073486,0.04380952744256872,0.12521935495177994,0.7713131374782987,-0.3783507840290731,-0.630275353084293,0.8992454343730845,0.04583632756157208,0.301983873929057,0.7107315067870952,7232619.451089764,0.8030775263261127
ENLT,Enlight Renewable Energy Ltd. - Ordinary Shares,N,N,77.44499969482422,0.03356465206733383,-0.06286301710059006,-0.19100598580293493,0.00905537061660211,-0.2790448611531139,1.756049773789134,-0.031662136243911676,-0.07517205316534359,0.6198618332066937,12039433.5866951,0.6313363412984508
ENPH,"Enphase Energy, Inc. - Common Stock",N,N,38.29999923706055,0.07765892657384166,-0.09456264945970627,-0.2984063174573027,-0.11506468767782241,-0.47048253466770207,0.46630926517935833,0.00612076678972473,-0.04213603156935408,0.782971606381364,140311255.00321007,0.6377856627091151
ENSG,"The Ensign Group, Inc. - Common Stock",N,N,168.1300048828125,-0.02927247202518579,-0.0669810891778011,0.12605688859274666,-0.1790901542460599,-0.22043423918572758,0.1432006515638049,-0.04910296771376066,-0.037584158830669345,0.4176642599822533,47458346.94024048,0.2510703714450356
ENTA,"Enanta Pharmaceuticals, Inc. - Common Stock",N,N,13.5,-0.0007402093791573083,-0.0014793237490008382,0.1344538178789738,0.06299214194879221,-0.19881307451801522,0.8828451682496952,-0.007717755695846207,-0.0034988275776858258,0.9248275072224905,3035613.9947141646,0.4384088643565945
ENTG,"Entegris, Inc. - Common Stock",N,N,141.3699951171875,0.09157594867881458,-0.05885101658718983,-0.05999372979049589,0.22501791945033522,-0.23103398305072087,1.0596692973059616,-0.01840024881510105,0.004457659616788456,0.6352089519311099,283975146.75704956,0.8788723757552873
ENVX,Enovix Corporation - Common Stock,N,N,3.3399999141693115,-0.0029850718650553665,-0.3084886196837592,-0.4984984998960409,-0.3099173948613507,-0.746777860468116,0.06539072546400937,-0.05769503972548273,-0.21557576987945937,0.6616150507378836,30493695.17456174,0.9323594049659211
EOLS,"Evolus, Inc. - Common Stock",N,N,8.96500015258789,-0.012665173137052843,0.07494004659053433,0.33209511547996917,0.8561077213659776,-0.036021508739399466,1.2753807163425281,0.034592194508902496,0.22163931180423857,1.0266025014210531,8010149.0349292755,0.6135282226506178
EOSE,"Eos Energy Enterprises, Inc. - Common Stock",N,N,4.130099773406982,0.35858546882661346,-0.025919812180131063,-0.3184653774909726,-0.21778416490689978,-0.784778548282109,0.35858546882661346,0.12032936112715698,0.0343086116972402,0.9383062613410216,90201897.6324251,1.0973936490898837
EPRX,Eupraxia Pharmaceuticals Inc. - Common Stock,N,N,8.170000076293945,0.288643514142358,0.21940303117561433,0.3526490277969223,0.08788279990643577,-0.09922818619760887,0.541509392881955,0.1444580694870583,0.21164485090999507,1.424047570407688,3841884.484058189,0.6961708578336216
EQIX,"Equinix, Inc. - Common Stock",N,N,1039.739990234375,0.011823806010370363,0.011921656160603478,-0.010552610818909125,0.07838758737910934,-0.0638313259818557,0.45381036467255575,-0.01945726694085126,-0.0005484003031185347,0.8027359598496935,525498017.89611816,0.28001691170244924
EQPT,EquipmentShare.com Inc - Class A Common Stock,N,N,19.729999542236328,0.17091982763002145,0.008175771584422842,-0.009538179384031675,-0.1960065686162038,-0.43026280872967504,0.2331249713897705,0.03694747950547517,0.05294053104755614,0.6827372424089624,44145848.18722286,0.8761352375784697
ERAS,"Erasca, Inc. - Common Stock",N,N,16.600000381469727,-0.009546530144813992,-0.09339154201797495,0.18149467303327405,0.22962965788664635,-0.2612371656102399,9.709677994933529,-0.057755057548554034,-0.09129723948316104,0.9221514902921434,59843061.47806454,0.6863464793383821
ERIE,Erie Indemnity Company - Class A Common Stock,N,N,238.1699981689453,-0.06997539312430334,-0.07196857631415599,0.05674714045351403,-0.012101773199300503,-0.28182943524487414,0.15582352573104852,-0.07249076472610139,-0.03373976824221436,1.2816002843023462,77651662.98457031,0.500789646789871
ERII,"Energy Recovery, Inc. - Common Stock",N,N,7.639999866485596,-0.011642969258191305,-0.01036268469951196,-0.08283314088116756,-0.22906155558814667,-0.5781336494202756,0.007915559813120199,-0.023205292462610716,-0.07985067056714368,1.0052095546471727,7575787.583155131,0.3995529487816261
ESEA,Euroseas Ltd. - Common Stock,N,N,74.0,-0.03557934624652792,0.02749241112501788,0.03467566377709019,0.09208920217131378,-0.06789267453189118,0.4427967324488724,-0.020068730978323623,0.0009360101834730017,0.6180595907493855,2739678.9110183716,0.32012181322875
ESLT,Elbit Systems Ltd. - Ordinary Shares,N,N,717.22998046875,0.012036077486657248,-0.07582985687709176,-0.15912566957765717,-0.24606047198756753,-0.29122265656335966,0.5823899521819424,-0.02482370197624284,-0.06670031908199892,0.7619141752393814,54528760.483947754,0.3836887914146169
ESQ,"Esquire Financial Holdings, Inc. - Common Stock",N,N,117.19499969482422,0.05051095607339762,-0.11696260323000851,0.015164637469641917,0.1165705769916281,-0.11696260323000851,0.2703748763717373,-0.008283594664442284,-0.03601995590633289,0.9675859235066686,17226618.298638918,0.34238108251329435
ESTA,Establishment Labs Holdings Inc. - Common Shares,N,N,74.8499984741211,0.07620410050045745,0.0076736632228255885,-0.08875092488065017,0.14274806830719222,-0.2174595161520222,1.0317589078202847,0.017218627779008733,-0.09734668972400129,0.583689383156893,28571200.123464964,0.4585060244103182
ETON,"Eton Pharmaceuticals, Inc. - Common Stock",N,N,60.380001068115234,-0.0008273909781242317,0.4359096828448843,0.9113643803882296,2.1745530817518484,-0.06285890451462872,3.207665467806149,0.019312600451073303,0.24016680234892518,0.862193071747367,40490952.93873024,1.0413836087192432
ETOR,eToro Group Ltd. - Class A Common Shares,N,N,30.8799991607666,-0.02923609936465088,0.05284688854730457,-0.1983385567550593,0.02796265711180701,-0.3199735902988241,0.24717281402711633,0.017865355300878738,-0.10713513626697391,0.8665876629286767,41064915.11092882,0.5182107297321046
EVER,"EverQuote, Inc. - Class A Common Stock",N,N,24.020000457763672,-0.03262180702501927,-0.042646460275682974,0.2022022526570666,0.49192545892169415,-0.13814138017713906,0.6832515548165563,-0.04277998978582076,-0.04786819049675983,0.630065828729372,11986162.365095139,0.4975057092293113
EVLV,"Evolv Technologies Holdings, Inc. - Class A Common Stock",N,N,5.079999923706055,0.003952565445193956,-0.15754564727162568,-0.1658456820321499,-0.04690431586838939,-0.42009134806215775,0.0367346581296597,-0.044663859283224805,-0.0958280121639915,0.7743050352905987,10274995.444991399,0.4590400686014011
EVRG,"Evergy, Inc. - Common Stock",N,N,82.23500061035156,0.008770902805796066,0.010869843511129407,-0.011071548204718784,0.025464444649096807,-0.059098501168237116,0.19694017367932393,0.00199042148558104,-0.01507201324831986,0.9762237398820814,155234581.13472977,0.16341262125599554
EWBC,"East West Bancorp, Inc. - Common Stock",N,N,127.67500305175781,0.007218372515835014,-0.04032614631027809,-0.03144476087917536,0.24261333601440005,-0.06533676905544528,0.388665179747248,-0.024344563867648494,-0.024937489666563284,0.7431677011267978,83570233.50308228,0.18750243211193268
EWTX,"Edgewise Therapeutics, Inc. - Common Stock",N,N,43.2599983215332,0.023905285716762315,-0.023696750602917538,0.24203261691942468,0.45705616515261904,-0.10527404991154798,2.1576641550226165,-0.007035258282910961,0.021851904396611,0.6746012025830469,45454690.46446629,0.6629572590673392
EXC,Exelon Corporation - Common Stock,N,N,43.93000030517578,0.011824905226965887,-0.011627212383684138,-0.04028811392550635,-0.0910587970279576,-0.10985573167884,0.06582948910184316,-0.005088676093624178,-0.02912006653708954,0.9234695877506163,274596717.3721592,0.19514929652228216
EXE,Expand Energy Corporation - Common Stock,N,N,97.63500213623047,-0.023454702360144464,-0.0001873494143924681,0.10634821571603603,-0.06353648549691404,-0.19151115505698846,0.12963313271214116,0.008133953188093734,0.05101043588933796,0.5650830200359135,220385675.50162697,0.263490359590059
EXEL,"Exelixis, Inc. - Common Stock",N,N,57.31999969482422,0.007558451569504188,0.11669584356308316,0.07886313838648729,0.38923902148850686,-0.0306105418669953,0.659525135364319,0.04208708250325399,0.0390759226603854,0.7335739526029733,110786487.37803726,0.3445202408519401
EXLS,"ExlService Holdings, Inc. - Common Stock",N,N,35.16999816894531,-0.06012827659268205,0.00773629315936275,0.21948675391353678,0.14972206582254488,-0.20303654389992065,0.39452811762457496,-0.03958279017818722,0.0777301170840996,0.7370636272075103,70300496.44695434,0.5373884793469127
EXPE,"Expedia Group, Inc. - Common Stock",N,N,265.7250061035156,-0.12656543895185568,-0.1711836371896832,0.18328103049668165,0.11095258889203974,-0.21532133898490668,0.4177052515703634,-0.15951430333346284,-0.0980900813511989,1.0130894105271637,459745834.52746737,0.4890991829435357
EXPO,"Exponent, Inc. - Common Stock",N,N,67.42500305175781,-0.03663289760764199,-0.009148318921418874,0.18648755363677516,0.055496598565520694,-0.14319223336814524,0.26848391890801815,-0.02273864106438961,0.02876307610907758,0.6390090164777378,23948533.970954895,0.27982494312843964
EXTR,"Extreme Networks, Inc. - Common Stock",N,N,21.584999084472656,-0.008953241323468752,-0.09686194857772046,-0.3061716920284968,0.4457467276132465,-0.3596855630169673,0.5709606582268572,-0.05288449401192208,-0.1996218133297194,0.6626799055349939,31070770.00326729,0.5838391237009256
EYE,"National Vision Holdings, Inc. - Common Stock",N,N,16.600000381469727,-0.005392459539125594,-0.2475067641276305,-0.10800645690273647,-0.40671906172079386,-0.436524070015365,0.0751295876044078,-0.07510583284974348,-0.155714671493422,0.8785460581216016,39961301.61314287,0.4610684078469602
EYPT,"EyePoint, Inc. - Common Stock",N,N,4.539999961853027,-0.00873361627060032,-0.6521072877013212,-0.6515732881893326,-0.6671554363944343,-0.7591512005317506,0.013392844313413477,-0.27487621997313894,-0.5639143994214271,0.9388507429118997,37776837.09007883,1.6061755511471258
EZPW,"EZCORP, Inc. - Class A Non-Voting Common Stock",N,N,33.0,0.03773587395376232,0.2235817886602498,0.05600000000000005,0.2765957258420648,-0.07277325488855224,0.9654555211775895,0.037328094302554016,0.042779229446725076,0.640215748669496,31642473.903839875,0.5581507667812073
FA,First Advantage Corporation - Common Stock,N,N,20.475000381469727,0.01512148259901358,-0.032829461139325944,0.241661653466557,0.9225353159491783,-0.1511194167056057,1.2877095885827599,-0.019290854306364902,-0.016012897703369444,0.5479328865249044,36722730.64730444,0.6492439534896867
FANG,"Diamondback Energy, Inc. - Common Stock",N,N,203.80499267578125,0.0031747834320017265,0.0159504946616551,0.06660787101968468,0.08632688909075692,-0.03573179026131679,0.5514313312707309,0.0028502464451469756,0.04319015222093103,0.8959882396967823,349429199.52603453,0.330695926606838
FAST,Fastenal Company - Common Stock,N,N,49.130001068115234,0.007794893704927919,-0.062046581399906486,0.06076019114732878,0.101660025753888,-0.062046581399906486,0.27554504986943607,-0.024646852818904996,0.009576711850594721,0.7073754680441976,284699841.269474,0.24025639864730958
FBIZ,"First Business Financial Services, Inc. - Common Stock",N,N,71.80000305175781,0.0286532938761761,0.01069833667584752,0.1900964087389092,0.4060581413095177,-0.014142506568737723,0.5399921830133787,0.015788617632922497,0.05289796488360943,0.8745103459985644,3551632.323829651,0.22251612908031548
FBNC,First Bancorp - Common Stock,N,N,63.93000030517578,0.026493281281620762,-0.01962887283035797,0.03869293836861609,0.22083998308774522,-0.03632794943852524,0.3976129224228975,-0.010624206364790001,-0.004475416282892386,0.5725845616898075,10338327.121272277,0.21429262952590916
FCBC,"First Community Bankshares, Inc. - Common Stock",N,N,48.584999084472656,0.009663345031368564,0.0005147798697424655,0.10949346269719751,0.24762142846927215,-0.01947528087681838,0.6290516152740353,-0.007319714570628411,0.029889209168183717,0.8210792573308874,3784854.087214279,0.21747568299234799
FCEL,"FuelCell Energy, Inc. - Common Stock",N,N,16.920000076293945,-0.009367672606955812,-0.11875003104408455,-0.0011806645297006702,1.4918998779605865,-0.530130495280358,2.266409389384224,-0.09479991761727447,-0.1914210321440063,0.6875886815872915,156270446.71130037,1.6289333115872682
FCFS,"FirstCash Holdings, Inc. - Common Stock",N,N,225.13999938964844,0.04444239162904351,0.08263869378145006,0.003110062533699498,0.18900782371825953,-0.047751950411870525,0.5606933878796321,0.02566818078707911,0.051149375171966716,0.8177879973095811,86269114.30612564,0.397637664271763
FCNCA,"First Citizens BancShares, Inc. - Class A Common Stock",N,N,2139.070068359375,-0.0009760334752116906,-0.049713302198799214,0.015417448948844559,0.2063100852775439,-0.06555610125737166,0.31081000009724513,-0.023737634696341603,-0.010434234730557157,0.7775945082191729,116395726.64188233,0.26321577921009803
FCUV,Focus Universal Inc. - Common Stock,N,N,5.525000095367432,-0.513215866989073,-0.07916665077209473,0.6641566886933361,-0.6997282494613035,-0.9716956957902392,2.0865922978277003,-0.421587092078029,-0.1394080864317171,0.13711522577940258,3934082.545448303,11.007559149243878
FDMT,"4D Molecular Therapeutics, Inc. - Common Stock",N,N,14.3100004196167,-0.0027874537135678112,0.24760244868970394,0.6206116130531769,0.6717289390340326,-0.14618137087153205,1.1681819130894908,-0.019611176602319036,0.1362734315664773,0.7815990103830388,16371271.633630563,0.790621973901143
FDUS,Fidus Investment Corporation - Closed End Fund,N,N,19.59000015258789,-0.0025457860801614274,-0.011604417042266113,0.0767876240528651,0.14638596281311633,-0.05270793696821585,0.1977034808702507,-0.004345498656017521,-0.011873653588161281,0.715128549972871,6059182.281410789,0.25696778791010305
FEIM,"Frequency Electronics, Inc. - Common Stock",N,N,64.16500091552734,0.08791118029049771,-0.1546113356315334,-0.1476487519129227,0.5097647274241728,-0.19643078094331035,1.3703362260397691,-0.02380579222751167,-0.023876332166433478,0.6225768362430628,13813251.61835289,0.9514085983736542
FELE,"Franklin Electric Co., Inc. - Common Stock",N,N,99.16999816894531,0.0075180113936321735,-0.08014098493001709,-0.040040949477231025,0.09116121814007117,-0.09656559798617914,0.10912676386592968,-0.0278404170278993,-0.04731348752080866,0.6196748197315272,18410357.470832825,0.2444592084004848
FENC,Fennec Pharmaceuticals Inc. - Common Stock,N,N,12.199999809265137,0.014131344976510585,-0.045383406559055706,0.35555553436279297,0.6331994848626539,-0.045383406559055706,1.114384722633245,0.019129538734082185,0.10250592675188641,1.2658040017796977,2959825.674482727,0.6127010322209954
FER,Ferrovial N.V. - Ordinary Shares,N,N,56.95000076293945,-0.012998266725877117,-0.13278510201222238,-0.1617603956953776,-0.10576935690163303,-0.2268355191089294,0.05029935334106406,-0.06709311098259307,-0.10110124065120463,0.764108009919025,70060790.86902007,0.23059653605510289
FFBC,First Financial Bancorp. - Common Stock,N,N,32.38999938964844,0.011555244428332223,-0.03970118561929781,0.01084087529404032,0.24217721927134894,-0.09756326977827234,0.44241750285439463,-0.015479495282221145,-0.03516091841168567,0.6551204829527346,20087561.803795625,0.21398695361046832
FFIN,"First Financial Bankshares, Inc. - Common Stock",N,N,32.810001373291016,0.006441807024519575,-0.05718384791371678,-0.024962856300077108,0.15523628870078077,-0.10109585278654754,0.15523628870078077,-0.03055189970380412,-0.04847798372954437,0.6282664870376816,19310491.252324104,0.20916485114155067
FFIV,"F5, Inc. - Common Stock",N,N,393.8399963378906,-0.004750846247379759,-0.04869566101958789,-0.005856238143105208,0.39560587987840545,-0.08676903162913452,0.7582927214576554,-0.0032155681947442227,-0.025685364812868428,0.6749997158081438,170409935.51986235,0.3480143707634092
FGI,FGI Industries Ltd. - Ordinary Shares,N,N,7.679999828338623,0.06963788467327792,0.6879119794274642,0.2631578823536056,1.047999954223633,-0.344709927187944,1.2735345709407841,-0.02775581628529189,0.3206768152420496,0.015617655999683303,62498935.833961226,3.2043321066277812
FGL,Founder Group Limited - Class A Ordinary Shares,N,N,8.5,-0.506674392000781,-0.8880105424358676,-0.9517045454545454,-0.98,-0.999375,0.12285334309768148,-0.6781217480991476,-0.8890266991608434,4.918016601135813,4104311.010913181,1.5463877638526866
FHB,"First Hawaiian, Inc. - Common Stock",N,N,25.6200008392334,0.014653498583500957,-0.05849617570511367,-0.09853224389735815,0.10679053824397622,-0.14755737249653744,0.1712390497102565,-0.026426308240062868,-0.0718841391686712,0.7027191014610208,42345604.41828708,0.2062518423872731
FHTX,Foghorn Therapeutics Inc. - Common Stock,N,N,4.800000190734863,-0.15641473770394954,-0.2716236601527384,0.1483254516406678,-0.01639342660450327,-0.32107495414573484,0.3597734361581568,-0.21741253665804705,-0.1495694387397043,1.0633896104157128,2307921.4047527313,0.8409806146443066
FIBK,"First Interstate BancSystem, Inc. - Common Stock",N,N,37.0,0.018722475520083437,-0.026827996987974445,0.009335228656284,0.1847058052591024,-0.06871139325243303,0.329675239279299,-0.016846474000196232,-0.024776860222940678,0.7126871657307429,31286603.448727418,0.19884449814519733
FIEE,"FiEE, Inc - Common Stock",N,N,3.7899999618530273,-0.07560974390006048,-0.0026315764707210976,-0.14446950141883275,-0.45231215027922533,-0.5077922005539981,1.3987340879180556,-0.13093327409078992,-0.013277801928133548,0.04223699493901122,2586670.649257469,1.1777082009951423
FIGR,"Figure Technology Solutions, Inc. - Class A Common Stock",N,N,39.20000076293945,0.16320474407966357,0.4080459966985879,0.4035087839105822,0.16389549904236156,-0.46962523581857585,0.5736652349683546,0.08674561187863161,0.21901542759168624,0.9203315902309923,170394023.57454777,0.8519059950108251
FIP,FTAI Infrastructure Inc. - Common Stock,N,N,3.4700000286102295,0.026627192639665953,-0.1996642647450707,-0.2743844806737815,-0.2987496514041259,-0.4502074022632322,0.02967363396054168,-0.08330028952132995,-0.1355767938794884,0.7440115742839647,3594243.355275154,0.6923842053176675
FISI,"Financial Institutions, Inc. - Common Stock",N,N,40.95000076293945,0.022727268396720124,-0.016570572450116727,0.08047491066663803,0.3629688269739615,-0.040983605825105185,0.6383096384410414,-0.003710217117087966,0.009844464191549385,0.713575660643564,5497072.533282089,0.22004836511248244
FISV,"Fiserv, Inc. - Common Stock",N,N,50.4900016784668,-0.02283716919478651,-0.042298928122190715,-0.06117510553192118,-0.11514194771645314,-0.6298658432446667,0.07015687477492238,-0.0374331298013616,-0.033188288224969775,0.7591222061359583,322665113.6497486,0.4367150644239501
FIVE,"Five Below, Inc. - Common Stock",N,N,252.49000549316406,0.030235040014474412,0.07791154188874283,0.27205400022954684,0.18835602222682812,-0.038938777710133876,0.8231640947232621,0.02384956238639413,0.14264795723125157,1.1828926168692686,287536751.5342941,0.37386025648085497
FIVN,"Five9, Inc. - Common Stock",N,N,30.950000762939453,-0.09050831991893071,-0.05148636991058553,0.4578427428302827,0.9789002610957778,-0.10471504089792483,1.2740633022540138,-0.058547951743068594,0.06887788557701846,0.5276830973565446,52987789.60826321,0.7386486679359873
FIZZ,National Beverage Corp. - Common Stock,N,N,30.7450008392334,-0.029820122401342908,-0.0027570251275705893,-0.0792201309854389,-0.009793070716600405,-0.15703574390367248,0.09721313696007172,-0.03797861980878181,-0.0181751829636978,0.6334476200604587,9587376.26687622,0.35270442715352607
FLEX,Flex Ltd. - Ordinary Shares,N,N,113.79000091552734,0.06485120967241009,-0.07041910373907012,-0.23993056033316362,0.7933806075222463,-0.29789599695709235,1.0875069605455598,-0.0018902519170790333,-0.06324244873957496,0.4780493058208181,312204836.17338943,0.6829677719910489
FLGT,"Fulgent Genetics, Inc. - Common Stock",N,N,19.920000076293945,0.016845325223872498,0.048421056647049765,0.06638114297967057,0.31571992236310154,-0.3542949812000963,0.4445250276575925,0.021590850928242977,0.012256854143823714,0.915016824802226,4598907.81000042,0.5113468809338533
FLNC,"Fluence Energy, Inc. - Class A Common Stock",N,N,10.654999732971191,0.022552749995835786,-0.18726163142618102,-0.550611550215158,-0.3336460359294865,-0.6694073880141334,0.5761833390845348,-0.06643596938385643,-0.21017910952938368,0.6434913210346108,63902898.90114398,0.8254309818106785
FLXS,"Flexsteel Industries, Inc. - Common Stock",N,N,84.0,0.060338282070711236,0.11627906976744184,0.33665679070589305,0.874410769796377,-0.0023752607540488135,1.4891181811656415,0.05782792421803751,0.10102710240498647,1.0062201507657171,6759259.683857727,0.36018029485812786
FLYW,Flywire Corporation - Voting Common Stock,N,N,17.829999923706055,-0.01952155912356146,0.020606790183235413,0.21210060349885018,0.4735536662471025,-0.08751284092635059,0.6757518184569855,-0.04164258869349324,-0.006198025149554698,0.5822373015242868,25360995.512261868,0.4681045125670352
FMBH,"First Mid Bancshares, Inc. - Common Stock",N,N,50.10499954223633,0.006326543902728687,-0.024844526820677837,0.07900210547415054,0.29918998482087034,-0.04227795185083749,0.46640194589527817,-0.01184703599983572,-0.0013738357742398843,0.6785616129510997,5456174.555783272,0.20230820267511285
FMNB,Farmers National Banc Corp. - Common Stock,N,N,15.710000038146973,0.022121025056567323,-0.021793240313465523,0.08121130948806199,0.29232473537087,-0.040903489435116236,0.29232473537087,-0.007611878978936226,0.021217404955297114,0.695602496951249,5468755.226666832,0.2149072480074874
FNKO,"Funko, Inc. - Class A Common Stock",N,N,5.639999866485596,-0.09032257419471046,-0.048903873566262024,0.04832709043012651,0.6114285332815987,-0.20563381095179456,1.0071174310796356,-0.09346621568644431,-0.051223840971742374,1.1925891086708702,6439117.045337749,0.615244827767748
FORM,"FormFactor, Inc. - Common Stock",N,N,113.79199981689453,0.1926631951496851,-0.06011398278908908,-0.1825874985353383,0.18311498706421814,-0.2884886823725439,2.8665307046185187,0.010621138817158204,0.006662838035590202,0.682274636301181,114481511.3503704,1.1356100821687962
FOSL,"Fossil Group, Inc. - Common Stock",N,N,5.065000057220459,0.03790982345104621,-0.03339689342397856,0.15375859026511396,0.15375859026511396,-0.1683087142340821,1.8296090308164676,-0.05384578864140177,0.03916621405812548,0.6086588751570952,4056767.1019494534,0.6367553981417591
FOX,Fox Corporation - Class B Common Stock,N,N,57.06999969482422,-0.02843040408449249,0.03635259057702456,-0.026616491572608925,0.0999569150594366,-0.14905585125141008,0.29199712765897723,-0.04691234625616347,0.046651249145316154,0.6218240771245666,57149713.827754594,0.47895933573822635
FOXA,Fox Corporation - Class A Common Stock,N,N,63.869998931884766,-0.02696527230685508,0.032381350645644735,-0.025783108498583673,0.11278709047271174,-0.15297762630688416,0.31486322801425004,-0.04923596303260014,0.04632784968745218,0.6271239035630946,329691375.74516773,0.5102793852380135
FOXF,Fox Factory Holding Corp. - Common Stock,N,N,20.274999618530273,0.011726481650050635,-0.05872800572098302,0.12078493352747732,0.24922983304881763,-0.30110308657133866,0.537149375552981,-0.03303885058424205,0.044941480532898925,0.5886475155176877,8065557.910120201,0.5359305506103108
FRD,Friedman Industries Inc. - Common Stock,N,N,45.650001525878906,0.038680335231597196,0.06484727462697704,0.31630764722627625,1.6843575475386623,-0.050540769813495534,1.6922479787398585,0.027354902169921536,0.17176010666902974,0.5319008793108595,2849016.689035797,0.6136260893730394
FRHC,Freedom Holding Corp. - Common Stock,N,N,163.88150024414062,-0.046479869087097,0.08530794863669278,0.18582853735891547,0.18582853735891547,-0.06358776419629353,0.46283586565945667,0.004427729884461051,0.040866859842741965,0.7056760476231071,21925601.71510925,0.6790227416957748
FRME,First Merchants Corporation - Common Stock,N,N,40.779998779296875,0.00566064590986759,-0.038073986971719265,-0.022533273607663662,0.1392241274121535,-0.09039189644408807,0.20952720166510597,-0.02400516752941506,-0.03996825544766314,0.8339864516165266,13862064.079270173,0.21633072390201813
FRMI,Fermi Inc. - Common Stock,N,N,5.675000190734863,0.2257019547439323,-0.20294939860251882,-0.2051820312528696,-0.23927611773250002,-0.8255456377592423,0.2257019547439323,-0.00048431168794416113,-0.10261070510611991,0.7572918108713618,101913145.94789568,1.1811484208705256
FRNM,"Freenome, Inc. - Common stock",N,N,16.040000915527344,0.0518033387231045,0.33666674296061205,0.4070176712510518,0.44244614034192487,-0.05088749836774964,0.6056057340361694,0.12981622450037555,0.2850299605334754,1.4089909193750412,12684566.617987633,0.6069974091637171
FROG,JFrog Ltd. - Ordinary shares,N,N,87.25,-0.04935714577846262,0.013356580095928328,0.1223308772518319,0.9888306843925314,-0.16129961526670977,1.5107913669064748,-0.055541725351550664,-0.020474054661564378,0.7921674442263062,186185025.77233583,0.6632563678965702
FRPH,"FRP Holdings, Inc. - Common Stock",N,N,22.139999389648438,0.0031717125415562375,0.0009040935649318182,-0.06935693410595778,0.03992477395814342,-0.13380282268201726,0.06853282448608589,-0.00456356413110881,-0.03623481016343921,1.046151611576531,2095244.5292121887,0.2539154186035536
FRPT,"Freshpet, Inc. - Common Stock",N,N,67.8949966430664,-0.03434790213887817,-0.05372826978304657,0.28930871325103125,0.04293392065218549,-0.20590647201091927,0.4326861683373844,-0.05876240709027003,0.053251231320935455,0.7118399231042505,74401226.86250572,0.5611839475429429
FRSH,Freshworks Inc. - Class A Common Stock,N,N,11.983200073242188,-0.10971767910248054,0.001102740678271985,0.26873482905551405,0.49416451237755044,-0.139137930491119,0.7417441677202596,-0.07235766447162428,0.023797018931704494,0.2410184561579595,64845313.942196086,0.5013847646814298
FRST,Primis Financial Corp. - Common Stock,N,N,15.989999771118164,0.023032607424272156,-0.020820585068975772,0.02215783939164817,0.283660651527031,-0.040791859751866166,0.717328168394487,-0.013237075464082038,-0.001953514444998028,0.5518700171072431,2331783.8240618706,0.24427572970841654
FSBC,Five Star Bancorp - Common Stock,N,N,46.154998779296875,0.017975267401106665,-0.01630433545401888,0.03665814327050976,0.2978831404267188,-0.06600608908842764,0.5187210829021658,0.0037186620438736107,-0.01750715190369745,0.7594208433855713,6925462.949829864,0.20126399917847165
FSLR,"First Solar, Inc. - Common Stock",N,N,213.72000122070312,0.07047336716430785,-0.11286373346098921,-0.20047883291811341,0.0804307358499241,-0.3284524706340829,0.15711967922009817,0.007345825872721479,-0.02033856120510613,0.8195021312043785,385690971.7223648,0.4551061247348735
FSLY,"Fastly, Inc. - Class A Common Stock",N,N,22.360000610351562,0.076552725928976,-0.22307157481316364,0.20539091805885978,-0.1681547132267891,-0.33253729521338615,2.038043506077309,-0.07198737119825949,-0.0005899692923623245,0.6528369515484428,107344768.60751534,0.8473716305882634
FSUN,FirstSun Capital Bancorp - Common Stock,N,N,40.51499938964844,0.0288216935182406,-0.0023393553133537193,0.0976699961294929,0.16589926301146574,-0.02137686240608616,0.34333553032576836,0.0032500649550604166,0.048570963278615986,0.7814431332144396,10030353.786052704,0.38122345589475415
FSV,FirstService Corporation - Common Shares,N,N,137.34500122070312,-0.015236251390270739,-0.041823603113925745,-0.03989479318421285,-0.02045307506759453,-0.33601674460435904,0.09534201319782998,-0.030610800873072996,-0.03688307378938804,1.1138298868014918,31413654.917980958,0.3325584229677809
FTAI,FTAI Aviation Ltd. - Common Stock,N,N,192.5500030517578,0.017222303773328118,-0.14460240857030093,-0.20243963669197207,-0.19620581609083088,-0.3754642584584076,0.26721890646036806,-0.05188882005749074,-0.09607761389579073,0.815201723227926,234722924.49874192,0.6282614636421642
FTDR,"Frontdoor, Inc. - Common Stock",N,N,79.91999816894531,0.005156534042249916,-0.043790423330063555,0.16112154646038435,0.32537312073175384,-0.120114537511539,0.627698587629659,-0.0333232758518861,0.010865008230841244,0.6460791346915544,34705736.11468582,0.49580958340795717
FTH,"Faeth Therapeutics, Inc.  - Common Stock",N,N,39.529998779296875,0.14546510292442827,0.3176666259765626,2.0407691368689904,0.29479193875642995,-0.012983781964282404,4.010139347049765,0.1504488858333144,0.2957511556860666,0.9426789130329238,9945218.819519807,1.1513054824978621
FTNT,"Fortinet, Inc. - Common Stock",N,N,157.0749969482422,-0.029502681342004067,-0.029742432883807512,0.07364999092086433,0.883619116175945,-0.09089594826954306,1.087930213202168,-0.01017240753638704,-0.011688609958562912,0.7950092461801104,646404316.1413826,0.42956274624574275
FTRE,Fortrea Holdings Inc. - Common Stock,N,N,16.979999542236328,-0.0417607110492646,-0.1301229946701723,0.03033980666798919,0.7082495230428929,-0.17971019727512683,1.0214286087321605,-0.060762814005846044,-0.07050583298907165,0.6960564032580778,20112172.283766747,0.505315160222957
FULC,"Fulcrum Therapeutics, Inc. - Common Stock",N,N,3.809999942779541,-0.015503861641813277,0.03252029368516429,0.10434779423772023,-0.4494219796569694,-0.739041106627971,0.21337573741763083,-0.006000522368707628,0.017736928540831087,0.5790850529019439,6477950.580683899,0.35035489301208
FULT,Fulton Financial Corporation - Common Stock,N,N,23.479999542236328,0.01163293702774415,-0.032550510944660216,0.013094210171660903,0.24292585920203957,-0.06788411891890667,0.43666947730820294,-0.015823130886872816,-0.028788899857055128,0.6437804871841895,30796476.91230526,0.19062506868847917
FWDI,"Forward Industries, Inc. - Common Stock",N,N,6.75,0.08695651506214164,0.5771027264277289,0.5771027264277289,0.3527054728676777,-0.8269230769230769,0.9067796815643707,0.20117447804617394,0.4093034879785844,1.396266547758895,11703471.790332317,0.9456526795795586
FWONA,Liberty Media Corporation - Series A Liberty Formula One Common Stock,N,N,87.27999877929688,-0.02687037123991398,-0.06592469500385711,0.06452007626975353,0.12300562800360781,-0.12131282421853817,0.17138634112126816,-0.06217093773113924,-0.04830859663852827,0.8238728395720922,11473940.329385376,0.2503424488387147
FWONK,Liberty Media Corporation - Series C Liberty Formula One Common Stock,N,N,95.45500183105469,-0.015420269873609338,-0.06764012119693708,0.07337233221058637,0.12062692520622798,-0.11884980875454165,0.172377843008384,-0.057083218914867784,-0.04363288416937494,0.7718045524171068,160161469.0804413,0.2517461256322725
FWRD,Forward Air Corporation - Common Stock,N,N,17.079999923706055,0.0427350915020861,-0.081720453042462,0.2813203316926509,0.08513342897543752,-0.4349983399820282,1.0553548810162243,-0.04254722898456553,0.07241972337171787,0.7162911131473102,8794372.279744243,0.8167296528810434
FWRG,"First Watch Restaurant Group, Inc. - Common Stock",N,N,11.937999725341797,-0.01134576282297084,0.013412563323611737,-0.036481081957721706,-0.031006491797471725,-0.3602358079870276,0.18081109107231574,-0.04340268311719486,-0.046908903914083644,0.8117264660983247,11420435.050292015,0.45398855067253946
FXHO,UTime Limited - Class A Ordinary Shares,N,N,11.989999771118164,-0.0361736193283112,0.1551059382395743,0.42738098995485707,-0.5778169037968932,-0.9982104477953555,1.2751422797937493,0.06313175216305988,-0.021520049271816277,0.5118082412378696,2375208.4428298,4.167220389639719
GABC,"German American Bancorp, Inc. - Common Stock",N,N,49.599998474121094,0.005677185341228963,-0.0018112327445208853,0.10192878228885482,0.2643978767387445,-0.034643880050418185,0.36259642301123995,-0.00886232301879275,0.009915297613565244,0.6561641107349095,6015213.463783264,0.19428797324829572
GAIN,Gladstone Investment Corporation - Business Development Company,N,N,16.1200008392334,-0.015271837946448596,-0.01583761754982138,0.06501863415244546,0.14983985413134437,-0.03918672775049459,0.29651858515943963,-0.01445549000585189,-0.00741167438093937,0.6756460986659699,2662170.9204384806,0.20306722816273048
GBDC,"Golub Capital BDC, Inc. - Closed End Fund",N,N,12.75,-0.010861159006506638,-0.032625212080376054,-0.016203706599448364,0.04764848187737791,-0.052561398734607745,0.12095909841288055,-0.025154820958236845,-0.019487211152171224,0.8858650276810353,13518529.319766616,0.17966620613170592
GCMG,GCM Grosvenor Inc. - Class A Common Stock,N,N,13.029999732971191,-0.02030078600688756,-0.05977237495104615,0.15809526085982495,0.30333669081644277,-0.06445680930351227,0.40677617249494924,-0.033484755843458114,-0.00976531012887416,0.7788633263207483,5677798.866342783,0.31412090635599416
GCT,GigaCloud Technology Inc - Class A Ordinary Shares,N,N,50.880001068115234,0.074097576849804,-0.012422348291186713,0.49208220952645165,0.19408590329272557,-0.04450702219501912,0.998429021906192,-0.0015012605891367992,0.15023083818477145,0.7694637817902121,24710989.189320944,0.546467835718352
GDRX,"GoodRx Holdings, Inc. - Class A Common Stock",N,N,3.4539999961853027,-0.0017341161547741457,-0.09105262117702861,0.30339617806934216,0.5917050114045381,-0.3133201089236326,0.8470588167795936,-0.026342868726711766,0.043826192263693775,0.9434630832558464,5437858.066165495,0.5048402373825476
GDYN,"Grid Dynamics Holdings, Inc. - Class A Common Stock",N,N,7.889999866485596,0.005095536603691109,0.015444000753365827,0.24841766648425634,0.3106312112099505,-0.21570581139337408,0.5143953567593085,0.0014596567421865103,0.13459877659685082,0.4392301044188449,9075894.321973037,0.5125717703958195
GEHC,GE HealthCare Technologies Inc. - Common Stock,N,N,66.29820251464844,-0.058531606950744774,-0.08868450151685991,0.017730269279584654,-0.055260773543851394,-0.2468887649568816,0.11516615098360705,-0.07774305594304254,-0.02966416392327098,0.5608346377190844,176687579.1165329,0.3995046755089346
GEN,Gen Digital Inc. - Common Stock,N,N,29.809999465942383,-0.006995369374385829,0.03210666110892424,0.23114363836747565,0.46267599181561603,-0.048515814282321545,0.6826088459070168,0.012465582768141914,0.07004285870470262,0.9742656751704492,152656825.41237593,0.34272685970597816
GENB,"Generate Biomedicines, Inc. - Common Stock",N,N,15.800000190734863,0.0006333267198224135,0.10721791758169052,0.27625202299510576,0.3378492488866196,-0.22473008629208702,0.409455855215735,-0.02384775294730279,0.038503517092612904,1.53074851962678,24138865.104751777,0.8026455111418643
GFS,GlobalFoundries Inc. - Ordinary Share,N,N,45.41999816894531,0.033917547312058316,-0.10625740964789643,-0.4410732823041418,0.07100191729328387,-0.4943813497041727,0.4362315486679469,-0.04301384546675502,-0.16368996190489205,0.9710845694935792,172117009.61899567,0.6189483109441252
GH,"Guardant Health, Inc. - Common Stock",N,N,163.18499755859375,-0.007450921940450939,-0.011539153319731765,0.23981920386262323,0.8698866029068282,-0.0452550941564247,1.9783718713599718,-0.001225641671095734,0.020267792996596867,0.6745278039032618,326350018.17365724,0.531702654228554
GHRS,GH Research PLC - Ordinary Shares,N,N,27.799999237060547,0.016081820792888113,-0.044016529917596414,0.31628779035927423,0.8508654054461786,-0.09268930186556623,1.3283082256329615,-0.02663623225460221,-0.012429910651287512,0.5344214658393203,6613832.545010949,0.5498440342878864
GIII,"G-III Apparel Group, LTD. - Common Stock",N,N,27.649999618530273,-0.14050353769613622,-0.18938730214683241,-0.2140092742869889,0.0684927680162768,-0.24884546082650116,0.11425128618927793,-0.13676027781376798,-0.18457745990533636,1.4776376374593205,19466873.592781447,0.35455539753592136
GILD,"Gilead Sciences, Inc. - Common Stock",N,N,146.59500122070312,-0.02217847511240789,0.07973040147011234,0.1749219694540467,0.04436585965857831,-0.047519669738741444,0.35109051627907784,0.007056861398446301,0.06704022505910578,0.6952377187923808,738017617.8198242,0.2915018085111454
GILT,Gilat Satellite Networks Ltd. - Ordinary Shares,N,N,10.24590015411377,0.018479098085778523,-0.08600355760503375,-0.31693998972574866,-0.3972999909344841,-0.5085899296568008,0.03493944938503413,-0.023297231139030927,-0.0834458692865564,0.7559386951703011,5558503.445039749,0.5080959039744846
GLAD,Gladstone Capital Corporation - Closed End Fund,N,N,19.809999465942383,-0.006021115775007524,0.011850152793475122,0.04630515679398273,0.15339635280420438,-0.07618437273741263,0.24581271351757494,0.0003985645511646041,0.019423984178352338,0.8857015808348326,2971863.6090283394,0.1946637453375243
GLBE,Global-E Online Ltd. - ordinary shares,N,N,36.279998779296875,-0.0191944543647653,-0.1120901067704434,0.10846316183046256,0.06643146064442362,-0.1435316747745492,0.3173564841401959,-0.08272657356514446,-0.06553132333937317,0.7231707457442219,47878236.70724793,0.4329425108549451
GLIBK,Liberty Capital Corporation - Series C GCI Group Common Stock,N,N,25.65999984741211,-0.005426333092573676,0.029281970850388195,0.1323918808561959,-0.29057226578896633,-0.3591408776051933,0.2920442627800037,-0.013702855378191381,0.06584919567457348,0.45080389198189214,8453770.495306015,0.3451949476070315
GLNG,Golar LNG Limited - Common Shares,N,N,51.63999938964844,-0.013185599412625537,0.020642558235953956,0.014060388250633826,0.08694331868403982,-0.09080305842713976,0.48400647839959765,-0.0015381137782007892,0.022872587607561057,0.8689697562602835,65542185.12079773,0.21846893558236352
GLPI,"Gaming and Leisure Properties, Inc. - Common Stock",N,N,41.41999816894531,-0.00909093480983414,-0.028611661307839986,-0.12744897611502948,-0.10298264357146614,-0.14025038515707533,0.03635912607984659,-0.028543324513730317,-0.05006975825645554,1.5993773756818053,171107422.43008727,0.219888004724446
GLUE,"Monte Rosa Therapeutics, Inc. - Common Stock",N,N,14.611000061035156,0.021034216114056425,-0.07290610096191608,-0.19873871280591837,-0.07290610096191608,-0.4227182785722301,2.0439582250929584,-0.0010802088749387595,-0.21708554759780163,0.6402372898121758,13938729.314657975,0.8063996341616851
GLXY,Galaxy Digital Inc. - Class A common stock,N,N,26.735000610351562,0.14105848323210202,0.32811732364391344,-0.19859112346491603,0.23887862395136694,-0.3762249129811138,0.5875890954931526,0.1269297892979433,0.15131864756040403,0.7112757780829811,131459164.23516273,0.9012122664099967
GNTX,Gentex Corporation - Common Stock,N,N,22.80500030517578,0.030501634433220515,-0.04701211807994321,-0.11371210261866749,0.09340109590789902,-0.19933645387337218,0.11347316547838582,-0.019382289696180055,-0.036618398329375856,0.9518843053182319,54269916.68525238,0.27939013860316664
GO,Grocery Outlet Holding Corp. - Common Stock,N,N,11.515000343322754,-0.049132892669110806,0.1714140826749293,0.20198334394851836,0.9385522276764151,-0.35345307756226485,0.9887738202398022,-0.01122724615758286,0.0998090168342245,0.9891911487233418,33560875.36504078,0.4213180025229609
GOOD,Gladstone Commercial Corporation - Real Estate Investment Trust,N,N,13.039999961853027,0.0038491294546465493,0.02827242667576302,0.06513011190641294,0.13894575247348273,-0.01062218058278619,0.34192410521421146,0.0029306502504178322,0.02378917232112454,0.6449742693784364,4387914.830450535,0.23214046998905435
GOOG,Alphabet Inc. - Class C Capital Stock,N,N,327.5299987792969,-0.012912562425847707,-0.04448211612897712,-0.084926785210784,0.07064937148185901,-0.1781779407936046,0.382731902563197,-0.033352704402320965,-0.052991267315717794,0.7483899937929397,4901150106.617109,0.3640425241228638
GOOGL,Alphabet Inc. - Class A Common Stock,N,N,329.92999267578125,-0.014560086002193273,-0.03972633413927962,-0.08212279351828344,0.07361070533612368,-0.17952596198731596,0.3982670052502528,-0.03464933900959477,-0.05166292874627265,0.7456985715268082,7267783013.295996,0.3677293228441873
GPRE,"Green Plains, Inc. - Common Stock",N,N,15.800000190734863,0.07118645360914333,0.01542414939883896,0.05333334604899087,-0.020458709683903953,-0.17836710520808352,0.79749718535881,0.031096040523917345,-0.016238283726735414,1.2603498624831224,22472129.90402131,0.5850617980652717
GRAB,Grab Holdings Limited - Class A Ordinary Shares,N,N,3.0998001098632812,-0.10410402436775668,-0.17117644332646953,-0.06066661980176147,-0.17338663736979165,-0.5194108214684663,0.0,-0.11623408259154477,-0.1387999236699361,0.7466440801353781,111920766.41499004,0.3964639271973337
GRAL,"GRAIL, Inc. - Common Stock",N,N,79.66000366210938,-0.0016292424104067393,0.055378909900271056,0.33099424716867865,0.6455278643502789,-0.31363083458715024,1.2490120773623232,0.035884078145981047,0.09177432770902638,0.7650630675706667,44814256.60773621,0.6909444741536955
GRML,Greenland Mines Ltd - Common Stock,N,N,4.324999809265137,-0.06989253321222011,-0.5861244126119005,-0.704778162328783,-0.7662162265262088,-0.8689393997192383,0.0,-0.40107324464429583,-0.5282247266688262,2.76190138239935,4688591.120245313,1.7896447784833849
GRPN,"Groupon, Inc. - Common Stock",N,N,18.434999465942383,-0.0013542589257927728,-0.15706452864550602,0.08377420446126704,0.718080172639056,-0.3549685264116732,0.9123442748330997,-0.06555322797988916,-0.22012820406994804,0.5479184179225153,19153447.024698637,0.8411567096542044
GRRR,Gorilla Technology Group Inc. - Ordinary shares,N,N,14.524999618530273,0.030872921308129797,0.037499972752162325,-0.16522988867989663,0.31210478942663755,-0.3331038034614786,0.532981428363511,-0.02302042371748725,0.00497468528533096,0.7804568846659978,16173532.28384142,0.9617238794304672
GSAT,"Globalstar, Inc. - Common Stock",N,N,81.86000061035156,0.006021848927492135,-0.020344626590613757,0.008624900402376179,0.3950238613603283,-0.030439413544176785,1.7341349081551765,-0.003839342335063445,0.006058975273194767,0.5081719491676197,50996987.41970291,0.1306698810558285
GSBC,"Great Southern Bancorp, Inc. - Common Stock",N,N,79.19999694824219,0.01564495433174562,-0.01394425735604432,0.04973851849664612,0.32477156057036294,-0.034381855769834546,0.4503838572610972,-0.0026759299966621075,-0.0013794446025413576,0.8594197332024976,6899879.791687012,0.19122124291421683
GSHD,"Goosehead Insurance, Inc. - Class A Common Stock",N,N,59.724998474121094,-0.12746528653198363,-0.08551522421145397,0.6220803630945337,0.327222188313802,-0.2623811587784677,0.7377073124874236,-0.12079583151915396,-0.041024428059583284,0.4495441216923776,18203097.148332596,0.6857995166045774
GSIT,"GSI Technology, Inc. - Common Stock",N,N,5.784999847412109,0.08333327380310296,-0.12215482345014184,-0.26679341631105835,-0.024451936783130956,-0.5539707225667354,0.9219268656946951,-0.02695431472121934,-0.05740311818915955,0.46129054274986014,2504555.33163681,0.8106570645973339
GSM,Ferroglobe PLC - Ordinary Shares,N,N,4.5,0.11662525204037189,-0.015317323639383873,0.10448167148578147,0.10622455744847259,-0.1818060518468394,0.4331209712291806,0.06157111069686749,0.1859582466387153,0.6790596873551942,5368512.031795407,0.6789664337365923
GT,The Goodyear Tire & Rubber Company - Common Stock,N,N,5.820000171661377,-0.028380568606441336,-0.044334971126688716,-0.09062498672865349,-0.09062498672865349,-0.44781781852699665,0.04301079771268568,-0.042526908567696475,-0.1128859896352351,0.7273240863389915,46429388.49146426,0.49924847756828744
GTLB,GitLab Inc. - Class A Common Stock,N,N,47.05500030517578,0.043579510887961526,0.1174305301151819,0.6932349318090285,1.0793195780031026,-0.0780760293665913,1.4230175139193726,0.06411727967380654,0.2387262932865435,1.5516637487679017,263867245.94756395,0.5752719063770416
GTM,ZoomInfo Technologies Inc. - Common Stock,N,N,3.874000072479248,-0.059708694153629116,-0.05049016055855393,0.3786477406996813,-0.34227501523004966,-0.682459005488083,0.4842912751676627,-0.028877948474458903,0.0915505097017717,0.535788256641395,20846342.950074553,0.7030084354096601
GTX,Garrett Motion Inc. - Common Stock,N,N,28.010000228881836,0.05300751230042655,-0.03525436003685989,-0.16289056594825158,0.6250528670600648,-0.22458197473008523,1.2746802096503438,0.022877965349429097,-0.05951635359022989,1.1727374592911124,76748370.54829606,0.40602673541050455
HAFC,Hanmi Financial Corporation - Common Stock,N,N,31.3700008392334,0.01652625465959212,-0.018767547294580744,-0.003213768872642131,0.2661288497344325,-0.04989605241814177,0.4195914296870926,-0.005421493779250275,-0.012481805737344476,0.6702156966892122,5592154.551226139,0.20369885420489564
HALO,"Halozyme Therapeutics, Inc. - Common Stock",N,N,107.44000244140625,-0.00259932023880316,0.04696939744512685,0.5458993157036871,0.6879811447879249,-0.029974716782153465,0.7433068404892691,0.0094044675162126,0.1686085716728425,0.6726696939908325,178333633.32440948,0.48800912688789766
HAPN,"Happen, Inc. - Common Stock",N,N,17.165000915527344,0.02355399206806852,-0.10738422651407087,-0.0490303799966989,0.2886637619216452,-0.2045875358566961,0.2886637619216452,-0.057696479473772766,-0.09627448666859151,0.5148670367828883,17883984.74915924,0.406738217607746
HAS,"Hasbro, Inc. - Common Stock",N,N,89.7249984741211,-0.03728539257411034,-0.06844342892339728,0.07745230434336481,-0.005362723439409689,-0.13378357735033908,0.3054207478518798,-0.04416702599157529,0.008515699628928841,0.6037252520063751,125980938.02119827,0.3193933169764135
HBAN,Huntington Bancshares Incorporated - Common Stock,N,N,16.6200008392334,0.012180314373335444,-0.06471579003408756,-0.04280371024954299,0.10986631675373726,-0.12087715075020877,0.12730428462506604,-0.029857250686623038,-0.04866569052295244,0.8114551309518554,318103905.31212884,0.22977754134061865
HBCP,"Home Bancorp, Inc. - Common Stock",N,N,69.13999938964844,0.017213449285461202,-0.035435280478701925,0.020145764731257065,0.18817738123723715,-0.046476384599334786,0.37819765386127413,-0.012306886996243716,-0.010336070912857709,0.6240636021037331,4934457.872367096,0.20953674094715397
HBNC,"Horizon Bancorp, Inc. - Common Stock",N,N,19.56999969482422,0.01662336077008919,-0.039744823321764766,-0.0013116870577095652,0.2790040131566318,-0.05913459554579059,0.33668545307616426,-0.012115105938846793,-0.02304740904546343,0.6035090043390011,8476240.42076683,0.1956677835391399
HBT,"HBT Financial, Inc. - Common Stock",N,N,36.220001220703125,0.025481357125005655,0.0008290299843227711,0.19234109836059088,0.42612075528320426,-0.026867274777083172,0.6201298427068096,0.0028518868014952847,0.046403347219005964,0.5698815383653989,4312890.785926056,0.22727807937994454
HCKT,"The Hackett Group, Inc. - Common Stock",N,N,11.085000038146973,0.010483114705457597,-0.03272251298008155,0.019490585592033538,-0.1459767363465343,-0.4616486684593393,0.21631195023941752,0.0067891364860031,0.031402651668023696,0.4842169019038365,2098221.024863243,0.4888489267563798
HCSG,"Healthcare Services Group, Inc. - Common Stock",N,N,21.719999313354492,-0.0045829689673848595,0.03625955448847562,-0.029490610909812975,0.11670943246132692,-0.14184117851992306,0.4308299655269987,-0.01797222585627667,-0.05736533836608004,0.6865209142771901,13317652.048929691,0.30271691940593887
HDSN,"Hudson Technologies, Inc. - Common Stock",N,N,5.320000171661377,0.03501951553529015,-0.037974689001729844,-0.07958477879747783,-0.10887766187164427,-0.4904214190144579,0.09917355453322374,-0.03140643126445308,-0.0901316588419403,0.7815107745955988,3651518.4193648817,0.4965944036426323
HELE,Helen of Troy Limited - Common Stock,N,N,27.7450008392334,-0.02683266866036227,-0.052424856947227316,-0.07083053341884249,0.8386348945447302,-0.08189935573649632,0.9989193523397142,-0.0362052335424331,-0.023101187259063405,0.7865233290927601,9246167.987830449,0.5620545507399769
HELP,Cybin Inc. - Common Stock,N,N,12.569999694824219,0.08362062771170287,0.24578785973558737,1.9232556133156882,1.646315725226151,-0.1011798352942701,2.248062032696491,0.024763041331508084,0.3134384134486672,0.7096631686177163,18938233.49723339,0.8992130219868757
HFWA,Heritage Financial Corporation - Common Stock,N,N,28.6299991607666,0.0024509697525623153,-0.030477531491759136,-0.005978815877383803,0.17800696427688534,-0.07627596510660384,0.36896804572479214,-0.01574535699818269,-0.027626762003378436,0.7641107498612774,8140006.477277756,0.19814906525683026
HIFS,Hingham Institution for Savings - Common Stock,N,N,305.0,0.08075549851164499,-0.020866773675762396,0.03935832967874986,0.15520634860456184,-0.08105356141120812,0.21731646508265046,0.011531460061663168,0.026800071169488238,0.9163160834102558,14435093.423248291,0.31998207694697633
HIVE,HIVE Digital Technologies Ltd - Common Shares,N,N,3.170099973678589,0.200795396859901,0.1962640979599828,-0.1501072500085332,0.495330256983753,-0.5445258683471796,0.811485699244908,0.09219449920201783,0.06023339645074266,0.6010338253141214,70252418.8769763,1.0368804941271876
HLIT,Harmonic Inc. - Common Stock,N,N,12.029999732971191,0.026450465774688237,0.05065501601464906,-0.19423982002192242,0.28800851567844643,-0.29690243694713647,0.3593219451334486,-0.02389551347788388,-0.03655179071026915,0.5700202701320591,20743182.66937952,0.5417102219259102
HLMN,Hillman Solutions Corp. - Common Stock,N,N,7.5,0.02459013990675496,-0.16759158607360336,-0.028497382923657888,-0.06832300344140185,-0.3016759627715374,0.06534091486356974,-0.0737310063581732,-0.08337610941405127,0.8093344016027292,9316562.294090271,0.4683888606291179
HLNE,Hamilton Lane Incorporated - Class A Common Stock,N,N,100.95999908447266,-0.01971064007576795,-0.03700875037149998,0.269784042189785,-0.004125198941227759,-0.3353066473408909,0.3682070447464656,-0.031424036266191835,0.07248630092414232,0.6473510583701642,53512032.22392044,0.4653916526835395
HNRG,Hallador Energy Company - Common Stock,N,N,16.829999923706055,0.028100125894324535,0.0760869280217984,0.023722589840584396,0.02496953992125972,-0.2931541242670106,0.2284671648188008,0.03933797887902046,0.057333478203667854,0.6557661489257717,9681639.577693844,0.5562954579936892
HNST,"The Honest Company, Inc. - Common Stock",N,N,5.613500118255615,-0.0029307275044241354,0.07744723169947498,0.5506906894248844,1.0487226637655014,-0.05655457173049583,1.6730954158008857,0.04443526466322001,0.22657363226529692,1.0374584662712236,12073870.61680014,0.9342879328285182
HON,Honeywell International Inc. - Common Stock,N,N,207.05250549316406,-0.013941757757598872,-0.09754138526477873,-0.10118952322959374,-0.13402403908744898,-0.19728604290695073,0.06353615647801258,-0.0515336392818212,-0.0892474969975402,0.6498072004793958,569150996.4815956,0.3187492014710711
HOOD,"Robinhood Markets, Inc. - Class A Common Stock",N,N,118.875,0.1484397405725828,0.2595359552809793,0.27561966826584583,0.5871161225400934,-0.2202873228052431,0.8243553302487914,0.12504702743571783,0.1522546393016937,0.8621262933881436,2259299430.9744277,0.754770916385276
HOPE,"Hope Bancorp, Inc. - Common Stock",N,N,13.890000343322754,0.019075585231020487,-0.024578611897542735,0.06350436548975047,0.32954593379364283,-0.042068941839810026,0.4579304678469873,-0.010437052058133167,0.0061583681136900825,0.6151017725465331,10774736.630184412,0.19741172310400404
HPK,"HighPeak Energy, Inc. - Common Stock",N,N,8.399999618530273,0.0357583198680238,0.016949078180278576,0.07006365867254738,0.22270738842183824,0.0,1.1593828771213355,0.0510510085872633,0.12103130158401765,0.5211863685130906,2649732.6607531547,0.6967126114050315
HQY,"HealthEquity, Inc. - Common Stock",N,N,91.74500274658203,-0.05417522941668007,-0.13095573541921668,0.03854433495409748,0.15300996730492322,-0.14088395954642008,0.2531758488444036,-0.08782689727392767,-0.07707239947832478,1.2182858448215992,85341895.49596481,0.3730747879075468
HRMY,"Harmony Biosciences Holdings, Inc. - Common Stock",N,N,42.16999816894531,0.022302985913825735,0.06705459717830164,0.22373764623652326,0.514183037390676,-0.016098983471306783,0.628185281469062,0.05750177095911724,0.11471192899730953,1.012242098397322,27683607.632798005,0.4288007136757204
HROW,"Harrow, Inc. - Common Stock",N,N,37.810001373291016,0.022721128613798713,-0.040842132684892785,0.004516524612094841,0.09657778060511846,-0.3100364616844631,0.30244576227945164,-0.03492984152164347,-0.070678540238445,0.6378430088244373,18490698.933300972,0.486365985544108
HRZN,Horizon Technology Finance Corporation - Common Stock,N,N,4.849999904632568,0.07538795088598671,0.009963111356042331,0.17898605817530244,0.22231685292906,-0.18918311561282075,0.3472839765697968,-9.200144490972839e-05,0.050864015852875255,1.1243887175362024,3659380.8063666583,0.3478488606579257
HSAI,Hesai Group - American Depositary Share,N,N,18.6299991607666,0.11025020252790751,-0.016886627403133403,0.026446256326433826,-0.23647543229392998,-0.374832226921753,0.276027306438412,0.03589196992439603,0.08576552595396558,0.9250028232877554,30345223.81668806,0.702151485417939
HSIC,"Henry Schein, Inc. - Common Stock",N,N,88.04499816894531,-0.005366001944582033,-0.012727092760108416,0.08363074669471149,0.20411645051614746,-0.030981756796131243,0.4193938401032373,-0.016946234020812634,0.005223328926276194,0.6093864455565676,76416912.39615707,0.20293390890789537
HST,"Host Hotels & Resorts, Inc. - Common Stock",N,N,21.959999084472656,0.014787416998601755,-0.014804926760896064,-0.0838971104085906,0.20843672717021056,-0.14017234544726198,0.48511274110471336,-0.025342895145554656,-0.0607999797537947,0.7079724311392723,172284839.10004312,0.24098300143105675
HSTM,"HealthStream, Inc. - Common Stock",N,N,28.59000015258789,-0.036400401783920566,0.009330659452881696,0.09546953510529832,0.3910149975853454,-0.03963722831814909,0.44436563334621004,-0.010924470746573656,0.002855526780875639,0.8836940348454239,5472568.31128273,0.3348181812558386
HTFL,"Heartflow, Inc. - Common Stock",N,N,45.869998931884766,-0.09042239432275012,0.552809665208025,0.37996379710172534,0.8009422916566038,-0.09042239432275012,1.2386529743422043,-0.0029994931356115417,0.33417098105438603,0.8784904189783718,111552301.290061,0.9615442030250068
HTLD,"Heartland Express, Inc. - Common Stock",N,N,12.494999885559082,0.04911839174154875,0.058898278270361315,-0.22333736031052376,0.31832117254699344,-0.22860447839490805,0.7746455522613633,0.003715229411505261,-0.06659695030618662,0.7275484824660619,8539701.702568103,0.38247606624594543
HTO,H2O America  - Common Stock,N,N,64.73999786376953,0.014733520970999558,0.03949902268287153,0.14261859399597476,0.1525694944408591,-0.0035485719519670056,0.4908439063457928,0.015338269609814326,0.030866728482379813,0.8024743922434875,20472903.156964876,0.1853544473557955
HUBG,"Hub Group, Inc. - Class A Common Stock",N,N,36.0,-0.05113333413099452,-0.052631578947368474,-0.22380338139429568,0.07132073436883624,-0.3102363620483176,0.09746004065069958,-0.07710055487746059,-0.18054056711051392,0.9665131717083596,48183210.48295059,0.5533279004483852
HURN,Huron Consulting Group Inc. - Common Stock,N,N,145.54249572753906,-0.07568595502465814,-0.047184970687142,0.3300054402051871,0.15988597253649095,-0.2157425676715119,0.6142689642403456,-0.06668603562247266,0.06577808481617708,0.615094285547126,30528792.970783997,1.009817122925022
HUT,Hut 8 Corp. - Common Stock,N,N,100.94000244140625,0.3012763031909793,0.13696782866981794,-0.15076559041666915,1.0449757129913317,-0.24116674786257086,2.4450513675690053,0.17704337636731005,0.06266057537030667,0.9109098887654962,409231136.53994906,1.0155988778897096
HWC,Hancock Whitney Corporation - Common Stock,N,N,73.69000244140625,0.012842925338469868,-0.05164136796127894,0.023180822790817457,0.22573264227873913,-0.07018535748546484,0.3907983389091574,-0.024588633388395342,-0.02829710622599424,0.5941683402254114,43729275.64468841,0.18392893619853215
HWKN,"Hawkins, Inc. - Common Stock",N,N,127.0,0.0559574585913285,-0.026491187850602893,-0.18924936225657718,-0.12263289234852481,-0.3043477679435225,0.07928955533473436,0.021834551175225814,-0.03753651554929216,0.9983810142412521,18424686.979675293,0.40607245412996884
HYMC,Hycroft Mining Holding Corporation - Class A Common Stock,N,N,23.155000686645508,0.07050400300731496,-0.15891754053323592,-0.10112575772866761,-0.36106513205809754,-0.5845891641659093,3.0551664679427644,-0.07407774144109858,0.0033495867700001902,0.8747959088804186,46614256.593466565,0.8774810369794133
HYPD,"Hyperion DeFi, Inc. - Common Stock",N,N,3.7200000286102295,0.20583467831808333,0.409090863935877,0.3676470549564461,-0.013262586888394656,-0.7516688823573302,0.5897436602816335,0.17082383323436656,0.2616584764393175,1.2613716928552485,2084998.4406810761,0.8918141835148544
IA,"Innovative Solutions and Support, Inc. - Common Stock",N,N,18.895000457763672,0.02079957990930259,-0.05524997711181645,0.022456760054504032,-0.3553394472176885,-0.3817080893989798,1.271033792166849,-0.08674583466764074,-0.03764367168293181,0.6764430039999895,5796049.46278801,0.5886302856155972
IART,Integra LifeSciences Holdings Corporation - Common Stock,N,N,16.09000015258789,-0.031889329716180304,-0.07369030655164888,-0.09454137658402773,0.8078652631723324,-0.18942066280219583,0.8078652631723324,-0.05269354096007062,-0.09142242881907137,0.6731491071625666,9619932.524663543,0.5320954544830853
IBCP,Independent Bank Corporation - Common Stock,N,N,36.59000015258789,0.013292703797372019,-0.03710525914242391,0.03884442550793121,0.14046771802514302,-0.04961038564706777,0.2501225444356354,-0.016477163533727524,-0.010833837631766596,0.6814113643038419,5810123.993671608,0.21793884849112696
IBEX,IBEX Limited - Common Share,N,N,36.619998931884766,-0.04261440700954866,-0.0019078685593970635,0.18434666369748665,0.27952473298619407,-0.1280952635265532,0.38712119170566317,-0.009493959220895576,0.03151730743514802,0.9051659823049499,3810444.8874067306,0.3401417355284817
IBKR,"Interactive Brokers Group, Inc. - Class A Common Stock",N,N,91.0199966430664,0.006969767205132982,0.014729352726035483,0.0032199276783944075,0.3322816315422539,-0.07218253023587295,0.49721688610260273,-0.02029648535434292,-0.01072113638588068,0.7660900960708182,329064222.4330414,0.4236425989482039
IBOC,International Bancshares Corporation - Common Stock,N,N,70.86499786376953,0.017590443493070707,-0.006430208813578142,-0.06472275077581324,0.07731436472969877,-0.08046282085461842,0.14011071392054664,-0.008376297894599705,-0.03711777105806646,0.7776976891603292,19356187.482736208,0.17421364492353453
IBRX,"ImmunityBio, Inc. - Common Stock",N,N,8.229999542236328,0.045743286138773875,0.08289469019858076,0.15915488067351435,-0.03855150247704642,-0.28744593884611025,3.1565653853313815,0.03268707542693661,0.04638148009954546,0.6896363588294627,57136484.33989191,0.6245458351508079
ICFI,"ICF International, Inc. - Common Stock",N,N,86.98999786376953,-0.01896708733724095,-0.03813731258067932,0.19743710436208328,0.3170161802376761,-0.12872249727715102,0.45748208003567914,-0.018457947692476995,0.04151145247315924,0.5804332802053594,14384278.470650863,0.48221134607690247
ICHR,Ichor Holdings - Ordinary Shares,N,N,58.46500015258789,0.12954022504798401,-0.13398017623211445,-0.32644011408932894,0.24898522617747698,-0.4792928323101464,3.1028070282517817,-0.02528280005156136,-0.21639610529034392,0.5867239830091068,36446707.82604637,1.0720156456267
ICLR,ICON plc - Ordinary Shares,N,N,159.09500122070312,-0.014281243884430306,-0.039165361388076136,0.08835004235885147,0.6377908402340058,-0.21597179846096182,0.9867007690177994,-0.0463202504518726,-0.050130896261592506,0.7292271757713612,89706812.91168213,0.4335495937034281
ICUI,"ICU Medical, Inc. - Common Stock",N,N,160.4149932861328,-0.06085711855885423,-0.11898620566262974,0.12809421046978287,0.2803495260111566,-0.1433568407998813,0.4055462818415927,-0.09053932190393321,-0.043546220436293415,0.7510888789676192,39675980.58067093,0.39968804396918833
IDCC,"InterDigital, Inc. - Common Stock",N,N,341.0,0.06595813224786529,0.008666822292139331,0.20490242985341212,-0.02670974249446667,-0.13402745131044957,0.3633778090894433,0.0038594127607036732,0.11255572664189195,0.5970390900484316,57671024.02481079,0.4664685824992584
IDXX,"IDEXX Laboratories, Inc. - Common Stock",N,N,518.0576782226562,-0.049714388907803664,-0.11690702085312299,-0.07634846364170766,-0.10233975151482722,-0.32428433874400586,0.0,-0.054611475303202206,-0.0701850947156113,0.7249160211362509,265205521.56090394,0.3138685130119578
IDYA,"IDEAYA Biosciences, Inc. - Common Stock",N,N,38.744998931884766,-0.03016274863685453,0.051710064370427355,0.3369565060005135,0.16316413493010828,-0.0879237441289985,0.5853108872846731,-0.013714348311742675,0.028681993587656107,0.634374183669415,27382114.429258347,0.4126240257124751
IESC,"IES Holdings, Inc. - Common Stock",N,N,345.25,0.14857448420175445,-0.11474358974358978,-0.07912462256460306,0.5637739012089125,-0.1303088557476757,0.9303346747213077,0.018596574742449468,0.03351244838786682,0.5358544440271984,93517748.23753051,0.9660216434077765
IIIV,"i3 Verticals, Inc. - Common Stock",N,N,15.869999885559082,-0.008125007152557373,-0.06371686305417479,-0.2303589117531244,-0.2902504717190363,-0.5206886260039071,0.001261798334890596,-0.03396640703123388,-0.16455217183131676,0.9256152161874213,7509117.5209003445,0.5459451458562378
ILMN,"Illumina, Inc. - Common Stock",N,N,208.07000732421875,0.004538224396499535,0.07897744905389015,0.29260114149429395,0.6923140503355134,-0.08616976989245062,1.2864835969694366,-0.010335628111458717,0.04345327040483027,0.841336434101655,351324623.9592621,0.4389025663923156
ILPT,Industrial Logistics Properties Trust - Common Shares of Beneficial Interest,N,N,7.925000190734863,-0.03939391627456201,-0.10451979105804832,-0.10939246592152552,0.32881316416452444,-0.14364653124889215,0.6142775387972164,-0.058033441047549594,-0.08339521131102567,0.6161997398556853,2302026.6437926292,0.3626948154517998
IMKTA,"Ingles Markets, Incorporated - Class A Common Stock",N,N,81.05000305175781,0.005707987774791645,-0.06527500971601774,-0.11751772895877932,-0.03660102920245201,-0.14735693866755106,0.21681078185985792,-0.03550366494155377,-0.07164691679407675,0.6945297977319258,8815945.304980468,0.25796663439740586
IMMR,Immersion Corporation - Common Stock,N,N,7.605899810791016,0.027824285509466584,0.01683152291396972,0.17626781872232034,0.2614740857992577,-0.023632882151930046,0.4255118694587432,0.0033116327246420774,0.05277420223795004,0.4471042656227967,2624972.901207733,0.4983761855737543
IMMX,"Immix Biopharma, Inc. - Common Stock",N,N,13.180000305175781,-0.05924339115962307,0.1470844706460035,0.5597633849321937,0.3932346989458875,-0.08914996116429985,5.724489820743292,0.0023195039086214564,0.18282660323198208,0.6373940883046826,18958418.611738585,0.8191338020413687
IMNM,"Immunome, Inc. - Common Stock",N,N,26.559999465942383,-0.018658823504538957,0.011809503464471627,0.4450490031923704,0.2880697567871593,-0.10947196021715311,1.9543937866684602,-0.042322101730072004,0.0566644027760721,0.5524468295689519,29135260.243755244,0.4942652230184734
IMRX,Immuneering Corporation - Class A Common Stock,N,N,4.75,-0.020618537443073293,-0.010416705989173769,0.13365153583101175,-0.006276194245094513,-0.4870410493960029,0.21173467029387272,-0.06376268654350647,-0.01898015350156157,0.6606754452587943,3085607.835746479,0.541502654017454
IMSR,Terrestrial Energy Inc. - Common Stock,N,N,5.570000171661377,0.11847392576871085,-0.01763666724638402,-0.22959887178877714,-0.13104519434425,-0.7944649412082666,0.20432436144029764,0.02145610677248766,0.01570053578187891,0.5416698284269433,5596209.566293311,0.8747548547948354
IMTX,Immatics N.V. - Ordinary Shares,N,N,9.3100004196167,-0.012725332097096365,-0.045128162090595,-0.007462653941384456,-0.03822312746842038,-0.21566971277370028,0.6333334616053217,-5.365794431522186e-05,-0.009900944911316656,1.3635480472059132,5761838.723213482,0.45950363332199795
IMUX,"Immunic, Inc.  - Common Stock",N,N,12.954999923706055,-0.11145404722244645,-0.16311367527117493,-0.06529579764709414,0.1265217324961787,-0.23343193987404953,1.5401961109721634,-0.15823329763071792,-0.12891752266337053,1.552852788470111,3610292.186537838,0.538702519524192
IMVT,"Immunovant, Inc.  - Common Stock",N,N,39.279998779296875,-0.015538915360188699,-0.04031276602923106,0.16835217213657439,0.6644067010328858,-0.1263345289332406,1.6576454322709586,-0.06597393552477171,-0.029433299510938205,0.857844807015618,48684167.67252655,0.346457795021208
IMXI,"International Money Express, Inc. - Common Stock",N,N,14.399999618530273,-0.0006939784169138763,0.2381770831326011,-0.03935958382899163,-0.08455180943488882,-0.09661229626054957,0.2687223907093472,0.021367110584034954,0.057703580991863124,0.5185179660510866,10764702.866674518,0.6195154063959146
INBX,"Inhibrx Biosciences, Inc. - Common Stock",N,N,121.52999877929688,-0.025108332992644256,0.3155445160483634,0.3181128286535575,0.7692530857451061,-0.14318949579081608,3.579988674510936,0.08966195670299815,0.23879117987100518,1.2171743167391844,37982765.09224701,0.646384405700973
INCY,Incyte Corporation - Common Stock,N,N,124.7300033569336,-0.002239811011216064,0.03023047552106206,0.14926752750251593,0.3522333721337352,-0.04002147011447443,0.5274307832882072,-0.0064481463408533335,0.028943762101524717,0.6446649895805425,144554866.64665413,0.37315360018403376
INDB,Independent Bank Corp. - Common Stock,N,N,82.05000305175781,0.02639480292608365,-0.032429244115964595,-0.007192424851849122,0.13139307438924042,-0.05873574882110666,0.30533048949932806,-0.0154728279440709,-0.02424576511572285,0.5573967861634501,20529235.154177856,0.18569745667053608
INDI,"indie Semiconductor, Inc. - Class A Common Stock",N,N,3.4549999237060547,-0.026760571798950084,-0.09317585942389806,-0.1573170721779119,0.33914729685073075,-0.4241666793823242,0.4159835420831257,-0.12002549276793495,-0.11001779471863493,0.6335314721441075,27874685.405878782,0.9761917918266324
INDV,"Indivior Pharmaceuticals, Inc.  - Common Stock",N,N,34.11199951171875,-0.012963016312797171,-0.112360155065507,-0.1135135156569631,0.1173271780056031,-0.18450877316496017,0.5154153338457443,-0.06420300830236525,-0.11421883529312327,0.8573935077532929,69121842.86982498,0.30526464766019706
INHD,Inno Holdings Inc. - Common Stock,N,N,3.880000114440918,-0.24951642994515177,-0.4003090818761855,-0.9017472790699674,-0.8313043428503949,-0.998875753312084,2.6952383720415374,-0.3954502833315774,-0.8186500657909377,0.8480702880058155,3095073.4924924374,2.2369087795167415
INMD,InMode Ltd.  - Ordinary Shares,N,N,14.770000457763672,-0.017298687945892732,-0.024438565202692608,0.09814131354777,0.09814131354777,-0.111311690015237,0.1575235260836647,-0.014117384433343871,-0.019438589530150985,0.7566148813510698,6405445.821413422,0.27602088918708984
INNV,InnovAge Holding Corp. - Common Stock,N,N,11.26990032196045,0.040618688952295035,0.10165208467807951,0.23709119063468753,0.3677063877431552,-0.06937236651807666,1.8245364147928749,0.04013894235736326,0.0057025070405194445,0.6772907361196597,2138494.930155563,0.4623387117308384
INOD,Innodata Inc. - Common Stock,N,N,55.31999969482422,0.012445100892600092,-0.11784403599964721,-0.4517344018014142,0.24875847962869813,-0.5446913605364262,0.6058054708183416,-0.05967143156218102,-0.1129810794987538,0.6114401526525358,62830327.69014015,0.6829642350727909
INSM,Insmed Incorporated - Common Stock,N,N,126.2249984741211,0.038803359846907304,-0.047861571241978096,0.2899846749359376,-0.11545198897303854,-0.40293743773893054,0.37380281070290833,0.007030647366284226,0.08299576924399399,0.5464437659302975,213195297.0154949,0.7713473084674282
INTA,"Intapp, Inc. - Common Stock",N,N,39.2400016784668,-0.07058264936228964,-0.016787726672686465,0.641841100618388,0.5298246495925376,-0.17684071353647013,1.050156892883138,-0.043743110525235385,0.133409633522253,0.6877341249565048,23267054.34729538,0.6050159224736632
INTC,Intel Corporation - Common Stock,N,N,104.05989837646484,0.16960657467373763,0.06498720040415251,-0.16464719730758381,1.3109016477323943,-0.26167236714980024,3.3214243648738933,0.09984784028887073,0.04502363738131465,0.7219621985740944,8763800479.625559,0.7662660358610035
INTG,The Intergroup Corporation - Common Stock,N,N,36.900001525878906,0.06585796257475551,0.10445979330757549,0.13224919770209853,-0.0162622453465725,-0.2457072177630777,1.0614526431430549,0.05972061676568696,0.028399475510753946,1.1802153097069685,3525433.5405582427,0.6621142443512945
INTR,Inter & Co. Inc. - Class A Common Shares,N,N,5.505000114440918,-0.015205730917130955,0.058653906992908844,-0.0459271867177794,-0.31015036324773426,-0.4539977111533836,0.09009899139030408,0.012832913694264425,-0.0004539022231961898,0.6826165041254789,21886291.027813338,0.4260555384049166
INTU,Intuit Inc. - Common Stock,N,N,318.3949890136719,-0.07692866444076119,-0.05363516019732839,0.15565849326166514,-0.28200349543704795,-0.5414094122925804,0.25379450633367595,-0.08465430752765557,0.00248912152405234,0.9278525713469216,1396843868.365828,0.4585140022290048
INVA,"Innoviva, Inc. - Common Stock",N,N,21.350000381469727,0.012808370908011124,0.02891568103468556,-0.06112574334384391,-0.02466875391664336,-0.1192243983884792,0.2807438682517531,0.01077052618328711,-0.0015245819308018493,0.7990168543659508,12134444.428549003,0.2354128462021204
IONS,"Ionis Pharmaceuticals, Inc. - Common Stock",N,N,56.375,-0.05853375092843094,0.01723207980165231,-0.23069048936819703,-0.21340865856994884,-0.34826589595375723,0.0889511203692821,-0.052930877002588694,-0.0644752857180414,0.8724515799184543,148313972.5648697,0.6323601764572928
IOSP,Innospec Inc. - Common Stock,N,N,92.62000274658203,0.00010800276605715808,-0.014366270688348837,0.06963860334583205,0.38748343633644344,-0.031779226418025774,0.4222284625897774,-0.013289983802039829,0.04458728211443885,0.8400748961942501,14061700.71310768,0.20871361995445661
IOVA,"Iovance Biotherapeutics, Inc. - Common Stock",N,N,8.585000038146973,0.03683578683719779,0.32280436685868485,1.1041667153632728,1.277188350551961,-0.04505002706143768,3.743094093673477,0.07088284992897376,0.41323852393181615,0.5487608909702563,114563982.42142916,1.2191686538824875
IPAR,"Interparfums, Inc. - Common Stock",N,N,111.62999725341797,-0.04679364126353869,-0.07006000997973605,0.10546636504694784,0.27712114479248307,-0.13162197897052852,0.4401870133060799,-0.03443028706200346,-0.06317979379646677,0.6082901490069875,24051893.423826218,0.34028183434344866
IPGP,IPG Photonics Corporation - Common Stock,N,N,78.62999725341797,0.04561170803685721,-0.08356649817383599,-0.3141736048239866,-0.325701081880983,-0.489117046439421,0.11153519406153967,0.007056923697548401,-0.12163901025417934,1.0916404797373733,44442146.01098709,0.6403474150607054
IPST,"IP Strategy Holdings, Inc. - Common Stock",N,N,3.930000066757202,-0.07529410193948183,0.9552239230864032,0.0679347813763218,-0.613188963998043,-0.990174999833107,1.0575916939459344,-0.3291511867811029,0.04945526171088921,0.06028388063176096,69798968.9661308,5.591318056945112
IPX,IperionX Limited - American Depositary Share,N,N,22.709999084472656,0.09551372821799542,-0.10059409566444921,-0.3700416209405615,-0.13551584740223765,-0.6221926658812618,0.12148143627025454,0.020731459745098046,-0.029972238059606693,0.8151475912370153,5075056.322149277,0.7633934026402093
IRD,"Opus Genetics, Inc. - Common Stock",N,N,6.429999828338623,0.6788511635573895,0.6572164017230042,0.5915841309536483,0.3798283345244031,0.0,3.834586181098265,0.5665732285020386,0.6818371545857682,2.097420735345255,8496676.079528952,1.2181472177843398
IRDM,Iridium Communications Inc - Common Stock,N,N,47.97999954223633,0.026969141451453016,-0.028351589623251128,0.017171878832539234,0.8860726930859251,-0.13890885694365251,2.081799513963072,-0.0017684433431104374,-0.011850389275355977,0.3575190503894578,39481098.39020157,0.6341898829149886
IREN,IREN Limited - Ordinary Shares,N,N,46.59000015258789,0.26534493587019337,0.17207547553680236,-0.22051196593999356,0.10376690744175976,-0.39026308179996594,0.5895599113444037,0.11236458012605177,0.1580420446965074,0.9885457977907486,1863240907.5402904,1.1744128882766076
IRMD,iRadimed Corporation - Common Stock,N,N,83.62999725341797,-0.03183607417736034,-0.0575406115867928,-0.10446212954099476,-0.15706106013179977,-0.2006876176467285,0.2368433048741656,-0.034406827638223114,-0.08625728751749184,0.7309047306870069,8478990.182083894,0.28830869745322846
IRON,"Disc Medicine, Inc. - Common Stock",N,N,76.45999908447266,-0.02809201901500802,-0.05849033436214135,0.124577165565946,0.2929737254533884,-0.18754650314960797,0.36657726616366304,-0.04217272280591289,-0.01739038026234807,0.8857828088086863,32184439.700401306,0.34026575460541164
IRTC,"iRhythm Holdings, Inc.  - Common Stock",N,N,121.05999755859375,-0.010543530295181847,-0.006646468940126438,0.06520014019557707,0.031790638961294304,-0.3603170538515522,0.18931129256063217,-0.0101410478152828,0.007555398070407726,0.6879338437055181,60447810.39636383,0.4937552855793233
IRWD,"Ironwood Pharmaceuticals, Inc. - Class A Common Stock",N,N,4.079999923706055,-0.044496500718773424,-0.05116285052796965,0.11780816906946856,0.28706619101283826,-0.24304266701841148,2.6756755595721566,-0.040902696905331326,-0.022051793805152986,0.6105654134040533,6769142.334774971,0.6420919858969106
ISBA,Isabella Bank Corporation - Common stock,N,N,39.54050064086914,0.025693940944526927,-0.0330031491543854,-0.05302510519654202,-0.10950911469855218,-0.29176226569824415,0.26853409625081803,-0.006283511569172728,-0.005985864255627749,1.0114065626840136,2775345.136836052,0.3166085658550064
ISRG,"Intuitive Surgical, Inc. - Common Stock",N,N,352.6499938964844,-0.04495600840491709,-0.12107772539352524,-0.1420960541259757,-0.2618215607422313,-0.40516149376923527,0.062134827918336466,-0.06488652370105441,-0.06917387056562108,0.6049773015990649,789230736.1379547,0.48022899806446273
ISTR,Investar Holding Corporation - Common Stock,N,N,30.639999389648438,0.029569864045651872,0.011888992564049072,0.02034849100482017,0.15866153045433085,-0.014791028494500313,0.4412988767795092,0.006074518680211138,0.019790033020555153,0.4005815503389809,2962801.066802597,0.20093853079022403
ITIC,Investors Title Company - Common Stock,N,N,292.6099853515625,-0.003066418125845849,0.034260015929874044,0.15722767024123208,0.3363202331615984,-0.042199201713129186,0.4002967157320312,-0.0026612134939852927,0.018460587857146882,1.196946888991798,21913383.720532227,0.2347659386813232
ITRI,"Itron, Inc. - Common Stock",N,N,95.83999633789062,0.007781260522006228,-0.07248626110943346,0.18967228453778517,0.04412240311545945,-0.30641191621159736,0.22840297951240518,-0.025659834637892343,0.017558797229064504,0.4912530643583485,48286103.438690186,0.6056726048310488
ITRN,Ituran Location and Control Ltd. - Ordinary Shares,N,N,52.68149948120117,0.03175671884643427,0.0004082725759848582,-0.19934752988154525,0.09010834904870646,-0.19995069984781255,0.6489348060007727,0.01730066265974073,-0.027205890720866988,0.6343458418157453,6106283.337117004,0.27896214283960474
IVA,Inventiva S.A. - American Depository Shares,N,N,4.559999942779541,-0.044025165406013866,-0.03389827426361236,0.18441559889200376,-0.23489934335683438,-0.36223777874716145,0.33724335132053485,-0.0327199554204165,0.0029913644501240455,0.8923057930171248,3522724.88080678,0.5805325730388727
JACK,Jack In The Box Inc. - Common Stock,N,N,14.970000267028809,-0.04222647745231434,-0.16181412343556834,0.11967093456731326,0.2905172219599619,-0.3635204091976372,0.5925532845254973,-0.09792104602469887,-0.07767946034965123,0.5202990859374338,13035850.874017429,0.88496467334838
JAKK,"JAKKS Pacific, Inc. - Common Stock",N,N,24.31999969482422,-0.01578305965593929,-0.034597415403848975,0.09154852892833665,0.27339286966209864,-0.07773776218237638,0.6983585346229777,-0.027861185566807944,-0.00819158225337635,0.5867047787615592,2146932.076884079,0.32192940288810046
JANX,"Janux Therapeutics, Inc. - Common Stock",N,N,19.93000030517578,0.055055635210727205,0.20641644993475539,0.46976398882288106,0.4379509955885337,-0.4263097483518785,0.6362889824154361,0.09505495608479131,0.18857349067113782,0.8293509614290746,15228046.224557877,0.40666399521399577
JAZZ,Jazz Pharmaceuticals plc - Ordinary Shares,N,N,238.97500610351562,-0.019428831315534745,-0.036313371155621055,0.03649812905113037,0.32432812493790153,-0.08655679778423853,0.9084411737252478,-0.03820320849756231,-0.040653623269086836,1.4831087773238403,238244430.23748627,0.2813559386215972
JBHT,"J.B. Hunt Transport Services, Inc. - Common Stock",N,N,273.6700134277344,0.06702277645458521,0.031238256056942193,-0.05262777021486442,0.3896069010364307,-0.08135919951107551,1.111825038883087,0.01384045990878624,-0.0072727577699338575,0.74496100608487,209899983.11902618,0.3411647877802162
JBIO,"Jade Biosciences, Inc. - Common Stock",N,N,19.770000457763672,-0.05946717282483771,-0.1154362362268736,0.2887875007242702,0.4346880145766838,-0.26368714425018214,1.8446044604789806,-0.08732080056075342,-0.07034701396491316,0.5916629299046654,15292491.800372887,0.683782665106154
JBLU,JetBlue Airways Corporation - Common Stock,N,N,4.454999923706055,-0.003355674986497581,-0.23321859422002778,-0.11077849896618663,0.09729063706737162,-0.3103715329104,0.10545898058846914,-0.09703573181628411,-0.17848384673823892,0.5925392277646301,97691364.00152016,0.6265523433547494
JBSS,"John B. Sanfilippo & Son, Inc. - Common Stock",N,N,70.37999725341797,-0.047374121956103354,-0.13919370646382467,-0.09302680899909299,-0.026682837891733646,-0.2048467656120907,0.2506329697399421,-0.0818968234660793,-0.12083760426707768,0.9135543423267348,11798921.406087494,0.3376300731466838
JCAP,"Jefferson Capital, Inc. - Common Stock",N,N,21.565000534057617,0.04329948981423226,0.03414243786147475,0.33250131585181286,0.11190375270814745,-0.09167828218355112,0.4046212247516503,-0.011524313361803262,0.05735859106755514,0.6020104231967162,7907765.687409592,0.3887449703323481
JEM,707 Cayman Holdings Limited - Ordinary Shares,N,N,4.239999771118164,-0.009345896432088385,0.03921564960882984,-0.8379204971005529,-0.803703717766802,-0.9740196087597792,0.20113308937191432,-0.04660189356593181,-0.44778439514554835,0.07476487387263667,7248602.131203175,6.195973578446522
JJSF,J & J Snack Foods Corp. - Common Stock,N,N,82.66000366210938,-0.049994234769818235,-0.08318544471346279,0.0496100634731278,0.10663143639159123,-0.20283161337464362,0.19481359896284323,-0.05845631178990396,0.0019297224240673039,0.6770129933798927,15702408.078619385,0.36576423147614556
JKHY,"Jack Henry & Associates, Inc. - Common Stock",N,N,158.9199981689453,-0.051172808120918845,0.038194668384666786,0.2438419559465368,-0.029883191761844285,-0.1651240203916926,0.29231771245326277,-0.025152099832993602,0.021590278303573074,0.5949021275931868,148243129.25279388,0.33433528403370605
JLHL,Julong Holding Limited - Class A Ordinary Shares,N,N,6.159999847412109,0.09608540442155333,-0.25060831541326756,-0.7433333396911621,0.06298529185725066,-0.8625000010643686,1.0196721126942885,-0.07256852084315746,-0.16657648875500153,0.41834602777547625,4857695.445927048,7.208629088432183
JOUT,Johnson Outdoors Inc. - Class A Common Stock,N,N,44.26499938964844,-0.0012409816235220417,-0.06019106531458451,-0.047326286406272455,0.02702345802267203,-0.16663310352395766,0.22377552093335873,-0.046624211560454265,-0.04064225208223593,0.7982574798911871,2151293.9830955504,0.24905264690837484
JUNS,"Jupiter Neurosciences, Inc. - Common Stock",N,N,3.0999999046325684,-0.07462686779611127,-0.34042552543906046,-0.8270571806651342,-0.8882882917249525,-0.9770370377434625,0.0064935004616650804,-0.31271479261702473,-0.6315620709695036,0.09755565803147453,16818716.334129762,1.4725922128738327
KALU,Kaiser Aluminum Corporation - Common Stock,N,N,170.6199951171875,0.044761482259964014,-0.1177413741368456,-0.10113543854944385,0.4881978977108101,-0.1241089616325054,1.3618942930641,0.038478829739723164,0.021760322461624515,0.7448493244236971,35263082.71876831,0.6043124226541989
KARO,Karooooo Ltd. - Ordinary shares,N,N,65.0,0.0,0.03833868345653513,0.4074799133343081,0.4101648233420838,-0.03273805131176777,0.59931669818803,0.010438617309523668,0.04894355627715674,0.4439889990720302,3634251.1195487976,0.38538107915414754
KDK,"Kodiak AI, Inc. - Common Stock",N,N,4.0,0.1428571428571428,-0.1285403339813055,-0.3485341877882623,-0.5192307515962583,-0.633699636258837,0.1428571428571428,0.02504964984041158,-0.069702542090885,0.7807830623331795,3789035.827652359,0.6001789757274467
KDP,Keurig Dr Pepper Inc. - Common Stock,N,N,32.20000076293945,0.009720958896965115,0.10349555949894906,0.022685626592714447,0.20856270295345603,-0.038805947374941696,0.3038205125393125,0.013965667148075012,0.03048576027583394,0.5719332170653609,289044674.1831457,0.30367519681011634
KE,"Kimball Electronics, Inc. - Common Stock",N,N,25.364999771118164,0.0612970784925051,0.005350782058312742,-0.019141563323678112,0.09426227080137273,-0.23437974786153004,0.1208573005646949,0.0388360293867962,0.022258754808413217,0.8463675968239415,5405458.067890644,0.4019985670217178
KEEL,Keel Infrastructure Corp. - Common Stock,N,N,3.815000057220459,0.24267105543247625,0.15957449892240594,-0.31753131429624293,0.6443966237050762,-0.42717715546151824,1.3993710548005094,0.12578386682200882,-0.028099752559502145,0.8023480809290207,130391964.3207283,1.153690755880646
KELYA,"Kelly Services, Inc. - Class A Common Stock",N,N,15.949999809265137,-0.04433796891033259,0.03909410715237627,0.33079994070405117,0.927087638609488,-0.07696764030850034,1.014799477916342,-0.03757544091194254,0.03652892708143485,0.7779645771027552,4945758.549730873,0.4366224262601002
KHC,The Kraft Heinz Company - Common Stock,N,N,24.649999618530273,-0.03192562522738929,0.015987155057291424,0.02681769596732675,0.15480017220541042,-0.09326273752067116,0.20216821351912606,-0.01253404961072968,-0.017369971749489066,1.247220679245347,369347686.8166214,0.3341758517700124
KIDS,OrthoPediatrics Corp. - Common Stock,N,N,22.059999465942383,-0.04086958843728772,-0.08993400683828556,0.2379348958322185,0.32412963193208455,-0.1675471899644384,0.5068305292768562,-0.08504595113819813,0.008729190704761969,0.9202953935319234,5278409.959488774,0.42653332609453465
KLAC,KLA Corporation  - Common Stock,N,N,186.3249969482422,0.09032124532577357,-0.0695087391232454,-0.2671658854807444,0.25997515131109794,-0.38173873911915934,1.0412335702236204,-0.0032907783377817967,-0.08018649519843446,0.6536683425113655,1643713229.9683304,0.7716617492091536
KLIC,"Kulicke and Soffa Industries, Inc. - Common Stock",N,N,83.62999725341797,0.07162988560112127,-0.08119094333334476,-0.25945893834949185,0.2785563828319306,-0.375009350726597,1.392113645110102,-0.02972998732255161,-0.12812399418854692,0.5337437432904868,59033357.5998024,0.6937240825361803
KMB,Kimberly-Clark Corporation - Common Stock,N,N,99.83499908447266,-0.056471987061577966,-0.06942079972828419,-0.012288823237256219,0.037486878367621435,-0.19870322363161685,0.10070612021321046,-0.06859621922854242,-0.0770609941767757,0.8515875040740088,310896501.6037037,0.27806469276853085
KMTS,"Kestra Medical Technologies, Ltd. - Common Stock",N,N,25.43000030517578,0.01234074265866325,-0.0885304425493253,0.21966426090699231,0.29877428009521934,-0.10299823763679838,0.42305535035815356,-0.04374229114082395,-0.002776369251231481,0.6181072382947397,6561279.082878495,0.6357239277905112
KNSA,"Kiniksa Pharmaceuticals International, plc - Class A Ordinary Shares",N,N,78.37999725341797,-0.011352188947232111,0.00745493803225572,0.5105029519243747,0.7359910211407727,-0.03138903822296579,1.2128741192916852,-0.0062694868486031785,0.08037620812396229,0.5927473098232746,35488576.468416214,0.6443202440140923
KOD,Kodiak Sciences Inc - Common Stock,N,N,34.29999923706055,-0.07447388111052766,-0.18546666492736041,0.007046325722045665,0.553441999799763,-0.26141256995357387,2.7242127138971886,-0.10962284588446347,-0.14666005294300588,0.7706444081485403,21643493.606071472,0.5670785557104567
KOPN,Kopin Corporation - Common Stock,N,N,4.440000057220459,0.054631833014120446,-0.14615380383101995,-0.10121457372640807,1.1553398934708725,-0.305164295776051,1.4395604006925407,-0.06190575440998314,0.045739332521149034,0.6381624268240149,16948618.86200261,1.0960609847201357
KRNT,Kornit Digital Ltd. - Ordinary Shares,N,N,16.399999618530273,0.02053515432314157,-0.06712174688832562,0.03994921639057081,0.15492956611377506,-0.09090915819108925,0.3322501266852862,-0.025332468959569643,0.013421634754254175,0.9919840403440835,4937731.068898964,0.36431330934502787
KRNY,Kearny Financial - Common Stock,N,N,9.899999618530273,0.013305952372120844,0.05095536500517439,0.13943171226119566,0.4462929285625419,-0.022704885815624576,0.6464555114988104,0.0077361149779031635,0.036244933776545585,0.9168572903183159,7024840.898011589,0.23242709159676717
KRT,Karat Packaging Inc. - Common Stock,N,N,47.7400016784668,0.006111715718956301,-0.036828059937481505,0.6040050026966781,0.7662627611101549,-0.04136541345688871,1.4205386775902182,-0.005712833837061115,0.1301192083733369,0.7054259219912068,6187628.543804169,0.35314271411674003
KRUS,"Kura Sushi USA, Inc. - Class A Common Stock",N,N,43.63990020751953,-0.012224990808634706,-0.11660123766072883,-0.10902612055175565,-0.2434136619863435,-0.47434471245351206,0.022610450795767845,-0.08571627413232608,-0.10540974390422808,0.5993438496592522,7400103.56431427,0.5256123405257422
KRYS,"Krystal Biotech, Inc. - Common Stock",N,N,348.81939697265625,-0.04128352989341244,0.06656294142248398,0.0970198309070689,0.3906605845643689,-0.07756339388400768,1.5376064304925339,-0.00019797282232814073,0.00019615899943836723,0.5236763364418654,73984769.65923157,0.43951735382299584
KSPI,Joint Stock Company Kaspi.kz - American Depository Shares,N,N,105.56849670410156,0.014301449335704541,0.10705218150598284,0.3104332162785677,0.5092603540356602,-0.029255202720905205,0.6021093497175165,0.013172990674695795,0.10970110773931241,1.135494127568161,58092310.89881973,0.2733619191980199
KTOS,"Kratos Defense & Security Solutions, Inc. - Common Stock",N,N,47.654998779296875,-0.03415081816132981,-0.25223600938967417,-0.1748052159429112,-0.4878009639900618,-0.6354421792053243,0.08603002778695656,-0.12925905582195563,-0.09001336551738004,0.6054208182940878,165446807.29195023,0.6123722806480563
KURA,"Kura Oncology, Inc. - Common Stock",N,N,12.364999771118164,-0.040729290785205374,0.24521645429086192,0.3662982884549666,0.4737782199209257,-0.09013983574065332,0.6709458934816683,0.007516638325042901,0.10725061350431675,0.9473335230937298,28671866.934350777,0.5906789874384851
KYIV,Kyivstar Group Ltd. - Common Shares,N,N,13.90999984741211,0.06345565202961301,0.06183201850040754,0.020542900265608344,0.29757458030991746,-0.13976501040312994,0.4908895992666622,0.03416229757370837,-0.005455346038800268,0.8525338803660781,4584232.649155808,0.3775626874334333
KYMR,"Kymera Therapeutics, Inc. - Common Stock",N,N,115.91500091552734,-0.0263334905994711,0.057425634110756185,0.3446435642179855,0.4646828634002884,-0.08950590575435302,1.6659384115891696,-0.030975101581728226,0.013676305693525403,0.6373074209529724,72084295.17122154,0.5781188331580182
KYTX,"Kyverna Therapeutics, Inc. - Common Stock",N,N,8.0,-0.0419162114347259,-0.0024938225214576892,-0.006828094735197077,-0.06323184593268516,-0.28888888888888886,1.0671835236615967,-0.04750565824712516,-0.02029219977425245,0.6037315708309396,5937001.56228981,0.6534365544611193
LAMR,Lamar Advertising Company - Class A Common Stock,N,N,149.92999267578125,-0.0076119217721445365,-0.025289393207726274,-0.018470312753946727,0.1608238439149976,-0.0876286070396195,0.3394792971102629,-0.012250564055075186,-0.040213397796593275,0.5887898860703757,70951618.27253418,0.19251953281621373
LAND,Gladstone Land Corporation - Common Stock,N,N,9.579999923706055,0.002091998243882731,0.1735634378096631,0.08720855163764352,-0.13633533446489865,-0.20957412789508245,0.19540391014643377,0.07289888372774755,0.11127196539102258,1.2646638354288744,7555048.589638424,0.23610106738556577
LASR,"nLIGHT, Inc. - Common Stock",N,N,41.52000045776367,0.029761923909277677,-0.15626902600645298,-0.40396212639954365,-0.3942223533242242,-0.5112418840572681,0.4807417654102746,-0.0855129014338728,-0.2887171165848602,1.0013185225180825,58256637.207873724,1.0786711889204632
LAUR,"Laureate Education, Inc. - Common Stock",N,N,36.07500076293945,-0.031803478582255296,-0.01649398956387027,-0.018634319637400365,0.08594218655407682,-0.10837860654366738,0.30943745052489824,-0.03751232275654648,-0.04402137687746588,0.8337961491168737,33302026.299277306,0.28706325169527486
LBRX,LB Pharmaceuticals Inc - Common Stock,N,N,49.797000885009766,0.05726119953847841,0.09854398573826728,0.7521815887167107,1.0958333503919016,0.0,2.4084190318410386,0.04080169792313737,0.20850550186093075,0.7657450872614907,13309042.121706963,0.5738451522741526
LBTYA,Liberty Global Ltd. - Class A Common Shares,N,N,10.58899974822998,0.004648936105720702,0.03915605341287676,-0.15016053645175143,-0.10791913645151363,-0.1873369174800894,0.0927760791307608,-0.0023037001974183235,-0.000866200173607945,0.8070084903038076,19896138.47214813,0.3132418894708509
LBTYK,Liberty Global Ltd. - Class C Common Shares,N,N,10.380000114440918,0.002898524817921855,0.040080219494174285,-0.13572024008135053,-0.10440034704199685,-0.18074190592450778,0.08237747124955397,0.0022207296742935423,0.00614544675340456,0.7636506933665297,11342704.1692945,0.2919685917404158
LCID,"Lucid Group, Inc. - Common Stock",N,N,4.605999946594238,0.012307638134478882,-0.3125373018332326,-0.11423074701128544,-0.537085423629328,-0.8140492587213264,0.012307638134478882,-0.13315957695039427,-0.24924044979648752,0.7041904979151443,52572012.35849662,1.1851137722364105
LE,"Lands' End, Inc. - Common Stock",N,N,11.020000457763672,-0.06689245840675995,-0.15749231482860038,-0.11200639860912631,-0.1861151780789576,-0.4245430455726852,0.09217049465923477,-0.07297577642366582,-0.07466492948653425,0.8642357931317467,2083813.3437709808,0.5503027545353966
LECO,"Lincoln Electric Holdings, Inc. - Common Shares",N,N,273.6400146484375,0.01846070458488347,-0.037393938073157384,0.06277186706029658,0.066302774735435,-0.07872263257449275,0.2520308277108696,-0.025380509824293185,0.019798241212785506,0.8614570021886692,123840212.83464356,0.319510767899428
LEGH,Legacy Housing Corporation - Common Stock,N,N,27.459999084472656,-0.007589482878288978,-0.05114033940128104,0.09839996337890633,0.408205081255008,-0.06375727392082142,0.46141552669008945,-0.03314968449939104,0.0027386907511852687,0.4970770313148933,2235301.235041046,0.28468698307411977
LENZ,"LENZ Therapeutics, Inc. - Common Stock",N,N,5.369999885559082,0.02676861682122844,0.030710143232362874,-0.20679469709183562,-0.541808893924159,-0.8905198783061001,0.16993457669743628,0.0646312211473461,0.01984614635151072,0.6854749480283187,3592026.5989421844,0.6765430098363729
LFST,"LifeStance Health Group, Inc. - Common Stock",N,N,12.430000305175781,-0.013492069138661078,0.08086959175441577,0.4623529770795036,0.9391576600729732,-0.03568658075213016,1.5841996783877073,-0.003886659424188421,0.07497127339728937,0.8467774667321614,43693439.0361166,0.4223522932179306
LFUS,"Littelfuse, Inc. - Common Stock",N,N,427.2850036621094,0.044936538200184506,-0.05675513026271761,-0.09325513845996025,0.28784481779345117,-0.12469732914459963,0.8292496114994974,0.007849105097816667,0.007713070471171424,0.5020332481836035,81651749.92301941,0.42448790834127215
LGCL,Lucas GC Limited - Class A Ordinary Shares,N,N,3.4649999141693115,-0.2034482781300222,-0.9800575544508241,-0.9846000003814698,-0.983694118050968,-0.9986673077253195,0.0,-0.9190930974776746,-0.9704693715456677,3.675960763614546,7523984.822266603,4.042189339560143
LGIH,"LGI Homes, Inc. - Common Stock",N,N,52.959999084472656,-0.014514376063123224,-0.08373702796668114,-0.020166515596183543,0.38457513946333743,-0.1956257285817251,0.5467288694024417,-0.06578821401303891,-0.08775533561811633,0.7559735388258507,13529988.727816772,0.5446771309196003
LGN,Legence Corp. - Class A Common stock,N,N,57.91999816894531,0.12248061786269004,-0.10851166568104176,-0.3265116491983103,0.12400542482092458,-0.43365600791899395,0.9488559726486714,-0.013287938999234639,-0.10792398640791956,0.5001378964063552,59317823.006420135,0.7561925884310509
LGND,Ligand Pharmaceuticals Incorporated - Common Stock,N,N,288.0799865722656,0.013402742835475712,-0.0023203928233225257,0.12733816287494837,0.37495217973384953,-0.10703326104946187,0.7416116328776576,0.0032841068655049543,-0.029082414949920143,0.4471943139121093,53325932.96366882,0.34587746466175684
LIF,"Life360, Inc. - Common Stock",N,N,42.68000030517578,0.019345626796139825,-0.12199136454882042,-0.05679557336628105,0.04864863648944384,-0.6151140721427405,0.12021002662678826,-0.05464370721419698,-0.1701147943437521,0.5755519731296684,36226590.71418762,0.8433936461634898
LIFE,Ethos Technologies Inc. - Class A Common Stock,N,N,41.529998779296875,0.1865713936941964,0.24155449423216657,1.660474035406672,2.845370189430622,-0.011661153572792626,3.21624336760687,0.13186975477822238,0.5040670656823985,1.0571944033837164,47629092.01728439,0.8119905115799151
LILA,Liberty Latin America Ltd. - Class A Common Stock,N,N,8.59000015258789,0.0035046415304422762,0.0023337757848171936,0.5495687245194105,0.6315457326395078,-0.02052454911977064,0.8486082694590145,0.005854812064685744,0.05869014902800207,0.41097771216234824,3323156.826180649,0.5963046856190376
LILAK,Liberty Latin America Ltd. - Class C Common Stock,N,N,8.53499984741211,0.007674094254320751,0.007674094254320751,0.5321366035911479,0.5943552643979007,-0.016705121274847134,0.8155375237830937,0.008448020834237235,0.06165957532653743,0.6424731741151126,11070526.530439377,0.5713077913000589
LIMN,"Liminatus Pharma, Inc. - Class A Common Stock",N,N,3.5999999046325684,-0.012345700008071558,-0.3571428632249638,-0.4098360719811498,-0.6603773797097339,-0.9706122456764689,0.0,-0.2668397910148559,-0.33763869798316537,0.048596144098047446,4515302.69974103,1.4679958636352395
LIN,Linde plc - Ordinary Shares,N,N,465.114990234375,-0.04132081688294187,-0.048688755650656224,-0.10872145940345823,-0.04185209007096613,-0.14633641145890341,0.20626308489666156,-0.03276636383599252,-0.06613432839934463,0.7752842633757412,900153873.9451294,0.20780586964573414
LINC,Lincoln Educational Services Corporation - Common Stock,N,N,24.770000457763672,0.01934161462796724,-0.18466092356736485,-0.46327194715532705,-0.3589544293730115,-0.5551364884697898,0.3915731190702083,-0.05831810556715,-0.3402267165842183,1.0266720825942552,26727175.520391464,0.7412382232165362
LIND,Lindblad Expeditions Holdings Inc.  - Common Stock,N,N,25.88800048828125,0.011250004004687009,-0.21169304604156047,0.10396586976640232,0.4717453248272163,-0.24918791090557568,1.2609607789978425,-0.13416321228425554,-0.11498130662248884,0.9479769480996961,23194576.193621445,0.5310853131806084
LINE,"Lineage, Inc. - Common Stock",N,N,38.255001068115234,-0.01379221022905297,-0.08480857018299326,-0.12848910472224295,0.04102567456380157,-0.14207219248248848,0.2381003763999252,-0.04863746483572384,-0.08547588052374522,0.7764758951161661,27856986.18121185,0.31740243789868533
LITE,Lumentum Holdings Inc. - Common Stock,N,N,998.942626953125,0.14959734497952049,0.21734678007373542,0.08396917140450344,0.42541149588780636,-0.05141758123676454,5.676977627684121,0.10863559622121932,0.21441633131271343,0.7739886969038551,3995186847.0174193,0.9904818859346104
LIVN,LivaNova PLC - Ordinary Shares,N,N,79.30999755859375,-0.010603868072393996,0.009289841060433401,-0.0010077066591477335,0.26249598764528725,-0.0704951609116038,0.5999596136143368,-0.0134468043688033,-0.015456532703119641,0.7869042528850972,45470965.574546814,0.3153262881786885
LKFN,Lakeland Financial Corporation - Common Stock,N,N,59.154998779296875,0.00569532618515356,-0.04372780155779754,-0.035054241737607406,0.0936567865755602,-0.08248610782897303,0.0936567865755602,-0.019878320986859044,-0.032368785925601884,0.6203451212279885,8269394.5534942625,0.22187727758756812
LKQ,LKQ Corporation - Common Stock,N,N,24.61400032043457,-0.0038850168998351142,0.00821442218529933,-0.049507799665787555,-0.11997258341569428,-0.2689139704305257,0.10926040853656449,-0.02397648460105939,-0.015386745110280153,0.8669279691595202,73246721.03345394,0.43159303671740906
LLYVA,"Liberty Live Holdings, Inc. - Series A Liberty Live Group Common Stock",N,N,94.36000061035156,-0.0310124946420699,-0.06137469654695704,-0.026513975928327604,0.020053006994333433,-0.10124771377946873,0.26065467647238405,-0.05925749423364268,-0.05521239518524912,0.43507326462266876,13330530.25963211,0.2997132248865861
LLYVK,"Liberty Live Holdings, Inc. - Series C Liberty Live Group Common Stock",N,N,97.19000244140625,-0.03848436208133621,-0.06781123681146928,-0.03590908843226037,0.024130673115983825,-0.1072018932896791,0.2568214165278353,-0.06524031656235285,-0.06177294266926825,0.6849872320209018,25604940.08605957,0.2888070680983619
LMAT,"LeMaitre Vascular, Inc. - Common Stock",N,N,78.83999633789062,-0.02762710215314912,-0.04544046272376745,-0.14010757022370468,-0.2848796327443889,-0.3247202190753026,0.0009583660004985894,-0.025690266833659714,-0.13236432170673096,0.5969522821054548,24491623.08387146,0.6055904126926818
LMB,"Limbach Holdings, Inc. - Common Stock",N,N,49.125,0.09678497423226973,0.05872841345923807,-0.3788721421843704,-0.3513995063960901,-0.5694943498620612,0.1917758016786888,0.09896254572153729,-0.18208019226578687,1.3340075140631453,18950916.997131348,0.8618585865006887
LMRI,"Lumexa Imaging Holdings, Inc. - Common Stock",N,N,11.449999809265137,-0.016323069454771133,-0.018010295102497853,0.1877592740124847,-0.08619313222043923,-0.3820831416635023,0.6912850578321772,-0.033551401359101174,-0.007575383216442022,0.4605514853519114,5205634.635144234,0.5811018438908563
LNT,Alliant Energy Corporation - Common Stock,N,N,68.61000061035156,0.010159046819905981,0.0004374275079603862,-0.05441489828718271,-0.029413796304091133,-0.11403652401756703,0.11197116962943765,-0.003912613002158949,-0.04059214074623663,0.787715136002264,146651783.36400986,0.1821571296185719
LNTH,"Lantheus Holdings, Inc. - Common Stock",N,N,100.52999877929688,-0.0034694536444312973,-0.0014898840427516324,-0.038174492842697694,0.2528664189395351,-0.09383453608275782,1.0061863411458374,-0.0015791389476408346,-0.021559194694933614,0.722962419320818,119047475.64274292,0.2792762846734604
LOCO,"El Pollo Loco Holdings, Inc. - Common Stock",N,N,15.0649995803833,0.005003322909293395,0.015846234516939894,-0.03676475385660338,0.08381294919605242,-0.1241279702240713,0.6628034086802674,-0.02046524722359222,-0.054329766187683703,0.6434022286990815,3420045.6719893934,0.33713475567614115
LOGI,Logitech International S.A. - Registered Shares,N,N,99.44999694824219,0.014071553560847105,-0.04061360761273114,-0.10251783106794721,0.10328375440019033,-0.21501306313229007,0.1585508060459222,-0.001415817248456075,-0.016954477367296716,0.6967074361091952,70207201.72015,0.37052087151021046
LOPE,"Grand Canyon Education, Inc. - Common Stock",N,N,150.86000061035156,0.005130283771394462,0.04488153143365392,0.022848972755267205,-0.0802341380277537,-0.31598277704422284,0.10342304903013155,0.01828883542843407,0.021855486036604033,0.8561653056653032,42436023.26211319,0.34290892314683147
LOVE,The Lovesac Company - Common Stock,N,N,16.040000915527344,0.04291292562909166,-0.0886363313710401,-0.018960211541873773,0.4990655328459255,-0.2269879076854292,0.5218217242485992,-0.021488769642568628,-0.05213265334524919,0.8408122359788788,2603574.8261375427,0.5724058244614366
LPLA,LPL Financial Holdings Inc. - Common Stock,N,N,347.8399963378906,-0.027374684481884737,-0.06215549314789748,0.17742847532900385,0.2093519294634425,-0.11297797678882904,0.30940546116881285,-0.04072833749252602,0.01333893689707355,0.8269466545135251,199158140.4435486,0.31346765498191137
LPTH,"LightPath Technologies, Inc. - Class A Common Stock",N,N,10.800000190734863,0.1404434937912984,-0.17494269940098472,-0.2426367449236907,-0.07455011824090485,-0.4049586546707922,1.0377358117108684,-0.1250455580653531,-0.11257188521921391,1.2272281991314289,41490216.230513476,1.1743006316137055
LQDA,Liquidia Corporation - Common Stock,N,N,67.8550033569336,0.014123444075663238,-0.22935830772150156,-0.047381718951884255,0.8524433900712691,-0.25458635321473844,2.11261494181974,-0.04409041882631859,-0.13160601958166307,0.536379863685639,107403317.90135232,0.607277137072015
LQDT,"Liquidity Services, Inc. - Common Stock",N,N,41.45000076293945,0.053902843457556804,-0.007898468788872792,0.09251455622772475,0.474564207148235,-0.04887565347914735,0.8704874119292951,-0.016268927143637257,0.028280836705151247,1.0161202212646723,8559641.27721386,0.3933120956001672
LRCX,Lam Research Corporation - Common Stock,N,N,317.75,0.09493448185424036,0.02035900023548942,-0.13313749893952875,0.41504086509124494,-0.26672510593261367,2.026509344086342,0.01264894529002425,-0.0034411458154230967,0.587371544809235,2264309047.3142943,0.8107902431824483
LRMR,"Larimar Therapeutics, Inc. - Common Stock",N,N,4.065000057220459,0.03172588786411934,-0.05684452176606769,0.17146974746525667,-0.05465119141639929,-0.31680669117155613,0.44661926690273224,-0.006598225443871675,0.0354050059273312,0.37322979230946157,3570127.2035591127,0.6985906297581845
LSCC,Lattice Semiconductor Corporation - Common Stock,N,N,118.30000305175781,0.0592765287293362,-0.06200443644563869,-0.18148478481338204,0.2563721160873589,-0.23810137311408708,0.9164102369839753,-0.00948231550005385,-0.0648428126880013,0.6401964191295008,146942554.05337143,0.6493492161083837
LSTR,"Landstar System, Inc. - Common Stock",N,N,178.0,0.014765385575612466,0.003746558427020208,-0.20450383062504718,0.20692037283792675,-0.20838650722484064,0.5106416221017076,-0.021124251544445527,-0.06571440967570585,0.5835614859954352,63456918.89578857,0.3219992261402499
LTBR,Lightbridge Corporation - Common Stock,N,N,7.835000038146973,0.054508777814993525,-0.13520974886682757,-0.166489323818504,-0.2864298392719973,-0.7173520839745349,0.08819447856994422,-0.01653748230789298,-0.04150813706104661,0.6209613065106888,4319885.583620215,0.6797241857379428
LTRX,"Lantronix, Inc. - Common Stock",N,N,5.239999771118164,0.01747566487070351,-0.11336719011715835,-0.2190760445114338,-0.11784516487527619,-0.37988166989392325,0.1775280889244546,-0.08901256065088636,-0.07026263882691663,1.3016851540835408,6331529.719408321,0.6697959200110127
LULU,lululemon athletica inc. - Common Stock,N,N,98.79109954833984,-0.16278729196322161,-0.21350928215664355,-0.16821501776048842,-0.4026779133386764,-0.5423795751627519,0.0,-0.15087839752534027,-0.1613959370425344,2.4103536205740848,724788020.0555851,0.5299621074266389
LUNR,"Intuitive Machines, Inc. - Class A Common Stock",N,N,15.65999984741211,0.06385866598717382,-0.04975726441755379,-0.4117205351724893,-0.13528441084309228,-0.6573304248145302,0.945341549859336,-0.06420868132159407,-0.008885861222615365,0.4983317949764567,150469828.0799675,0.7784495294073057
LWAY,"Lifeway Foods, Inc. - Common Stock",N,N,24.985000610351562,-0.03570047250127395,-0.15818731962767119,-0.0033904701040026186,0.35127100701097635,-0.2612359303428603,0.4036517798456676,-0.03347161181969038,-0.12982148852355124,0.4506738743970404,4453400.780435562,0.5160716642116927
LWLG,"Lightwave Logic, Inc. - Common Stock",N,N,5.527699947357178,0.07752433217237886,-0.26882275275192125,-0.42359751205368734,-0.17125938768676363,-0.6966136028717846,0.861178415524726,-0.09089638651290322,-0.16004579813461683,0.6485651035864914,15616634.524720693,1.0610883337115329
LXEO,"Lexeo Therapeutics, Inc. - Common Stock",N,N,4.760000228881836,0.012766047245027501,-0.0041840962444885665,0.08924493215927365,-0.1728931130795891,-0.5522107076541469,0.1525423963641226,-0.031437545112510845,0.005025172173330761,0.5161779579039867,3421172.769606876,0.5653234651725177
LYFT,"Lyft, Inc. - Class A Common Stock",N,N,15.625,-0.06827670998861501,-0.10917906588203674,0.1539881864121977,0.16084695064763777,-0.3640618561630883,0.23517790286031448,-0.08704479565383394,-0.03846744782015654,0.7948917083200787,163538064.65561867,0.4493951494164518
LYTS,LSI Industries Inc. - Common Stock,N,N,19.270000457763672,-0.01783895853713946,-0.2178539347528149,-0.2447612240049648,0.013057300187750531,-0.27914145667077217,0.12483492987866884,-0.09485650353369324,-0.16506847269403513,1.0430352142371486,9795654.360120773,0.4312572604909511
LZ,"LegalZoom.com, Inc. - Common Stock",N,N,5.819900035858154,-0.05213352403713645,0.06983455416208284,-0.015245315377361401,-0.07030354264097083,-0.4756846994731766,0.0718048287008557,-0.019929288481317697,-0.1352429001805543,0.7478915373764167,14806009.169782639,0.835355809474326
MAAS,Maase Inc. - Class A Ordinary Shares,N,N,15.081999778747559,-0.0764237691848847,-0.278027753977767,0.014939443283940923,1.6413309418544273,-0.2899246731981684,4.273426689493718,-0.060112434033653406,-0.10112976989156786,0.5724948417447588,2788105.991031313,1.518289981343368
MAMA,"Mama's Creations, Inc. - Common Stock",N,N,15.380000114440918,-0.014102580874942316,-0.1359550127160153,0.031522486374162106,0.015181551267455129,-0.255205791837416,0.6344314945627387,-0.056412768474758734,-0.11404508488607323,0.9773206535446352,9088148.26730914,0.553254244753524
MANH,"Manhattan Associates, Inc. - Common Stock",N,N,206.13999938964844,-0.04657512146302012,0.05604509535062663,0.4423453822464436,0.4913905192381953,-0.07874506413008164,0.7053276313159387,-0.02143548178607213,0.11306093909878112,0.6150861730562421,150681952.53376693,0.6198938354779467
MAR,Marriott International - Class A Common Stock,N,N,322.3399963378906,-0.03649676251859291,-0.07581034088867811,-0.19760758389751198,0.0034497978553169606,-0.19760758389751198,0.2547254578988245,-0.07387997861857787,-0.10299689162981496,0.8612388839387471,457935305.6325073,0.2636868064566881
MARA,"MARA Holdings, Inc. - Common Stock",N,N,11.875,0.16080161596997167,0.22675615967187301,-0.15660510906634062,0.33127801551923186,-0.4800788125802836,0.7644873649844093,0.11165718098230615,0.04685502323552826,0.8351605445112719,516620337.08213234,0.92577518039131
MASS,908 Devices Inc. - Common Stock,N,N,9.664999961853027,-0.09248823398673311,-0.0344655603536731,0.16868191376939579,0.61352259284792,-0.12927931263968961,0.8988211536573503,-0.06625124306700803,0.08023828404052646,0.8804488450217762,4857168.926417256,0.5535260184624045
MAT,"Mattel, Inc. - Common Stock",N,N,14.020000457763672,-0.03906783336963271,-0.0671988884332374,-0.04300335680348666,-0.05969144190185305,-0.3673284948419818,0.07432952129130865,-0.04606379313527742,-0.028884084721395586,0.6507822845485831,45871511.00137596,0.31865928349583733
MATW,Matthews International Corporation - Class A Common Stock,N,N,20.299999237060547,-0.003436504628808179,-0.13617024523146604,-0.23486980082330045,-0.15024834549445143,-0.28870737107968714,0.0,-0.05798281455816423,-0.1755958054440102,1.2057433453889932,16320306.323355293,0.41279954211743963
MAZE,"Maze Therapeutics, Inc. - Common Stock",N,N,26.0,-0.01997740945827775,-0.04796775875356751,0.08108111537627583,-0.4635857366371481,-0.49840840244582185,0.6229712395170242,-0.06722275243569509,-0.08882549699019782,0.6754953750823546,9880782.64128685,0.44778996269633403
MBIN,Merchants Bancorp - Common Stock,N,N,52.654998779296875,0.017684520122674963,-0.03287723253853758,0.0530999755859376,0.2743502247553975,-0.05500722136142788,0.7440828141622406,-0.017497728435522886,0.01644690275418159,0.9126014296171929,8166994.382822419,0.30738374686520537
MBLY,Mobileye Global Inc. - Class A Common Stock,N,N,8.46500015258789,0.0125598684476953,-0.04565949697818561,-0.09368308198127373,0.1108924251600314,-0.45527669412049965,0.29039637597941526,-0.02720715258313422,-0.039389006718120956,0.4409293335776396,28806455.15918217,0.693555445452239
MBUU,"Malibu Boats, Inc. - Common Stock",N,N,26.424999237060547,0.0013262541955889606,-0.10966984618081721,-0.05218794718450226,0.048195168453466275,-0.23649237876184692,0.10287980996565826,-0.06285189089430654,-0.05121808866491673,1.1529444054335312,6153299.912343979,0.4633739573590215
MBWM,Mercantile Bank Corporation - Common Stock,N,N,59.15999984741211,0.006862546572079964,-0.021432223511476,0.07872913890595568,0.20826557093762577,-0.04795622097693086,0.41241739122198506,-0.016224028856070327,0.000199999510620108,0.7318097893665868,5312293.969335174,0.23340688589509404
MBX,"MBX Biosciences, Inc. - Common Stock",N,N,63.029998779296875,0.03446575518796946,-0.04514472444317619,0.7749930092527093,1.1961671464722756,-0.10848654172588346,5.467932223652435,-0.03195339247939588,-0.0056964037953468605,0.43729666810559065,24100729.81535492,0.6164983809744258
MCBS,"MetroCity Bankshares, Inc. - Common Stock",N,N,35.040000915527344,0.011839440796021394,-0.02368343517905591,0.029914932888934986,0.2783166765057319,-0.04704387320609926,0.4546328988397572,-0.012811733998938535,-0.015714969624238684,0.7592006563410466,2294726.071339798,0.22660496732844218
MCFT,"MasterCraft Boat Holdings, Inc. - Common Stock",N,N,23.329999923706055,0.013906983556765118,-0.05470017685480377,0.004737321860655674,0.18546745741514714,-0.14791816512777256,0.3556072727949786,-0.041495482322510324,-0.04422458811470664,0.9318638368108333,3925205.758447075,0.32464212995753766
MCHB,Mechanics Bancorp - Class A Common Stock,N,N,15.529999732971191,0.0006442831773576518,-0.08124913537680423,0.02235594234736893,0.17204803498384225,-0.08124913537680423,0.3368781988594607,-0.03275063431101588,-0.031821503060414646,0.713715786990322,6712169.7656805515,0.24134929638968655
MCHP,Microchip Technology Incorporated - Common Stock,N,N,73.33999633789062,0.02702692307527932,-0.08934521529720274,-0.22531236299868473,0.145905750973913,-0.2816546419594479,0.5353107317562444,-0.023298788675788273,-0.07034722315842556,0.6616658837685112,582252179.7386627,0.596900040250513
MCRI,"Monarch Casino & Resort, Inc. - Common Stock",N,N,120.4000015258789,0.024419320823541035,-0.012916038183425682,-0.06448138076514309,0.2552124175845416,-0.09837434995080241,0.36731729983696404,-0.015786473336151463,-0.02226681104994377,0.9399151712681633,16169323.958810806,0.2254714303030175
MDB,"MongoDB, Inc. - Class A Common Stock",N,N,362.5,-0.16515048678352906,-0.17456053152119866,0.05746794897475005,0.3499926069993362,-0.23246311918216067,0.6043372644215481,-0.13392401036988633,-0.03274369111665165,1.4670870288946931,782725255.5285645,0.675915303927323
MDGL,"Madrigal Pharmaceuticals, Inc. - Common Stock",N,N,530.510009765625,-0.015221569810422886,-0.008892726272608065,0.10345907999373605,0.20024889087245468,-0.11996749543651275,0.286552690464728,0.0018270666847168826,0.00079611173419325,0.5382616397087662,114751895.2918396,0.42253575015998135
MDLN,Medline Inc. - Class A common stock,N,N,34.19499969482422,-0.026060976918854672,-0.024115331010984065,-0.06596560708181187,-0.19084237924826264,-0.31596322171051816,0.04957022016586077,-0.02289532319234555,-0.09046176084396185,0.8841118653730853,219627542.8671894,0.522451204440008
MDLZ,"Mondelez International, Inc. - Class A Common Stock",N,N,61.45500183105469,-0.002515805514711089,-0.005260552843375899,-0.016191017252867423,0.10690041623010904,-0.054392924279283994,0.21348605072473315,-0.020126013636632245,-0.001840202036902383,0.784585327484271,420066176.22055435,0.26952193675413466
MDXG,"MiMedx Group, Inc - Common Stock",N,N,4.619999885559082,0.022123872799678646,0.06944437545758975,0.2833333355409129,0.08962267333818863,-0.41959800710822825,0.49514563556260893,0.046432582249292365,0.0780790265242286,0.6533321169969983,3999683.1252984046,0.32849909414843903
MEDP,"Medpace Holdings, Inc. - Common Stock",N,N,586.602783203125,0.005817391853097931,-0.031209276295417032,0.2551949069195576,0.2898038675193517,-0.055009612238219874,0.4910344242334168,-0.021044866665071216,0.017747039315948454,0.5913775972113982,114312137.58911133,0.4265315189710131
MELI,"MercadoLibre, Inc. - Common Stock",N,N,1865.9000244140625,-0.04970229861404263,-0.03819586370409145,0.17381734591828923,0.10391301553232157,-0.25690070124909903,0.2062890424377033,-0.025164979002063714,-0.00023863142052826802,0.761646065708207,747448717.3678344,0.3686411342168333
MEOH,Methanex Corporation - Common Stock,N,N,61.13999938964844,0.016966075779863532,0.1265892550937313,0.03286315752978464,0.1602372699349086,-0.06661990686397723,0.8258840266573069,0.0516086230890882,0.11916937607875133,0.4763654193056132,32267356.976156615,0.45552417821228264
META,"Meta Platforms, Inc. - Class A Common Stock",N,N,645.0,0.11487541828875147,0.07657899128176893,0.13866070568500688,0.04859306361673754,-0.1706324683990258,0.22802605799600717,0.1118715185559962,0.07786677431299682,0.9554066293037986,9167878360.994507,0.4717033200830738
METC,"Ramaco Resources, Inc. - Class A Common Stock",N,N,12.451000213623047,-0.11127765808632084,0.21949071176328783,-0.1840760139663914,-0.08515793330572041,-0.7717506803343087,0.39898884801066736,-0.008208486930767478,0.059261135829311806,1.1865446308724594,27150942.846837997,0.8299448601223596
MF,MindForge Inc. - Class A Ordinary Shares,N,N,13.210000038146973,-0.1728240565267899,0.34384538562301525,0.6785260775399031,-0.6891764696906595,-0.8417964067287788,3.594782621964164,-0.11756847222292655,0.32934830830031836,0.22034736303107383,4590751.080581236,2.2449187530668833
MFIC,MidCap Financial Investment Corporation - Closed End Fund,N,N,9.197999954223633,-0.016121052340578257,-0.02620181732948057,-0.06546012136186907,-0.08906415358438657,-0.1993000186045153,0.04298855608814489,-0.019077388816038265,-0.022922707899860173,0.7915207851547186,4592870.484253216,0.19249953470294243
MGEE,MGE Energy Inc. - Common Stock,N,N,77.7300033569336,0.003615318524525346,-0.03453095387979044,0.007489152279264832,0.08677678765624863,-0.08500243922065642,0.08677678765624863,-0.013763553231233572,-0.0290292254547716,0.5618373200989064,10100868.322778702,0.17484159062009014
MGNI,"Magnite, Inc. - Common Stock",N,N,23.389999389648438,0.021843600407700947,-0.037448554567205306,0.43938457782451934,0.8388363914014265,-0.0976080508950079,1.0883928382122998,-0.0215026988496535,0.07328039102493955,0.7599284550368355,56546847.88911553,0.6170311505807259
MGPI,"MGP Ingredients, Inc. - Common Stock",N,N,16.104999542236328,-0.02216149279509738,-0.11746398795755708,-0.01744318446948101,-0.02453006530737678,-0.41864292929904945,0.028692096110828347,-0.06400903859808282,-0.07162388370812012,1.0227567238374715,3084957.1086603166,0.42557695905794674
MGRC,McGrath RentCorp - Common Stock,N,N,110.33000183105469,-0.004601177586484595,-0.08727660210188304,-0.03742168703248683,0.05731652624118233,-0.109367888531967,0.16891787684841342,-0.04121730428987569,-0.05544107130194065,0.6189788954471881,13158221.88695755,0.21493481679391974
MGRT,Mega Fortune Company Limited - Ordinary Shares,N,N,112.0,0.037133088392955926,0.15463917525773185,0.5133089686153665,12.82715984263668,-0.2123769169927222,30.81818199059195,0.1062602455557724,0.20430625421124904,0.9457018167055192,2088084.9117385864,0.7940677441727495
MGTX,MeiraGTx Holdings plc - Ordinary Shares,N,N,13.555000305175781,-0.04474977406520597,0.038697326211493355,0.4134515213243164,0.8243607830885686,-0.09452237385523254,0.9391989626642632,-0.031560887611710386,0.025007010147638953,0.7949177533947539,10080324.796892738,0.5565455700817472
MIDD,The Middleby Corporation - Common Stock,N,N,108.5,-0.027777764484826162,-0.09575796373306622,-0.1491135472618732,-0.031695167630989785,-0.24740237534306975,0.20760654000422019,-0.044196021961354304,-0.1393068029938307,0.5551315455815896,63035955.48995972,0.3436889705318583
MIRM,"Mirum Pharmaceuticals, Inc. - common stock",N,N,99.91500091552734,0.016015910476802286,0.017153593617125873,0.005737578014196387,0.09006106178927031,-0.22287473575723793,0.5587364008419708,0.008012962668101142,-0.07585199481846605,0.5399273316266101,46936458.761125945,0.4731111755057766
MITK,"Mitek Systems, Inc. - Common Stock",N,N,17.770000457763672,-0.003923749676317367,-0.04049675925821028,0.0802431388208853,0.24265735809409716,-0.11767621666875017,1.0543354036335764,-0.03568034217612004,-0.03059328829330421,0.6652555827029109,11816702.319892693,0.5457805766263447
MKSI,MKS Inc. - Common Stock,N,N,267.2049865722656,0.08425979518400828,-0.09146853765081664,-0.24807135091314125,0.14681618624484316,-0.39871064177216575,1.4778254904557664,-0.0318162886586304,-0.13929416393019223,0.84238923542583,341019951.4509857,0.7901780453186793
MKTX,"MarketAxess Holdings, Inc. - Common Stock",N,N,163.30999755859375,0.004057815474185711,0.009643355099684392,0.3574102895955418,-0.055119342047715625,-0.1477479791761841,0.5042380766322512,0.00533421020327296,0.14538669906061008,0.7895172566346326,163264037.97310486,0.6512210716556927
MLAB,"Mesa Laboratories, Inc. - Common Stock",N,N,124.1500015258789,-0.010520440599202097,0.11754082066364768,0.1784610009936749,0.5498229273297266,-0.04975118770962583,1.0990157285685989,0.020097286063018194,0.14553454709288638,0.6853323156123537,18283212.53704109,0.5148350861735654
MLKN,"MillerKnoll, Inc. - Common Stock",N,N,21.950000762939453,-0.002272692593661252,-0.07029018062176629,0.3625058191215742,0.24693181420479515,-0.09648457873019434,0.6466994314597245,-0.040785512654074596,-0.014127456887538803,0.6767586484966845,11241166.761226082,0.4674607055722228
MLTX,MoonLake Immunotherapeutics - Class A Ordinary Shares,N,N,14.670000076293945,-0.030403174796272636,-0.115732372431259,-0.2150883008504081,-0.09611826925088318,-0.7633489324232459,1.3490793186748982,-0.06375645442719469,-0.16725323307201445,0.7323276690104269,18102448.110614777,0.5592978450622748
MLYS,"Mineralys Therapeutics, Inc. - Common Stock",N,N,31.149999618530273,0.21822448143538842,0.13977313229008637,0.3187975661198692,0.30334728517647713,-0.3418550937369331,0.38444442749023433,0.15814323799968077,0.14647664194657128,0.9729157388493345,26646190.227413464,0.47901073688182066
MMSI,"Merit Medical Systems, Inc. - Common Stock",N,N,86.63999938964844,-0.04455228167105274,-0.04906158699109109,0.30226966750838846,0.26907871173079534,-0.07018674494642685,0.43657763914457415,-0.037376120297659465,0.05011308084829258,0.6918700309489736,61854818.387217715,0.2729324628613619
MMYT,MakeMyTrip Limited - Ordinary Shares,N,N,52.23500061035156,-0.06939248857374836,-0.1494056222090545,0.21054458315659597,0.2181669615020725,-0.4872386453125509,0.43898076331148106,-0.10802029920581535,-0.09096287487715893,0.4822245411832473,22291526.988360595,0.5388949744383567
MNDY,monday.com Ltd. - Ordinary Shares,N,N,83.5250015258789,-0.1345456462846446,-0.045101173428250596,0.07676939350886736,0.12917399144913722,-0.6188683374304268,0.4202516506624736,-0.09216889405444528,-0.035006625545850656,0.7475808391217935,104702834.44858208,0.6686102069264032
MNKD,MannKind Corporation - Common Stock,N,N,4.142099857330322,0.04072860238190934,0.07867186195663312,0.13172124595461976,0.5870115033771857,-0.33299519615360573,0.8167104865380816,0.024104907156795807,0.025160073774688207,0.5390771372737848,12436052.12706747,0.5982638214024713
MNPR,Monopar Therapeutics Inc. - Common Stock,N,N,112.86000061035156,-0.04006123242917725,-0.01397866928987368,0.8882382423621331,0.9358490924062985,-0.08866275881970109,1.6307691514246248,-0.01311215517834674,0.021598770937780953,0.5995884582046865,20066050.264675904,0.7001651287618452
MNRO,"Monro, Inc.  - Common Stock",N,N,12.529999732971191,0.008045006061164095,0.0985322810871263,-0.1969350221018249,-0.13974446358501325,-0.44542242701198853,0.13654708000379223,0.02182416434976364,-0.10704155406027827,0.6463994948491716,12799219.824114133,0.757687902248717
MNST,Monster Beverage Corporation - Common Stock,N,N,42.5,-0.055345667605488535,-0.06654950275717242,-0.08434775047516263,0.14725339723805408,-0.14948971459316718,0.3528568760599249,-0.0790799521758252,-0.09894247946098267,0.7196097118712564,426279012.15317917,0.24745253781430906
MNTS,Momentus Inc. - Class A Common Stock,N,N,4.21999979019165,0.03685494157339142,-0.12266115584337178,-0.6468619366069129,-0.004716976888241464,-0.861801171528819,0.30650147531644345,-0.024728486582758724,-0.12609500530920636,0.3428421010809293,3698538.4499541996,0.9169430747571554
MORN,"Morningstar, Inc. - Common Stock",N,N,197.1649932861328,-0.060492744149894695,0.009135983000875258,0.1286512965500568,0.08244203533269578,-0.22677988840990093,0.39426316618058,-0.06496052771478744,0.02818772689991822,0.695217275257691,58774843.68760681,0.4721332278438017
MOVE,"Corvex, Inc. - Common Stock",N,N,14.65999984741211,0.1444183737076541,0.33272725885564625,-0.2245438077255436,0.319302879527815,-0.4006541129955169,3.173644133188457,0.28315096597170264,0.12400210593535244,2.771758988476044,5805157.937500954,1.2846081998185084
MPB,Mid Penn Bancorp - Common Stock,N,N,36.43000030517578,0.010260646638766246,-0.03649830780196872,0.06975666212921094,0.20922502158108047,-0.052042674580219495,0.4012476068509503,-0.021172548535444702,-0.004406928210018868,0.5120586052801981,3199455.2054508207,0.2183660998815572
MPLT,"MapLight Therapeutics, Inc. - Common Stock",N,N,13.805000305175781,0.037190072874042635,0.15233729821986097,-0.502522511525197,-0.18889542104103574,-0.6531406892007932,0.3937406034674078,0.1120957247933243,-0.3529502648501599,0.6655922046298131,7250453.654889298,1.772917031557858
MPWR,"Monolithic Power Systems, Inc. - Common Stock",N,N,1216.510009765625,-0.007708205384332922,-0.1323719091404948,-0.22757192278021243,0.1353235649090445,-0.27902632290221563,0.4686051776561102,-0.06103673881198257,-0.08168047060156536,0.5687665793587791,732562800.0323486,0.6029596246460472
MQ,"Marqeta, Inc. - Class A Common Stock",N,N,16.040000915527344,-0.008039527529575374,0.03018633461241249,0.046997469650497115,0.020356275003996283,-0.331666628519694,0.06648942527996593,-0.009677803484261727,-0.03415962026515129,0.6236352786138546,11601731.24501419,0.452098460158389
MRAM,"Everspin Technologies, Inc. - Common Stock",N,N,17.209999084472656,0.0851197639986736,0.04683689327259355,-0.29496111462298025,0.8426122915751963,-0.6089525166818253,1.549629493995949,0.006226751470070457,0.022281043861731575,0.500921719165792,18598704.781059645,1.0114249866855765
MRCY,Mercury Systems Inc - Common Stock,N,N,82.2300033569336,-0.0068840540315912024,-0.24663305352829257,-0.31645884230314614,0.04128152571657573,-0.34846680965509824,0.24364791199565317,-0.12023833804421524,-0.18708748477084092,0.7884457567636152,78886520.5007286,0.6503058037396781
MRLN,"Merlin, Inc. - Common Stock",N,N,3.180000066757202,0.13167264466620288,-0.27891152453819235,-0.5330396338506771,-0.6816816677062576,-0.8023617130764454,0.13167264466620288,-0.06491212698766358,-0.1724999185180357,0.7825166081404725,4408335.011953091,1.0219195025392467
MRNA,"Moderna, Inc. - Common Stock",N,N,137.54010009765625,-0.10844560647873902,1.2707627668918287,1.7557623826518176,1.6248109941319182,-0.21126220755592673,5.151167099431207,0.0930020035943282,0.5573985541951381,1.063930131077738,4996394455.98382,3.7487480040886942
MRTN,"Marten Transport, Ltd. - Common Stock",N,N,14.270000457763672,0.029581588112731483,-0.016540300987759493,-0.21154478875471838,0.23327702894832236,-0.2167207150615733,0.5372093047147162,-0.022234366766507252,-0.0882837410438817,0.6538826561780345,6635340.573596001,0.27290565078559664
MRVI,"Maravai LifeSciences Holdings, Inc. - Class A common stock",N,N,7.019999980926514,-0.03835619212225838,0.20826162651700497,0.4096385449879101,1.301639373992535,-0.22000000211927628,1.7000000916994567,-0.04118008752904034,0.02986913437725791,0.9429349763778997,35959934.07957594,0.7824055508437895
MRVL,"Marvell Technology, Inc. - Common Stock",N,N,231.4250030517578,0.09998100538586874,0.09003346857412442,-0.17239149754080263,1.6432088597094165,-0.2684571841561163,2.482776734029299,0.022302486960269707,0.05720358962600658,0.7356742358664297,5407038599.427935,0.9227778932215817
MRX,Marex Group Limited - Ordinary Shares,N,N,76.0,0.04654361230490389,0.2709321317909865,0.2292925510387993,1.0955926584733948,-0.02900213032355481,1.728433547022198,0.04789351247055684,0.1266699957861417,0.9816598334684878,54640691.383441165,0.6055160635609559
MSBI,"Midland States Bancorp, Inc. - Common Stock",N,N,32.95000076293945,0.011046351907518348,-0.0022029141539255948,0.10333330076079861,0.6213313126237505,-0.03630086321447812,1.3798420362454533,-0.0018417746836296711,0.02314487560370404,0.6045908389050795,4552771.515856743,0.23452134086807128
MSEX,Middlesex Water Company - Common Stock,N,N,58.619998931884766,0.008082500321116903,0.012037457859710221,0.1139100953713621,0.1807824421278037,-0.028491522737375097,0.23033346722697567,0.003593577921851887,0.026767016477211802,0.5862702090649081,6680173.878043366,0.20146310728357927
MSFT,Microsoft Corporation - Common Stock,N,N,493.07501220703125,-0.015857604448639706,-0.019465189157841567,0.2642761064218202,0.2636187724448198,-0.08290097208484382,0.4001169343444073,-0.0024618575566226486,0.09938772654506978,0.5688533936566863,10528104761.994482,0.44057515519196816
MSTR,Strategy Inc - Class A Common Stock,N,N,138.13499450683594,0.10614187656106133,0.4375585364900878,0.11426145960033463,-0.017252440906929678,-0.6159609842663385,0.6782286308355461,0.15511732760588615,0.30939725711206756,1.0659214663220435,3347708702.6483803,0.8982306427024871
MTCH,"Match Group, Inc. - Common Stock",N,N,40.849998474121094,-0.02529232586853536,0.1100543293756886,0.1770719979810158,0.34303532061156217,-0.037464660792595916,0.42993772737985636,0.010250852040327274,0.038608385560479075,0.8594787388888687,117928810.99386978,0.3695719907619391
MTRX,Matrix Service Company - Common Stock,N,N,10.854999542236328,0.01448595661066987,-0.07538332590593777,-0.20824219460006088,0.06317331064441567,-0.30416671302583365,0.07262842539416114,-0.021079958734186444,-0.0788279276811037,1.6181438526755325,3175158.983516693,0.3698396220725152
MTSI,"MACOM Technology Solutions Holdings, Inc. - Common Stock",N,N,278.6449890136719,0.06348986156264536,-0.07096657280660179,-0.26647276016703647,0.27299095340419344,-0.31984721247007497,1.2806104789465116,0.0019678016642035168,-0.021568061144043194,0.6305040828254578,315297269.58008116,0.7300040004577811
MU,"Micron Technology, Inc. - Common Stock",N,N,1007.6849975585938,0.07953911866108188,0.16023232038157587,0.026721392269075883,1.1836643566785638,-0.16951781974868096,6.4630452394747495,0.05271460118878335,0.0801911202461969,0.5603592853042649,25115974714.936302,0.9557668249322476
MWH,"SOLV Energy, Inc. - Class A common stock",N,N,25.809999465942383,0.04156572844051465,-0.14762222983285944,-0.18708663099394074,-0.14734063179299972,-0.4481505406601294,0.08172668925854176,-0.07625134115303611,-0.0927369956801325,0.6185866168989748,51213498.5846776,0.716896762292196
MXL,"MaxLinear, Inc - Common Stock",N,N,69.08999633789062,0.19968737896914157,0.001014194410733138,-0.18197966982227554,3.1974483706421255,-0.4603608763834274,4.294252515562612,0.027971978735557235,-0.08241654890452177,0.5942164923277488,143012751.954467,1.311782938819268
MYGN,"Myriad Genetics, Inc. - Common Stock",N,N,3.119999885559082,-0.018867981112750454,-0.03105594477100304,-0.2794457412163951,-0.3275862122120672,-0.6185819353105714,0.09090909090909083,-0.009681042937381146,-0.27801178091226264,0.7108240087392975,4603449.109264803,1.13359218856914
MYRG,"MYR Group, Inc. - Common Stock",N,N,289.67999267578125,0.01124066646915356,-0.1220222145472486,-0.3500852735295066,0.08620491965920651,-0.42194642138117056,0.6666474699082032,-0.056569081868299675,-0.18301089172493368,0.949731966945194,83864719.33668518,0.47824747969131604
MZTI,The Marzetti Company - Common Stock,N,N,103.11000061035156,-0.06914296734556125,-0.09495962325214236,-0.06730812363553751,-0.246055900662698,-0.425945216278805,0.0,-0.07513245408771774,-0.06640712166519758,1.1064159684446286,40873481.36263428,0.35109907593312856
NAMS,NewAmsterdam Pharma Company N.V. - Ordinary Shares,N,N,25.25,0.01324237249982918,-0.08580741372994027,-0.16940788431428466,-0.14232338512393783,-0.39083233931865,0.04684905146970619,-0.050876767193526184,-0.1388659621775714,0.9840660933824331,29010555.872787856,0.46762361920456963
NATH,"Nathan's Famous, Inc. - Common Stock",N,N,98.30000305175781,0.00614131138441576,0.008722484660179886,-0.030941132829975015,-0.017349406007278412,-0.08945824425647264,0.10469081996622931,0.005534044464793997,-0.0033316599274993974,0.6740014973470653,2395515.6616210938,0.1186603407446581
NATR,"Nature's Sunshine Products, Inc. - Common Stock",N,N,13.510000228881836,-0.025955274668175266,-0.15509690917668506,-0.3412969245189339,-0.4126086857007898,-0.5140287554083284,0.028158285836507035,-0.05768290160662626,-0.24931097284717607,1.0417774260403738,2946896.894758797,0.49709810923450093
NAVI,Navient Corporation - Common Stock,N,N,9.295000076293945,0.01881158436184749,0.10709267533135503,0.18626991158763073,0.1903024895440324,-0.259244965244263,0.29749372337564073,0.011062579289498053,0.06232932289448656,0.971629374814597,9881529.704823684,0.42381170413317654
NAVN,"Navan, Inc. - Class A Common Stock",N,N,26.489999771118164,-0.03002562104941886,-0.08434153156994895,0.32915200027562297,1.9238408989211586,-0.1337475527400922,2.112808350017964,-0.0729902141565908,-0.02380242384193687,0.6851695841978609,61732908.62306814,0.6276579243174082
NB,NioCorp Developments Ltd. - Common Stock,N,N,4.135700225830078,0.03392505645751953,-0.22841415619174366,-0.2341296013350027,-0.13839582052247446,-0.6456126650563436,0.07142495808990401,-0.06586085045783796,-0.08787026214395377,0.673381143197874,12195069.270991612,0.7654196454229963
NBBK,"NB Bancorp, Inc. - Common Stock",N,N,22.850000381469727,0.03675133540360842,0.0043956211635045594,0.11148376080683087,0.14250840884661486,-0.01720428466796875,0.37297560271203234,0.012776067776130162,0.03330350232567403,0.7681587468462653,6536321.444197464,0.237212014047184
NBIS,Nebius Group N.V. - Class A Ordinary Shares,N,N,245.75999450683594,0.2316327692485456,0.2718521965573397,0.05766910768327582,1.072874490279729,-0.1427674756218107,2.3269254821871153,0.07238697489290624,0.15466038433900575,0.59887490940696,5046934770.945823,1.428670769385167
NBIX,"Neurocrine Biosciences, Inc. - Common Stock",N,N,154.55499267578125,-0.01406610046135548,-0.04560336948430688,-0.03258013276178462,0.18242662946313137,-0.1668194464917453,0.2555239203213544,-0.0012682046668966995,-0.0649549889286577,0.725262408712146,170366313.687558,0.34020389677974205
NBN,Northeast Bank - Common Stock,N,N,128.0749969482422,0.02747689835889977,-0.04875967373118528,-0.014127183411306699,0.2006277262496181,-0.06854340940920056,0.5674242202839843,-0.01936577300281872,-0.02228350101167087,0.7513395313357479,11954900.422463227,0.34160051747202536
NBTB,NBT Bancorp Inc. - Common Stock,N,N,50.92499923706055,0.012224167103601413,-0.029787256000236018,0.06526052661985693,0.27371374993762476,-0.05410512535565781,0.34097843123093385,-0.014840296359015626,-0.011317356804226186,0.6489315716820374,12097852.532463456,0.19049288706006676
NBTX,Nanobiotix S.A. - ADSs,N,N,35.599998474121094,-0.09391708718306413,-0.08057858079079305,0.0016881698662967182,0.09035212282927385,-0.3535500513636832,2.894114821884478,-0.12949924476996522,-0.10347783288327317,1.1046869879386174,7045404.461600495,0.7425723399656812
NCI,Neo-Concept International Group Holdings Limited - Class A Ordinary Shares,N,N,13.069999694824219,0.006158577761019357,0.107627074878061,0.2068328519758318,-0.6917453013097907,-0.863854169845581,2.3071862390005147,0.016843642496355393,0.0657642329213366,1.3226467154332002,10859332.832886506,0.5165883234500409
NCNO,"nCino, Inc. - Common Stock",N,N,21.989999771118164,-0.013901321818307166,0.147703546254897,0.43537860373113246,0.4476629610652876,-0.2820763834925354,0.569593105772078,0.02067812213171738,0.13466320535866605,0.9336130966892693,57268248.7542038,0.49456451715291233
NDAQ,"Nasdaq, Inc. - Common Stock",N,N,94.19000244140625,-0.034344868184103206,-0.008734942443514804,0.05855247120606766,0.1063650479725855,-0.06093111009623997,0.22563440873878915,-0.033016422924550204,0.00797047086995395,0.6391337450508316,242301002.99407044,0.3166024069780345
NDSN,Nordson Corporation - Common Stock,N,N,316.4150085449219,0.006409079795023587,0.016235301359137866,0.10097350845208442,0.18963588259233854,-0.054631021796315515,0.44329408836535045,-0.011234758179659021,0.035871095181286394,0.7682216919699361,134402964.26571196,0.2560814123542829
NEO,"NeoGenomics, Inc. - Common Stock",N,N,17.364999771118164,-0.004871116796843711,0.0505141590917928,0.5573991358940615,1.1679150155957299,-0.06840126932827761,1.4151598933131582,0.01917743594650223,0.10257467652026442,0.6182238256246775,25997329.68178339,0.5994822281904829
NEOG,Neogen Corporation - Common Stock,N,N,11.859999656677246,0.018900284094982345,0.032201905389861896,0.3032966109350599,0.3386004645879508,-0.023868310366918943,1.2504743263001208,0.009619445791904102,0.09599671648095898,0.7994615091181717,17820884.53820901,0.5944304174238961
NEOV,NeoVolta Inc. - Common Stock,N,N,4.050000190734863,0.1095890643606039,0.25000005518948565,1.2752810426017844,0.06578953725149184,-0.33168313053197007,1.531250081490724,0.12821232673038896,0.3981427819018293,0.7633785917988554,6914203.37713399,1.590474593228249
NESR,National Energy Services Reunited Corp - Ordinary Shares,N,N,35.38999938964844,0.01929718160683125,-0.0172174107410058,0.3354716750810731,0.7246588011774997,-0.02533742629707847,2.6334702485917636,0.024616550017150907,0.1464167415273352,0.6308943055752311,57830960.967114255,0.6687180570405677
NEWT,"NewtekOne, Inc. - Common Stock",N,N,12.154999732971191,0.0424528209294055,-0.045168879021351804,-0.11996064575322685,0.08187209259587935,-0.21883037241777825,0.3242228499032609,-0.02092271081396313,-0.11433173869317781,1.0363386354427384,3134134.8212245465,0.3582969343085173
NEXN,Nexxen International Ltd. - Ordinary Shares,N,N,9.199999809265137,-0.041666724615624595,-0.1221373844352337,0.0722610595655202,0.350954462051009,-0.15981735438198552,0.6140351082662987,-0.08151551811821722,-0.08305344578226359,0.8953066169228813,5171100.268962527,0.38870253819941164
NEXT,NextDecade Corporation - Common Stock,N,N,7.465000152587891,-0.02034117261142443,0.10592594853153936,-0.11130946528613972,0.07564842810357253,-0.248616020403158,0.5552083033240516,0.03175428029767047,0.028421088316754384,0.7120201077842001,15779219.642804146,0.6125453701107844
NFLX,"Netflix, Inc. - Common Stock",N,N,76.5,-0.053334954693800785,0.022864006732718822,-0.04779681992690821,-0.19218582402055728,-0.3944191423068584,0.1316568302776817,-0.036760488332935215,0.012523531762226092,0.6134543750989424,2150724683.1196914,0.38338917805674877
NGNE,Neurogene Inc. - Common Stock,N,N,38.41999816894531,0.014523349685058307,0.07318432926592111,0.3202748338591215,0.9702563163561699,-0.10317464911062968,1.3469759437559388,0.016792103361148003,0.04823742335988879,0.6989580557853818,8124928.894863129,0.6676198405765479
NHIC,NewHold Investment Corp III - Class A Ordinary shares,N,N,10.640000343322754,0.002827586014729766,0.0009407552939018071,-0.02564100100869393,0.025048191330953484,-0.06993000580457565,0.047244144007827726,0.0018125177095229539,-0.006628673075139591,1.0423048188855197,2372633.9398066998,0.07567186721740446
NKTR,Nektar Therapeutics - Common Stock,N,N,75.15499877929688,0.047456428979747445,-0.00456955259209435,0.26566179567908765,0.02698822719164995,-0.2510712513993876,1.1399487774774704,0.013946734548605733,0.042497488679093864,0.555132642325514,40152804.359025575,0.4934376826374261
NMFC,New Mountain Finance Corporation - Common Stock,N,N,7.269999980926514,-0.028074871338434115,-0.05950841358498571,-0.055173783990481784,-0.04919393835757824,-0.20319507054560904,0.06598237506429783,-0.036894748489118334,-0.004709494808709969,0.5879993636200682,2799755.9648783207,0.2706523722007962
NMIH,NMI Holdings Inc - Common Stock,N,N,43.94499969482422,-0.007341331817909635,-0.010247788635536104,0.18609988123472632,0.1806823818796761,-0.03861298238896693,0.24314007331557108,-0.02417632229327249,0.007681715614405116,0.9013208364038567,18914579.753311537,0.19579648981359546
NMRK,"Newmark Group, Inc. - Class A Common Stock",N,N,14.739999771118164,-0.018641856066041518,0.001897809471389733,-0.025162657270155764,0.0188132955312712,-0.23831627398124378,0.0740634212636484,-0.04241219087795611,-0.03771282796543274,1.029027115651575,20788926.06969261,0.41173704179369114
NN,NextNav Inc. - Common stock,N,N,15.140000343322754,-0.0052562366821607975,-0.15086929847973718,-0.29581393751987195,-0.17177244121312796,-0.3582026178299176,0.3315743619797138,-0.09817877135272624,-0.030369773212825635,0.8352820089819103,38599516.10339127,0.7329334472503574
NNBR,"NN, Inc. - Common Stock",N,N,3.765000104904175,0.13063068803737266,0.03150685110466189,0.25500003496805834,2.060975647577803,-0.08394161007367773,2.3026317124111406,0.03327617983367426,0.05583445784342733,0.2689305687756829,6520519.3421263695,0.9945059507512113
NNE,Nano Nuclear Energy Inc. - common stock,N,N,18.825000762939453,0.07756162008255862,-0.028637689466504357,-0.18787745836499903,-0.11370051950106852,-0.6675790145174725,0.2651210092848013,0.008369642474158834,0.034806931696923726,0.6815928850844779,30994834.64968624,0.8670026267520247
NOVT,Novanta Inc. - Common Shares,N,N,149.22999572753906,0.03869978164860566,-0.11019027038653206,-0.07039184661860931,0.2505656032656085,-0.11567409939236106,0.5040313837085593,-0.005769668621658286,-0.01095553808951566,0.5786585104924662,46324978.431884766,0.48364395345234507
NRC,NRC Health - Common Stock,N,N,21.190000534057617,0.0366927583367882,-0.008886746219225361,0.13658108698300997,0.22670425140448658,-0.06938954290478883,0.9035113224664841,-0.012650547530540401,-0.0029455014121088086,0.909843910965834,2561491.1997452737,0.5365464102310769
NRDS,"NerdWallet, Inc. - Class A Common Stock",N,N,9.447999954223633,-0.033946808569768394,-0.033946808569768394,0.1115294063792509,-0.07190572976505516,-0.40690522453072997,0.2464380012294598,-0.04148363313739856,-0.009826284843552857,0.73202400959239,5872049.305077267,0.4297443495888352
NRIM,Northrim BanCorp Inc - Common Stock,N,N,25.850000381469727,0.01851856722791667,-0.0340059730802974,0.001938028910378975,0.17232095475228792,-0.12009379973591472,0.3336615781019179,-0.00878099314463976,-0.032552618899875596,0.6561017146149025,2845776.8693208694,0.23648607751549705
NRIX,"Nurix Therapeutics, Inc. - Common stock",N,N,26.15999984741211,0.004608253750606028,0.007704189907274728,0.5433627533875973,0.7382059478987133,-0.0586542286583549,2.174757351220437,-0.014568639562130059,0.04656326389785903,0.7415757021997271,30568134.56186237,0.4788467521811156
NRXP,"NRX Pharmaceuticals, Inc. - Common Stock",N,N,3.488600015640259,0.014127894654475392,0.026058799349313544,-0.09151039228735747,0.836105294429695,-0.24489175280183118,1.0765476931901903,0.0075582799746929386,-0.04817563261853264,0.5348870213471717,2487139.5877071978,0.7095199203729167
NSIT,"Insight Enterprises, Inc. - Common Stock",N,N,157.72999572753906,0.023755359442661605,0.04491552776659935,0.42035111565035077,1.142488316259429,-0.020188843870394102,1.4480831131529315,0.02990529881354531,0.15879951701131678,0.5346411262813666,37479118.79965134,0.37702964960914165
NSSC,"NAPCO Security Technologies, Inc. - Common Stock",N,N,36.834999084472656,0.04526099120422211,-0.07005810358795339,-0.010343958183868018,-0.1309376881877643,-0.21409810594700007,0.057988988277295705,-0.005098101613757455,-0.012537994114464657,1.1947899081513886,18738721.61343956,0.30845791722538984
NTAP,"NetApp, Inc. - Common Stock",N,N,189.82000732421875,0.03636167028253423,-0.04358338208939383,0.17812349834769714,0.8990947654859067,-0.08334940290814474,1.0334901899565718,-0.013289014620593842,0.054210870091864205,0.9562822900815595,462127483.2276947,0.39414530303904804
NTCT,"NetScout Systems, Inc. - Common Stock",N,N,37.540000915527344,-0.012105239065069884,-0.027461077733057726,-0.09367449118640958,0.22840319278682686,-0.16280105290408287,0.4998002351456752,-0.02276482843698524,-0.06375165324288601,0.9644502608183948,22613035.309666444,0.308017641670521
NTGR,"NETGEAR, Inc. - Common Stock",N,N,21.246999740600586,0.018064153627558532,-0.10914048634110474,-0.13277552079181287,-0.015430963127097241,-0.4099694326312885,0.06930039472611882,-0.02361352182151033,-0.06635076301605636,0.8073140241940212,6321106.269044017,0.42385538689036273
NTLA,"Intellia Therapeutics, Inc. - Common Stock",N,N,12.406000137329102,-0.021994503197346194,0.03211311687730545,0.024442649797157268,-0.06086297490508197,-0.5566118534561799,0.5430348502725386,-0.01563509279795816,-0.027592047998862723,0.6270557000189201,38823260.23794079,0.7970233686246877
NTNX,"Nutanix, Inc. - Class A Common Stock",N,N,67.79000091552734,0.01649420353654274,0.05394902420968695,0.3747718318305726,0.6346756431172818,-0.16432447460212074,0.9700668763770908,0.010942313801971526,0.11483326776814895,0.9123808001721655,178830247.41223794,0.3498829350361176
NTRA,"Natera, Inc. - Common Stock",N,N,327.19000244140625,0.02004611697224834,0.046271428639739876,0.5428395866521036,0.6542293015202088,-0.03398290330910725,1.0422569672927047,0.00869610917104735,0.11056840817062796,0.6449072881248354,379408796.11943054,0.5746288197074827
NTRS,Northern Trust Corporation - Common Stock,N,N,183.38999938964844,0.008621664879700397,-0.018771976532457657,0.0568716349094629,0.3725121558655007,-0.03768218638879617,0.5260197565622904,-0.014275181050956709,-6.157718298027692e-05,0.7369208919195891,166787504.01934662,0.20498703482044106
NTSK,"Netskope, Inc. - Class A Common Stock",N,N,14.460000038146973,0.02918148340542226,-0.060428868383962,0.599557533093501,0.5269270993044823,-0.43931758337235793,0.8706338942389991,-0.013205039130844698,0.06567223606918393,1.097337249587988,70052651.23538537,0.6864161535654012
NUAI,"New Era Energy & Digital, Inc. - Common Stock",N,N,6.675000190734863,0.3762887261830896,0.2762906627899715,0.224770720062631,0.259433952927717,-0.17183624773901696,16.847593478487106,0.26762572413912644,0.3287813372813102,0.7408696941882214,32511057.823647976,1.2728448984847776
NUTX,Nutex Health Inc. - Common Stock,N,N,185.5,-0.009821695173794942,0.11444880385117351,0.2846260930798852,0.972145490270129,-0.06161469611018189,1.2284959726163023,-0.017920952436031423,0.054974709727807936,1.0293500551230321,27334034.49864502,0.7976565260615471
NVAX,"Novavax, Inc. - Common Stock",N,N,9.880000114440918,-0.023715392671163626,0.24276733980880216,0.1126126111613186,-0.012987024122719681,-0.11706876810244793,0.5884245092774345,0.08238389232578092,0.1469700676305663,1.183477551145026,47706733.53941178,0.49900305678088447
NVCR,NovoCure Limited - Ordinary Shares,N,N,16.239999771118164,-0.065592603262137,-0.08040770603415559,-0.08661422137537,0.34660026584263726,-0.18759379904636386,0.6191425925698786,-0.07032660319389084,-0.03558364962872729,0.5570867840595919,20114639.312333204,0.9172579433950322
NVCT,"Nuvectis Pharma, Inc. - Common Stock",N,N,24.539899826049805,0.06417607954818494,0.2642916032439666,1.2913071651394374,1.9853891762609357,-0.13985631842145074,3.343345028643565,0.06988295095213282,0.1770696936671543,0.5135304320262691,4344983.517711163,1.3640459039347446
NVDA,NVIDIA Corporation - Common Stock,N,N,225.75,0.03821742763654101,0.037931034482758585,0.10019980171531429,0.252844309108081,-0.04126113179611124,0.36836657115532945,0.021939442452268088,0.06563258492192192,1.1106701573156295,27518398856.869225,0.40881109876121324
NVEC,NVE Corporation - Common Stock,N,N,103.18499755859375,0.055169205364121954,-0.11709596018118096,-0.10981736881936277,0.6042222993744149,-0.22449778605102633,0.8606063732682345,-0.042839637887720605,-0.02796230861514637,0.4542029824425272,13300185.345765686,1.3071542667107974
NVMI,Nova Ltd. - Ordinary Shares,N,N,377.42999267578125,0.11784734125418894,-0.04677363040859406,-0.3526627209024138,-0.1755570058108723,-0.3768183316083793,0.3685908852941635,0.003025558160903774,-0.08504215927418501,0.9209346311791949,177110286.72970885,0.6556750481545639
NVTS,Navitas Semiconductor Corporation - Common Stock,N,N,11.920000076293945,0.08957957344604472,-0.12352943073919431,-0.49038048792898625,0.3156732366683759,-0.6250393289396918,1.1134752408640662,-0.04815139547405267,-0.06093669556855941,0.693166234716899,154590007.539869,0.9673407703520286
NWBI,"Northwest Bancshares, Inc. - Common Stock",N,N,15.40999984741211,0.01783352034126162,-0.014075512822648406,0.054429613535283305,0.3093815034307079,-0.02526184856065483,0.4220842489478849,-0.0030729567295738613,0.004665952573005061,0.759996114421757,11436285.72321949,0.16403831161468907
NWE,"NorthWestern Energy Group, Inc.  - Common Stock",N,N,71.76000213623047,0.02646257155217091,0.02527720676994738,0.029210579357546562,0.08510775019693106,-0.013404494185200622,0.3429405054091832,0.01643466731125587,0.016080753761858135,0.8018636523860905,24652837.50728798,0.19505135166220178
NWL,Newell Brands Inc. - Common Stock,N,N,6.21999979019165,0.04713800172961835,0.0229881046116589,0.27873513076457357,0.7067032301047289,-0.018927501499705457,1.137057527433901,0.03143740911145687,0.09509556066556146,0.6708683884185069,37997729.72784245,0.6127420132083098
NWPX,"NWPX Infrastructure, Inc. - Common Stock",N,N,106.31500244140625,-0.025348362149195114,-0.04872046877904501,-0.174893306904504,0.4784452374798789,-0.29094970848121626,1.1508193765937338,-0.04515988010811989,-0.13672772067244465,0.8123033159052281,15224544.015068054,0.3676706409168807
NWS,News Corporation - Class B Common Stock,N,N,32.84000015258789,-0.04060763681674373,0.005203611667299546,0.12235132931312576,0.20293044213739875,-0.07021516318415333,0.28503284899849857,-0.034501003116721995,0.012667602338651385,0.7653466473066645,37029456.60313549,0.2978785481073612
NWSA,News Corporation - Class A Common Stock,N,N,29.354999542236328,-0.04162584568932659,0.025323101736699938,0.14310744522537466,0.21804975425673123,-0.05883299007377629,0.3159674867710436,-0.024175395589583593,0.025283680162130118,0.804122846018147,102477677.79737988,0.27881297932345656
NXH,"Neighborhood Intelligence, Inc.  - Common Stock",N,N,3.8289999961853027,0.03766935956893924,-0.10327868541243457,-0.3488095371322333,-0.2153688716411073,-0.6838150202527828,0.03766935956893924,-0.05397226762744178,-0.18890522667322684,0.7624592442759539,7863409.773643494,0.7129631374543486
NXPI,NXP Semiconductors N.V. - Common Stock,N,N,224.3800048828125,0.008902927341129852,-0.05076571517099815,-0.2614933084770005,0.17447477780973442,-0.3232298844660463,0.23416204914485106,-0.009853784207690341,-0.0957181233232629,0.7008673328240496,656181066.7958466,0.44854104369612363
NXST,"Nexstar Media Group, Inc. - Common Stock",N,N,165.3300018310547,-0.07034410011495573,-0.09527357472025466,-0.043115694942754246,-0.26393863018433483,-0.33541470632596027,0.07935560627383142,-0.09117259470595074,-0.09433670267196126,0.7217097595526872,54698918.65785523,0.3776257643399332
NXT,Nextpower Inc. - Common Stock,N,N,84.69000244140625,0.019501658270536515,-0.19250567639916427,-0.30513616385045306,-0.26599060099303795,-0.4585037995752125,0.3164930830224688,-0.0503795352783144,-0.13675530076678544,0.5565567349064384,166351109.09070587,0.6170336899811832
NXTT,Next Technology Holding Inc. - Ordinary Shares,N,N,5.070000171661377,-0.12586206811503486,-0.22595419480551815,-0.9677070052760421,-0.9768493142846513,-0.9992859154687801,0.0,-0.1962905413773618,-0.894026830374854,0.6431409584952985,2638206.189277172,1.9939689407530299
OABI,"OmniAb, Inc. - Common Stock",N,N,4.210000038146973,-0.05180180543003676,0.24556209929103634,0.854625583048964,1.3131867674810431,-0.16468252579130838,2.0955882307825204,-0.014513100344692886,0.37482856803326947,1.2969012652964085,10660862.334238768,1.0882022490307506
OCC,Optical Cable Corporation - Common Stock,N,N,11.949999809265137,-0.0898705479734131,-0.25078370205850753,-0.47839371938647146,0.7144906985623529,-0.5560921331575909,1.8725962133626282,-0.16524048537909108,-0.20771731086665912,0.7292349544056479,3302411.340403271,0.9986952495758354
OCFC,OceanFirst Financial Corp. - Common Stock,N,N,18.780000686645508,0.01349163468624015,-0.015723230516778486,0.020183960195318207,0.09830663770756543,-0.06294213091552858,0.12896275526595868,-0.017885123919035073,-0.02287854169833725,0.7747496949187215,17082766.91206312,0.22346341208539458
OCSL,Oaktree Specialty Lending Corporation - Closed End Fund,N,N,12.670000076293945,-0.033562135156822714,-0.010928988191785116,0.07463953496931208,0.15767111266178402,-0.04449473170466478,0.21825945198279229,-0.02643306878214402,0.01662548609417769,0.7953564207602806,6203074.8793233875,0.23896179966460046
OCUL,"Ocular Therapeutix, Inc. - Common Stock",N,N,11.130000114440918,0.0529801736788047,0.1403688374417218,0.24496651418899962,0.31095411242573645,-0.30912478629645235,0.6177325478642617,0.03400224614933167,0.13399017194933838,0.6030508571026587,28688756.799850367,0.5262579276789646
ODD,ODDITY Tech Ltd. - Class A Ordinary Shares,N,N,16.353500366210938,0.15654172341894257,0.3103766799722578,0.39534982880651315,0.1396167199638787,-0.7431521778465,0.6670234114882849,0.19130138118222262,0.09180774042191331,1.0228502797564138,13341724.804351997,1.0265758265768024
ODFL,"Old Dominion Freight Line, Inc. - Common Stock",N,N,185.30499267578125,-0.007578156558031401,-0.11386175784363983,-0.24479025741555127,0.017845350576147556,-0.2538383020211188,0.4764164075715507,-0.07045155036519768,-0.13000807962195104,1.0247060541567232,308125354.23113406,0.3184494039264485
OESX,"Orion Energy Systems, Inc. - Common Stock",N,N,29.56999969482422,0.3307831056975905,0.49721517442147944,2.1625666832514194,2.0579110094647493,-0.031127154282128866,2.738305975378564,0.30103834941433494,0.8214857458141176,1.4254710540991624,2214512.841311264,1.4697317602653932
OFIX,Orthofix Medical Inc.  - Common Stock,N,N,8.970000267028809,-0.04878049027151099,-0.13081390191052755,-0.036519885850003986,-0.24367617818785958,-0.44731974614752,0.0022346880659112056,-0.08047153196887125,-0.1563998659650353,0.7469783641695709,2640951.064802027,0.6314948567819875
OKTA,"Okta, Inc. - Class A Common Stock",N,N,173.47000122070312,0.042300119297826067,0.1539280190766834,0.4917017787858746,1.2117812131291732,0.0,1.7565549083023888,0.13113122360629248,0.17485630238567973,1.4848930443720223,596100886.2854309,0.7681271320298784
OLED,Universal Display Corporation - Common Stock,N,N,82.0,-0.0049751685947064805,-0.12803063375491064,-0.09858535008630942,-0.13590416200767885,-0.45042382887022836,0.052091319366405875,-0.04039693994064619,-0.01868096253225271,0.8228538442312311,58214122.754406735,0.4169160734066262
OLLI,"Ollie's Bargain Outlet Holdings, Inc. - Common Stock",N,N,74.55000305175781,0.03055027406339006,-0.05285219261977481,-0.10450446784675305,-0.2596821716878994,-0.4609933889979617,0.2047511597437741,-0.010127724884616662,0.028737065404726758,1.0712307202281106,127616758.95928955,0.4704714210740908
OLMA,"Olema Pharmaceuticals, Inc. - Common Stock",N,N,10.680000305175781,0.011363625074878314,0.023969318570004283,0.08206691276681988,-0.26673528232983856,-0.7019257672513101,0.4354839009457976,-0.0024052243865846368,-0.059966704760420764,0.49868515956611786,8992509.036633682,0.555816996052479
OMCL,"Omnicell, Inc. - Common Stock",N,N,33.30500030517578,-0.034917359460013064,-0.0964460186193653,-0.11961409745860307,-0.021304687044601534,-0.35191670167864497,0.13051599932770164,-0.048639224692116234,-0.14623360628003323,0.8200897933410137,22919500.97307701,0.47473935040526966
OMDA,"Omada Health, Inc. - Common Stock",N,N,21.780000686645508,-0.04640978366290771,-0.09287794756260948,0.2707118706083129,0.543586195364548,-0.1867064925989106,0.9908593713019511,-0.07610076271816468,-0.040317226692684005,0.7799888506299868,23714809.0460351,0.6239275395067577
OMER,Omeros Corporation - Common Stock,N,N,19.135000228881836,0.020533345540364678,0.4069852714823199,1.189359351257028,0.7474886358163326,-0.009575541866698067,3.748138767415057,0.044244645649709646,0.37694561273651606,0.619816321754883,41521672.26779346,0.9508742415350999
ON,ON Semiconductor Corporation - Common Stock,N,N,71.12000274658203,-0.02105985887353179,-0.12316604350382132,-0.3910437350024324,0.17631498219534514,-0.4689762813714933,0.5839643725978665,-0.05815043253173591,-0.14091751548495857,0.6838724606728173,541467395.725185,0.7814593910525387
ONB,Old National Bancorp - Common Stock,N,N,25.399999618530273,0.014398657027240747,-0.048339883110208315,0.016012697302425938,0.21446169829467232,-0.0640323475634077,0.3275426636675063,-0.020198782165604334,-0.02942187629360682,0.6742151474794581,76453037.17121553,0.1903336357367421
ONDS,Ondas Inc - Common Stock,N,N,7.599999904632568,0.07954544684857368,-0.21971251712256679,-0.1854233690482494,-0.29824561789730575,-0.4575303511441028,0.4476190294538225,-0.08486108643678081,-0.051943528095195535,0.6769721093511541,549629795.0510149,0.8294785829459345
OPCH,"Option Care Health, Inc. - Common Stock",N,N,23.360000610351562,-0.01184428030990059,-0.029900303805469486,0.1252408647786305,-0.21240725790530424,-0.3615741865827955,0.19672131467909937,-0.016669449019642624,0.021193282101204636,0.5858527203407845,37691042.7184185,0.32527621457300093
OPEN,Opendoor Technologies Inc  - Common Stock,N,N,3.0299999713897705,-0.003289470588401344,-0.15363127487078776,-0.3175675828061544,-0.4261363918582587,-0.7119772015643159,0.0,-0.09660108405885226,-0.22297731554012257,0.39702226912777433,120899628.69333711,0.6988453654223918
OPRT,Oportun Financial Corporation - common stock,N,N,8.0,0.1220196173345085,0.052631592156154205,0.5238095238095237,0.9370459511677198,-0.011124864139724466,0.9370459511677198,0.06114869533994738,0.20340563498605535,0.606349008729809,2311911.4884744645,0.8524661525413021
ORIC,"Oric Pharmaceuticals, Inc. - Common Stock",N,N,12.510000228881836,-0.02948022531572425,-0.08885647152438136,0.5126964372943603,0.1519337591498071,-0.14607504746564137,0.6735786472891951,-0.07089009803874002,0.018016716523310716,0.6133048675704666,13646975.32380352,0.784394855391065
ORKA,"Oruka Therapeutics, Inc. - Common Stock",N,N,92.84500122070312,0.00797959619456301,-0.11305883693131291,0.3284447278798317,1.275612817570047,-0.17894411286430056,5.231208295149023,-0.07763529582510509,-0.02704814285856072,0.5641484535661142,79343747.70261383,0.66681866178561
ORLY,"O'Reilly Automotive, Inc. - Common Stock",N,N,85.8499984741211,-0.023877186435343756,-0.07259372629207062,-0.05680068511998948,-0.021317860471491756,-0.20376554704959593,0.037712981875831275,-0.03737801467951507,-0.03374304427431174,0.6759136455462872,415018786.0211418,0.3115074444276927
ORRF,"Orrstown Financial Services, Inc. - Common Stock",N,N,42.029998779296875,0.018168605188431997,-0.017761208692909425,0.05960259296000103,0.2546649756985009,-0.033348683951363145,0.3491903446279436,-0.007989449201955434,0.0030568442443477117,0.5742063382633616,3365185.0438491823,0.20414113492588254
OSBC,"Old Second Bancorp, Inc. - Common Stock",N,N,25.2549991607666,0.006977641052348327,-0.0076621452387858335,0.1255536751311832,0.3180116845203398,-0.025279841393396563,0.5319738637894034,-0.007203754331217338,0.0245956129632392,0.8795783872743435,9464053.58998251,0.18275731965676867
OSIS,"OSI Systems, Inc. - Common Stock",N,N,202.9853973388672,-0.02654233080852042,-0.12956518012339857,-0.09996276132866821,-0.2480630184850937,-0.34453176782594963,0.026578676603876472,-0.04715455912784483,-0.06620361190592083,0.9840240800360766,66087202.11325912,0.293014079215977
OSPN,OneSpan Inc. - Common Stock,N,N,16.15999984741211,0.017632224871117375,-0.0009127106634085891,0.1364356136169831,0.589052159021237,-0.03752239629317777,0.62192914849473,0.0037796878493536745,0.034217619218490425,0.7997485138789198,5686484.097397804,0.34333852048560387
OSS,"One Stop Systems, Inc. - Common Stock",N,N,9.780799865722656,-0.018976970535481863,-0.23106920908836615,-0.41256455917048085,-0.12982205828375615,-0.5097343613193154,1.2536404428212937,-0.1329877433628801,-0.22502634468320548,0.6173643376095622,8617535.138300896,0.8102864755216004
OSW,OneSpaWorld Holdings Limited - Common Shares,N,N,21.93000030517578,-0.013938825050931913,-0.1545993259962467,-0.14804331260257075,0.025093748495476964,-0.23389247582367167,0.13946895379008817,-0.12385195101212632,-0.15503707429316493,1.124254466725474,21625393.03175354,0.36712311962011657
OTEX,Open Text Corporation - Common Shares,N,N,23.02400016784668,-0.023222248044050486,-0.028924848953382987,0.04752057061339943,0.0257005335488647,-0.3950720288428078,0.1637371605242368,-0.04394648259262601,-0.02952020439968739,0.7843727020465064,32409920.558120348,0.42103780712860484
OTTR,Otter Tail Corporation - Common Stock,N,N,90.11499786376953,0.00586004629243253,-0.038190854194084634,0.01215948439268466,0.04600932605916652,-0.038190854194084634,0.2317880718731531,-0.010977087703787025,-0.00803770136874482,0.7617346456919212,16709163.94644928,0.21397657844925544
OUST,"Ouster, Inc. - Common Stock",N,N,37.525001525878906,0.12823221345698177,-0.16851317000320953,-0.05716074760783496,0.809305783027779,-0.3997920465271032,1.2564644269139635,-0.03326567340711739,-0.08097010905812574,0.45696376109153747,91926999.83355446,1.3186934818467788
OXLC,Oxford Lane Capital Corp. - Closed End Fund,N,N,9.645000457763672,0.005735172502675967,0.056866507317484105,0.13514341664439633,0.3138596350376912,-0.255026601257514,0.37001771734155087,0.013586116476870913,0.0685332169319488,0.674780316011809,8522944.913163757,0.22640549324594844
OZK,Bank OZK - Common Stock,N,N,48.959999084472656,0.011988383703027017,-0.05610179115741831,-0.05128138222030654,0.14123513610362948,-0.07779244784790074,0.1820084096246244,-0.020163126585496016,-0.032126882219777,0.7625429924530414,47191703.81959152,0.23224268327947575
PAGP,"Plains GP Holdings, L.P. - Class A Shares representing limited partner interests",N,N,28.299999237060547,-0.005971200575835778,0.12704096173513868,0.17932681000378103,0.25383972491724793,-0.005971200575835778,0.8103758677232984,0.04072812046385477,0.09034430017947148,1.1537488014179205,45320934.00044441,0.20411294975709984
PAHC,Phibro Animal Health Corporation - Class A Common Stock,N,N,37.310001373291016,-0.00829222254195594,0.09596054333039761,0.19728257815865424,-0.28422782598335494,-0.3691642442558889,0.3178538905289576,0.03314969313089211,0.07015870214566289,1.1798032380091792,8236970.863132477,0.3297794437371562
PAL,"Proficient Auto Logistics, Inc. - Common Stock",N,N,5.150000095367432,0.040404099759346446,0.009803959150949337,-0.383233549689856,-0.1626016234948131,-0.5113851884244205,0.046747970631483504,-0.0266490058175034,-0.1754854872323245,0.8083682242973039,3596602.6090355637,0.7678315216324392
PANL,Pangaea Logistics Solutions Ltd. - Common Stock,N,N,8.154999732971191,0.01053284279570521,0.19488907000035982,0.0750889376365369,0.1890674570480424,-0.1110608312191349,0.8457461424178305,0.02800858343961088,0.09608433177472797,0.804225624791254,3011565.179036951,0.39217476824759795
PANW,"Palo Alto Networks, Inc. - Common Stock",N,N,339.3800048828125,-0.06271919049065888,-0.11573732236311973,0.2137186567812499,1.0092356729901826,-0.14297978564946334,1.3955672285538725,-0.05507031051662481,-0.030640297870092037,1.042263442530261,2111749949.392285,0.580026288712262
PATK,"Patrick Industries, Inc. - Common Stock",N,N,79.98500061035156,-0.016174691169065336,-0.07986432559329903,-0.07222306588690808,-0.281914113212944,-0.4433268047021013,0.0,-0.0429440335692608,-0.054546712245047924,0.541570959189171,32037733.507888794,0.35193330094502856
PAX,Patria Investments Limited - Class A Common Shares,N,N,10.770000457763672,-0.042666625976562456,-0.03839279989502775,-0.05416111557283143,-0.016550929695515748,-0.3630750894969996,0.022887604282207485,-0.05252041828489229,-0.02994102931112974,0.9486428798291958,11934109.734874154,0.26361204819120804
PAYO,Payoneer Global Inc. - Common Stock,N,N,7.135000228881836,0.0049296231999145235,0.006346978184128771,0.05703707094545707,0.5410367284069499,-0.00626735383463084,0.6709602484198767,0.0017198673177309942,0.0025010126290789803,0.30100729190057096,20605700.098682404,0.10160007754114417
PAYS,"Paysign, Inc. - Common Stock",N,N,12.953700065612793,0.044653263235192586,0.025629449583437713,0.8531760357326361,3.0228881833903847,-0.08389676442052985,3.0734905011565923,-0.01837538278780315,0.19238667093330508,1.0670249185095215,9108613.123957634,0.720833035997313
PAYX,"Paychex, Inc. - Common Stock",N,N,115.72000122070312,-0.07895573238726572,-0.046001662742528926,0.16192876940508838,0.306584153341092,-0.1080996500410385,0.38399887948996714,-0.0599397977658388,-0.007581927427708357,0.6508189893619724,262239938.20655975,0.3240229126298403
PBAM,"Private Bancorp of America, Inc. - Common Stock",N,N,90.0999984741211,0.018079078803628246,0.05244711869826357,0.20390169538937442,0.3453784803914197,-0.009454712170268387,0.6384796458262849,0.021107797174268583,0.08161965328373477,3.3875250740279212,4315309.400390625,0.14900730606371587
PBYI,Puma Biotechnology Inc - Common Stock,N,N,9.3100004196167,-0.004278070611879459,0.06157353861652193,0.2701228535497111,0.5516667366027832,-0.03921560136451219,1.1451613115878017,0.01168166329258713,0.08604363942462911,0.8101246592070811,2574471.3906945707,0.4489889857703965
PCAR,PACCAR Inc. - Common Stock,N,N,121.8324966430664,-0.005042877260640455,-0.07828337574579669,0.03067080419581547,0.06839765130643771,-0.11616311390210776,0.34232279220252493,-0.04121462818096955,-0.045791805676124286,0.6711220162733108,292676933.0928734,0.2729045697037056
PCRX,"Pacira BioSciences, Inc. - Common Stock",N,N,25.545000076293945,-0.034945193088609994,0.047785108926587494,0.11113529058776117,0.1600817232175602,-0.07512674510827588,0.3332463611550729,0.019404396498036824,0.0038314161082446674,0.8134516587793507,12285566.210936641,0.3393615588759981
PCT,"PureCycle Technologies, Inc. - Common stock",N,N,6.630000114440918,0.05405407864068201,-0.13333332917788976,-0.2533783751129669,0.20985403127094582,-0.5617977485596397,0.310276717275801,-0.01092752553634313,-0.02193634793543664,0.5164019782586066,21014270.671723604,0.665202904661073
PCTY,Paylocity Holding Corporation - Common Stock,N,N,142.1649932861328,-0.08880278558467947,-0.019889760116692634,0.30618337072325597,0.2957071792240158,-0.17365148317759238,0.4949000585401606,-0.06176738064491383,0.0305559967804494,0.6798643739978,85224843.47373962,0.44893305016861523
PCVX,"Vaxcyte, Inc. - Common Stock",N,N,59.595001220703125,-0.01998026846158807,0.006332320031579242,0.2556890512077705,0.0979182490960826,-0.05853077505549542,0.9295774900132066,-0.018450866651949394,0.02218641381621045,0.7293328999928916,56612050.80534439,0.41158725043878724
PDEX,"Pro-Dex, Inc. - Common Stock",N,N,62.21500015258789,0.013273592939007983,-0.06752099798699251,0.00024114774058614508,0.2704716888241603,-0.15249969964651822,1.6020493747230913,-0.04906018780562327,0.0005323027089705334,0.8150311149500629,4135417.2003185274,0.6776672580696197
PDFS,"PDF Solutions, Inc. - Common Stock",N,N,48.23500061035156,0.1542234877633022,-0.018616498212020827,-0.24797316698858252,0.4381335507960935,-0.3186184491237728,1.4953440662561412,0.040483628389963,-0.030025269173304614,1.0348045654831768,26928375.249246977,0.8453386100504439
PDYN,Palladyne AI Corp. - Common stock,N,N,5.940000057220459,0.09392269705427903,-0.06161135405784657,-0.07332290193133184,-0.05714287660559769,-0.42330097599768457,0.4313252821008777,-0.007021056473613285,0.046511635526430783,0.45182794291423206,4666233.7237338545,0.6815523300784001
PEBO,Peoples Bancorp Inc. - Common Stock,N,N,39.5,0.01048861206988172,-0.035173392159557615,0.09022628746916905,0.29711515027917,-0.0551200531010243,0.4997420814889244,-0.013892887017932454,-0.0076723755447341,0.8436222147233268,9365160.397493744,0.1881691532647831
PECO,"Phillips Edison & Company, Inc. - Common Stock",N,N,38.95000076293945,0.0007708786075453222,-0.015276248499480172,-0.0649184413251378,0.051758785739603574,-0.11260745518586857,0.20890636604878177,-0.013270988569106468,-0.05091380555781677,0.6872833595055796,28660774.315961074,0.1648833913026704
PEGA,Pegasystems Inc. - Common Stock,N,N,35.459800720214844,-0.03326607346807353,0.07502568279575916,0.08628572704020665,-0.1729721385780003,-0.4653403785558996,0.36787604261917894,0.022470433454935268,0.0963518942008168,0.8162470094126234,68760188.89279976,0.5765106609410482
PENG,"Penguin Solutions, Inc. - Common Stock",N,N,51.8849983215332,0.09025001376705721,-0.09497651030201115,-0.19094026908339123,1.9631637717486488,-0.3625138381788441,2.194889104235547,-0.024988405943286773,-0.11094474024282264,0.420423876220575,77595941.96486512,1.1259464493557645
PENN,"PENN Entertainment, Inc. - Common Stock",N,N,17.03499984741211,0.03871952705196113,-0.1095138214982827,-0.21425278562633354,0.23085257656061486,-0.22778783953681347,0.44855438060070774,-0.043528318813912725,-0.12584991845914606,0.7621343642919982,40330731.068959616,0.3578629168451741
PEP,"PepsiCo, Inc. - Common Stock",N,N,137.3350067138672,-0.007066733168270778,0.002833104548655374,-0.0379002884250913,-0.08647594931621094,-0.1699477375454399,0.032885309903911475,-0.013853702404045154,-0.006064435860965167,0.8098143381696326,907105064.4508194,0.2313390020553389
PEPG,PepGen Inc. - Common Stock,N,N,3.2249999046325684,0.03365385350155914,0.11206889606117731,1.1938774434457353,-0.3701171920474736,-0.5502092231079141,1.388888776057053,0.03956802342394439,0.28021909000766465,0.6182268198143084,2157448.338337779,0.909277260444225
PERI,Perion Network Ltd - Ordinary Shares,N,N,8.868399620056152,-0.058556311228269764,-0.08004156595295753,0.05325410210204762,0.014691058615618369,-0.19815558014567414,0.15024637823316933,-0.07053671344304402,-0.06867707597841366,1.1247451629361458,3394991.8904595375,0.29407750585751263
PESI,"Perma-Fix Environmental Services, Inc. - Common Stock",N,N,19.18000030517578,0.07511211553400732,0.09914037057869507,0.7436363913796165,0.5786008977254513,-0.01286670077577945,1.3418804991291755,0.06546679851281145,0.14593666979839526,0.48841131449996145,7270993.600946045,0.7426918129124985
PFG,Principal Financial Group Inc - Common Stock,N,N,114.4800033569336,0.05477777023283359,0.02052992852064306,0.038071343592295026,0.34137756961540555,-0.03400555823688434,0.5107296668830634,0.020772103240717765,0.024797799933899745,0.9661810577116272,121156883.45882721,0.2536328974465157
PFIS,Peoples Financial Services Corp.  - Common Stock,N,N,70.5999984741211,0.02780602656615283,0.014806995279900148,0.1215278364830572,0.4213021072362637,-0.017123810741736856,0.6551146296469195,0.008244824786073801,0.023447079972275242,0.6504236192823705,3269200.0474716187,0.21355891323040274
PGC,Peapack-Gladstone Financial Corporation - Common Stock,N,N,45.369998931884766,0.01749268393423864,-0.0011191924882582027,-0.017965164044405735,0.37668047189336096,-0.060229519914353324,0.8427706433660145,-0.005425575315070819,-0.015050842373561468,0.5357726780397174,5629761.18884964,0.2398422042158818
PGEN,"Precigen, Inc. - Common Stock",N,N,6.764999866485596,-0.01384843515741152,-0.01384843515741152,0.5202247542574059,1.068807310686533,-0.09072583139025392,1.1822580885812726,-0.02819179108791503,0.08376986533503228,0.6392767431072984,31350226.605707407,0.6343075941867106
PGNY,"Progyny, Inc. - Common Stock",N,N,26.475000381469727,0.031761517494311775,-0.003575435244472236,-0.0058204575359217525,0.48153324779616913,-0.18186032502729,0.6242332282614318,0.02026071092745263,-0.08254177617561731,0.800050618831823,25947058.88787508,0.3514970063342606
PGY,Pagaya Technologies Ltd. - Class A Ordinary Shares,N,N,21.981000900268555,0.04971348326939218,0.036839627793523455,0.4254864326532146,1.0428439063846366,-0.4982652314256858,1.065883476598097,0.014560029723775125,0.11207691370052797,0.5575841138649584,43485507.564172745,0.6712515662218123
PHAT,"Phathom Pharmaceuticals, Inc. - Common Stock",N,N,9.074999809265137,-0.03354638152719713,0.06639242834163106,-0.12487946871603339,-0.17198907137965092,-0.4980641677234623,0.10267318517969182,-0.007518823027757082,-0.09155523568689472,0.6884699814397253,9178975.701313639,0.7303517589776651
PHVS,Pharvaris N.V. - Ordinary Shares,N,N,37.63999938964844,0.07758371201820746,0.09355030191745617,0.22526042418515635,0.4382880886479086,-0.005285432403090873,0.7958015760378763,0.04417780841881758,0.07786762091980748,1.6624662005376576,32922810.116539,0.43569281423932776
PI,"Impinj, Inc. - Common Stock",N,N,172.0,0.02265293717396233,-0.01228895944153563,0.29547333332184067,0.7437145282266715,-0.2889917845636387,0.8830743036569308,0.013332384504078032,0.09962190653992442,0.8045650185170434,56876520.34506531,0.5548638717071055
PICS,PicS N.V. - Class A Common Shares,N,N,11.29319953918457,0.05150835939066423,0.03228518942858072,0.043733813096751506,-0.28659509831882213,-0.4056210768850226,0.250631215187058,0.045457530107072985,-0.016945228286623815,1.3454621390680122,7228983.009900856,0.5958654120669254
PKOH,Park-Ohio Holdings Corp. - Common Stock,N,N,46.849998474121094,0.06019461258377068,-0.01761375921108632,0.3532657962783623,0.9783204506624621,-0.10778899311240442,1.5314645848989943,0.007841118801044766,0.10896071502915672,0.7612561449190696,4312330.2793216705,0.5172430446242189
PLAB,"Photronics, Inc. - Common Stock",N,N,29.34000015258789,0.07354556291595005,-0.11063962837750718,-0.07677786284891264,-0.17142049480318866,-0.46615719357104113,0.44674552066994955,-0.02838029848518575,-0.02872124827245104,1.7170748564287934,47289440.93420124,0.5778933338135146
PLAY,"Dave & Buster's Entertainment, Inc. - Common Stock",N,N,8.6850004196167,0.027810723746276578,-0.13409764199027174,-0.32830624790162155,-0.34992510158666146,-0.6409673324566942,0.027810723746276578,-0.0950532298029263,-0.14002233817606036,0.9919608520872518,13383764.301695775,0.7157708781032831
PLBC,Plumas Bancorp - Common Stock,N,N,62.5,0.027622497757407105,0.004984746424449682,0.11001988062950274,0.33152405134397056,-0.016831834197906015,0.586678870200197,0.007576973924099839,0.026107451549850946,0.8143097547787526,3262553.7974739075,0.19930683133081123
PLMR,"Palomar Holdings, Inc. - Common stock",N,N,133.0,0.008645528472407182,0.013464116579404273,0.16206435858659995,0.13827798831031313,-0.08140199812703253,0.3159444975416308,0.0171139610384885,-0.006508119940575985,0.5606120763040463,23475570.386943053,0.417331997900439
PLPC,Preformed Line Products Company - Common Stock,N,N,411.2099914550781,0.05818318321266225,-0.1446845667328367,0.09589368312934088,0.6071657407796154,-0.1446845667328367,1.2127572748682995,-0.024839677948758965,0.06122432321512483,0.6864313510541258,34920484.89453888,0.9248551482921903
PLSE,"Pulse Biosciences, Inc - Common Stock",N,N,49.189998626708984,-0.055672903002186525,0.10788281387869292,1.0184652003588663,1.185250916328065,-0.1008956415671064,2.885465973110904,0.009802383920122892,0.26891175369813025,1.3216798665532523,24053174.103985406,0.6261858005000435
PLTR,Palantir Technologies Inc. - Class A Common Stock,N,N,170.17999267578125,-0.05413520226927848,-0.027209384355755373,0.3296350927118388,0.11396208625006055,-0.17858867317319482,0.5864640440145026,-0.0354549179514958,0.11867789616293578,0.6809702169716265,5211970812.797711,0.8240633461192953
PLUS,ePlus inc. - Common Stock,N,N,89.05999755859375,0.028643978691272443,0.005850478765227374,0.07745277012347462,0.20007089433782888,-0.0794473690062758,0.2951253805930101,0.015483284314984358,0.010001182313249979,0.69807555402871,15528020.268540954,0.2943082178934193
PLXS,Plexus Corp. - Common Stock,N,N,250.375,0.04948230000990095,-0.07378294903749738,-0.15132869187247822,0.2810181832149259,-0.17591009820227343,0.88620603916499,0.007122761954157619,-0.0266035177736349,0.6836937032674071,54060464.2910614,0.4228183270959739
PMTS,CPI Card Group Inc. - Common Stock,N,N,28.547800064086914,0.0073323892159558035,-0.06400655527583887,0.4985722418586247,1.0493754083752456,-0.06400655527583887,1.5285916882679391,-0.0006157817506152741,0.18307074980721638,1.15442313691287,2628731.750589752,0.5030823090098024
PNRG,PrimeEnergy Resources Corporation - Common Stock,N,N,216.77999877929688,-0.004865945539907157,0.1124910094441458,0.1369977688843318,-0.005915570695624983,-0.20473971278613656,0.6815079262971597,0.0291565813440815,0.1140048601492627,1.3778456381967832,23050065.874835204,0.3450611497288912
PNTG,"The Pennant Group, Inc. - Common Stock",N,N,38.599998474121094,0.022787407456449138,0.01126540020443656,0.17503805988087917,0.16055322976762354,-0.08138986069455634,0.632825696730914,0.0038097519855539996,-0.019518237703129437,0.7311288260982027,8515399.221640777,0.29630023046537907
PODD,Insulet Corporation - Common Stock,N,N,140.07000732421875,-0.05600483410926438,-0.031997164627996066,-0.06432858931421981,-0.3917404548083938,-0.602998683701337,0.0511032049985074,-0.03900046470607377,-0.08838145067241776,1.0751976006709318,230534401.93353882,0.5610168447340275
POET,POET Technologies Inc. - Common Shares,N,N,8.114999771118164,0.14295772959424036,-0.05529690023656453,-0.3523543540256816,0.3131067955546738,-0.6054934423183271,0.9460430749752662,-0.006275848563080277,-0.0006773254427201447,0.5878556944480917,75582903.6530077,0.9941505866848436
POOL,Pool Corporation - Common Stock,N,N,176.08999633789062,-0.03649594205199991,-0.12036970553715276,-0.09104868879343253,-0.13219023899251892,-0.4526339205462546,0.018242763917172944,-0.06282517616813887,-0.09883287276635755,0.6442156689670075,104925106.60159302,0.3842671975307937
POWI,"Power Integrations, Inc. - Common Stock",N,N,50.78010177612305,0.02009045844416746,-0.1940423293550988,-0.34941379449886434,0.10935696926023342,-0.41622273535829224,0.6710436312679517,-0.0729420267463039,-0.18456761622472273,1.071872759601142,39098414.35435276,0.6877927120800781
POWL,"Powell Industries, Inc. - Common Stock",N,N,182.1699981689453,0.05826652036052016,-0.12539315830197517,-0.38167744930701963,0.08902276233772555,-0.4338974999523455,0.9778946899310659,-0.04875707482211189,-0.1463026022745878,0.7075114706739851,94631479.76623993,0.6468913290359379
PPC,Pilgrim's Pride Corporation - Common Stock,N,N,30.1299991607666,-0.030878127600825422,0.12174231109863842,0.001995326456644797,-0.1754242362932419,-0.31615982247718954,0.1365522029660673,-0.007902568638070817,0.0355446168450233,0.6791001332003629,45067480.333021544,0.4318045711601345
PPIH,"Perma-Pipe International Holdings, Inc. - Common Stock",N,N,29.875,0.1064814814814814,0.13939743639825064,0.17803624925014727,0.055653738706709754,-0.15344292363406498,0.331921515538556,0.09680321379204182,0.14450885396488133,0.820635569488197,2279818.520556641,0.3952958975369766
PPLI,People Incorporated - Common Stock,N,N,38.150001525878906,-0.009862373876382002,-0.0448171547916143,-0.10530013902531976,-0.001047318729205382,-0.19886597266731698,0.21034267042601518,-0.022628101232737063,-0.0942910278653748,0.8371229903015494,33587781.72786637,0.3546791616769805
PPTA,Perpetua Resources Corp. - Common Shares,N,N,25.132299423217773,0.06945954992416059,-0.011706680235368139,0.043266885181730164,-0.1200175107430278,-0.32476360561648043,0.5040275763133539,-0.0006288995996880375,0.14611535371773243,0.7240072062043301,26754331.007093333,0.6718278923409882
PRAA,"PRA Group, Inc. - Common Stock",N,N,18.674999237060547,0.01826603498830326,-0.0034685450827910413,0.1902485491720023,0.06531651486399026,-0.15991904536126456,0.7922264011827758,-0.035867824055895836,0.008059029522668348,0.47595860149128016,5982332.975899887,0.5232913559650344
PRAX,"Praxis Precision Medicines, Inc. - Common Stock",N,N,355.0150146484375,0.00445623640830628,-0.04226011205585967,0.33173918722588924,0.2293188965823041,-0.08105757516177292,8.415594679962041,-0.026855550023547226,0.045104556803425844,0.5920104882439333,117493866.24352416,0.6114656106153307
PRCH,"Porch Group, Inc. - Common Stock",N,N,16.389999389648438,-0.055603582716288735,0.03997456545794087,0.5943579586953252,1.2700830839239368,-0.13234516044346611,1.5609373664716277,-0.04416163500075099,0.0629466389253659,0.6166304582121918,18953225.155550003,0.6950895452751719
PRCT,PROCEPT BioRobotics Corporation - Common Stock,N,N,21.030000686645508,0.005738921095604477,-0.08125813685447625,-0.18187120213718022,-0.19640807698371,-0.4685367488290316,0.2600359504921337,-0.01618635056586737,0.03456930784616685,0.6218310253069976,20192293.889252566,0.649408255819738
PRDO,Perdoceo Education Corporation - Common Stock,N,N,32.900001525878906,-0.002728103910544344,0.05855081478719448,-0.02852154460395062,-0.030833288664996572,-0.12455778918344118,0.22412285657025133,0.005033421642242075,0.004487158129391711,0.6982059069341314,17765533.141228866,0.4449569565299152
PRE,Prenetics Global Limited - Class A Ordinary Share,N,N,25.1200008392334,-0.026733771444647725,0.32140981256110956,0.1613500607432805,0.2277615817831231,-0.04304758707682288,1.8352146515380476,0.10028254750111998,0.23222426757397496,1.4964669329836908,6759804.060033798,0.7867237774298926
PRGS,Progress Software Corporation - Common Stock,N,N,42.07500076293945,-0.06954888042603136,-0.024913110658750015,0.33698766066018515,0.31238299939662095,-0.10230420905094939,0.6769629536490718,-0.04098737675677955,0.01766371090268848,0.7330145346817868,18826757.863199424,0.5850966673021266
PRLD,Prelude Therapeutics Incorporated - Common Stock,N,N,5.300000190734863,-0.03460830388060343,-0.003759394789693782,0.18040099352053662,0.6987180721595252,-0.20060330328036624,4.38071077539409,-0.08770115046495297,0.04470555444902091,0.8851913522944987,3332557.996956301,0.8678044523271549
PRME,"Prime Medicine, Inc. - Common Stock",N,N,3.4649999141693115,-0.02941177059858091,0.06288341236372941,0.24864857480681213,-0.018413614092712915,-0.4805097639377284,0.2833332788797083,0.0057325058001664875,0.023029204641448198,0.6550454471179391,8456051.134839976,0.8540983864727181
PRPO,"Precipio, Inc. - Common Stock",N,N,26.850000381469727,-0.032955124375758094,0.20134227844268526,0.21493212298687348,-0.05987391864316449,-0.17052822775900023,0.6087477245240114,-0.01767094325841645,0.06700896878319318,1.5382659576228457,4716536.352150058,0.5780454176449821
PRTA,Prothena Corporation plc - Ordinary Shares,N,N,9.305000305175781,-0.03173770680517607,0.009219092807506435,0.12787882486979174,0.08323633758871174,-0.19157253517450745,0.17635910046446712,0.0008066971764491004,0.02833590602804481,0.6067968030192522,2944663.601679802,0.4178512889683348
PRTH,"Priority Technology Holdings, Inc. - Common Stock",N,N,5.489999771118164,0.03389827312209004,0.0497131455251385,-0.10586321001656274,0.07647056348596015,-0.2925258235579671,0.1831896398903068,0.004207017277606084,-0.1091133692786509,0.6868585849772114,2377797.845454216,0.6322841308047502
PRVA,"Privia Health Group, Inc. - Common Stock",N,N,20.389999389648438,-0.012112403458954701,-0.07233849798461456,-0.12974822347124748,-0.05558132257797199,-0.2743772557706289,0.018481464706524564,-0.0323193393105885,-0.14061976125558806,0.8465203604450435,21008020.543526076,0.30927895505611497
PSIX,"Power Solutions International, Inc. - Common Stock",N,N,43.20500183105469,0.21944683767736506,0.025029662324639324,0.06102653575285566,-0.19693304007906776,-0.626835357690638,0.6983097847507629,0.13179872822372962,0.22579551383963192,0.6318545066404355,12085239.841474151,0.9175498365932215
PSKY,Paramount Skydance Corporation - Class B Common Stock,N,N,10.78499984741211,0.02227484857143658,0.14978675008842846,0.035028768564844714,0.20408351004182657,-0.4457922394490508,0.3809218855863117,0.022686840844104328,0.12267733509339807,0.8747420758610926,104159773.70617619,0.36593908088863253
PSMT,"PriceSmart, Inc. - Common Stock",N,N,172.14500427246094,0.0005521721535486357,-0.00025308937856716174,-0.05202277021862722,0.22217994827532217,-0.1267495861585216,0.5668995806465031,-0.0127504296307841,-0.056370182017245085,0.6871153990281458,34706918.831344604,0.3013489215694374
PSNL,"Personalis, Inc. - Common Stock",N,N,16.68000030517578,-0.02227427741279886,0.18972894155214637,0.7393117872552517,1.396551754849797,-0.09249178091474497,2.3095238951238293,0.02747322825460552,0.13747956876007406,0.6397569394516243,58946175.45865288,0.7533057052561839
PSNY,Polestar Automotive Holding UK Limited - Class A ADS,N,N,8.34000015258789,-0.3118811690316138,-0.3943355210358246,-0.5649452206887926,-0.5131348183782013,-0.7247524632810199,0.0,-0.32023798608702736,-0.4223096434246959,1.905014052560955,2661890.7399860383,0.8648940016933556
PSNYW,Polestar Automotive Holding UK Limited - Class C-1 ADS (ADW),N,N,4.389900207519531,-0.1392352373316753,0.5678215293853883,0.5403159138300013,-0.020111564993383402,-0.5279677293025247,0.9954091419868221,0.0767489665072747,0.38055945003135316,2.3203843406502243,2869174.965593815,3.234804163864124
PSQL,Pasqal Holding SA - Ordinary Shares,N,N,8.03849983215332,-0.483386914179059,-0.21036349791990339,-0.22333337817598875,-0.20094438401031411,-0.5793563801458488,0.009861783119365697,-0.26822442175275385,-0.2384878100995229,3.3867035002628008,12687223.789726544,2.1262481906700677
PTC,PTC Inc. - Common Stock,N,N,132.30999755859375,-0.13415352612736897,-0.12051319189438203,0.16388104506866163,-0.11857972806197115,-0.3609138852401673,0.17786873855471974,-0.11564581724455714,-0.03583397077762562,0.7478853888017805,169174075.99981079,0.43132766762613417
PTCT,"PTC Therapeutics, Inc. - Common Stock",N,N,68.5,-0.029194977747598494,-0.07055627087602223,-0.08836837162076405,0.02238805970149249,-0.23506423600668558,0.1843015183141412,-0.038495268878452005,-0.08966106354020853,0.4258843006041288,54836135.61955567,0.4130653489192936
PTEN,"Patterson-UTI Energy, Inc. - Common Stock",N,N,13.039999961853027,0.019546520777610654,0.18842551923640705,0.1439501185536034,0.2348505510368335,-0.008364993145873578,1.626902801896505,0.07781361714553903,0.22258062872086049,0.9079124592175138,87608370.42783351,0.6013234284132435
PTGX,"Protagonist Therapeutics, Inc. - Common Stock",N,N,147.4199981689453,0.0063485059793013665,-0.005866849798211282,0.34286755154115434,0.5183850420170708,-0.07060898558197337,1.5531692740480683,-0.02153137124891158,0.03821725439440993,0.6743861618408876,72156473.52139282,0.40936479450255736
PTLO,Portillo's Inc. - Class A Common Stock,N,N,4.275000095367432,-0.030612189731457407,-0.052106457114896365,-0.03716215309157478,-0.22972973901801108,-0.3666666525381582,0.12204728597676961,-0.09090906786345954,-0.07995263125424856,0.8091412910458337,5600325.988429189,0.532715842421899
PTON,"Peloton Interactive, Inc. - Common Stock",N,N,5.034999847412109,-0.010805560614338572,-0.10089286907899153,-0.0927928514637697,0.24320978031818807,-0.4405555725097656,0.3571428020596281,-0.06023986980474394,-0.13267418402486053,0.8401840183633057,36171702.42662001,0.5610885888300089
PTRN,Pattern Group Inc. - Series A Common Stock,N,N,19.610000610351562,-0.020968550269395148,-0.1229874742815028,-0.06440832696033771,0.6993068176061501,-0.33299316786413347,1.0448384044143881,-0.06154284998221515,-0.17034740687592487,0.523199977538231,27914995.43701134,0.5944481370958924
PUBM,"PubMatic, Inc. - Class A Common Stock",N,N,16.05500030517578,-0.013214514231024377,-0.09036823500437607,0.4145374242795221,0.9796548686604614,-0.09701914031788361,1.556528625604256,-0.040561724044145264,0.07863886968320144,0.8989891352381156,10739764.158644866,0.7788637794436457
PURR,Hyperliquid Strategies Inc - Common Stock,N,N,11.960000038146973,0.053280538996084426,0.8203956964467793,0.37471267820144916,0.874608122823683,-0.06780981221609983,2.858064647122803,0.1559743868128225,0.4304680112234609,1.7000320920951832,278148313.7114812,1.0673846537047242
PUSA,Aureus Greenway Holdings Inc. - Common Stock,N,N,3.8399999141693115,-0.020408204226431526,0.0878186813858508,-0.18471340062237884,-0.24409449373221948,-0.5086372506649637,0.9104477275565974,0.043407357003634406,0.08640296320796748,0.8270852617467869,2217764.1118241427,0.7328484762640076
PVLA,"Palvella Therapeutics, Inc. - Common Stock",N,N,151.8300018310547,0.008502150470610204,-0.016007784652308787,0.3953681209237674,0.3291604426958885,-0.037649757752102,1.7853606036725367,0.0029064016626565436,0.023091845033548664,0.7321442107434049,27637095.820318602,0.8074295995584009
PWP,Perella Weinberg Partners - Class A Common Stock,N,N,16.385000228881836,-0.0009145969510566676,-0.07359530744477916,0.05063522120804853,-0.02362063948862736,-0.3190488945123584,0.11848723505133463,-0.01746152931919287,0.004886635958028407,0.6303225125321266,12844664.360743523,0.6260094955846496
PYPL,"PayPal Holdings, Inc. - Common Stock",N,N,52.630001068115234,0.006870132685996566,-0.10576276666104067,0.2704068760119691,0.18712534597430763,-0.30097297865857275,0.3586024374341643,-0.09507396029028559,-0.04721046968136999,0.9066608159252452,700363396.8871806,0.5336028833391411
PYXS,"Pyxis Oncology, Inc. - Common Stock",N,N,3.609999895095825,0.049418556699887706,0.27561837187907545,1.0511363151460142,1.35947709973922,-0.3239700764153848,2.40566046223517,0.0926976634178136,0.2043369105431525,0.6427981495681416,2841982.8490445376,1.3630742369920628
PZZA,"Papa John's International, Inc. - Common Stock",N,N,22.138999938964844,-0.025143072150021206,-0.08967926740243892,-0.3208895406378782,-0.3464559268107069,-0.5842500594761926,0.0,-0.05305727910454783,-0.21540707147781413,0.8326947560563221,26244695.166643906,0.541545989392835
QBTS,D-Wave Quantum Inc. - Common Stock,N,N,17.31999969482422,0.04715832745599369,-0.1438457693158417,-0.25887894425114777,0.05033353154799802,-0.6132201838551239,0.3343605782469967,-0.06572809701753468,-0.0924144436109332,0.8161264519576124,274949782.79944116,0.9655627167978341
QCOM,QUALCOMM Incorporated - Common Stock,N,N,178.69000244140625,0.07834179631243465,0.10439229381106663,-0.15141446767265399,0.3821269994475329,-0.2816265507384925,0.4534222690701333,0.08488724443254547,0.06384778993576634,0.7474384818674757,1603403471.1451995,0.48536639462135756
QCRH,"QCR Holdings, Inc. - Common Stock",N,N,102.09500122070312,0.031262638592960856,-0.02142241513587606,0.060968734244687184,0.2658301894413473,-0.04217089099936122,0.5274708090194062,-0.0008783027329045678,0.013196021631154853,0.8269870478969097,13257132.074090576,0.19578476134592837
QDEL,QuidelOrtho Corporation - Common Stock,N,N,12.975000381469727,-0.056363608620383476,-0.07255178028979425,-0.08174095708539852,-0.2381092273446359,-0.6332673829916046,0.3027108766842621,-0.09428823463103486,-0.18151708581731274,0.617546028600535,17226587.06073923,1.0666934509195745
QLYS,"Qualys, Inc. - Common Stock",N,N,169.64500427246094,-0.0416077648886124,-0.09911844048707552,0.5250360259824647,0.7554325884094781,-0.13393404102704076,1.2263124811893364,-0.06218945507195206,0.02657808009005702,0.7556581286617768,100341526.18167496,0.6054020168566459
QMCO,Quantum Corporation - Common Stock,N,N,25.239999771118164,0.04426974312977672,0.301030941619695,0.8369723574649033,3.76226393637517,-0.033320598195944795,4.856148516521965,0.07704452175523024,0.5724876808373061,0.5935382031678129,38772535.7942358,1.5755443873578565
QNST,"QuinStreet, Inc. - Common Stock",N,N,17.674999237060547,-0.06678992932034844,-0.15430624116425296,0.43233379404406436,0.4790794576713444,-0.19732066895444555,0.6737688006362885,-0.10325849976730828,-0.010640901265815295,0.9683858752284423,16719049.6871624,0.887402685185713
QQQX,Nuveen NASDAQ 100 Dynamic Overwrite Fund - Closed End Fund,N,N,30.549999237060547,-0.001960188568918997,-0.008760560040142251,0.011857439332609854,0.14013659289388092,-0.0205194384751044,0.2303274329023257,-0.0034089925011820954,0.008370601436144653,0.6692850212702378,2400727.467781067,0.18007099506742225
QRVO,"Qorvo, Inc. - Common Stock",N,N,104.6500015258789,0.08558091150844294,0.08243691762045269,0.06146673509571143,0.35680027554054417,-0.033077720779959074,0.3766114989091329,0.07003271413275258,0.12964407926336752,0.8054502854491549,87764347.30922699,0.3456464057299317
QS,QuantumScape Corporation - Common Stock,N,N,5.454999923706055,-0.0027422060440462914,-0.13958993810443243,-0.23060651533061693,-0.2036496350873075,-0.7041757176942058,0.11668365775178069,-0.054961247671843405,-0.08161892333888265,0.5367825429980375,87595708.29669276,0.7211968337207497
QTTB,Q32 Bio Inc. - Common Stock,N,N,11.8100004196167,-0.17757655278736895,-0.2336145011967653,-0.06566454914255704,1.0327023297640032,-0.447614551768147,5.78735652579737,-0.20189218007874343,-0.2106617187351466,0.3436751050418031,5597812.316673708,2.0513832098181606
QUBT,Quantum Computing Inc. - Common Stock,N,N,8.175000190734863,0.03481013823388324,-0.08659213799401266,-0.17673716621399949,0.12758623320480877,-0.6679528874057743,0.29556264102496876,-0.02727785116993986,-0.03096178689920781,0.568134946544871,58739903.737806514,0.7794292391162273
QUIK,QuickLogic Corporation - Common Stock,N,N,10.800000190734863,0.022727250149756628,-0.2410400184006204,-0.5048142844936925,0.16756758818755269,-0.5450715966781925,1.049335906987257,-0.054042201671386625,-0.1798298744960687,0.5565289999022253,3043973.219703579,0.7440812021823122
QURE,uniQure N.V. - Ordinary Shares,N,N,46.04499816894531,-0.03792315959590031,0.02322218153211808,0.6701123931310542,2.125933441947324,-0.34771213262934086,4.099114012243151,-0.03446833697085594,0.03818823709423569,0.5996987810518659,51631782.742248535,1.6913558396995492
RAPP,"Rapport Therapeutics, Inc. - Common Stock",N,N,45.06999969482422,-0.07186988426211971,-0.0768127821270258,0.17369786208081783,0.702039292823111,-0.14152381533668157,1.0120535920697211,-0.06899401287162865,0.012783948394802902,0.7814409811347297,12719789.146150589,0.48630168333646645
RARE,Ultragenyx Pharmaceutical Inc. - Common Stock,N,N,15.020000457763672,-0.41805498765765836,-0.44287830238042214,-0.38316220852325555,-0.2658845977582407,-0.5889436211978567,0.011447816291377144,-0.3700060600109971,-0.4453409567569043,1.9303163660541258,81292120.57499638,1.033873445937681
RBB,RBB Bancorp - Common Stock,N,N,26.059999465942383,0.007344361057029403,-0.038376417006933616,0.059812183739268,0.28890089884761627,-0.06089704728841949,0.5941892774558584,-0.022478145782607095,-0.02337752969397444,0.3923400082598107,2188435.491651058,0.22739955717759142
RBCAA,"Republic Bancorp, Inc. - Class A Common Stock",N,N,95.62000274658203,0.009608316660395522,-0.034823831219032764,0.09721844803327007,0.4317100149521227,-0.04988073006271054,0.5004790945433386,0.0015397195673922948,0.011280421078244007,0.8823064064393067,9568771.667129517,0.23126530819033284
RCAT,"Red Cat Holdings, Inc. - Common Stock",N,N,8.501099586486816,0.03043631351355347,-0.2025234795335763,-0.23961544235815158,-0.49993531844195194,-0.5103053405759841,0.3845439367008754,-0.08275256621428395,-0.04555186302294756,0.5615384448550993,66834308.5382565,0.8676437339158856
RCEL,"Avita Medical, Inc. - Common Stock",N,N,10.300000190734863,0.022840169104360486,0.256097613453228,1.6342710906991207,1.458233902165535,-0.08035711016581926,2.149847171502578,0.042140955842187244,0.4852627562615264,0.5441191089236245,3760459.699749565,1.5561299122170895
RCKT,"Rocket Pharmaceuticals, Inc. - Common Stock",N,N,3.625,-0.0281501390178458,0.03571428571428581,0.3181818181818181,-0.18903799325579418,-0.31603776046329135,0.3942308203708509,0.0021425144827957876,0.015548392606658856,0.6261448697578663,4509387.265349341,0.6434121459115824
RCMT,"RCM Technologies, Inc. - Common Stock",N,N,41.2400016784668,-0.016221291034842267,0.4374346779642335,0.607170768655557,1.1705264041298316,-0.018095198131742984,1.3498577476504834,0.04280987302250905,0.26076887213354105,1.1706719120236007,4247593.267725754,0.5769182472407643
RDIB,Reading International Inc - Class B Voting Common Stock,N,N,13.615400314331055,-0.23076837698000563,0.5128222571478949,0.6018118016860063,0.2820527741102026,-0.2563953734866865,0.7019250392913818,0.12153030885709293,0.353122521150826,5.89678495593857,7649904.04117999,1.6235108698961949
RDNT,"RadNet, Inc. - Common Stock",N,N,71.20500183105469,-0.057137116046308556,-0.06726479896734328,0.2555987124068002,0.14865300698626793,-0.1571377959088277,0.3727588836961513,-0.054580194505837176,0.02747437766746086,0.6930944707582808,42344659.84977035,0.4318039024615157
RDVT,"Red Violet, Inc. - Common Stock ",N,N,74.48999786376953,-0.01416092812859715,0.0459140211600535,0.35436359752308233,0.8810606245969763,-0.025382734968730225,1.165406818593632,0.03717262932701537,0.08572549994782963,1.004252754755262,16969282.7458374,0.4783934133411565
RDWR,Radware Ltd. - Ordinary Shares,N,N,28.260000228881836,0.011815249556044627,-0.011196630359638027,0.001062723596598758,0.1254480104326119,-0.12044820138751444,0.29990802789361415,-0.0027524835075055654,-0.021359700916891877,0.7743312393085727,5828600.73205204,0.5334155329498732
REAL,"The RealReal, Inc. - Common Stock",N,N,9.430000305175781,-0.05794204899542177,-0.20084744468224336,-0.08268477138858232,-0.0010592453021183168,-0.44201180366678194,0.16133010321175667,-0.12225994227223436,-0.16273037934997903,0.6276896897646149,28382542.278354835,0.5173031521286912
REAX,Real REMAX Group Inc. - Common Stock,N,N,19.950000762939453,0.10403990591398427,-0.1326086624808933,0.23148147057985513,-0.16874996821085608,-0.6111110904553968,0.2547170592186181,-0.13323988822850397,-0.04703669868629934,1.6824515353851643,22792173.18653183,0.9626470371220711
REG,Regency Centers Corporation - Common Stock,N,N,76.0199966430664,-0.0005259126585762663,0.0026377861916009326,-0.053064302453988854,0.004424304623604991,-0.0805515679429969,0.16606581212144755,-0.0006441893342751248,-0.031787273732478805,0.7601897487019109,76699338.9700203,0.1686027180418824
REGN,"Regeneron Pharmaceuticals, Inc. - Common Stock",N,N,803.0499877929688,-0.02521184159961276,0.008767507144544995,0.3134049818699163,0.0820680859281,-0.05748628548259771,0.4530213716268383,-0.018253015026350017,0.0789723297472471,0.7111097601656489,497507409.1384857,0.2970085415827269
RELL,"Richardson Electronics, Ltd. - Common Stock",N,N,17.709999084472656,0.06111435097522189,-0.12326740516936785,0.012044620848676857,0.6466654950128157,-0.18600450307617278,0.9016591802979201,-0.01834714300375795,-0.02549537489866116,0.5550982204768871,2932063.541316986,0.8351044652848973
RELY,"Remitly Global, Inc. - Common stock",N,N,24.719999313354492,-0.03850641020504997,0.047013920978733914,0.29559745346964017,0.5917578711139537,-0.08172365366658374,1.026229483592385,-0.04433299353879128,0.006322054730836024,0.958816942697554,83016781.08359966,0.4947118196726447
REPL,"Replimune Group, Inc. - Common Stock",N,N,14.604999542236328,-0.0679642966734112,0.06996336632930111,0.6447071344610962,1.1605028177124965,-0.08604505878525048,7.591175960339491,-0.03719699488716344,0.17970626690889535,0.34665613964369324,38977050.294350244,2.459099750053116
REYN,Reynolds Consumer Products Inc. - Common Stock,N,N,21.65999984741211,-0.04497356455197654,-0.1637404903380878,-0.0713361986836224,0.05422617767840854,-0.19604638205658076,0.07422365266073805,-0.10698761428795223,-0.14099657791151166,1.2384718644743198,33804072.76525116,0.2664555642323142
RGEN,Repligen Corporation - Common Stock,N,N,166.84500122070312,-0.018674291095004292,0.012593293041438525,0.2776246718700086,0.41887070683529926,-0.08342030247994936,0.6219013975504801,-0.038752091293757784,0.0650018506608312,0.7299294144411267,162540184.76579285,0.5001601859088886
RGLD,"Royal Gold, Inc. - Common Stock",N,N,264.0,0.03900194342531682,0.1305725930813273,0.27490633568946987,0.09314145587719058,-0.12876315163732466,0.5713056932901726,0.04104641100438422,0.1853535543976812,0.7452186197841406,161397285.6331238,0.37692527864343567
RGNX,REGENXBIO Inc. - Common Stock,N,N,8.75,-0.061158767541673154,-0.17840372643999003,0.3138138439147271,0.056763319104619514,-0.4524405350029518,0.548672540231341,-0.11607233275254636,-0.19402379975939876,0.5132731448002645,11704301.790029526,1.0574692221164592
RGTI,"Rigetti Computing, Inc.  - Common stock",N,N,15.604999542236328,0.04102733692518856,-0.13736874457660342,-0.25619638309234494,-0.004148087666952294,-0.723020953142125,0.2096899227671638,-0.05940149617850243,-0.04269679985595565,0.6750604115033069,270808444.4877018,0.8496214989533911
RIGL,"Rigel Pharmaceuticals, Inc. - Common Stock",N,N,47.40999984741211,-0.0018947400544818693,0.12827223538624621,0.4432268508250081,0.863600583810614,-0.0696624666569553,0.863600583810614,0.03499465314050698,0.12343841818791201,0.5445200147337531,12783238.332585717,0.447325374666224
RILY,"BRC Group Holdings, Inc. - Common Stock",N,N,6.920000076293945,0.02518519648799189,-0.048143040653483404,-0.2064220339007149,0.005813947847045586,-0.3520599364645758,0.8602150599657972,-0.027611876624279885,-0.03779302932365136,0.5632767621303159,3218421.943643093,0.6196035949906985
RIOT,"Riot Platforms, Inc. - Common Stock",N,N,22.15999984741211,0.24564354732947624,0.09486166492124792,-0.16723038936001966,0.5716311523320854,-0.2276054571310937,0.8732037185398318,0.10181605794144377,0.06373786328778475,0.7399218842836373,351047841.90288484,0.9489453534638507
RIVN,"Rivian Automotive, Inc. - Class A Common Stock",N,N,16.045000076293945,0.03282911064635741,-0.019254310654383766,-0.04266110637371945,0.033161645343069424,-0.2853006890413522,0.28360000610351555,0.00570391575487017,-0.027717169030670563,0.6087545092723831,318355494.5081464,0.7048734666387189
RKLB,Rocket Lab Corporation - Common Stock,N,N,66.66500091552734,0.06595778605074898,-0.16679166184724026,-0.3489110136446868,-0.040515289369590035,-0.5562470690844412,0.688576537195956,-0.052768046045243655,-0.09808684791808597,0.7140228263665841,1082345477.925455,0.8188106005534308
RLAY,"Relay Therapeutics, Inc. - Common Stock",N,N,18.94499969482422,0.02460789233847227,-0.05227614248419232,0.279203184203187,0.907854895528007,-0.08698796651449547,3.748120212917949,-0.0296682549816768,-0.02098084865262706,0.8293722142885006,46530657.41261406,0.4920129846931061
RLMD,"Relmada Therapeutics, Inc. - Common Stock",N,N,4.210000038146973,-0.05605381117975716,-0.058165495357557995,-0.36691729657571415,-0.322061189648042,-0.4643765945758864,1.7880795130703118,-0.07655186530533187,-0.1899172478605472,0.46238871224811945,4135693.9599146843,0.5419386905489678
RMBS,"Rambus, Inc. - Common Stock",N,N,86.75499725341797,0.02790279247586236,-0.10023855112082158,-0.408058142067491,-0.07034936201109265,-0.49165009145795735,0.16371554261623023,-0.04288038020855256,-0.11301530577655317,0.6288709931999522,169021720.3727501,0.713937582798719
RMNI,"Rimini Street, Inc. - Common Stock",N,N,4.744999885559082,-0.08749998853756791,-0.01351352557041774,0.1406250143280401,0.4645061332075504,-0.160177025581005,0.5976430437205886,-0.07292534087521574,-0.024846403733920552,1.2216369686161128,2464556.5477015018,0.42694291303636583
RNA,"Atrium Therapeutics, Inc. - Common Stock",N,N,10.9399995803833,-0.20551930161954257,-0.10839452548991813,-0.11560228928095495,-0.11201299907666984,-0.33857321796680795,0.0,-0.17387203589759026,-0.13384957286201415,1.4089980961350257,2963816.3345074654,0.5657817169918087
RNW,ReNew Energy Global plc - Class A Shares,N,N,6.864999771118164,0.00955876155295754,0.0021897615612302967,0.06765162587756013,0.3176582957492302,-0.16178264678288612,0.5255555046929254,0.006635096605889235,0.0652824585367735,0.9956075309006428,18856836.562461853,0.33040630869266513
ROAD,"Construction Partners, Inc. - Common Stock",N,N,101.74500274658203,0.011784061423607328,-0.15767032059436892,-0.1064810723416264,-0.13319982000920239,-0.2757331588768236,0.08806545206099314,-0.08102710754900433,-0.0531050128027194,0.5411385252308044,58793281.27216454,0.6157181968725691
ROCK,"Gibraltar Industries, Inc. - Common Stock",N,N,46.5099983215332,0.0851609346524389,-0.06550134832723187,0.15409427300340583,0.16771268348951596,-0.37637440091659125,0.37522172505078566,0.0008930431364615465,0.019191713576911074,0.6981596920510484,10393056.60556755,0.5697513112691766
ROIV,Roivant Sciences Ltd. - Common Shares,N,N,41.2400016784668,0.19466978944352165,0.16992912563026374,0.37283623241004293,0.4834533384982689,-0.005785869489346451,2.059347409415794,0.12977019383078292,0.15984750351653387,1.6489371539931685,297336617.03811055,0.5120444811703558
ROKU,"Roku, Inc. - Class A Common Stock",N,N,153.13999938964844,-0.015366806457961513,0.014776990745637208,0.06598910960517701,0.60087804230669,-0.04143712659494514,0.8466176151706917,-0.022735713069998664,0.02669445920310709,0.5265368384467264,318181891.22609407,0.16422666801600777
ROOT,"Root, Inc. - Common Stock",N,N,52.2401008605957,-0.05190376937793573,0.01260129300416768,-0.04844991969680312,0.1715653886931825,-0.4922229563059195,0.2089817627274142,-0.040969018695252046,-0.08513613666408182,0.5839901019193388,11199892.692873955,0.7641938443318556
ROP,"Roper Technologies, Inc. - Common Stock",N,N,391.1700134277344,-0.06488007527732542,-0.02085103021843715,0.17070496430762794,0.12075807028134511,-0.2423920979054376,0.24600112158832,-0.04262854579438757,0.012716714161322251,0.6332073120462104,256827467.6970291,0.34348650505826656
ROST,"Ross Stores, Inc. - Common Stock",N,N,228.0399932861328,-0.003312149333758785,-0.0926463319573011,-0.04851235480574878,0.10476157316595458,-0.10480453816879787,0.5893953943059111,-0.027653433123539517,-0.028716495338376502,0.7254078811791531,638124801.0500259,0.2781187896499911
RPD,"Rapid7, Inc. - Common Stock",N,N,10.460000038146973,-0.12905913082394438,-0.21823617722860966,0.4649860271349733,0.6898222845645503,-0.49735702515198066,1.0712870580357068,-0.13817252970959304,-0.07335222688774468,0.7262612205240588,21257902.1912241,0.9398721760136525
RPRX,Royalty Pharma plc - Class A Ordinary Shares,N,N,60.1150016784668,-0.035381868214940826,0.04442314641050005,0.10000391592447344,0.3239571858434558,-0.06011565761481219,0.7558973331593644,-0.016139080219702673,0.01989518745165819,0.9803564447432108,168533999.6109745,0.26817557703602535
RRBI,"Red River Bancshares, Inc. - Common Stock",N,N,102.25499725341797,0.023494037087126385,0.0011029279128378366,0.10574899647182145,0.18593003997174873,-0.009537807559080513,0.6728902811785151,0.007022547193271889,0.027668869326310963,0.6504614689724323,5124798.511903763,0.2160114594767666
RRGB,"Red Robin Gourmet Burgers, Inc. - Common Stock",N,N,8.350000381469727,-0.013002323425679307,0.06641129793492362,0.6372550073746139,1.577160603979015,-0.21152027751111724,2.2239384780627742,-0.10244003871448182,0.02220703366925414,0.7686611798246877,4187541.624616623,0.8964954719517033
RRR,"Red Rock Resorts, Inc. - Class A Common Stock",N,N,56.040000915527344,-0.0010694752268385344,-0.11104060752441758,-0.10835318574268238,-0.03229873538893313,-0.16681535629418787,0.1025044601352616,-0.056553726407593596,-0.10087264259102091,1.2220606266889646,44004057.59864807,0.3190200021165328
RUM,RUM Group Inc. - Class A Common Stock,N,N,8.079999923706055,-0.05275496170600602,0.16763003390505093,0.12849163350561632,0.5131085567086164,-0.210166150023138,0.7301926748828329,-0.06299829918449551,0.13460834922483622,0.91303005247862,37731337.34992771,0.7316714838613038
RUN,Sunrun Inc. - Common Stock,N,N,9.105899810791016,0.08792113922266531,-0.09213359389656028,-0.29356869136872976,-0.288045360598129,-0.5746894032840606,0.08792113922266531,-0.012513986896534823,-0.12729568286645843,0.6118646150443328,63599252.688744925,0.6635260473239045
RUSHA,"Rush Enterprises, Inc. - Class A Common Stock",N,N,49.04499816894531,0.006051244491185992,-0.09832703620745686,0.05126464332347691,0.1634199964672598,-0.1110742055890479,0.5903507631532625,-0.05108328002519302,-0.04841088354082235,0.6268104636705415,27952149.96732216,0.3093378776996052
RUSHB,"Rush Enterprises, Inc. - Class B Common Stock",N,N,50.380001068115234,0.01860093005807184,-0.04426455174098698,0.06556688597411298,0.25826717024735246,-0.06749754479474246,0.5854381819606012,-0.026228788446851947,-0.020121398561448234,0.5987039178087477,4726867.893187523,0.29195907784092806
RVMD,"Revolution Medicines, Inc. - Common Stock",N,N,208.89999389648438,-0.004621914724691756,0.01629769299435635,0.35763956928305607,1.1292426113229825,-0.05539226922038243,4.164400246139918,-0.006192893464025739,0.057087232150684564,0.8318394906206357,356835508.567009,0.38486949090693995
RWAY,Runway Growth Finance Corp. - Common Stock,N,N,6.536200046539307,-0.011164914596735409,0.024403963900972325,0.13822654149284874,0.025836055631345722,-0.2635671138249732,0.30484901723697755,-0.0086188880894702,0.11233290728841605,0.6056406349756698,3149977.7899074554,0.47980403737949623
RXRX,"Recursion Pharmaceuticals, Inc. - Class A Common Stock",N,N,3.3949999809265137,0.0195195371500545,0.013432858977612705,0.07777773909257735,0.022590376262586087,-0.5,0.1954225646233998,0.007493132098029154,0.022713575555204812,0.6924326433073312,51331149.191609815,0.6447446372478006
RXST,"RxSight, Inc. - Common Stock",N,N,6.480000019073486,-0.07296134030675294,-0.07954544684857368,0.37579617125074893,-0.11836733290441781,-0.5049656269261088,0.41176466310572857,-0.01970424727643505,0.07197802955508159,0.7224353594038605,4971611.181420803,0.6341638754952655
RYTM,"Rhythm Pharmaceuticals, Inc. - Common Stock",N,N,100.58999633789062,-0.03962193632347233,-0.1086003345318245,0.1381534223118619,0.17155829982329585,-0.1447883524147111,0.32669476052183777,-0.08434264411665748,-0.07849935621617021,0.523830198899522,49645627.297143556,0.4147684626250172
RZLT,"Rezolute, Inc. - Common Stock (NV)",N,N,4.34499979019165,-0.0344444910685221,-0.05952383164056141,0.0862499475479126,0.8256300761617095,-0.6028336419699007,2.1035713315618265,-0.07538440642479483,-0.09223861814392664,0.5106093045155015,6113233.651179671,0.6431569420097047
SAFT,"Safety Insurance Group, Inc. - Common Stock",N,N,103.38999938964844,0.0022295048407752205,0.009240543462548434,0.4526542455741134,0.4666427412703238,0.0,0.6072291268586449,0.005514007877217786,0.11078416132235724,0.48781855411992026,13538942.655216217,0.8628841760117884
SAIA,"Saia, Inc. - Common Stock",N,N,357.6400146484375,0.07846336142081856,0.0019050403676541539,-0.25934512753967653,0.10851442592371874,-0.26583732829555884,0.427818671146347,0.0006785512230988999,-0.07067627279371991,0.8203624688117778,142041084.04403687,0.44621316808491096
SAIC,Science Applications International Corporation - Common Stock,N,N,127.01000213623047,0.0018141927681667447,0.012919712532639016,0.11961539871295157,0.32698633991507586,-0.015121002451274124,0.555843895374484,0.0002362720978310584,0.05255722946001451,1.1616031988931572,60408973.7195549,0.33008753525596723
SAIL,"SailPoint, Inc. - Common Stock",N,N,17.760000228881836,-0.07644302383501467,-0.0682056281997,0.2147743069700221,0.4242181113532133,-0.24841299789933347,0.6930410501799982,-0.062153443543610964,0.03643272073738579,0.9040047352639843,60508152.81313515,0.6439170455019978
SANA,"Sana Biotechnology, Inc. - Common Stock",N,N,3.494999885559082,-0.08746737462668508,-0.07783643252326378,0.3041044024256421,0.11661334114147803,-0.409628405318023,0.3041044024256421,-0.08525815944413695,-0.033221799085395354,0.7400050047884157,9402465.34884572,0.7153605322323402
SANM,Sanmina Corporation - Common Stock,N,N,204.7550048828125,0.09319274717914028,0.009889049976880449,-0.1976684665700077,0.6376470197704018,-0.27576752971583307,0.8097490364804283,0.03299840800378817,0.009627618944176852,0.5873866564408814,112399916.1129547,0.7279293696396222
SATL,Satellogic Inc. - Class A Common Stock,N,N,5.15500020980835,0.12065224275697295,-0.10347822438115661,-0.22597592673948197,0.7415541024909909,-0.5200185922097416,3.0590553442745563,-0.02432096033189557,0.08658998982007637,0.5802402434271432,22092097.57363987,1.0247137502659727
SBAC,SBA Communications Corporation - Class A Common Stock,N,N,188.10499572753906,-0.003733922144858348,0.04084618611210922,-0.07513656528590407,0.04107261570017329,-0.1483910121192632,0.15378454070009417,0.012616976998770513,0.030423902936373315,0.6987957520056072,130299615.28533478,0.32155549564232677
SBCF,Seacoast Banking Corporation of Florida - Common Stock,N,N,34.20000076293945,0.03510895324663754,-0.03307882963747,0.07243641663475797,0.17821099646950334,-0.053418218879572876,0.2092023640431726,-0.013982974275390858,0.001939448647311215,0.6476302106367385,25865332.36911297,0.22127212478277447
SBET,"Sharplink, Inc. - Common Stock",N,N,8.755000114440918,0.07423319315685406,0.40529696430770557,0.5889291743673124,0.11245238141689828,-0.5449584085971064,0.9199561895398449,0.12046073682729541,0.3111979922332653,0.7655513161696821,70828518.52185377,0.7413329455337914
SBGI,"Sinclair, Inc. - Class A Common Stock",N,N,13.454999923706055,-0.029220760678451918,0.0017237618706544833,-0.025369117029497956,0.05564714307423646,-0.17386847022976715,0.13218183774766556,-0.03999007314492731,-0.035405886648993135,0.7071977973260427,5206350.737093449,0.4334410859581528
SBLK,Star Bulk Carriers Corp. - Common Shares,N,N,30.625,-0.013687576409125213,0.14095469627518686,0.1628072196606678,0.41063721911804074,-0.05536700401990513,0.9565067326994838,0.01672670480943217,0.10305399749230304,0.9702751128647603,46559132.145549774,0.39066422183318583
SBRA,"Sabra Health Care REIT, Inc. - Common Stock",N,N,20.81999969482422,-0.005730698957634894,0.0647183835776457,0.12838546361520797,0.03916757502915491,-0.05606701189212726,0.28358452912533405,0.012401155386565943,0.018139862207524393,0.5960993314350729,39114054.79535179,0.30930582092753667
SBUX,Starbucks Corporation - Common Stock,N,N,100.13999938964844,-0.05661801271632816,-0.05573552781992319,-0.022561609362879098,0.09330411980545072,-0.07696560640185612,0.3088894550810455,-0.05612020513470595,-0.04562254143672573,0.7250090279044927,564375356.2117958,0.21961878821963438
SCHL,Scholastic Corporation - Common Stock,N,N,36.189998626708984,-0.05853278044699639,-0.11870981670131475,-0.1701133631295022,0.09630747299443265,-0.23059303515318086,0.5299503342203624,-0.07939547170728611,-0.14092158556972623,0.8187886660811202,10838135.697344398,0.3834202527684269
SCSC,"ScanSource, Inc. - Common Stock",N,N,57.91999816894531,0.029871913946292628,0.11706846429038609,0.1581683685841324,0.69010789014518,-0.01647140823155846,0.69010789014518,0.04669652132399493,0.05634827396942366,0.9646292767740383,17663675.53961563,0.3494538580666528
SCZM,Santacruz Silver Mining Ltd. - Common Shares,N,N,10.289999961853027,0.11847827991150317,0.1357615325903445,0.47421202489035297,0.31585674373033856,-0.36324257060553833,1.091293322390229,0.08085395585260047,0.3043974198570971,0.8429175799439869,4593861.601735639,0.7371462358038332
SDGR,"Schrodinger, Inc. - Common Stock",N,N,19.489999771118164,-0.06477928846378078,0.04504022358012727,0.34878892929960115,0.6268781732757838,-0.13454709702729728,0.7606143006698292,0.002649378265274338,0.11625295779850053,0.7486749776503755,18942730.539469816,0.5403338556872641
SDOT,Sadot Group Inc. - Common Stock,N,N,12.800000190734863,-0.03759398442327189,0.043194760651849906,-0.21036391649177733,-0.6734693892445975,-0.940740739857709,3.6886447257531367,-0.0354182173980675,-0.3190402618222147,0.12303700700414764,53179304.97696181,7.035530213413918
SEDG,"SolarEdge Technologies, Inc. - Common Stock",N,N,36.380001068115234,0.11972912245882061,0.09216450219920547,-0.4016447117660511,-0.18939393488648515,-0.5366195379158353,0.2778363872685581,0.12109215744858637,-0.11417799508305193,0.9371036694294342,84584668.86361885,1.0067265328988082
SEIC,SEI Investments Company - Common Stock,N,N,107.48999786376953,-0.018714652497937134,0.027334423066307956,0.2023489488717074,0.39382150803363225,-0.03708680006727916,0.43813169939354,-0.013042838762572617,0.04370164604024307,0.89253611166547,66333533.322993085,0.20724391592693026
SENEA,Seneca Foods Corp. - Class A Common Stock,N,N,193.625,-0.05104388173316332,0.04991325193823104,0.10409423157373054,0.3445247370716962,-0.06596721104892356,0.9136687034591289,-0.006295809115476447,0.06835425457707167,0.7903603477688084,16874829.1651947,0.37355438914984723
SENS,"Senseonics Holdings, Inc. - Common Stock",N,N,9.420000076293945,0.004264388205224678,0.19695047182643655,0.31197775787045323,0.4858043926779474,-0.16637168873522445,0.9382715673882247,0.03727359951673925,0.3696837681542584,0.6715675038475383,6023400.87327528,0.948746537077997
SEPN,"Septerna, Inc. - Common Stock",N,N,37.849998474121094,0.0045116286509678805,-0.20749581649260773,0.052851117409163706,0.5698879102421217,-0.21456734690291135,1.6505601667995111,-0.07013883933020837,0.007372270728819075,0.5755363138874614,16966778.57544899,0.742360062227629
SERV,Serve Robotics Inc. - Common Stock,N,N,4.824999809265137,0.028784594967507404,-0.015306180539302772,-0.3077474957667874,-0.4883351375273157,-0.7270927756798382,0.10411897840309514,-0.003922423654583951,-0.07611301261016923,0.643829521732447,19346512.376505326,0.745154803998394
SEZL,Sezzle Inc. - Common Stock,N,N,117.61499786376953,0.027025858465133945,-0.08306701530982163,-0.1136774636879333,0.7953746607912606,-0.37621322747216457,1.3075337462616416,-0.03224415154693949,-0.20526164946230574,0.5369040601031891,56801429.97217369,1.0138767888418492
SFD,"Smithfield Foods, Inc. - Common Stock",N,N,20.944000244140625,-0.04102563654703528,-0.11070754412898043,-0.2067126686695555,-0.07689317515400962,-0.27329954807093637,0.03925605286131484,-0.05583441948564127,-0.12446592518552313,0.9797954473155266,34499168.90287094,0.2721499274804674
SFM,"Sprouts Farmers Market, Inc. - Common Stock",N,N,75.44999694824219,-0.0663284342567283,-0.10604270634867763,-0.12602808585715486,-0.10530066038184793,-0.4521493154263786,0.1508541756855517,-0.07115029056380129,-0.07033885224390202,0.7669678136014224,121691753.52466889,0.4678599019256915
SFNC,Simmons First National Corporation - Common Stock,N,N,23.010000228881836,0.03508775090901506,-0.029113945647486927,0.0320699775797777,0.2523932404485536,-0.04601992420108225,0.37641904846225915,-0.005489033138993293,-0.006502412923748868,0.7422052093008777,25471716.581110477,0.19437088821627352
SFST,"Southern First Bancshares, Inc. - Common Stock",N,N,62.29999923706055,0.024839583793253572,-0.02074818794381761,0.026697411399758675,0.21537263513505978,-0.03560370420104475,0.5139731938498369,-0.009342082227476789,-0.00048452803595011584,0.5994775918464582,5533485.314346695,0.22866530233928933
SGML,Sigma Lithium Corporation - common shares,N,N,11.109999656677246,-0.09380102371413046,-0.06165544649516641,-0.30475594649970483,0.05608357160081301,-0.5302325650790993,1.3739316376473547,-0.06363256234746306,-0.01948673572660975,0.8742429470233564,20769718.7454051,0.7123442060166557
SGMT,Sagimet Biosciences Inc. - Series A Common Stock,N,N,10.8100004196167,0.029523849487304688,0.13550419115799706,0.6682099363885987,1.224279860626193,-0.016378467265714125,1.3758241684536707,0.034301333215976726,0.22842309294056906,0.7135619450077004,11790342.408820678,0.6387224865158847
SGP,"SpyGlass Pharma, Inc. - Common Stock",N,N,28.700000762939453,0.06850335483159942,0.1549295904373753,0.556399128618907,0.07089558134208751,-0.033018852161717405,0.6343964485080482,0.06717238420481308,0.21222875276078113,0.6510940619579381,2004669.674037552,0.6483646519457131
SGRY,"Surgery Partners, Inc. - Common Stock",N,N,13.720000267028809,-0.06027397886631647,-0.08533331553141277,-0.10385369751855944,0.11003241489710303,-0.4019180493627469,0.19408185729612337,-0.035297406323366975,-0.1019178920629491,1.153491808705785,35776153.32566929,0.5105122283474478
SHAZ,"SharonAI Holdings, Inc. - Class A Common Stock",N,N,57.310001373291016,0.08871584418294898,0.012902077034498305,-0.08039150106012105,1.2033833475192846,-0.3817691126215539,2.2711187143773803,-0.06521169245906566,-0.08615728161028546,0.7407232404628499,106926564.35588245,1.3355046996776234
SHBI,"Shore Bancshares, Inc. - Common Stock",N,N,23.100000381469727,0.02167181591732592,-0.024631353176936766,0.018984444379939625,0.3386818103992275,-0.055545179499828734,0.5598983333529752,-0.0048799615310676225,-0.0072258200385405535,0.6680057935558261,3589576.7326497077,0.20059762572978088
SHC,Sotera Health Company - Common Stock,N,N,18.459999084472656,-0.011777367082920653,-0.0340136842029618,0.1402099120157423,0.3425453879616478,-0.05671950064695863,0.4059405120773445,-0.029417218819922875,0.004123054827212647,0.5818641607779227,41989294.26308823,0.2935641765663615
SHEN,Shenandoah Telecommunications Co - Common Stock,N,N,11.760000228881836,-0.03606553993952921,-0.12041882351967736,-0.2855406510942341,-0.19175257218413244,-0.31228070371124306,0.1878788567698646,-0.05610400036218033,-0.062141104381237766,0.8967708203367767,4986243.844773198,0.502883200766377
SHIP,Seanergy Maritime Holdings Corp. - Common Stock,N,N,17.915000915527344,-0.00527480911422451,0.12531412246687745,0.09864944751827132,0.43843904136326595,-0.05311834866353027,1.4289469366243668,0.02066690691831785,0.0972152113197875,1.2776457962303185,5511238.301399231,0.5037430515618904
SHLS,"Shoals Technologies Group, Inc. - Class A Common Stock",N,N,7.309999942779541,0.09104479863877923,-0.16265746551150806,-0.299137130499217,0.22857145833797476,-0.42756462954272323,0.2802101390443783,-0.012495781094246872,-0.16230247162934208,0.765461912562926,33191344.21782925,0.8440836490458334
SHMD,SCHMID Group N.V. - Class A Ordinary Shares,N,N,3.5799999237060547,0.1511254162263398,-0.28400001525878904,-0.3345725190420218,-0.4727540583477332,-0.6564299522558791,0.7047619458499157,-0.12863576693574863,-0.1879692553370219,1.0720039012063056,2876340.621956301,1.1328144079655142
SHOE,"Shoe Station Group, Inc. - Common Stock",N,N,13.5,0.051401856664237355,-0.14340102766877827,-0.21394242542468933,-0.1824376795232051,-0.4125834776654115,0.051401856664237355,-0.06867648531575765,-0.0929648120139186,1.4363275508695674,10865762.008167457,0.4726778070210265
SHOO,"Steven Madden, Ltd. - Common Stock",N,N,44.04999923706055,0.06298264229838457,-0.08780289082793225,-0.045503840073347956,0.35728613836993683,-0.1023028426530267,0.48760671593817917,-0.02102410599412252,-0.0073597509398778405,0.8176540063239751,36961570.28614311,0.3863430553971902
SHOP,Shopify Inc. - Class A Subordinate Voting Shares,N,N,131.67999267578125,-0.05821781019909544,-0.13714702739573037,0.21655575826519513,0.06408074889520199,-0.2643986552898714,0.3802934021972817,-0.10680314517430778,-0.023468550025547152,0.7667877443323837,966223095.7689819,0.6305541018468224
SIBN,"SI-BONE, Inc. - Common Stock",N,N,18.350000381469727,-0.03012683364300861,-0.02393611031130971,0.19001298901938646,0.4280155514961108,-0.14252333137518147,0.5805341019899266,-0.03956870401086443,0.00961752150447115,0.8518160658160872,9690293.088226795,0.3553700539803592
SIGA,SIGA Technologies Inc. - Common Stock,N,N,3.240000009536743,0.0,0.12499995860788715,-0.2500000275947418,-0.2463767754271784,-0.6091132585513293,0.12891990896563543,0.05348724111171688,-0.005891012052473221,0.9878959246580431,2186298.6555374265,0.4859890077692876
SIGI,"Selective Insurance Group, Inc. - Common Stock",N,N,89.80159759521484,-0.015441305815094286,-0.04039301372345672,-0.023778291662706397,0.21471408311776563,-0.09922462977100877,0.23761722979658262,-0.02328322078122491,-0.04763492242683742,0.491341828912651,27776043.057165146,0.21991505713371257
SILC,Silicom Ltd - Ordinary Shares,N,N,43.81999969482422,0.09385916606683109,-0.04552385448778651,-0.056620043593489155,1.2942407758974248,-0.14044723247751567,2.2459259033203125,0.002035159434168543,0.021535699357213334,0.9633384509502834,9507108.66847992,0.9210821292705995
SION,"Sionna Therapeutics, Inc. - Common Stock",N,N,7.349999904632568,0.13777087635140162,0.44117647883801325,-0.7953786113779087,-0.7863372215520628,-0.8559953022572035,0.6333333121405706,0.1622390739285533,-0.7410385275055154,0.508190455792036,13143335.333660007,2.102459478504279
SIRI,SiriusXM Holdings Inc. - Common Stock,N,N,28.749000549316406,0.04087616494490831,0.008383034672600598,0.054174523155426924,0.3035067346199627,-0.10982250259622084,0.4898760821743271,0.0035973819060932666,-0.02672847936047118,0.8386183708918594,100603085.31536369,0.31446959454543033
SITM,SiTime Corporation - Common Stock,N,N,601.592529296875,0.08836278479760296,-0.09819734475559683,-0.17577646327078322,0.7499346425999933,-0.3326612433655377,1.4497801496687268,-0.025452349811644237,-0.007422026076477017,0.5375893733590472,201425925.0222656,0.9825042743558785
SKK,SKK Holdings Limited - Class A Ordinary Shares,N,N,4.449900150299072,-0.017682131523050426,-0.011133299933539509,0.01595891187940679,0.7382422850633179,-0.6349548561543799,1.6806627950456905,-0.04487982506126853,-0.06089699884798916,0.07586604978206707,2364992.047289801,0.9889832410897698
SKWD,"Skyward Specialty Insurance Group, Inc. - Common Stock",N,N,55.68000030517578,-0.030302994065760536,-0.09698345048710388,0.11248753554318514,0.30002329966757,-0.15160745641695117,0.3494910947710077,-0.03346756852260391,-0.062433689558923255,0.6794182587390114,25986021.386011504,0.37538298409177456
SKYW,"SkyWest, Inc. - Common Stock",N,N,94.11250305175781,0.008276266811396926,-0.1279419509957025,0.025749352062755415,0.0579193347607001,-0.18826547291716345,0.20041455637845096,-0.06234079674778159,-0.07901011230741994,0.6536848365284644,25100589.706645202,0.37609864819112165
SLAB,"Silicon Laboratories, Inc. - Common Stock",N,N,220.0,0.004336895389212669,0.007187691145277508,0.005025153650921599,0.0660980778702529,-0.0032169212644157508,0.8952446289602294,0.004508875064208606,0.007516993365892288,0.872563515389745,66437537.424087524,0.038547781361580255
SLDB,Solid Biosciences Inc. - Common Stock,N,N,9.819999694824219,-0.006072916894909852,0.10960443746256687,0.375350123032671,0.37921346245262266,-0.11928250844921262,1.498727615271286,0.02025970349864359,0.0531960155106761,0.4244412621126575,7514880.172754479,0.6434080335050585
SLDE,"Slide Insurance Holdings, Inc. - Common Stock",N,N,24.344999313354492,0.04529834076235639,0.18449014492516924,0.46252621968365193,0.3760106658743658,-0.015568145410771006,0.9171263361732471,0.05422228887068958,0.12751895162129534,0.978653981017327,21997660.239228345,0.4228899987811815
SLE,"Super League Enterprise, Inc. - Common Stock",N,N,4.5,0.206434310184743,0.4696276769239862,0.41065828190642173,-0.12451359593578881,-0.9559341962498076,0.9823788712823243,0.15614361476365013,0.3744906726182704,0.2605017638265203,18634868.153194953,2.1507694596002933
SLGL,Sol-Gel Technologies Ltd. - Ordinary Shares,N,N,69.4000015258789,-0.0017260518265498348,-0.10934287529875752,-0.05501090388376062,-0.07884251527397979,-0.2916198768892817,1.8977035204637396,-0.0775845555332707,-0.11296072484968167,1.4790436489366512,4913151.882799149,0.6954122442068486
SLM,SLM Corporation - Common Stock,N,N,26.170000076293945,0.020530180264979325,-0.031698725618977464,0.17511450641885995,0.3492174251658051,-0.13664659040763105,0.4212620985710742,-0.015426111574566748,0.006568492826556582,0.6396703143483007,45266125.3030756,0.31845538505145543
SLN,Silence Therapeutics Plc - American Depository Share,N,N,13.850000381469727,-0.0603798781186089,-0.059103252022881136,1.070254149926582,1.0889894634093293,-0.10239791914819762,2.2209301784014066,-0.00039692894776366394,0.13645691087217915,0.5656163638643669,14656758.956733417,1.0392796498316776
SLP,"Simulations Plus, Inc. - Common Stock",N,N,18.43000030517578,0.000542900588513362,0.006553841765894353,0.12928925550291126,0.5846947655908734,-0.1156429860732433,0.6223592308247026,0.002147866123053621,0.005225229367771922,0.39989634352569714,3147207.237077713,0.23704286639716465
SLRC,SLR Investment Corp. - Closed End Fund,N,N,12.420000076293945,-0.0181817825432512,-0.040185434385767715,-0.022816676709885186,-0.10887050366111761,-0.21107688467994656,0.01719902026952358,-0.018220614847376693,-0.02927797288300804,0.6346154975153394,3755433.4480145453,0.2200472253115074
SLS,"SELLAS Life Sciences Group, Inc.  - Common Stock",N,N,13.869999885559082,0.04916789753411721,0.2552035878866965,0.7713920843812991,1.8020202868690989,-0.1028460639498463,8.978417286547831,0.01835535278874234,0.08400024076192025,0.7591775843418648,96795070.19659662,1.1469900215619016
SMBC,"Southern Missouri Bancorp, Inc. - Common Stock",N,N,72.69999694824219,0.0009637849025379008,-0.053024157343178224,0.008501785025597508,0.19591543542937506,-0.08036031132272592,0.5432926633732929,-0.023826552046370963,-0.04047317420018326,0.8828425566151806,7135923.424713135,0.18637476208029904
SMCI,"Super Micro Computer, Inc. - Common Stock",N,N,39.44499969482422,0.0745028787404245,0.24825946894465245,0.29497704794521074,0.2996704843176037,-0.32779482805583704,0.9213345531197505,0.04167904404769396,0.22785609703282939,0.6437147233698954,1883908696.0975208,0.9543353082078103
SMMT,Summit Therapeutics Inc.  - Common Stock,N,N,17.683500289916992,0.24883477969449563,0.16993056948017515,0.26220556752470126,0.1335576831730163,-0.3296625908837554,0.422646810600132,0.23140508814953997,0.23236236825073342,1.2593835380571146,92430416.97880058,0.6825428172553165
SMPL,The Simply Good Foods Company - Common Stock,N,N,10.640000343322754,-0.06502634127209928,-0.02025776430105375,-0.1535401271565786,-0.2585365811514351,-0.6220248494668266,0.045186642864155635,-0.035401811895602764,-0.0657323725496588,0.8311194623671615,20086404.160317134,0.5621344859784033
SMTC,Semtech Corporation - Common Stock,N,N,166.9550018310547,0.2622287475484364,0.2727169625911887,0.0014695885509019568,1.2755212700170215,-0.044497190445812906,1.7904896660791492,0.21312197373670094,0.2523018346050432,0.988802634119239,454370985.0028213,0.9946663165752808
SMTI,Sanara MedTech Inc. - Common Stock,N,N,35.025001525878906,0.006754831968017516,0.018760920236324807,0.683085171780075,0.8770097434237869,-0.00722781355558344,1.143512925263451,0.014298675517239401,0.1482515187917357,1.1490733119996468,11396708.27108574,0.5009529651450535
SNDK,Sandisk Corporation - Common Stock When-Issued,N,N,1733.02001953125,0.12762954904269952,0.36345537386906934,-0.12478155603308527,1.299380400320461,-0.2578072721493576,23.5783572121148,0.09831241874243069,0.1276451049438232,0.7720068482795686,20404645346.342163,1.366099048022736
SNDX,"Syndax Pharmaceuticals, Inc. - Common Stock",N,N,19.885000228881836,-0.010696524801367624,-0.01996060465111027,0.08958905363736092,-0.15919659409628406,-0.2093439152885409,0.5167811403224496,-0.0034579511572601085,-0.04764412161175546,0.7085583802151975,23855130.62484207,0.45806573311850995
SNEX,StoneX Group Inc. - Common Stock,N,N,68.87000274658203,0.015631989767767474,0.04395939779017022,-0.20954160057569848,0.4829889057527428,-0.2568519864238378,0.851122976273162,0.010839363791938394,-0.04624866713074549,0.5050531515132122,53945163.51154022,0.5762868112631149
SNPS,"Synopsys, Inc. - Common Stock",N,N,393.2699890136719,-0.05195028670279067,-0.042929143830099714,-0.133556640768401,-0.0825810607347982,-0.34928935554218454,0.05624044046031185,-0.046255209238628026,-0.04147026384100805,1.069331739948725,728633966.3260025,0.46239053692704285
SOFI,"SoFi Technologies, Inc.  - Common Stock",N,N,17.80500030517578,0.04428158955421746,-0.009732994522578364,0.0738842211765165,0.036379510413146354,-0.44722133463956026,0.1752475744882609,-0.023085451353779818,-0.0039773587588013415,0.5068404864001412,736124632.1721966,0.5468953007999791
SOLS,Solstice Advanced Materials Inc. - Common Stock,N,N,64.12999725341797,0.038878952356698804,0.05081713026366663,-0.22687890526017596,-0.1362399746553986,-0.2752208056751404,0.5528315102437886,0.06321724068657897,0.035867924167014786,1.1548543548117707,180418133.99243394,0.6297399786649102
SONO,"Sonos, Inc. - Common Stock",N,N,14.289999961853027,-0.05614269235103453,-0.051758443846490754,-0.0696614400221729,0.07201800777505696,-0.254175361395781,0.12519686428876353,-0.08250401248137107,-0.0576862205823343,0.718679151442698,21615712.001009606,0.6468814670027526
SOPH,SOPHiA GENETICS SA - Ordinary Shares,N,N,8.244999885559082,-0.021365020902163412,0.08344280432376627,0.6895491172552315,0.6792260981239613,-0.07567266647550419,1.6426282653794506,0.005549115066669552,0.19478899351823475,1.1032219692790022,4244544.6704167845,0.7452687335550288
SOUN,"SoundHound AI, Inc. - Class A Common Stock",N,N,6.550000190734863,-0.04379557928093092,-0.1160593352748307,-0.05072462315870885,-0.113667075903508,-0.6939252192760221,0.14912287893204534,-0.06807993100165977,-0.029873924048448686,0.7912158478211249,166110630.18863493,0.6332859339538381
SPAI,Safe Pro Group Inc. - Common Stock,N,N,4.814899921417236,0.04671739592173618,0.022271737244302425,-0.05958983807839091,-0.019368620967472494,-0.4620223436839853,0.49068108141942757,-0.05807118722320881,0.08299828453414593,0.4979430603813606,3209035.7879565237,1.0741905891778838
SPFI,"South Plains Financial, Inc. - Common Stock",N,N,44.7400016784668,0.02356446157785519,-0.005777740478515647,0.06021182861164265,0.10400405066455853,-0.022602771804866584,0.260321553677495,0.003898731251778864,0.01369602696362704,0.7058913243803611,4293971.41065712,0.22848168092445995
SPRB,"Spruce Biosciences, Inc. - Common Stock",N,N,58.470001220703125,0.05161875585154685,0.2598578197143324,0.1268067432732971,-0.004765936668883031,-0.6797918988701644,6.544516286542339,0.03778777864323524,0.15823235007404945,1.2952243934061896,4807788.709274292,0.6080954528080882
SPRY,"ARS Pharmaceuticals, Inc. - Common Stock",N,N,5.335000038146973,-0.075389938339253,-0.10336130938365873,-0.4533811564512451,-0.35722892583757593,-0.5915007759009283,0.039960997881653304,-0.08297881218530456,-0.15903466271860123,0.5557702211574947,9401636.728489494,0.8450313746988839
SPSC,"SPS Commerce, Inc. - Common Stock",N,N,78.04000091552734,-0.05896538492287029,0.04178343479378532,0.4127443617719557,0.2995837120238307,-0.3096249090280425,0.5636145292349426,-0.03474377229758829,0.08889175339461985,0.6072710076230083,36804757.16257057,0.4779501589118482
SPT,"Sprout Social, Inc - Class A Common Stock",N,N,10.529999732971191,-0.08195296531593854,0.06309944642598375,0.4444444153734395,0.8637167354395245,-0.3044914468832708,1.1102204841607874,-0.0018484575763254574,0.13171043421245177,0.9623529674829352,13404706.64492488,0.7891806776630241
SRAD,Sportradar Group AG - Class A Ordinary Shares,N,N,12.49899959564209,0.01535330378415023,-0.058101042616807486,-0.21832396656951003,-0.31922662417587166,-0.5999039792824328,0.01535330378415023,-0.033404373777853436,-0.09958522547702886,0.6642660366824801,22444320.330518343,0.5041847446714824
SRCE,1st Source Corporation - Common Stock,N,N,85.91000366210938,0.011896373593381027,-0.024636672613921662,0.09958318864785709,0.31352722148603007,-0.05406293822080532,0.5282082252982854,-0.00862015400737981,0.003404519130822292,0.6881329234951863,8842332.254205322,0.1922902782964921
SRPT,"Sarepta Therapeutics, Inc. - Common Stock",N,N,21.440000534057617,0.005157084423113689,0.17672894303256093,0.4003918972194509,0.24941729164939197,-0.12310838997781548,0.44279953091544577,0.06868709731271916,0.1664345682831847,1.0600772564726384,60067498.45765686,0.6186199161568416
SRRK,Scholar Rock Holding Corporation - Common Stock,N,N,56.64500045776367,0.013508697018434157,0.08786250796529593,0.2821412418851339,0.42359887294345255,-0.05654564300457343,1.028832389075073,0.009620323827838728,0.05831030348709265,0.7564292649771323,58429347.29126587,0.4523099862073963
SRTA,"Strata Critical Medical, Inc. - Class A Common Stock",N,N,5.275000095367432,-0.01769083653933068,-0.12520731147120712,-0.028545071431174573,0.2238979502086853,-0.18469856778601557,0.3220551585862985,-0.0881984110757934,-0.04019358177861976,0.6528330197868426,4551196.651696229,0.49266075548859434
SRZN,"Surrozen, Inc. - Common Stock",N,N,19.809999465942383,-0.1076577123811151,-0.20918163396052236,-0.15305686263892904,-0.22858258448113433,-0.41957225766250605,0.7361962954307548,-0.14101121351777057,-0.12762024517359027,0.8189029624775739,4414633.603288174,0.6446909739405231
SSNC,"SS&C Technologies Holdings, Inc. - Common Stock",N,N,79.30999755859375,-0.03174222912064595,-0.003158342104374934,0.1760904494891773,0.1174130046316122,-0.10691784455522313,0.28280104281912366,-0.0322968726477979,0.047456052170189666,0.8536551375366517,117048147.3966217,0.346246853391958
SSRM,SSR Mining Inc. - Common Stock,N,N,37.560001373291016,0.048283546018043966,0.17595985450344864,0.38066239797135304,0.4577523843251772,-0.042081044368987186,0.9299505346398649,0.03632471843387619,0.20184387973020468,0.6826544129086758,88423143.71663341,0.6614952371213264
SSYS,"Stratasys, Ltd. - Common Stock",N,N,7.789999961853027,0.026350435473567746,-0.13540513163563084,-0.12668162609595035,-0.0012820805945253921,-0.37379419416242443,0.04986521317448367,-0.03880561592081977,-0.055666013054711305,0.8247635939241135,7089241.292769814,0.4335639009802094
STAA,STAAR Surgical Company - Common Stock,N,N,23.940000534057617,0.01785714575338404,-0.04009623009568175,-0.15615086972607528,0.28848227300113094,-0.2819435985455637,0.4869565196788026,0.00865830361387565,-0.03733249991382637,0.8646199208504609,21523338.250843525,0.5270998567141228
STBA,"S&T Bancorp, Inc. - Common Stock",N,N,49.505001068115234,0.006199193098499478,-0.0277484991745095,0.042147945471254555,0.27033092092499134,-0.06546513230598705,0.4770475799922764,-0.013467799526942104,-0.013633159494965796,0.7800145789626015,10273098.363390159,0.17273728109293102
STEP,StepStone Group Inc. - Class A Common Stock,N,N,50.22999954223633,0.011070838037077202,0.021239861469621424,0.16073430555038892,0.10213884102558435,-0.3203891417456102,0.27874512282417774,0.008423158062811131,0.08664011223536394,0.6324071319990996,44561498.31408825,0.5472406493818381
STGW,Stagwell Inc. - Class A Common Stock,N,N,8.510000228881836,-0.005841143491100653,-0.08297408687993824,0.2835595900437553,0.3837398531574179,-0.0898395848467175,0.9340909191892164,-0.03311934289863128,0.02448657472296145,0.6687845079891099,8867093.331150055,0.39758826346316095
STLD,"Steel Dynamics, Inc. - Common Stock",N,N,243.77999877929688,0.041394346588905506,-0.07550534141518517,-0.13590016738575983,0.45237961257006853,-0.13590016738575983,0.8934364349219615,0.011654908125811048,0.007138125885064683,0.7000146504959205,270674019.83768004,0.4162761949110286
STLN,"Starling Oncology, Inc. - Common Stock",N,N,6.110000133514404,0.028619541187933084,-0.013720748311807918,0.1506591712534182,0.6972223042705934,-0.08258254151633648,1.56184492995642,-0.0237667104567042,0.057020293349254736,0.577859191695541,6845040.818073655,0.8254528092858229
STNE,StoneCo Ltd. - Class A Common Share,N,N,9.895000457763672,0.024327185720869116,-0.006526062262485088,-0.12122555447352013,-0.13767284715747674,-0.384495079595889,0.08497813398350496,0.017193127109818462,-0.05764592904078547,1.530509751239157,65728854.56524372,0.367342267408936
STOK,"Stoke Therapeutics, Inc. - Common Stock",N,N,29.81999969482422,-0.03463903256607981,-0.09526697441953758,0.0,-0.03868474355999296,-0.22242500961383327,0.35115541944558815,-0.056149910285821836,-0.04020085122129102,0.8120276046873259,25076720.130343247,0.40576375335095133
STRA,"Strategic Education, Inc. - Common Stock",N,N,81.44999694824219,-0.01522916153179732,0.025895274024803516,0.0599548131285772,0.028237337801305884,-0.0635573703467942,0.14531876591791248,-0.010069395149697735,0.005229063699590419,0.7326222274785051,18401836.528038025,0.39129602770488336
STRL,"Sterling Infrastructure, Inc. - Common Stock",N,N,501.2799987792969,0.09905720690897613,-0.05908853969759664,-0.4164309194772772,0.19003866226323307,-0.4955622157652433,0.7677468908274216,-0.01710768427801168,-0.1465267577005468,0.6349769861404291,272039817.5803177,0.8360237540723804
STRO,"Sutro Biopharma, Inc. - Common Stock",N,N,19.134000778198242,-0.08097977624106834,-0.2358626166689467,-0.3356249553792995,-0.12189077676616622,-0.5322903727801255,1.621095928529297,-0.08233293397904196,-0.205308874474598,0.4027138136694552,5816857.680922508,0.7060567686603558
STRT,STRATTEC SECURITY CORPORATION - Common Stock,N,N,73.36000061035156,0.0604220914532585,-0.12112136650890537,-0.07700053457594802,-0.000953284686549094,-0.19304809531178724,0.19556714277436904,-0.044965748002201766,-0.09291219244986093,1.1878406672689543,7650134.994847107,0.4220382477281598
STRZ,Starz Entertainment Corp. - Common Shares,N,N,26.065000534057617,-0.017156859572106664,0.0883089646657107,-0.07093208873539147,1.0268274673338729,-0.13720617927941237,2.013294992316582,-0.031292954575496856,-0.03061564042903786,0.8810936027250988,5551999.083536339,0.6359076538491316
STTK,"Shattuck Labs, Inc. - Common Stock",N,N,6.474999904632568,-0.057496359171244515,-0.09818940676342391,0.3107287104518359,0.0720198585309404,-0.19665017772536386,2.6999999455043246,-0.11042419482643528,-0.09312457026536403,0.4858406453506593,5268478.402427411,0.7671136754016055
STX,Seagate Technology Holdings PLC - Ordinary Shares (Ireland),N,N,899.3599853515625,0.10129306575644081,0.09608536530937117,-0.03333768497483158,1.2164153808561102,-0.17735984519857662,3.7329498287109404,0.04278880743199842,0.05530195679543426,0.6078445182303319,3069755678.1334167,0.8404722809196378
SUNE,"SUNation Energy, Inc. - Common Stock",N,N,3.1494998931884766,0.32331921922126483,0.2207364288074709,0.30684638216637006,1.187152616693472,-0.4643707768893577,3.037820523989036,0.32863663053028946,0.28814429125758845,1.2034859001480656,4844115.700396776,1.5529041932910488
SUPN,"Supernus Pharmaceuticals, Inc. - Common Stock",N,N,42.0,-0.039780558109201,-0.10409558355224313,-0.05426705371971641,-0.14790019841997704,-0.26315789473684215,0.0,-0.07652730352969184,-0.09640497793497871,0.5281264508018358,23967621.982054137,0.3564823815443285
SUPX,SuperX AI Technology Limited - Ordinary Shares,N,N,7.585000038146973,-0.06009909231945898,0.10087085415516528,-0.07837175455225975,-0.1261521000610879,-0.8988666661580403,0.30550776468997,-0.07429442168871958,-0.002590493572165231,2.1283475620074643,4690713.337508535,1.0823233837077442
SVC,Service Properties Trust - Common Shares of Beneficial Interest,N,N,7.28000020980835,-0.05084743971398231,-0.10455103230844431,-0.09597860514194256,-0.2946652455808203,-0.48876679527582834,0.24927936735052758,-0.07367347045759909,-0.11123436525037089,0.7493924515758073,10599569.55756855,0.3495952706293103
SVCO,"Silvaco Group, Inc. - Common Stock",N,N,6.809999942779541,0.042878977637798465,-0.1027668239957018,-0.4404272884069408,0.12376237740622775,-0.5061638896578757,1.1083591029615425,-0.006057081127458397,-0.1723182486914927,0.5479267257425761,2091218.1435605288,0.926737007749967
SVRA,"Savara, Inc. - Common Stock",N,N,5.449999809265137,0.018691571292548614,-0.021544050035540163,0.03612159165698192,0.08134917668955044,-0.21469744029830495,0.6172106808131193,-0.0017401128290441825,-0.03186843503868575,0.7009336797729419,8059421.741365624,0.42762224088782363
SWBI,"Smith & Wesson Brands, Inc. - Common Stock",N,N,13.140000343322754,0.028974148182910664,-0.07594936029714394,-0.10199407490156065,-0.04160753643213089,-0.20488497850441412,0.6599998192809187,-0.02482464251120642,-0.08323447060411604,1.0232076141034805,8107521.343821096,0.4709797428448197
SWIM,"Latham Group, Inc. - Common Stock",N,N,6.690000057220459,-0.02690908258611502,-0.11857708527984245,0.19464288770544336,0.16145829711523474,-0.1616541301716441,0.405462129314224,-0.05591814263930961,0.027602425351279214,0.8828257457749058,5333754.919041991,0.7219482546391168
SWKS,"Skyworks Solutions, Inc. - Common Stock",N,N,76.26000213623047,0.1312861295555099,0.11605444303634926,0.030958508553956987,0.4356596032612883,-0.08583069036053148,0.4651932086797981,0.10253298145700218,0.1697180412061423,1.0787717119958167,369492335.74486923,0.48504478300180764
SWVL,Swvl Holdings Corp - Ordinary Shares,N,N,6.3404998779296875,0.6554830298258536,3.372758392703668,3.594565144810349,3.1441176447672188,-0.012383208320793426,3.803408807561264,1.1931667541334763,2.1576037491391475,0.7759719457445519,10565211.137450933,1.8047812543809791
SYBT,"Stock Yards Bancorp, Inc. - Common Stock",N,N,77.70999908447266,-0.008421636327404114,-0.06978694957101783,0.03255377197315745,0.2568918251231149,-0.1172327597174897,0.2568918251231149,-0.0427209440817955,-0.0417482668099739,0.7003281565722866,10405403.144477844,0.22229804471784317
SYM,Symbotic Inc. - Class A Common Stock,N,N,42.790000915527344,0.11957089348151895,0.026385280044447734,0.027864516398020456,-0.1452257342853871,-0.5098510948486645,0.11957089348151895,0.03825835970899183,0.018046016273638443,0.7955113297293145,60645178.390198134,0.5894455501222465
SYNA,Synaptics Incorporated - Common Stock,N,N,94.83000183105469,-0.003572515965452272,-0.11307516409406504,-0.31501011153773406,0.31053069418422097,-0.3573897328424712,0.6204716522430218,-0.046479458177934196,-0.12830938450605234,0.7831341014364968,64573106.082804106,0.5376506916563403
SYRE,"Spyre Therapeutics, Inc. - Common Stock",N,N,88.93000030517578,0.004858760510460858,-0.13441695391998576,0.1007550352445159,1.0652577210630727,-0.18352917921246326,5.000674907991662,-0.09144313446039998,-0.09357028865042649,1.0311236864465658,104691493.42643777,0.6643781809801822
TANH,Tantech Holdings Ltd. - Class A Common Shares,N,N,18.399999618530273,0.08235291873707484,-0.12171842728140281,-0.234927226518317,-0.5818181904879483,-0.8440677998429638,0.5999999668287195,0.002560869901462315,-0.07825792711832669,4.668256269353993,2654862.0347579955,1.9636739064372553
TARS,"Tarsus Pharmaceuticals, Inc. - Common Stock",N,N,86.08999633789062,0.16259274530640289,0.2394183338988194,0.38966901174588076,0.26157677363583476,-0.0516633895623696,0.7441247016483263,0.14458167982785697,0.2859982625921622,0.9281777254629107,60432038.87532196,0.5703726266802523
TASK,"TaskUs, Inc. - Class A Common Stock",N,N,7.519999980926514,-0.03092786609233189,0.08985505463620824,0.37226276546581727,0.06840195738636123,-0.36002545356975724,0.6455141572112226,-0.032610803128351074,0.12972282023802828,0.5197211558007497,3523585.5324321985,0.7934496759479118
TATT,TAT Technologies Ltd. - Ordinary Shares,N,N,40.15999984741211,0.09278911149420699,0.06412289510644298,-0.11052052070489182,-0.2898320001904988,-0.3428244240500087,0.2518702479790904,0.042007204394405306,-0.015391862657176625,0.5351330507382257,4978202.12667427,0.5380326953647581
TAYD,"Taylor Devices, Inc. - Common Stock",N,N,61.02000045776367,0.017169507425878194,0.14333898592807692,0.1262458492812979,-0.12074929227473252,-0.3216230958531886,0.4781977292200643,0.045203064607838295,0.08374419980859704,0.8708295730080747,2583292.61269722,0.4462808547992055
TBBK,"The Bancorp, Inc. - Common Stock",N,N,50.970001220703125,-0.20792537017384471,-0.266196344766478,-0.11294810245695452,-0.026360979821234642,-0.3655712777688511,0.0,-0.23060085254378626,-0.23791836869810323,0.6836902877892961,18358633.82562256,0.5404639837632931
TBCH,Turtle Beach Corporation - Common Stock,N,N,12.225000381469727,0.014522837175506398,-0.05085401608318407,-0.0801354088367362,0.07709250842216231,-0.28466938137396514,0.2056212985751975,-0.0249057536099907,-0.034642297547900824,1.4227665072841384,4676946.857723522,0.6154957134231369
TBLA,Taboola.com Ltd. - Ordinary Shares,N,N,3.7799999713897705,0.013404812884881379,-0.08252425330423852,-0.20253161309793266,0.21935486699242346,-0.32258064102638606,0.2813559017932068,-0.0065703116204447465,-0.1675842386735028,0.6686597608870054,8707997.850591052,0.7334461008220549
TBPH,"Theravance Biopharma, Inc. - Ordinary Shares",N,N,17.06999969482422,0.002348737907572618,0.008865225641484065,0.025841365441592545,0.23427330361473597,-0.1769527539438388,0.25792189231477636,0.0034683168466977943,0.007055857606433014,0.5551671408147262,6297017.1462429045,0.11953725061407494
TCBI,"Texas Capital Bancshares, Inc. - Common Stock",N,N,96.6500015258789,0.010243580805792352,-0.03488471664571846,-0.04591354686419835,0.06548522854705419,-0.10108294872342527,0.25900882232803313,-0.017537456954039188,-0.03579991590707088,0.7455565234929843,37253653.46201897,0.19959914629677794
TCBK,TriCo Bancshares - Common Stock,N,N,53.439998626708984,0.014041704991585524,-0.06442577685556605,0.015197554071740171,0.1713202531072986,-0.1327491146862566,0.3409531399743544,-0.028522637363045833,-0.05252933504336732,0.5438036755238871,11590143.969678879,0.3129464240540422
TCMD,"Tactile Systems Technology, Inc. - Common Stock",N,N,21.559999465942383,-0.031011259957645754,-0.10724638482398097,-0.180539722402836,-0.2023677795689307,-0.34765506917875744,0.6259426164248607,-0.06916503808722885,-0.19097010836460238,0.8591129994405384,7885032.088964462,0.521815554781293
TCPC,BlackRock TCP Capital Corp. - Closed End Fund,N,N,4.045000076293945,-0.008578394133967882,0.03717948137969285,0.12017966229336041,0.19255089036301198,-0.3275986336974941,0.29233224549465064,-0.011062878502790197,0.10703633286541936,0.6532472781363402,2499260.514295101,0.43840759689797765
TEAM,Atlassian Corporation  - Class A Common Stock,N,N,179.40499877929688,-0.04076886087668652,0.1643626469839381,1.026717189142023,1.441880982693414,-0.07846206323791705,2.1391949954377156,0.020570113148267177,0.38143583021719274,0.8427267215903073,702390892.1875778,0.9974046774821465
TECH,Bio-Techne Corp - Common Stock,N,N,72.28500366210938,0.0014547430935112349,0.00298061141702477,0.3400935791408233,0.42686480895159806,-0.002552746729372224,0.6743417683904447,-0.0002316726049809148,0.006197566742593974,0.38375269923155575,158607177.06331635,0.451639541832703
TECX,"Tectonic Therapeutic, Inc. - Common Stock",N,N,30.344999313354492,-0.0280269064460138,-0.0478506898563229,0.002146586038145326,-0.05614314546988408,-0.19997366018439677,1.0628823409015484,-0.11054118552231473,-0.07788662273605818,1.070952452233981,8072792.042347431,0.7798583201359531
TEM,"Tempus AI, Inc. - Class A Common Stock",N,N,64.48999786376953,0.03565115448347611,0.15801758761114537,0.34859887652298727,0.3245019446025088,-0.3753995364283823,0.5521058735964461,0.0351358252729681,0.15209674212129864,0.8750292347235085,485454720.35832405,0.901417747870687
TENB,"Tenable Holdings, Inc. - Common Stock",N,N,33.900001525878906,-0.04426274713257805,-0.10412258485256709,0.26492546607986744,0.6666667291821899,-0.20515825760734685,1.1134663086622636,-0.04593039538877264,-0.06422348715541437,1.4838006169255817,133230254.5103859,0.7238129070034526
TER,"Teradyne, Inc. - Common Stock",N,N,377.1650085449219,0.12475377980533908,-0.005928182946735583,-0.06421162740776942,0.2578810545283112,-0.22017630696788526,2.3668530035932513,0.004597895645044758,0.02273344098584107,0.5358568714050005,862585176.6553223,0.8933140677601402
TFSL,TFS Financial Corporation - Common Stock,N,N,17.079999923706055,-0.017261176728809113,-0.009280733731803936,0.009456255714577644,0.29661259480156876,-0.08221389771446141,0.4280973924115392,-0.026309032115998887,-0.04058958018438641,0.7480146951420317,12918388.825617218,0.19592366260232505
TGTX,"TG Therapeutics, Inc. - Common Stock",N,N,56.3849983215332,0.005259371869188678,0.12995985165032664,0.13863081179946257,0.8769972238046244,-0.0452929730707311,1.0929843060044169,0.0534723122898797,0.051870617469362834,0.6028320610416292,97351748.58858891,0.4541825839705967
TH,Target Hospitality Corp. - Common Stock,N,N,19.049999237060547,0.05423351183105041,0.1462092824984016,0.03532606695685314,1.072905343513193,-0.0716374847909399,2.0627009452798677,0.059039322100214786,0.1035928674871005,1.301687015917022,24440230.017643355,0.5597328992654592
THFF,First Financial Corporation  - Common Stock,N,N,77.2300033569336,-0.0029692193423375146,-0.0505285611752907,0.03751069776594784,0.3007626456543975,-0.06715783907608297,0.5365066561851746,-0.028645045764108867,-0.0190025709875401,0.824994890647798,7181344.372624206,0.20441151805246535
THRM,Gentherm Inc - Common Stock,N,N,39.17499923706055,0.014370800635045367,-0.05397248535588284,0.07742020295532015,0.39611546623901095,-0.14108750903701017,0.43972806156453337,-0.03616089657735044,-0.005480977856390679,0.5113219618484424,10967591.053059006,0.6448565192171092
TIGO,Millicom International Cellular S.A. - Common Stock,N,N,95.66000366210938,0.033045412941809627,0.006629536892615029,0.02845420356069206,0.35980774513628444,-0.08292583739756532,1.2190766805282842,0.02098322458666857,0.010635483350377894,0.5377729268202707,85978700.06586304,0.4665269577328112
TILE,"Interface, Inc. - Common Stock",N,N,34.8650016784668,-0.05692519872397317,-0.09460904290280614,0.09487817038631996,0.34141505612436607,-0.11256951521044989,0.43029390532250833,-0.07846145200486065,-0.022218560953008448,1.0249950055377934,18087530.086400222,0.3900414987664448
TIPT,Tiptree Inc. - Common Stock,N,N,17.729999542236328,-0.03220524904018296,-0.01335935044676051,0.0039013981422972854,0.13284666658095223,-0.2947843960824972,0.13500732485250788,-0.026759668324023322,-0.01645234379260907,0.6541445544528707,3648378.2935214997,0.22181948485766878
TITN,Titan Machinery Inc. - Common Stock,N,N,24.05500030517578,0.17112946606498203,0.2788410945321962,0.18731490786875438,0.5459511347345032,-0.08257052116229546,0.70000006739748,0.19654294644189707,0.24267081764586917,1.9000321738891914,6581874.932958221,0.7666307499291929
TJGC,TJGC Group Limited - Class A Ordinary Shares,N,N,10.489999771118164,0.046906116954348986,1.7460732865021815,0.8969257455926409,4.847268449414761,-0.001902993085453053,6.0073479747082,0.4780893081231379,0.8612160543874403,1.5402972987225674,11885882.929779673,1.2650093951559584
TLN,Talen Energy Corporation - Common Stock,N,N,321.6000061035156,0.09488303569526901,-0.10137475769616333,-0.10800466388893004,-0.050206732703964585,-0.27866497231041765,0.09488303569526901,0.005600233068341565,-0.06636256324832779,0.7683467261638421,257507812.39406434,0.5546306826203896
TLRY,"Tilray Brands, Inc. - Common Stock",N,N,4.380000114440918,-0.026666641235351562,-0.08368202464649455,-0.12048190809930892,-0.3491827485843144,-0.7914285659790039,0.1288659755805308,-0.048239875366248075,-0.01586300491814252,0.7861812442201207,15390343.322279263,0.4818714413390959
TLS,Telos Corporation - Common Stock,N,N,4.535999774932861,-0.0389830558130847,0.057342614281417514,-0.007439911477323924,0.12835815832203612,-0.4154639637702088,0.16907207245958245,-0.009022830408628724,-0.01865342330418529,0.9648210677110677,2405920.7666178704,0.5825396012774282
TMC,TMC the metals company Inc. - Common Stock,N,N,4.360000133514404,-0.021324307927848674,-0.041758252583671274,-0.19705335702590598,-0.2443673920403895,-0.5921421604622671,0.26376813717485326,-0.024171865771151935,0.041666696334179854,1.0848162359664695,31821743.446328163,0.7618637441391375
TMDX,"TransMedics Group, Inc. - Common Stock",N,N,86.83000183105469,0.05581230649942981,-0.02831243019266272,0.19092027801089517,-0.23301826222729938,-0.422749615157348,0.39958092439877624,-0.028165604514718834,0.07298870866391916,0.6467209383419781,53904976.476293184,0.5426983911927803
TMUS,"T-Mobile US, Inc. - Common Stock",N,N,179.08999633789062,-0.016853355635155443,0.00864384260922324,-0.047469014732737125,-0.1235072370062511,-0.2465668644800314,0.0738902626203477,-0.01145739003727253,-0.008507220561214446,0.7273186560405078,671968831.4777695,0.40036914728450146
TNDM,"Tandem Diabetes Care, Inc. - Common Stock",N,N,19.344999313354492,-0.09093051272810093,-0.1747014132850898,0.16536137763881964,-0.18888893065240364,-0.3154635825662937,0.6407972329046598,-0.11063606936212833,0.002955171097899445,0.6175317850729596,30439917.708177663,0.6424517228480656
TNGX,"Tango Therapeutics, Inc. - Common Stock",N,N,24.815000534057617,0.1102908326852472,-0.05789672018587455,-0.1979637974879097,0.32842613108426844,-0.2457446996001409,2.9017295618114023,0.02578412852887979,-0.072797433562375,0.6079554638277977,47950961.80652122,0.6706792193317472
TNMG,TNL Mediagene - Ordinary Shares,N,N,3.369999885559082,5.877550652999282,5.5310078741667335,3.719887883160202,0.49115039813265504,-0.6913919540280076,9.369230797445987,4.659585061877645,5.534553461332603,1.372141907207615,5838602.796513582,14.028957941848903
TNON,"Tenon Medical, Inc. - Common Stock",N,N,3.4711999893188477,-0.23203539735251988,-0.43465796990225536,-0.8392590831354074,-0.8805094636666818,-0.9231184967440313,0.03309526717108757,-0.3538419131863735,-0.4739190441504898,1.1351846076871546,36179321.695223905,3.3722959375845516
TNXP,Tonix Pharmaceuticals Holding Corp. - Common Stock,N,N,13.0600004196167,-0.065808236963108,0.05834686046400206,0.15066079124884957,-0.07963348796209602,-0.581544351082208,0.37329128341695794,-0.000229628683880434,0.07663394358179931,0.7950495494608486,5656276.562478495,0.6487343776881949
TOWN,Towne Bank - Common Stock,N,N,36.779998779296875,0.008223663399809178,-0.017628201699272483,0.039171995460331344,0.1760511484624827,-0.0510835817331895,0.19989834972622367,-0.017523268866229902,-0.0092876197906685,0.6580167001384661,17922752.937808227,0.1731736702886811
TOYO,"TOYO Co., Ltd - Ordinary Shares",N,N,4.489999771118164,0.07416266878239397,-0.18659424155205662,-0.6497660001559206,-0.4926554149625352,-0.7357269080867879,0.07416266878239397,-0.06380321312186654,-0.14810462422808246,0.6900672167271082,4642187.38379612,1.1611104707022628
TPG,TPG Inc. - Class A Common Stock,N,N,50.0099983215332,-0.04579281688354009,-0.0009841697645979197,0.17531280467442012,0.24429368237560634,-0.25512778511296585,0.35058183468384785,-0.04833610129634325,0.06056014257630693,0.7803658572581653,143655581.8504446,0.39933434584137
TREE,"LendingTree, Inc. - Common Stock",N,N,27.315000534057617,-0.0020095105403482583,-0.1334073560481286,-0.2526675484479609,-0.3473117913983086,-0.6429878477140585,0.0,-0.08284294838259465,-0.24351733281984578,1.177085793780837,12445305.417585755,0.6384695485228771
TRI,Thomson Reuters Corp - Common Shares,N,N,98.52999877929688,-0.07353079273176588,-0.05404561477398617,0.2182022633645675,0.08058010924678483,-0.41541327074818457,0.29554346716059965,-0.05534584858352576,0.0013098747883730777,0.6633473855339248,165605837.65534058,0.5814976125453952
TRIP,"TripAdvisor, Inc. - Common Stock",N,N,8.795000076293945,-0.07029597877076621,-0.19680363200990914,-0.2912973259924745,-0.0502159979583543,-0.5404910994380396,0.0,-0.11235585291921746,-0.27630441202688183,0.7836148248961197,27814850.834895134,0.683302537447736
TRMB,Trimble Inc. - Common Stock,N,N,58.33000183105469,-0.010349453849119561,0.00603660385618654,0.15688226793671922,-0.10987329593109818,-0.3016043561359856,0.19357485381481832,-0.011649051637686036,0.03471523246017916,1.4532515104724562,236216842.57887268,0.3330100372622309
TRMD,TORM plc - Class A Common Stock,N,N,34.970001220703125,0.052996151302315386,0.221446114068512,0.1503290019578558,0.38913307228679694,-0.0059692746631886395,0.9363179699615616,0.0931370706426089,0.15612100581923172,1.3882057768232152,24588591.646442413,0.3629155239224093
TRMK,Trustmark Corporation - Common Stock,N,N,45.290000915527344,0.0024347191148417213,-0.0483193189742932,-0.0081045924185702,0.13499850100875999,-0.06146088282662243,0.2634104787763569,-0.024533301706499477,-0.02686949547152806,0.5765940719055477,11418318.151167298,0.1722668746805972
TRNS,"Transcat, Inc. - Common Stock",N,N,83.04000091552734,-0.021677620139373133,-0.1294684825782827,-0.09007233210922494,0.12657715299063255,-0.15057284062034404,0.5950825725127695,-0.06840553896056734,-0.06771210845300268,0.5827958466778781,9282404.606804276,0.3834163978718606
TROW,"T. Rowe Price Group, Inc. - Common Stock",N,N,108.93000030517578,-0.0004588277685589892,-0.04237362369076236,0.0054457847174234075,0.2597083493984089,-0.10478303721254734,0.2790007154792462,-0.018630966542309668,-0.0473916761884422,0.5786152775160986,133600218.67596284,0.26513552083874126
TRS,TriMas Corporation - Common Stock,N,N,38.619998931884766,-0.007453120448846051,-0.028672018052652626,-0.064428904782178,0.13408542471853413,-0.1415101347415143,0.24632456472358943,-0.012831675580091795,-0.03537476844208853,0.6964609793237213,13858698.480896378,0.2461036841975452
TRST,TrustCo Bank Corp NY - Common Stock,N,N,56.79999923706055,0.018650055879497307,0.02156095046234041,0.03524343564920973,0.3623301076403149,-0.01933699874468009,0.6919017155274454,0.0013392994225003285,0.016461816829491216,0.9850953480236486,7531010.359389687,0.20420821995823576
TRUP,"Trupanion, Inc. - Common Stock",N,N,25.90999984741211,-0.07065994880396986,-0.15077025063786154,0.09556026491903524,0.008956368360711009,-0.42664304857716173,0.2073625793469509,-0.12426276227538458,-0.05555151283177373,0.9343960718165867,12551161.6853899,0.5808695410667183
TRVI,"Trevi Therapeutics, Inc. - Common Stock",N,N,16.829999923706055,0.015691021947517036,-0.05449434578260559,0.18437719060701263,0.5743686234179064,-0.1369230808355869,1.1143215883230009,-0.04799614674249486,-0.06006009634208065,0.5630920289449216,24364844.556714915,0.6184335130744077
TSAT,Telesat Corporation - Class A Common Shares and Class B Variable Voting Shares,N,N,47.05500030517578,0.09583143479439316,-0.20889373457774896,0.003091035136118636,0.16472768633520718,-0.23363193589917075,1.2343305554813409,0.017619936952073978,0.05608910210374218,0.5489821633960876,8635906.021932602,1.0906830216190893
TSCO,Tractor Supply Company - Common Stock,N,N,34.09000015258789,-0.017862257223801525,-0.02733045336154527,0.09841633158361685,-0.24691615726456084,-0.42401036363672695,0.17795165469029373,-0.026731688671771225,0.04184920642499512,0.6474288877817985,299711661.2179848,0.30508220188988383
TSEM,Tower Semiconductor Ltd. - Ordinary Shares,N,N,224.13499450683594,0.1259670313261272,-0.1019513067454938,-0.1475164192153018,0.5788601289558941,-0.29261483291999524,2.471193984298595,-0.006521348628826473,-0.02329139583113482,0.6851147971290777,293720853.9191803,0.9532016110707369
TSHA,"Taysha Gene Therapies, Inc. - Common Stock",N,N,5.46999979019165,-0.040350881889439694,-0.1811377349163661,-0.04203156678668041,0.22921348868438596,-0.21633241042344165,0.9328621687835092,-0.076364586718495,-0.09109039220473569,0.5665628491068171,13588374.59290905,0.6658140998573755
TSLA,"Tesla, Inc.  - Common Stock",N,N,373.18499755859375,0.048007530108994834,0.12131546617042854,-0.08179759298351741,-0.04988798126585248,-0.23821141128659484,0.25095531106303093,0.05921496240141355,0.04550101006374385,1.0106082760721635,13573721492.843685,0.5745762342001182
TSSI,"TSS, Inc. - Common Stock",N,N,8.449999809265137,0.07506357070339242,-0.2587719217525255,-0.3388106427369528,-0.2226311041188641,-0.5861900206810019,0.22109822487033748,-0.05332738207511545,-0.15131673356767128,0.8283621052585205,9662653.771233892,0.7860653100419013
TTAN,"ServiceTitan, Inc. - Class A Common Stock",N,N,60.78499984741211,-0.3631744181157721,-0.31230908171574456,-0.08963602061639153,-0.1157258985099594,-0.4918492020420142,0.0993850396255207,-0.3347196785369325,-0.2761044828859719,1.1160600681444892,121885532.46633491,0.8005327274219911
TTD,"The Trade Desk, Inc. - Class A Common Stock",N,N,13.84000015258789,0.0043541669651223636,0.020648947220246905,-0.28215769399975643,-0.4123141995347527,-0.7443192337060527,0.06216426985543744,0.006472262494308101,-0.15586078727841346,0.8334228071183656,253899668.1309658,0.6656806426425643
TTEK,"Tetra Tech, Inc. - Common Stock",N,N,35.529998779296875,-0.005875850288402429,0.006280572576633725,0.2522759744238712,0.15975266847150582,-0.16088507122945517,0.3599008674391091,-0.018966319096267448,0.05370622917057455,0.5606868434453051,87825801.96059875,0.28842565658220687
TTMI,"TTM Technologies, Inc. - Common Stock",N,N,127.80000305175781,0.10812452113692195,-0.02248739726081761,-0.3414068485344447,0.3408876962061631,-0.4229466638942204,1.7325208852022453,0.04009833165819732,-0.029633366797026994,0.6420541528154476,275988593.5514145,0.8763200478918297
TTWO,"Take-Two Interactive Software, Inc. - Common Stock",N,N,209.9600067138672,-0.031013412354915393,-0.16183630054344433,-0.008453333110426509,0.02810697022257269,-0.19951199102611727,0.10685857984909974,-0.0882284882502562,-0.11936619449330277,1.175593830615136,561560336.237188,0.3661645081384658
TVA,Texas Ventures Acquisition III Corp - Class A Ordinary Share,N,N,10.550000190734863,0.0,0.0009487883223937565,0.008604221057329386,0.018339820497499604,-0.09442055483381917,0.0435213203758138,0.0007873645938099028,0.0012565635343924075,5.1617533230766,4890795.625739098,0.03471551374765076
TVTX,"Travere Therapeutics, Inc. - Common Stock",N,N,67.1449966430664,0.021838343913975766,0.11518016382734331,0.29025740702921743,1.4905415030869902,-0.00555391022873386,2.1028187863621395,0.028187244876776596,0.10826476761021908,0.6409470191880398,75955436.09646186,0.36755921525824803
TW,Tradeweb Markets Inc. - Class A Common Stock,N,N,101.41999816894531,-0.04957361972554919,-0.027465941099063418,0.0035774749007904116,-0.17616635669589542,-0.19653927330662646,0.10985800206353624,-0.04107789553674268,-0.013430795014820474,0.7143334145366507,118643761.3173935,0.3759321658231174
TWFG,"TWFG, Inc. - Common Stock",N,N,27.829999923706055,-0.03368053260592707,0.013843320590345654,0.290816354966436,0.43011311577665556,-0.10658105089828773,0.6332158702143349,-0.026199537088663294,0.01603086872485804,1.0073214807974804,4400792.861834049,0.4804256583957433
TWIN,"Twin Disc, Incorporated - Common Stock",N,N,24.075000762939453,0.07381805000060826,-0.001533979885182446,0.20494202266703843,0.5990938720506642,-0.0412186309141479,0.8462074246234923,0.015310109168548136,0.03731943310957142,0.621858622012011,2447320.91217041,0.4293812411596425
TWST,Twist Bioscience Corporation - Common Stock,N,N,128.68499755859375,-0.025556565670104225,0.04519976192224551,0.6894446718138287,1.8943994648784437,-0.15947098348522692,4.326365826628008,-0.04069688346549305,0.14806806363886316,0.7390239396948288,206106306.73274994,0.8972262945400815
TXG,"10x Genomics, Inc. - Common Stock",N,N,65.33000183105469,0.08919643764003404,0.11713410298286764,1.2652566395771134,2.7654178901822335,-0.004115802581503347,4.761023011639536,0.05640181783443299,0.25600802899676833,0.6800101512677156,161932205.78684464,0.7808832428972128
TXN,Texas Instruments Incorporated - Common Stock,N,N,259.45001220703125,0.024117849362369936,-0.07747823490245742,-0.13397176707731828,0.3738517949872753,-0.21518474594530423,0.7205652755843444,-0.0186826186827872,-0.06781442807458882,0.5999845871132917,1386745776.4219086,0.4503987048435642
TXRH,"Texas Roadhouse, Inc. - Common Stock",N,N,180.13499450683594,-0.05969103920338559,-0.1381739386199733,0.07725693905805553,0.07713446919134026,-0.15611183992689226,0.16502999536073326,-0.0913859225389434,-0.08780826862696423,0.6575383038947424,125050450.39195327,0.28945378558039836
TYRA,"Tyra Biosciences, Inc. - Common Stock",N,N,20.1200008392334,-0.20474302585113358,-0.20095311376554248,-0.2545386806277897,-0.4712220435569261,-0.4920474494015712,0.7021997765400629,-0.21453803906980162,-0.2990401571261624,1.0005526135526661,14708522.199809551,0.8648761515798368
UAL,"United Airlines Holdings, Inc. - Common Stock",N,N,107.25,0.025040646232994623,-0.15089856643969957,-0.07158930820106435,0.15933409926921605,-0.21203438748759118,0.2586551009545026,-0.06075533347964168,-0.10984621869576205,0.6991617518090177,338308145.8343674,0.4038669536710674
UBSI,"United Bankshares, Inc. - Common Stock",N,N,46.95500183105469,0.009784985614079256,-0.03185563234938793,0.028587081304608075,0.2117467542951199,-0.048916288294071464,0.4072256726837544,-0.018196425442786324,-0.013697504382982228,0.7124844432892259,34683030.449848175,0.17060956010079267
UCTT,"Ultra Clean Holdings, Inc. - Common Stock",N,N,74.7300033569336,0.14775000240212854,-0.13175318203902064,-0.31377408347258084,0.25892861503612785,-0.47590991460685317,2.451732317490299,-0.013094001189555504,-0.14629990968726037,0.5724742746623822,70880353.54574966,1.1388994436951303
UFCS,"United Fire Group, Inc - Common Stock",N,N,53.28499984741211,-0.0124534704005963,-0.008976179332311207,0.1039563391563334,0.46060367208161446,-0.04814218858274322,0.7969018226566544,-0.010143470114805209,0.010617102551924384,0.9098106615280371,7656840.637201309,0.28131193761488277
UFPI,"UFP Industries, Inc. - Common Stock",N,N,82.46499633789062,-6.0687313428120504e-05,-0.10775965857822534,-0.020603756351801006,-0.07239670005906906,-0.27798393306888214,0.050744897829237745,-0.046250988202376164,-0.05353267448626742,0.675049750019979,27851709.45626068,0.3498398933393734
UFPT,"UFP Technologies, Inc. - Common Stock",N,N,280.1650085449219,-0.04725222447471178,-0.12967908621132773,0.19249598039309923,0.4121220623176962,-0.1632869083471009,0.512116852281777,-0.0755010725251466,-0.001066417400695907,0.6292516957693085,36858251.78041382,0.6592887427583204
ULCC,"Frontier Group Holdings, Inc. - Common Stock",N,N,5.664000034332275,0.026086966286835267,-0.18091105342327707,-0.09375999450683592,0.8270968414767124,-0.297270503789672,0.8270968414767124,-0.055322968501369196,-0.1335448388218431,0.5505558134615012,13365825.146345735,0.7181464841409263
ULTA,"Ulta Beauty, Inc. - Common Stock",N,N,542.5900268554688,-0.005626115969934564,0.002290664681732224,0.1600248817373684,0.04213963586402869,-0.23235049767545357,0.2037493662905574,0.018274348226317905,0.06692540032234184,1.1708039733706428,373232254.56147766,0.3583246206128177
UMBF,UMB Financial Corporation - Common Stock,N,N,141.08999633789062,0.02276186632194377,-0.04371693941813681,0.04225457211364625,0.29792543305126973,-0.07202050402379823,0.3715365138414848,-0.028215457046721237,-0.026084312945457544,0.7485274732457429,64419584.169490054,0.22622398478556935
UNCY,"Unicycive Therapeutics, Inc. - Common Stock",N,N,5.039999961853027,-0.0019802432681454984,0.007999992370605558,-0.304827591468548,-0.25443790070896377,-0.4112149865900697,0.34759356925170426,-0.05913101207156646,-0.043897269944191075,0.4026928296965024,3846335.995769167,1.097637502007163
UNIT,Uniti Group Inc. - Common Stock,N,N,10.109999656677246,0.03692304171048688,0.09061479583963461,-0.2070588504566866,0.3302631294132927,-0.2070588504566866,0.8861939188140278,0.011404512618694351,-0.02029191664382679,0.6731255628226609,16710568.95594058,0.4074939089580857
UNTY,"Unity Bancorp, Inc. - Common Stock",N,N,58.45000076293945,0.0141783462112961,-0.03411583335192947,0.035131663429329274,0.19313758401412495,-0.05177115915390429,0.30947327309413697,-0.013816342218987976,-0.0003955538628928057,0.7339268018178807,2874650.470653343,0.23758620260551205
UPB,"Upstream Bio, Inc. - Common Stock",N,N,6.099999904632568,-0.06870233175547558,-0.1396333182861733,0.0,-0.2960184729962686,-0.8128834297500063,0.030405376016702235,-0.09391363554540277,-0.11572418009640129,1.017260875156695,3943094.1757605313,0.5637497617569678
UPBD,"Upbound Group, Inc. - Common Stock",N,N,18.459999084472656,0.002171498806353922,-0.03350792063951902,-0.004605919486914689,0.08842577452174227,-0.2681568757452003,0.2232135347302202,-0.029264112975619594,-0.07836406829128562,0.7307937379769315,13925528.38083725,0.4430747571908696
UPST,"Upstart Holdings, Inc. - Common stock",N,N,26.6299991607666,-0.027747362023274214,-0.10906658733525587,-0.12688527341748845,0.030971708843340995,-0.6136099844998861,0.09950453822198413,-0.08804495346614061,-0.11161673155048579,0.8308581214990004,116359273.61715117,0.5218756919673575
UPWK,Upwork Inc. - Common Stock,N,N,8.279999732971191,-0.09902066256396447,-0.009569369257348859,-0.024734987492150973,-0.3151365071572113,-0.6255088419538704,0.056122394364757966,-0.04778334519499272,-0.07673782852433286,0.7277698605824272,24710488.140952636,0.5613312979502785
URBN,"Urban Outfitters, Inc. - Common Stock",N,N,79.08000183105469,-0.002648493909041316,-0.004406376341135276,0.02701301079291807,0.24047061695772065,-0.046654554063482845,0.3275138867916698,0.015519184848743484,0.05225903308709179,1.2713264830324926,100970702.15846482,0.43394023050528663
URGN,UroGen Pharma Ltd. - Ordinary Shares,N,N,45.599998474121094,0.050933374407926335,-0.032052687681321634,0.5343203071216434,1.4675324460859205,-0.09325914408480718,1.7771009903925155,-0.013216646710548785,0.05989570120675469,0.736634297018998,39245500.97192421,0.5411239200598428
UROY,Uranium Royalty Corp. - Common Stock,N,N,4.929999828338623,0.1908212529783606,0.1822541338464727,0.6711863554746602,0.36944443303861707,-0.09706963481784558,0.8888888990386798,0.14524649290963154,0.38157152399689265,0.8645051645827075,10126788.661513353,0.6309707084760823
USAR,"USA Rare Earth, Inc. - Common Stock",N,N,17.43000030517578,0.009849366977960905,-0.07826544443039063,-0.2073669628651621,-0.05271735507959607,-0.5493795199674942,0.46470595495098843,-0.04873655642839536,-0.006446965776866875,0.9506402623664185,226784630.7952156,0.8238303665229673
USAU,U.S. Gold Corp. - Common Stock,N,N,16.190000534057617,0.07005951167211011,0.062336009003086224,0.05403651666226161,0.05129876201923822,-0.28362830704497777,0.27984197804573796,0.02448905350648478,0.07426284834761354,0.6359096452006244,2919391.954063034,0.5218745031508455
USLM,"United States Lime & Minerals, Inc. - Common Stock",N,N,117.875,0.024554514326881938,-0.02113323186138183,0.08805122775655594,-0.013784070960051631,-0.15387399133748492,0.2097022901181742,-0.0017703651914590113,0.04713749399038947,0.5592713972096834,15113266.435446167,0.3207114380995278
UTHR,United Therapeutics Corporation - Common Stock,N,N,495.3900146484375,-0.03376242860630918,-0.03901064083717265,-0.09262584308187949,-0.06591866229252819,-0.1698672723679996,0.24940735094183486,-0.02678648066710765,-0.054236068709466956,0.9306881609334032,235993611.87930298,0.2287205575078606
UTMD,"Utah Medical Products, Inc. - Common Stock",N,N,69.75,-0.028010062380079748,-0.030442067932788364,0.03290031972409202,0.08807374783004662,-0.05705017102963095,0.31588790212227025,-0.021615631497258203,-0.010455830448082182,1.0752417541788486,2483572.413461304,0.41188651022473105
UVSP,Univest Financial Corporation - Common Stock,N,N,41.630001068115234,0.012895440721922613,-0.02528677217298414,-0.017271370863057967,0.29520556789605945,-0.07443952052935043,0.5081730530372439,-0.009623016212433999,-0.034373052684995464,0.6834023504812483,7027574.128054619,0.18901675198516352
VBNK,VersaBank - Common Shares,N,N,21.681900024414062,0.14325862641532505,0.1257476514408553,0.07424067154358815,0.593769253854241,-0.08517438250703302,0.9292251760053345,0.078750056084268,0.061585658786819986,1.2358829514289915,2526116.8403491974,0.4938853420269238
VC,Visteon Corporation - Common Stock,N,N,100.16999816894531,-0.00585553746304468,-0.053203823620994295,-0.15112898803277408,0.19431661154370294,-0.20848806756221772,0.19431661154370294,-0.031766816003415466,-0.03475117556065399,0.6779593068208999,36273395.800440215,0.4121838204042954
VCEL,Vericel Corporation - Common Stock,N,N,38.83000183105469,-0.04123452269000771,-0.1244644156253446,0.03657241804765299,0.20216726774722993,-0.1962326489909293,0.32344927161255477,-0.07506874205920722,-0.12609206725772637,0.7284970562661686,19157846.489418793,0.34278930386435436
VCTR,"Victory Capital Holdings, Inc. - Common Stock",N,N,113.46749877929688,0.0034267504595650866,-0.001605831448585393,0.337429321983844,0.7025916293929786,-0.06325847145930552,0.9063294228514267,-0.02250287927925232,0.08179212073485131,1.1708320586494985,65828626.72647095,0.34719971293425494
VCYT,"Veracyte, Inc. - Common Stock",N,N,43.63999938964844,0.00483534614315051,-0.05968542268629484,-0.07796328541413922,0.3112981066813141,-0.27855846952003993,0.45418190792444557,0.013987622132600741,-0.12746002874567575,0.8757144889263182,52370118.974221036,0.6666068261054922
VECO,Veeco Instruments Inc. - Common Stock,N,N,45.65250015258789,0.08567184258953087,-0.08986243438070451,-0.4107834515406935,0.47266129524477063,-0.45023483081330873,0.8400846890487359,-0.03547574478430082,-0.11139118141859616,0.44467395775301755,24601405.95166893,0.827650709823765
VELO,"Velo3D, Inc. - Common stock",N,N,11.725000381469727,0.042222256130642455,-0.1435353732025868,-0.5401960634717755,-0.16429076232158457,-0.616955238560021,2.9478115382228727,-0.10299318176033645,-0.0683722995418331,0.34657269217459324,16734393.383189488,1.2926380562879236
VERA,"Vera Therapeutics, Inc. - Class A Common Stock",N,N,34.65999984741211,0.012562089130185417,0.14427199735225504,0.011675468344302109,-0.09551147903340029,-0.37740253300840454,0.45814047875171937,0.035198542167315994,-0.025640883426327532,0.803396954607459,64953551.93536949,0.5734045373705218
VERX,"Vertex, Inc. - Class A Common Stock",N,N,12.720000267028809,-0.08026027930590163,0.040065473682174835,0.03583066316168049,-0.018518500803374915,-0.5096376250907075,0.20226846491064387,-0.05104723282018442,-0.009962623137313109,0.6254612915561718,19804412.01011934,0.632796454982045
VFF,"Village Farms International, Inc. - Common Shares",N,N,3.0399999618530273,0.07042255412962395,0.2510287565176328,0.49753694812704596,0.11355309179988549,-0.2727272519862036,0.6521738623400952,0.10055207463134663,0.31379919772122333,0.738188454190791,2421313.664502287,0.4818115388473824
VIAV,Viavi Solutions Inc. - Common Stock,N,N,39.83000183105469,0.14421144095717886,0.03723958980085085,-0.2549569301690612,0.22780528721296722,-0.2801373484014674,2.4071859076789384,0.028441619434484755,0.008793743414208244,0.5485694165592518,151821743.98901063,0.8480942207545854
VICR,Vicor Corporation - Common Stock,N,N,194.36000061035156,0.10438089973183762,-0.07833840994854502,-0.36017379056624343,0.013135969143902804,-0.4882300246588268,3.010730587748351,-0.04781967216736016,-0.14114614814477322,0.6511609932137785,165836166.66138917,0.9621938636582488
VIR,"Vir Biotechnology, Inc. - Common Stock",N,N,11.1899995803833,-0.03783323557420004,0.25307941746627227,0.2996515710317371,0.20064377111488207,-0.03783323557420004,1.3361168412315418,0.07619432901239764,0.14449940334782574,1.0433508742128472,18995379.611170292,0.5017609927283007
VISN,"Vistance Networks, Inc.  - Common Stock",N,N,6.46999979019165,0.040192927400773515,-0.02997131930482877,-0.10352803114051423,0.31700997781230855,-0.11884040709828247,0.5557455183912015,0.00955632911014015,-0.029553430391476954,1.4149852864536834,58015837.49788513,0.5616243467787511
VITL,"Vital Farms, Inc. - Common Stock",N,N,9.90999984741211,-0.02938297645582677,-0.14273360833141735,-0.0650943876628376,-0.34630607208721065,-0.7959225789300984,0.19685992355171367,-0.0721842620575961,-0.17043362966095033,0.6483100561285451,12901588.712360382,0.533802223901123
VKTX,"Viking Therapeutics, Inc. - Common Stock",N,N,34.255001068115234,0.017374604424822415,0.013461592938611489,0.19147829802139937,0.02101346787143643,-0.18692142891873664,0.48354269561475016,0.013589028453883767,-0.027777346658914737,0.7059853393939862,57888993.09938793,0.5411017061711692
VLGEA,"Village Super Market, Inc. - Class A Common Stock",N,N,42.720001220703125,-0.006049286279719568,0.023969318570004283,0.03322642591862346,0.05476596551070689,-0.08899961449138205,0.3978581878421026,-0.013075790123668107,-0.011203897463568646,0.9867150633909211,2803520.6244384767,0.21628248055026075
VLY,Valley National Bancorp - Common Stock,N,N,13.800000190734863,0.03139013996275253,-0.06567367887378361,-0.049586793686623665,0.1843735379846525,-0.0915075331169537,0.45734943637085834,-0.028579462904939068,-0.04522055761295407,0.8045793930812635,78328848.23997803,0.20813582895228167
VMAR,Vision Marine Technologies Inc. - Common Shares,N,N,8.880000114440918,0.12405063382824011,0.4533551424545126,-0.7267692272479718,-0.9613913038502568,-0.9986463414459694,0.6914285932268416,0.16684734869848694,-0.011807113321093188,0.8155952071386785,2428009.675420046,1.789612527137725
VMD,"Viemed Healthcare, Inc. - Common Shares",N,N,8.694999694824219,-0.011931874276684074,-0.06303879902803322,-0.16794259774865328,-0.06706008803273766,-0.2948094283352807,0.3889775362480017,-0.03230297448421693,-0.1698967309086704,0.6598000963663514,3372426.269036102,0.4442776616974236
VMET,Versamet Royalties Corporation - Common Stock,N,N,10.670000076293945,0.07452162622114478,0.08434958443448481,-0.1491227983451089,-0.0009363509921427315,-0.21138209261806018,0.24069762825643726,0.033764487633330065,0.07023211113624517,1.2829723907230983,4515694.428188133,0.5924178775651779
VNDA,Vanda Pharmaceuticals Inc. - Common Stock,N,N,5.289999961853027,-0.023985260629333593,0.07302234199787416,-0.0988074846701319,-0.3820093805451118,-0.44665274794359,0.22453697954799146,-0.010845192071842313,-0.03421331944653705,0.6719764579073134,3955533.731737566,0.4011767284825816
VNOM,"Viper Energy, Inc.  - Class A Common Stock",N,N,45.380001068115234,-0.00022027586842143787,0.07536342717829192,0.03901724915567417,-0.007865538498029179,-0.08205658733340804,0.3268607746458294,0.028290481979091675,0.05565890318863609,0.605866874033103,56855909.80604935,0.27357668690804526
VOR,Vor Biopharma Inc. - Common Stock,N,N,24.270000457763672,0.07199651555028352,0.028825786383099405,0.690111492898148,0.8669231121356671,-0.5018472937260445,2.5379008725077177,0.03262316197594117,0.1295254497903091,0.49897945426787127,16359029.78990841,0.7378677208235407
VOXR,Vox Royalty Corp. - common stock,N,N,5.829999923706055,0.0876865258366113,0.12331403842572453,0.12903305043472746,0.08242852050996619,-0.08759518896302054,0.7005966152324485,0.04955216430437881,0.17963657845823788,0.7185442603112501,2444540.765295124,0.44366503410875424
VRDN,"Viridian Therapeutics, Inc.  - Common Stock",N,N,23.239999771118164,0.009118501007880031,0.011754482622326368,0.421406680666333,-0.161918494238679,-0.3120189280361513,0.7473683787845185,-0.007346669123604155,0.09247488738925003,0.5108650277014489,27948287.675317764,0.467687189612138
VREX,Varex Imaging Corporation - Common Stock,N,N,18.4950008392334,0.0013536289555153846,-0.004574762369304763,0.6752718209365893,0.6677187181929412,-0.004574762369304763,0.984442215111277,0.00039220438486897713,0.2910905288466201,0.7511345560055113,14754331.74786682,1.034277367255107
VRNS,"Varonis Systems, Inc. - Common Stock",N,N,45.53499984741211,0.07520664670713706,0.08133458056086096,0.3657768338035723,0.8600898978306246,-0.28076135113428946,1.2553243508142131,0.04386000958323355,0.03429164634558135,0.9672170437899565,67615810.07015228,0.5651550622561662
VRRM,Verra Mobility Corporation - Class A Common Stock,N,N,3.7950000762939453,-0.08992805590864117,-0.20606696449368922,-0.18736616396254735,-0.7397119275615673,-0.8485634414537193,0.0,-0.13794079278976057,-0.1523341286118739,0.6838023386178722,13682392.743957425,0.7029720733969352
VRSK,"Verisk Analytics, Inc. - Common Stock",N,N,173.7949981689453,-0.10576283657857055,-0.03964747197524465,-0.05185490848098129,-0.14736986228356797,-0.34722713512658476,0.11112651384724415,-0.06430152387233501,-0.0868596033819764,0.4638149720583258,197931525.34954682,0.3877361173912144
VRSN,"VeriSign, Inc. - Common Stock",N,N,283.3900146484375,-0.017269412744298274,-0.011848823614603599,0.015477125715395612,0.19292550410738696,-0.08315512065738662,0.3474772540068811,-0.007960519107906516,0.013553417468589624,0.800127027022168,183452937.12297362,0.32953348525976767
VRTX,Vertex Pharmaceuticals Incorporated - Common Stock,N,N,525.5650024414062,-0.04032688941497864,-0.007712681552644929,0.181230780331735,0.16381010807016572,-0.05805975026081267,0.395478225413586,-0.024605933148443393,0.030451520875549143,0.608227363063278,533743471.9800354,0.3064616639982955
VSAT,"ViaSat, Inc. - Common Stock",N,N,76.61000061035156,0.15585398342344803,-0.09358727338950668,0.09177714991385533,0.5766618721912338,-0.14697692135700435,1.6965857452241426,0.023431656505776832,0.008304933179411167,0.6459596664835437,116562238.479525,0.8761845556985248
VSEC,VSE Corporation - Common Stock,N,N,205.1300048828125,0.03470368162831017,-0.15172442862518953,0.04638956913819392,0.10828430855273563,-0.15750776867780658,0.3264578885585532,-0.06227355234922205,-0.038928939871076707,0.6390136985672733,67268420.53642273,0.543989706206764
VSNT,"Versant Media Group, Inc. - Class A Common Stock",N,N,37.689998626708984,-0.06499634476117921,0.025299247759513754,-0.0602856006147201,0.07146686053882156,-0.18911747874001672,0.40322302782768715,-0.04490399506983589,0.0022203218845937567,0.7080453262359475,54374120.919515036,0.37592203259224677
VSTM,"Verastem, Inc. - Common Stock",N,N,8.279999732971191,0.08804199575583604,0.17446801545520496,1.019512176967532,0.48920860039287617,-0.22180456148505734,1.3999998894290662,0.12545871514441576,0.30475886332471736,0.8966655501655292,14879368.117650557,0.7060100166591413
VTRS,Viatris Inc. - Common Stock,N,N,16.770000457763672,0.008418599161890583,0.03782399871574982,0.025229050506025752,0.23870864668314407,-0.05398802829199101,0.8297722500847531,0.018252767826162808,0.004913512074025572,0.689434940653822,123983157.89817047,0.2965042523896496
WABC,Westamerica Bancorporation - Common Stock,N,N,58.150001525878906,-0.0003437621402072599,-0.011726693149551881,0.008044224753172902,0.18452328639664328,-0.06151499370215319,0.32985647467434664,-0.009259939043355758,-0.01597758901064894,0.6417709985599223,6904244.401639176,0.1788872880513535
WAFD,"WaFd, Inc. - Common Stock",N,N,34.380001068115234,-0.028264555393165525,-0.08998536809327506,-0.06568227451377184,0.13462210300329236,-0.11914647278823198,0.27541609293650304,-0.052498489834249096,-0.06754062994434351,1.1132737848432104,20446663.926457215,0.21913216210274192
WASH,"Washington Trust Bancorp, Inc. - Common Stock",N,N,39.41999816894531,0.02230282066976219,0.010769183819110628,0.11610162873879748,0.27197762075180076,-0.020864386180031502,0.6307471351661254,-0.005850945398576002,0.02578777251075559,0.775356910998254,5427587.359127045,0.27528928579475487
WATT,Energous Corporation - Common Stock,N,N,10.949999809265137,0.05491326479189729,-0.41318328516579517,-0.5381695389251981,-0.13198573064305696,-0.6900651219428977,1.9161117111964407,-0.11143571339898362,-0.28302505302725833,0.5579916997227362,2520385.116408634,0.9370882816229797
WAY,Waystar Holding Corp. - Common Stock,N,N,23.729999542236328,-0.07880437378139049,-0.023456778301247705,0.2655999755859375,-0.03732251888565341,-0.4196625117034428,0.37088389799926724,-0.050970843848274994,0.0028017359155945165,0.6385028911920038,50887961.66105823,0.5866833645218336
WBD,"Warner Bros. Discovery, Inc. - Series A Common Stock",N,N,28.114999771118164,-0.007238697948980577,0.03860362349740809,0.042068207862829166,0.027970726836506365,-0.062208132074542566,1.2932299548319315,-0.008647675006395517,0.03569967068766178,0.6541354545354102,483527967.7767366,0.19436142675025847
WBTN,WEBTOON Entertainment Inc. - Common stock,N,N,10.15999984741211,-0.015503861641813277,0.15388977799805725,-0.15333334604899085,0.15192746019869308,-0.5232285264178533,0.23151513301964965,0.0755021437140937,0.029507115027105346,1.0638645568834038,3955037.8621261595,0.5911298497713174
WCT,Wellchange Holdings Company Limited - Class A Ordinary shares,N,N,6.824999809265137,4.374015678556182,7.38452054214744,2.6303190566892805,0.80317031822927,-0.6670731800358469,8.112149121428347,4.172609655261747,5.120197838760676,2.119171211260029,3192808.7544381977,7.8620487655417195
WDAY,"Workday, Inc. - Class A Common Stock",N,N,186.05499267578125,-0.06212829873813097,0.02639702262117316,0.42243874873732934,0.40641773466084463,-0.24883931187414565,0.6538221571180556,-0.04888247434893955,0.10563077534203136,0.8449300923037925,941956314.4257355,0.6966060948328012
WDC,Western Digital Corporation - Common Stock,N,N,480.8299865722656,0.0678100267965076,0.09831330205984679,-0.1455698618830521,0.5779262893691974,-0.3554475554044293,4.095483330884904,0.027002850884725538,-0.04068124941885298,0.603178931254142,2903169369.5266294,0.9915735866352996
WDFC,WD-40 Company - Common Stock,N,N,200.5850067138672,-0.05673636270354321,-0.13952637729537232,-0.09696296607715094,-0.07769392663375319,-0.2397936140192849,0.08472783978273646,-0.07671414090537265,-0.12899489838410427,0.5827468437456831,19387963.071829222,0.38901788876183124
WEN,Wendy's Company (The) - Common Stock,N,N,7.623199939727783,-0.07821045734389143,0.01828329266019879,0.13225907478189125,0.12023035236049151,-0.18240274142195867,0.24603547851570107,-0.09129407523217992,-0.03609984969171276,0.4378919180906666,76467752.38753816,0.8864554137732206
WERN,"Werner Enterprises, Inc. - Common Stock",N,N,39.79999923706055,0.05179701576556717,0.09250614613379438,-0.09168786255591777,0.4765426731424163,-0.15838446888267044,0.7402660656131048,0.031275086214822556,-0.015283736720364427,0.6368742390512916,28601319.184415817,0.3831538101509421
WEST,Westrock Coffee Company - Common Stock,N,N,7.75,0.006493531425117771,-0.06231098873925878,-0.1842105263157895,0.7494357337044124,-0.2034943099063341,1.0889487655829995,-0.04279627179716783,-0.014909812427002733,0.4598976886346919,2533127.851593876,0.5433682468889452
WFRD,Weatherford International plc - Ordinary shares,N,N,96.19499969482422,0.017721150140145303,0.01869108740807346,-0.04749604995321888,0.11867621752861468,-0.133924136017189,0.5853649673583938,0.03345473240653307,0.09324778475676432,0.811369749612748,80782315.68247452,0.42239105690207795
WGS,GeneDx Holdings Corp. - Class A Common Stock,N,N,84.91999816894531,0.001297024095249677,0.038903846198719894,0.41722297670157027,0.20130138967436118,-0.49306033203977717,1.4607360851697804,0.010002474773449066,0.15239045159392983,0.5183451170316044,38239745.6032341,0.658817076883402
WINA,Winmark Corporation - Common Stock,N,N,311.2349853515625,-0.045437825474826554,-0.15638477276098073,-0.22096882194174128,-0.24048397591455206,-0.37865477640633183,0.0,-0.0757334266794224,-0.12927539881974437,1.1222761739709468,15436355.206512451,0.3843609551910326
WING,Wingstop Inc. - Common Stock,N,N,106.80500030517578,-0.02550180846585748,-0.03811654740530179,-0.33997567378926696,-0.4382687911568477,-0.6254513987622661,0.0,-0.05721762021476351,-0.18083473193865218,0.8176536448320855,118360984.73241043,0.5923170986734448
WIX,Wix.com Ltd. - Ordinary Shares,N,N,72.02999877929688,-0.18495050886227016,0.07974816021339892,0.5689392075516881,-0.20347231520274334,-0.6090425714736019,0.7815977797575162,-0.10398747674409381,0.11112994682661825,1.0022156626861332,139201767.39186555,0.7933045478877389
WLDN,"Willdan Group, Inc. - Common Stock",N,N,86.79139709472656,-0.0062811915063712975,0.03372317819352544,-0.09873941490864457,0.15444794815665075,-0.3568149138546727,0.2971363375350684,0.008884733911544762,0.09577588235034495,0.6318504124969558,17647069.750682067,0.5225726203954937
WLFC,Willis Lease Finance Corporation - Common Stock,N,N,56.970001220703125,0.054609417584991604,0.03581820401278413,-0.09958632811152868,0.02454136468181156,-0.2859293257490134,0.49465343934512984,0.026181425823915472,-0.10485460463201746,0.5508548637679788,12325895.983888244,0.4839068273733526
WLTH,Wealthfront Corporation - Common Stock,N,N,9.675000190734863,0.09198651982377903,0.007812479821345031,0.07979912383301291,0.18857491187592768,-0.30645158974776165,0.34375006208817327,0.04259276131520218,0.03754465925743067,1.0566615783562958,11753516.377524089,0.4008873302301627
WMG,Warner Music Group Corp. - Class A Common Stock,N,N,28.075000762939453,0.003754074085186909,0.1277068679523521,-0.006223179312430327,0.15603712164908035,-0.18162946150084303,0.20247412836799716,0.02523213369506694,0.027712790424356815,0.6131827870059234,45327062.56388416,0.3738701785250696
WMT,Walmart Inc. - Common Stock,N,N,105.44999694824219,-0.004437322779721531,-0.06672748241700066,-0.12671477623930905,-0.130008932464438,-0.21235134647818998,0.05903637675268403,-0.02466868023769697,-0.04404463319946683,0.9445079313863902,2927923677.92266,0.28840556303407566
WRLD,World Acceptance Corporation - Common Stock,N,N,191.1999969482422,0.0603959821257809,0.021694974734612016,0.07144858625970185,0.43124487004728973,-0.14578030029880173,0.6544085615049546,0.011281699785861132,-0.0053664578802044005,0.6074907622240693,12678358.66374283,0.4815740882122761
WSBC,"WesBanco, Inc. - Common Stock",N,N,40.21500015258789,0.028074037254627093,-0.03796244939140092,0.10384448012893333,0.2573207651201612,-0.049452945800955606,0.4074954212197459,-0.012902860423833373,-0.0056932734735486434,0.6448745212791975,32385947.877153397,0.22260082135661738
WSC,WillScot Holdings Corporation - Class A Common Stock,N,N,19.905000686645508,0.014009149443040547,-0.12730529040519023,-0.28986915120132484,0.14987832346192054,-0.3128317333574945,0.3463556892685835,-0.06769156972028323,-0.1729757937847919,0.9606617106871517,62778412.36128626,0.4287311231624408
WSFS,WSFS Financial Corporation - Common Stock,N,N,78.8949966430664,0.02875204239750606,-0.02730864197530869,0.051151960512749506,0.27097426949790804,-0.03890300870802388,0.5841922479722352,-0.007538329395321286,-0.004964743300210905,0.6927475287266196,23890828.645124435,0.17562995179040006
WSHP,WeShop Holdings Limited - Class A Ordinary Shares,N,N,5.201600074768066,0.04032001495361337,0.0615510150062597,-0.05597098753230978,-0.4930214465175551,-0.9739919996261597,0.15334807334537515,0.03127980362193461,-0.0276168989292358,2.829435082647099,4531840.306691026,1.8515078692259914
WTFC,Wintrust Financial Corporation - Common Stock,N,N,150.8350067138672,0.014084988189673187,-0.06949413303818575,-0.04966320425353343,0.16218231727217747,-0.09316571954042563,0.2727996002287276,-0.023821163181267813,-0.046024194181452205,0.6108566103792593,66656192.300008394,0.19100791378973636
WTW,Willis Towers Watson Public Limited Company - Ordinary Shares,N,N,320.3999938964844,-0.04206657479854081,-0.06422506443282894,0.22440778625457436,0.1226392225536681,-0.0865288841155114,0.32812756561847967,-0.04865687433221533,0.0064818038371814435,0.6563475963044701,153959563.53101808,0.3068049402483879
WULF,TeraWulf Inc. - Common Stock,N,N,17.790000915527344,0.2143345651030184,0.062089606897154814,-0.3173445402876174,0.1627451433824385,-0.3861283231009145,0.7271845229216543,0.09716617011335904,-0.01800593247942872,0.740834154286739,467214263.6638788,0.9136057612229178
WVE,"Wave Life Sciences, Inc. - Common Stock",N,N,4.820000171661377,-0.03018101103873272,-0.04554455651218847,-0.17887559358916394,-0.5949579557838105,-0.773815096552926,0.025531993035336376,-0.055179808526442,-0.13796183837270803,1.0528216664945058,17448873.533859037,0.5573887610437049
WW,"WW International, Inc.  - Common Stock",N,N,17.334999084472656,0.06545781172371079,0.15489665690458287,-0.0654986632107496,-0.0511768664402904,-0.5035796107260728,0.9007674673243673,0.08200041355997167,0.11734178606354218,0.9721233578356563,2947462.3980285646,0.7286805079277863
WWD,"Woodward, Inc. - Common Stock",N,N,334.63250732421875,-0.0057860815429937595,-0.0607149581472578,-0.13421158351593587,-0.10034005833345572,-0.23258577916082745,0.4151914438853279,-0.03749090376229225,-0.10748544686287909,0.7247728554660318,174940067.69063416,0.3616706668484461
WYFI,"WhiteFiber, Inc. - Ordinary Shares",N,N,20.219999313354492,0.1554285321916853,-0.1651527709909747,-0.1813765713038712,0.38209153487263614,-0.5483582955861218,0.8756957156047573,-0.07702844144789667,-0.2224452823939882,0.7118194549166913,67128572.60247001,1.495570908495977
WYNN,"Wynn Resorts, Limited - Common Stock",N,N,91.75,0.01269317378860002,-0.12229587843426104,-0.14258774054049272,-0.09253869377281365,-0.305602525498308,0.01269317378860002,-0.052212762923670386,-0.05919263006522313,1.0030373840071083,141923350.71683806,0.25616717992456767
XAIR,"Beyond Air, Inc. - Common Stock",N,N,3.3450000286102295,-0.0860655873861722,-0.4272260374637228,-0.5491913754425524,-0.7927509197580527,-0.9380555550257365,0.0,-0.30507945620503674,-0.4283810040510192,5.120409115048672,2401105.9990822314,1.1995558428077913
XEL,Xcel Energy Inc. - Common Stock,N,N,76.9800033569336,0.014362946054178538,-0.008756119921580097,-0.020946946563478175,-0.03073496595058345,-0.06883717547828128,0.10182719068176871,-0.005663984175962589,-0.019904879420493016,0.9300611627390855,358782299.0717724,0.1832454128857975
XENE,Xenon Pharmaceuticals Inc. - Common Shares,N,N,59.540000915527344,-0.007666651407877589,-0.05820943109964172,0.14280235430528498,0.08116944335344245,-0.16093571471654955,0.6696579127957634,-0.02911512435345065,-0.06273119940200433,0.5260624105122258,39016681.68525009,0.38494352420183947
XERS,"Xeris Biopharma Holdings, Inc. - Common Stock",N,N,8.40999984741211,-0.0023725334566586653,0.002383731021569302,0.2385861405980001,0.5488029674552044,-0.15050503318497754,0.5897920431111272,-0.01964214462071645,-0.001804123349005815,0.6469365209942991,11966206.533548355,0.42768643375048737
XFOR,"X4 Pharmaceuticals, Inc. - Common Stock",N,N,3.509999990463257,-0.13759217630930165,-0.1799065844857919,-0.12250000238418579,-0.13333337650377364,-0.24839401860379628,0.2272727689542986,-0.1379627966713869,-0.1348926700829406,0.6807484399607345,2589439.0618392467,0.6941057585340444
XHLD,"TEN Holdings, Inc. - Common Stock",N,N,10.180000305175781,0.08067942916417037,1.8515407550522869,6.5407408336226,6.21985854337912,0.0,11.772898896985,0.2602519619876651,1.3269848671477966,0.8245576998258487,24847549.026447583,5.55333143587064
XLAB,Exascale Labs Holdings Inc. - Class A Common Stock,N,N,4.590000152587891,0.14463837670846824,-0.055555550104742335,-0.5669811332637451,-0.5455445565121884,-0.5823475661345818,0.14463837670846824,-0.0990725361584669,-0.34324426137880737,1.5390923598060313,2180684.0519035337,1.3442495680209061
XMAX,"XMAX, Inc. - Common Stock",N,N,8.569999694824219,-0.025028471898016935,-0.08244116115461986,0.05802460385430397,0.3733974373669784,-0.08244116115461986,0.7780081721180265,-0.03180255757964212,-0.02564922867399433,0.4861926414699687,4519184.461871719,0.3247455897828573
XMTR,"Xometry, Inc. - Class A Common Stock",N,N,90.93499755859375,-0.0023587927996261415,-0.005414007928795872,0.04535003784000868,1.2827915061767738,-0.1327134107585306,1.5189751080954221,0.0066781331156422485,-0.006128182663740489,0.585331050099494,39497585.607759096,0.5473905384344226
XNCR,"Xencor, Inc. - Common Stock",N,N,25.7549991607666,-0.07721249367349337,0.16538455729446477,1.0888077307485795,1.2221741865133504,-0.12098976684647822,2.0992777208493276,-0.02521647545246186,0.19941317900593236,1.1670209703642114,35942707.20128088,0.7275222965575547
XP,XP Inc. - Class A Common Stock,N,N,19.459999084472656,0.039529903753269036,0.2546743260670854,0.2147314936587208,0.0615008416456615,-0.1410862426477726,0.3025434826667772,0.10492841857062962,0.14520433290847823,1.0841935258641553,97364681.28403111,0.39318156117450853
XPEL,"XPEL, Inc. - Common Stock",N,N,49.46500015258789,0.026883994869600247,0.032241278019159436,0.09605581612838421,0.3027389666139153,-0.09981802610002644,0.5376127748847053,-0.013216294644043614,0.04123909221210842,0.6895619458285294,8106587.021648025,0.43775967320836645
XPON,"Expion Energy, Inc. - Common Stock",N,N,5.572500228881836,-0.09683952026318321,0.4899733194311078,-0.07862097239934329,-0.24245510204743093,-0.7331177944033382,0.7041285203013785,0.02586056086461541,0.22074114496863562,1.7928634268587418,52823176.81155181,2.4860819748429055
XRAY,DENTSPLY SIRONA Inc. - Common Stock,N,N,10.890000343322754,0.012081794765391729,-0.062015446567252885,0.07928643990453055,-0.06039687662202797,-0.2581743789553447,0.12966804517448227,-0.02099156468273644,-0.10389543321070616,0.6366134936847607,38940919.70772676,0.48736762537806333
XRX,Xerox Holdings Corporation - Common Stock,N,N,3.211199998855591,0.016202503681718383,-0.0027329284709468604,-0.06722587987052697,1.3247908464811142,-0.18713287447640792,1.6530540729639909,0.04767932468610092,0.08485606339310436,0.7057687764176874,6193915.370494211,0.8985766246805186
YORW,The York Water Company - Common Stock,N,N,34.165000915527344,0.0010254862677050447,0.051230797400841244,0.1488500403809665,0.1416101915173258,-0.012001182578152747,0.18647179851725304,0.008940651744354655,0.061489683135465656,0.6243179506625873,3486926.5787506104,0.1894648084627359
Z,"Zillow Group, Inc. - Class C Capital Stock",N,N,32.02000045776367,-0.042750381840353624,-0.06209721645535726,-0.00031215491458791433,-0.3079749267132109,-0.6454827218118495,0.08874534593311889,-0.08108650214502355,-0.05314173886725371,0.8065112861296531,110646597.70150813,0.5251970936118547
ZBIO,"Zenas BioPharma, Inc. - Common Stock",N,N,33.25,0.039712335082630945,0.02496921724972312,0.6792929939999433,0.4437689539141352,-0.22978917279828248,1.187500027449508,0.03995620802723798,0.07657787403974092,0.5790731940269533,21926396.46084366,0.6291564662029732
ZBRA,Zebra Technologies Corporation - Class A Common Stock,N,N,351.5199890136719,0.022752332059651437,-0.08233699354132495,0.5389194984305998,0.6939906429523415,-0.08233699354132495,0.763773124089631,-0.027509026411295823,0.10271648257133514,0.6293403171896983,203854932.33844453,0.6402913720896619
ZD,"Ziff Davis, Inc. - Common Stock",N,N,55.2400016784668,0.0,0.032523395859192394,0.1941202698391271,0.30406045520612524,-0.02557765008586599,1.0837420294808031,-0.005634237019266575,0.023797195117505332,0.7303340566548077,26838109.833101273,0.325032365909269
ZG,"Zillow Group, Inc. - Class A Common Stock",N,N,32.61000061035156,-0.05093131457840494,-0.04843886271486897,0.012104263652163993,-0.2865893401116052,-0.6241355485544207,0.1190803463755663,-0.08378285069352842,-0.0455423305583198,0.5202328541679577,31282600.32368164,0.5407954546320439
ZION,Zions Bancorporation N.A. - Common Stock,N,N,67.8499984741211,0.022453252713459104,-0.03794536175998231,0.01570086075889221,0.28357310869208474,-0.06825967387121534,0.4898984272295239,-0.014882054822198287,-0.023343749641162814,0.6838957642452345,84454647.40310287,0.22256715940090055
ZM,"Zoom Communications, Inc. - Class A Common Stock",N,N,97.04000091552734,0.022550045892937742,-0.08504617057041919,0.03586678692790235,0.26965851796491314,-0.13264208707725245,0.33443343353383215,-0.04444454469705161,0.007857017677859401,0.9378129036796105,322841546.31389695,0.44548597563377645
ZNTL,"Zentalis Pharmaceuticals, Inc. - common stock",N,N,4.014999866485596,0.08221019547238617,-0.023114419450778745,0.07066663106282545,0.596421351496752,-0.39258702187787986,2.1367187158029983,0.03659713321365432,-0.0776052547884003,0.561455883344372,4073502.601061225,0.8319271400372651
ZS,"Zscaler, Inc. - Common Stock",N,N,163.15499877929688,-0.08530020045072328,-0.08622236913655079,0.2596895722461581,0.04593238690825485,-0.5148095158362068,0.3820838167006504,-0.08315035221110523,0.006726310741005603,1.2466117537045,498288582.0953827,0.5367497119040207
ZSTK,ZeroStack Corp. - Common Stock,N,N,4.28000020980835,-0.15913554390911278,1.5385529278996617,-0.061403450983492314,-0.49647056355195884,-0.8722769196004984,2.1703704697932054,-0.010496100309586365,0.45794449714042806,0.17143736440772653,7123706.8263026,3.776179709184365
ZUMZ,Zumiez Inc. - Common Stock,N,N,17.579999923706055,-0.01346800085456068,-0.07861635251561594,-0.04404564941956024,-0.1695796003613601,-0.42586546564751215,0.015597947203574547,-0.030282981139289955,-0.05403514742638482,0.8184947076412438,3255342.785048294,0.39139916137906644
ZURA,Zura Bio Limited - Class A Ordinary shares,N,N,6.03000020980835,0.06725665628793331,0.08453242299744468,0.6297297654315619,0.006677869819470494,-0.14346587464736738,2.173684360776253,0.029185896836749547,0.07724742511002258,0.9988528764068196,9286943.7315593,0.7920881415357001
ZVRA,"Zevra Therapeutics, Inc.  - Common Stock",N,N,12.630000114440918,0.04726365464275295,0.11375660886200589,-0.0015809885132375134,0.3225130745750333,-0.14372880580061576,0.7468879780251279,0.060809690164141283,0.05279830084914283,0.6328099796811225,9787123.507879734,0.6813200787017424
ZYME,Zymeworks Inc. - Common Stock,N,N,27.940000534057617,-0.05830803969625131,0.14884872058628384,0.2211539142871839,0.1914711993619289,-0.1001609912856587,0.8393680912368127,0.0019095270507234474,0.08896885249198161,1.0336644203041705,19421874.011934184,0.4847277914433585
A,"Agilent Technologies, Inc. Common Stock",N,N,145.42999267578125,-0.03001400800259557,-0.027159092034206078,0.12222515409710666,0.3097954307847759,-0.08534595801395439,0.3247659326284613,-0.04211144290490376,0.018430150312741977,1.0905349970741738,343246131.1416626,0.2875588862949493
AA,Alcoa Corporation Common Stock ,N,N,51.9900016784668,0.021414540666245374,-0.03864645121716204,-0.24253462204670928,-0.18769650676884464,-0.37831607906798226,0.6941662570226574,0.024423435612389355,0.06956465887443208,0.5348482163173008,209688729.11820507,0.5039887523859292
AAMI,Acadian Asset Management Inc. Common Stock,N,N,92.51249694824219,0.027003719668541537,0.010513313647190436,0.17790292678685837,0.8448858185923345,-0.049301209852182115,1.2140503426394016,-0.002959773003558097,0.06564213940719776,0.8306865614887199,32842403.71387253,0.3980391201712647
AAP,Advance Auto Parts Inc.,N,N,41.92499923706055,-0.019527575239687622,-0.20821532326767178,-0.3072954286637739,-0.1429594649697602,-0.33353548913770836,0.09818189848280379,-0.10729021492210067,-0.2032453962149614,0.7647716351242745,116679255.31416377,0.7199455221020099
AAT,"American Assets Trust, Inc. Common Stock",N,N,21.860000610351562,-0.009508375149955173,-0.005514432008990933,-0.09066294223317006,0.1899276799011258,-0.14131844953657458,0.2903647684879478,-0.01843182247242181,-0.06235662989976398,1.0594642638942635,8970281.651116181,0.19216446298855613
AAUC,Allied Gold Corporation Common Shares,N,N,23.375,0.024769861783698,0.05340240817586395,-0.07462391970711701,-0.25032072574675945,-0.26975941188114394,0.5944747778511283,0.008640863935285514,0.05716133314127725,0.5370545428747516,11882848.00328865,0.6341844742770812
ABBV,AbbVie Inc. Common Stock,N,N,249.2899932861328,-0.04115541886284313,-0.003198860664050507,0.10246525532401463,0.21506809265667592,-0.06271386945149937,0.27198496364938407,-0.03202636104572809,-0.01827611183876965,0.5760587429551378,1064090299.9613495,0.296742417027927
ABCB,Ameris Bancorp Common Stock,N,N,83.87000274658203,0.0038300380985740734,-0.04941630334879643,-0.05501886608202189,0.1382537650458946,-0.09981749066367462,0.21741714637565912,-0.02808998447106914,-0.048300942838385263,0.5849511279251118,24815937.241430663,0.1856523013450552
ABG,Asbury Automotive Group Inc Common Stock,N,N,211.60000610351562,0.010699300184532579,0.018531918669148606,0.0604921936453755,0.11691744266073978,-0.17353432366369226,0.20036310170639116,-0.0009183140544009039,-0.0177628664819246,0.6481638308028912,40555020.16043854,0.37142414997536183
ABM,ABM Industries Incorporated Common Stock,N,N,49.84980010986328,0.07411765295756578,0.0325145271387115,0.09245586814112827,0.3495818904932113,-0.014826055076691214,0.3521085227427929,0.04899488648320216,0.057151401188545226,0.8586338786325084,17701499.20465393,0.2631767348758071
ABR,Arbor Realty Trust Common Stock,N,N,5.056300163269043,0.02147481981816224,-0.023331820044437124,0.002912597943731443,-0.3022144320741186,-0.5371345884386554,0.09085067759537435,-0.007085003112389909,0.01102724808835398,0.7877684265754328,17094866.945649147,0.35751194796272306
ABT,Abbott Laboratories Common Stock,N,N,105.61000061035156,-0.03047828592236279,-0.037458991657175145,0.20620598779478505,-0.013452594565381837,-0.20911245509643017,0.28831448522849,-0.0531053517955975,0.008427030612947695,0.6748220710617469,830395629.8690674,0.3307224904272909
ABX,"Abacus Global Management, Inc. Class A Common Stock",N,N,9.579999923706055,0.04017371162069239,0.07399101365101379,-0.001042776717697702,0.014830545502743542,-0.20166667302449548,0.9669952120206244,0.017471191056478652,-0.05873568951151387,0.5725575066549131,4460158.294769382,0.5469533532999943
ACA,"Arcosa, Inc. Common Stock ",N,N,145.63499450683594,0.001065430188678107,0.005003042070284236,0.12489542870518289,0.40345690594492534,-0.00010298242551998182,0.6364816639128594,0.002196911991498407,0.003434643375643809,0.6027788540144766,75723819.74404144,0.16043550534349563
ACCO,Acco Brands Corporation Common Stock,N,N,4.315000057220459,0.015294131110696219,0.02398321200054543,0.08734855774068917,0.5013922686986505,-0.02375566001381746,0.577522648140113,0.013235084479570558,0.040918685565296986,0.8126791247077129,2746654.6875653504,0.35059887479412627
ACEL,"Accel Entertainment, Inc. ",N,N,11.609999656677246,0.002590650532715122,-0.05224492598553088,-0.12045455875475564,0.07699442896714159,-0.13422820367013133,0.2081165527004316,-0.02661918697175747,-0.04504181597825585,0.7682705246237916,3190452.7452980517,0.22161771014907203
ACHR,Archer Aviation Inc. Class A Common Stock,N,N,5.690000057220459,0.023381315787555312,-0.16200293237297347,0.12007876824324559,-0.05324461888097354,-0.5828445810849332,0.2815315279032966,-0.05965955450375571,0.04603280514112873,0.5296969383726221,173344292.71524644,0.844863813848696
ACI,"Albertsons Companies, Inc. Class A Common Stock",N,N,12.032299995422363,-0.034325846020480166,-0.017771428945113188,-0.20741081552164953,-0.2859835290626216,-0.36449660931371897,0.09087037957535649,-0.023638756753822543,-0.05799841728742461,0.685226353346355,69423718.03198004,0.5645287959796809
ACM,AECOM Common Stock,N,N,65.37000274658203,-0.012985060648672442,-0.025055931822686728,-0.0635820960770277,-0.2689685434311423,-0.5079451321916457,0.07093711936615033,0.005738760868229331,-0.042077065128221625,1.2186873738661625,157978645.05188066,0.4188149883403869
ACN,Accenture plc Class A Ordinary Shares (Ireland),N,N,178.6199951171875,-0.05034824501613011,-0.0066734076195849035,0.061591311413564,-0.06584300039413848,-0.3681959589722775,0.45264992919193436,-0.024755143125420487,0.09186592531443583,0.48523881724662,914684428.0904694,0.6037317462936042
ACP,abrdn Income Credit Strategies Fund Common Shares,N,N,4.965000152587891,-0.014880914649364807,-0.0132546440912088,-0.01237401730486265,0.024472555573156418,-0.044310974055023045,0.09916507723236179,-0.015416873703760547,-0.014957720697936772,0.8016156513844559,2071894.5356521606,0.14250373448874273
ACVA,ACV Auctions Inc. Class A Common Stock,N,N,6.965000152587891,0.03032543147412925,-0.0406336180432022,0.1589018115368246,0.5010776622852113,-0.3656648048302824,0.6783132512124015,-0.04911428885803082,-0.06181384888517283,0.7055222128679417,25485139.376873683,0.5083080679439398
AD,"Array Digital Infrastructure, Inc. Common Shares",N,N,38.209999084472656,0.034940438231451765,0.09641322116116102,-0.06256131850018753,0.03986861961312593,-0.13260374007040643,0.31126106539776655,0.05007142938875897,0.07516289097960671,0.8657890722348113,6943639.899211884,0.2274427806676106
ADC,Agree Realty Corporation Common Stock,N,N,72.82499694824219,0.0044827165274785585,-0.004065925822129501,-0.029450542925275824,-0.05930877808626123,-0.09589073533412185,0.0780944713610836,-0.008823904331568433,-0.04145951852572183,0.857138728430872,107204279.50659409,0.16505960227382482
ADM,Archer-Daniels-Midland Company Common Stock,N,N,85.73999786376953,0.014074450254995874,0.07238599476828234,0.07532623785904491,0.22552644053797422,-0.011862368355153419,0.5758058326103834,0.050232288430622773,0.059241028275816454,0.8776125119336088,273999170.3289242,0.27306747292943473
ADNT,Adient plc Ordinary Shares ,N,N,18.8799991607666,0.03452050195981382,-0.013584129423873104,-0.167548549086306,-0.056000041961669966,-0.30306389610843143,0.060674155617795655,-0.021533551612584634,-0.039615885823138464,0.731844313649472,16159710.259589195,0.5274055413474148
ADT,ADT Inc. Common Stock,N,N,7.144999980926514,-0.03052915985432203,-0.0409395753217755,0.05073526184039223,0.10155023401457863,-0.17347828648286567,0.13412694676332793,-0.032400033462710254,-0.010922077295016486,0.7717028918009724,45888219.93164785,0.28203851027238075
ADX,Adams Diversified Equity Fund Inc.,N,N,26.010000228881836,0.005800449148877007,-0.009520182704531699,0.06816001050243603,0.20060215299144413,-0.017378129822639643,0.291472796710766,-0.0009794213818298259,0.010685927701002518,0.8906280681758784,6285291.798010826,0.14212014682681784
AEE,Ameren Corporation Common Stock,N,N,107.08499908447266,0.0165395917790907,0.00022896631223567887,-0.01059923835883414,-0.019369140541897423,-0.08853378949573598,0.12434561977793535,0.002352333235413173,-0.01816598498913946,0.7443518783032625,138966795.26815033,0.19278509505014438
AEG,Aegon Ltd. New York Registry Shares,N,N,9.104999542236328,0.018927996260377666,-0.0038595511919263803,0.11182207742555916,0.3853783017206722,-0.0184932494761324,0.4180234674640355,0.008796081963981628,0.02219277564716937,0.925695474967555,36826234.42761459,0.1934134489486625
AEM,Agnico Eagle Mines Limited Common Stock,N,N,206.8350067138672,0.06913573625468761,0.14054625168429724,0.2745590099255677,0.059742269882902654,-0.17599877741478054,0.5204215590537793,0.02172705362129901,0.20670723574494865,0.883300760715986,656089710.4186913,0.5153065544284883
AEO,"American Eagle Outfitters, Inc. Common Stock",N,N,17.229999542236328,0.03920383724495102,-0.007488540526762177,-0.07609916395168725,0.013213696823560106,-0.37718975959621603,0.2269057635756644,0.03260215616012885,0.012798472842834752,1.147416629222203,82733473.39708272,0.46046554747428914
AER,AerCap Holdings N.V. Ordinary Shares,N,N,142.5404052734375,-0.011234727715934145,-0.04277481856172061,0.020880698893826155,0.05545235005367921,-0.0793397521306004,0.19935779374805418,-0.03247986882655851,-0.04210954222993668,0.9627349069491219,145176356.89154053,0.23652196429863032
AES,The AES Corporation Common Stock,N,N,14.8149995803833,0.0030466568195652854,0.007823113783013813,0.02130045779081624,0.07034917726652967,-0.12166954926817353,0.24320557173408353,0.00398134188092647,0.009818814735707226,0.8845249411997543,98089635.64555797,0.031953250897529754
AESI,Atlas Energy Solutions Inc. Common Stock,N,N,14.185999870300293,0.11876967893366586,0.18414026814329643,-0.16405418713619735,0.04848485959171889,-0.28172152555441554,0.7513579261987979,0.11042401723593542,0.1006694235019916,0.8362219554398032,36218710.39683638,0.5759833838093118
AFG,"American Financial Group, Inc. Common Stock",N,N,140.13999938964844,-0.016008979136428847,-0.02916526869315217,0.05159712727428034,0.11783369777096353,-0.04491240053006951,0.1433085833899228,-0.024953643252553448,-0.018285343585939917,0.582145433202721,40889293.62042236,0.1798055707941929
AFL,AFLAC Incorporated Common Stock,N,N,114.69999694824219,-0.011377346431798108,-0.04784289325848212,-0.021412025548026126,0.07370827191905782,-0.11016858664972151,0.10783312570308246,-0.024316959120914472,-0.05098529527086182,0.9786079619697098,234065447.11532593,0.18438066641086226
AG,First Majestic Silver Corp. Ordinary Shares (Canada),N,N,21.214399337768555,0.06819731549811947,0.11979730101833752,0.20290977183069714,0.04425421264040463,-0.33612701289073765,1.3256062674636802,0.035141369891668495,0.1646488932571919,0.8153048009961542,191121056.30198145,0.6317285000606087
AGCO,AGCO Corporation Common Stock,N,N,128.39999389648438,0.04970564271443023,0.2697278039830764,0.14488838360653866,0.1472110865334475,-0.08094094415519593,0.3042153161669239,0.14161557065794073,0.1443492729908158,1.4373229765286923,133100870.53497772,0.4243569839133545
AGI,Alamos Gold Inc. Class A Common Shares,N,N,37.43000030517578,0.0718786445545303,0.11898354114974863,0.06335225834949965,-0.10538521258161881,-0.3221441165939338,0.3449515058493511,0.03592383868047366,0.15566067391898075,0.5991584744002187,133277929.45311546,0.551618454051666
AGL,"agilon health, inc. Common Stock",N,N,90.4800033569336,0.03441182227305184,0.04734348878552286,-0.19865379131772087,5.134237515724312,-0.3031422835112233,10.438685853645833,-0.016093928000493585,-0.10365962866073708,0.5115300318588442,18844364.38900757,0.8989925891984459
AGM,Federal Agricultural Mortgage Corporation Common Stock,N,N,224.5,0.02115075627650853,-0.04337818729117349,0.24369844790781459,0.607907941765812,-0.07131631133205862,0.6294238343362162,-0.0021845273770463303,0.030610745318378374,0.7003203985754201,18469912.34354248,0.2497941788240758
AGO,Assured Guaranty Ltd. Common Stock,N,N,72.30999755859375,-0.028874584371667678,-0.03496069867839591,-0.0494754713677259,-0.11475353794897736,-0.20413074073203252,0.0,-0.035058222813556084,-0.08916624030208464,0.9407212220672497,25630941.53474579,0.2612864063510049
AGRO,Adecoagro S.A. Common Shares,N,N,12.4399995803833,0.03494168940304432,0.3219978514457136,0.06781115774428592,-0.07929266884806385,-0.1805007028793174,0.7600617600327502,0.1469137157213749,0.2047492349492297,0.8810790616956009,10115120.15725112,0.5371906504517506
AGX,"Argan, Inc. Common Stock",N,N,423.75,0.04694255713403339,-0.2675148349262336,-0.3390826481778775,-0.09656611660987169,-0.46891562394221553,0.9583846919957635,-0.11538601879893262,-0.24326682940969901,1.1414561304083592,163528217.3633423,0.7761563986114564
AHR,"American Healthcare REIT, Inc. Common Stock",N,N,54.39500045776367,-0.037937750672632164,0.03235911701448413,0.16765171144433255,0.04528260476266843,-0.057605694605336155,0.3748078696735959,-0.01667200063531793,-0.01774185305035403,0.6217701457954072,146798731.51916808,0.27274658829295123
AHRT,"AH Realty Trust, Inc. Common Stock",N,N,6.494999885559082,0.013260536688045166,-0.03348212971092246,-0.036144402685944765,0.15532371239441378,-0.09540389403296723,0.2876361986330507,-0.01988155333992725,-0.05308277980128939,0.7409615008324433,3430925.563024521,0.19393387544180965
AI,"C3.ai, Inc. Class A Common Stock",N,N,10.380000114440918,0.003868468207228748,-0.023518344055365903,-0.04770637819154999,0.20557497425577687,-0.4720244051371516,0.33762884127345005,0.0119918199345741,0.0807096618996559,1.111479551914392,52668842.27786293,0.49012372124199316
AIG,"American International Group, Inc. New Common Stock",N,N,74.13500213623047,-0.022996773594491593,-0.041068367903606906,-0.014686280687298603,0.004004539656173867,-0.1330655183938313,0.04420444264578016,-0.02636820031281084,-0.04768446913350788,0.9297571573977013,225003214.2396702,0.21407104930569454
AII,"American Integrity Insurance Group, Inc. Common Stock",N,N,25.825000762939453,0.00682265680357963,0.27909856759916396,0.5182245982037283,0.3485640353721049,-0.030229005752772764,0.5785452200166206,0.011525344067403687,0.18033943815773767,1.0567947042948107,5213606.425162887,0.43370164778992376
AIN,Albany International Corporation Common Stock,N,N,61.83000183105469,0.13804527419899792,-0.013901678568369213,-0.12411670601784452,0.18693376958711627,-0.18542510577224514,0.5230835283737942,0.027274556888704726,-0.07623990507141976,0.9546277048693298,15612698.573147584,0.48258104556068393
AIR,AAR Corp. Common Stock,N,N,129.77499389648438,0.04253687658063399,-0.10776901602366962,0.005929768407267888,0.1922369840670064,-0.15571538463294776,0.7556141384078716,-0.043636110904089365,-0.05524534852186247,0.5624198070404767,50877562.38178559,0.46925376229754256
AIT,"Applied Industrial Technologies, Inc. Common Stock",N,N,323.9049987792969,0.015026209294114468,-0.07941660147068264,0.01330042136044951,0.2567884238835436,-0.10511123675822132,0.35264646029022395,-0.04038137595486113,-0.043171584151793896,0.924152772155801,96529022.09253693,0.25791745849390324
AIZ,"Assurant, Inc. Common Stock",N,N,279.6700134277344,-0.003953220871814933,-0.0031119888478363666,0.07488504855981404,0.3271890328588456,-0.06975412537686254,0.38110792433994733,-0.01036368368739038,-0.00292149603723868,0.6386694337059177,83123921.55183563,0.21945505871180282
AJG,Arthur J. Gallagher & Co. Common Stock,N,N,247.375,-0.05329793646338932,-0.02159301170282557,0.13418969534997394,0.18799675374043479,-0.19387607147765618,0.2961539282567951,-0.043941244766011134,-0.025893353574795053,0.8257286860866547,331263988.5877045,0.34571306718821354
AKR,Acadia Realty Trust Common Stock,N,N,20.329999923706055,-0.00586801147953353,-0.013585670953589202,-0.07100806773181823,0.032919817506863236,-0.10519363828693562,0.10500953413518976,-0.021137278086130973,-0.04591616304197077,0.7930717533503767,27510609.519176483,0.2010090970870726
ALB,Albemarle Corporation Common Stock,N,N,129.97500610351562,-0.041057897729632975,0.004754216838762426,-0.23732538727840302,-0.21421458330469756,-0.3956646138189637,0.8150284595613206,-0.030747930856733996,0.01623239882949301,0.9150530522534087,279196620.94923246,0.4186206292128623
ALC,Alcon Inc. Ordinary Shares,N,N,69.08999633789062,-0.03707322177155925,-0.08307899486395431,0.033507822212392124,-0.08333432870811353,-0.20362171608515,0.11399541805778779,-0.04639660467907558,-0.018917382218753165,0.5545671869283209,92010370.59356079,0.2630796213736845
ALG,"Alamo Group, Inc. Common Stock",N,N,172.5749969482422,0.05164528049670203,0.016701963964483868,0.12486217550948076,0.03322074361106697,-0.2068882551404868,0.17428064392406362,0.04093310348306933,0.04634442610197498,0.8909754397132589,25408894.402656555,0.2676899804424265
ALH,Alliance Laundry Holdings Inc. Common Stock,N,N,22.0049991607666,-0.011455573472293867,-0.16362601264011778,-0.13434307259157285,0.10190285014437883,-0.21438775505340135,0.15451205547442592,-0.06737730942847908,-0.12305874891760982,0.8994415567916297,48412644.78272247,0.3007498414553217
ALIT,"Alight, Inc. Class A Common Stock",N,N,13.279999732971191,-0.039073804180709604,-0.017024462769360094,-0.1308900546434172,-0.027818456711982242,-0.8207691255432366,0.3551019871944896,-0.05785536552557713,-0.19389107480304713,0.3919317536820082,5768661.403405905,1.145680995772634
ALK,"Alaska Air Group, Inc. Common Stock",N,N,40.39500045776367,-0.0072498938044121,-0.16539257883773117,-0.14634402539562974,0.0663938574110916,-0.36744440852360827,0.18148587541057637,-0.049188235553557336,-0.12184972556571927,0.6510703728545938,91483455.46700248,0.4468342899843658
ALL,Allstate Corporation (The) Common Stock,N,N,251.625,-0.024217610561281133,-0.03644804647908606,0.14006323738492976,0.2427992725509469,-0.08155921046988779,0.3499625599268341,-0.023146892604513525,-0.01814142491549786,0.711212821225037,368450554.7380188,0.2940893830804895
ALLE,Allegion plc Ordinary Shares,N,N,154.8699951171875,0.020089498391706373,-0.08056285399864693,0.16077047850863235,0.07499250385292955,-0.13168458610871236,0.23763160694530439,-0.029718696038160575,0.009942224641032116,1.1703215048977536,210809950.7700348,0.32933136421542425
ALLY,Ally Financial Inc. Common Stock,N,N,42.150001525878906,0.0071685319640650835,-0.040955613329098806,-0.043433702626491266,0.1367820156386914,-0.10173872650343774,0.18831040265370746,-0.020120620274181933,-0.03998366881752646,0.8283052307381835,113886366.11437798,0.23557108640530267
ALSN,"Allison Transmission Holdings, Inc. Common Stock",N,N,130.34500122070312,0.06221988585440852,0.045190920729083484,0.11323743856436597,0.15620242221733616,-0.03703642746555735,0.6617430785750968,0.02106401663689761,0.0759858119850727,0.5840211297335076,88556117.71549225,0.36015431061103376
ALV,"Autoliv, Inc. Common Stock",N,N,121.2300033569336,0.01694492314381746,-0.002172632950687148,-0.050072673971108705,0.2051370846117646,-0.07286694489851742,0.2260354999452947,-0.0035785111615795895,0.0066577794066335905,0.8148666704303794,63931435.119190216,0.2960181274081476
ALX,"Alexander's, Inc. Common Stock",N,N,263.3525085449219,-0.014583691132191268,-0.02918671725367661,0.019433360610256578,0.11557624201319738,-0.06430196635122298,0.3553077252227015,-0.019160794333208053,-0.02099860920196983,1.011620893963241,8443100.67804718,0.24477219003024067
AM,Antero Midstream Corporation Common Stock,N,N,23.100000381469727,0.02758010906844177,0.045248867997236486,0.07713262165159618,0.03712445721617019,-0.0006691056691873198,0.3918661175690179,0.030192232467920466,0.03946414303580603,0.7712744218937319,48109078.36190281,0.22896188906602122
AMBP,Ardagh Metal Packaging S.A. Ordinary Shares,N,N,4.909999847412109,-0.02964428795725127,-0.02772283921485974,0.1690476358072024,0.2554372528632265,-0.08395527516661494,0.5521196039169367,-0.04687957679556631,-0.0032481032054805237,0.5490973199941056,8232872.695341778,0.3810200560669739
AMBQ,"Ambiq Micro, Inc. Common Stock",N,N,60.61000061035156,0.08348233997654853,-0.07168019971742379,-0.2845845167960146,1.3740696819509313,-0.3301282232356709,1.6630052724445532,0.00994786263600056,-0.11181905148366,0.6925682546485067,23298923.48136673,0.8127692228348358
AMCR,Amcor plc Ordinary Shares,N,N,43.720001220703125,-0.03212213789967722,-0.06438474647183079,0.09231937267484125,0.13141585525140909,-0.09690369642745844,0.22886134386565193,-0.04538709138663011,-0.023428041829449464,0.7834293801068644,157924142.233432,0.29085931691842754
AME,"AMETEK, Inc.",N,N,236.3300018310547,0.021658284403449413,-0.07791645303567163,0.04211138109410473,0.1123951930659719,-0.08583470573118301,0.32435040179538355,-0.02553370520365561,-0.020731495876527006,0.9964818357881787,322173885.57251585,0.22990972981909982
AMG,"Affiliated Managers Group, Inc. Common Stock",N,N,358.55999755859375,-0.006070692838270997,-0.0014203630356809382,0.011137814403151092,0.3008580532436105,-0.06481224639467442,0.5538935903790883,-0.014920702157584564,-0.011976944819678481,0.9263219683716486,95096519.46418457,0.3051533175387991
AMH,American Homes 4 Rent Common Shares of Beneficial Interest,N,N,32.2599983215332,-0.03470975197389481,-0.04753471098683526,-0.02123788781502789,0.1525641721938109,-0.07325489661469464,0.19002892130667592,-0.04055204654562594,-0.043116178969398344,0.7965727457066849,58935888.92052746,0.18767818776535775
AMN,AMN Healthcare Services Inc,N,N,33.415000915527344,-0.0037268931600454858,0.009211727561262206,0.08490265400137598,0.8636363829777276,-0.08702179484640626,1.2129139120111048,-0.021515507986062832,-0.012129946295042271,0.6453913968590517,18082817.346469115,0.580122199775622
AMP,"Ameriprise Financial, Inc. Common Stock",N,N,550.8599853515625,0.015148110130526415,-0.021528287927922607,0.20353921171448097,0.28219129040060276,-0.03473051023093954,0.2885666124343895,-0.013593873601630446,0.022299831649222,0.6563724970450193,206625055.5661316,0.23646760059911565
AMPX,"Amprius Technologies, Inc. Common Stock",N,N,10.085000038146973,0.06381862079372258,-0.16514899819196616,-0.3816676659489844,-0.4664021036138404,-0.5597992097199354,0.3683853724214723,-0.03798917376676014,-0.0651043366800379,0.6473916126066337,48335617.09405117,0.8499125129117311
AMPY,Amplify Energy Corp. Common Stock,N,N,5.019999980926514,0.006012066369619706,0.11308197919340723,0.15668198258775345,-0.20317463032632765,-0.2428356117230881,0.36784737781145527,0.04225058345354582,0.16192943255812664,0.6116268045318458,4448377.393854737,0.45979815342463176
AMR,"Alpha Metallurgical Resources, Inc. Common Stock",N,N,227.02999877929688,-0.02733389650277529,0.4761378041253692,0.13051484164504967,0.1578437202122689,-0.09060683224597521,0.6552201277172625,0.10444638522972371,0.32599982364726854,1.0072265016482886,72139011.13093719,0.5737524976678297
AMRC,"Ameresco, Inc. Class A Common Stock",N,N,23.975000381469727,0.06084070693765975,-0.07396674597622366,-0.14558086821886063,-0.10138680257740851,-0.4454082665893667,0.29524581766674696,0.005926483407359351,-2.08383934031664e-05,0.9194584105226016,16496049.97797823,0.8471384360896508
AMRZ,Amrize Ltd Ordinary Shares,N,N,41.73500061035156,-0.02511097240025184,-0.12110011866126058,-0.2131722085581469,-0.22687756856133567,-0.35847034601360295,0.0,-0.06151130170857555,-0.12758580544121567,1.1329815816626223,169441254.75514984,0.390355936187532
AMT,American Tower Corporation (REIT) Common Stock,N,N,176.15499877929688,0.0007669270739647516,0.03895603425924321,-0.058900493257209474,-0.0059583975570906,-0.0838835959807509,0.08663869049451156,0.005458078168111502,0.028527613805590546,0.687671601762185,327062501.97061,0.2906929949242266
AMTB,Amerant Bancorp Inc. Class A Common Stock,N,N,28.979999542236328,0.019345734476141407,0.000675662904078056,0.21579377574352399,0.4362990008776304,-0.04939082019013097,0.7636082484757201,0.0018327687935453252,0.03851333251128253,0.6992511633868613,9023016.969603157,0.317514307123116
AMTM,"Amentum Holdings, Inc. Common Stock",N,N,20.170000076293945,0.009004517620647912,-0.10075792234208458,-0.11767281112142747,-0.254894706180937,-0.46256326319358776,0.013567862459266333,-0.02134885788639651,-0.057864052808618505,0.7045091250284858,46288715.76890049,0.4497081461091088
AN,"AutoNation, Inc. Common Stock",N,N,207.24000549316406,0.015484141678542951,-0.005852447382762027,0.08202373943504315,0.11335557200334367,-0.09887812269252938,0.16042337052892863,0.02013543934232631,0.018401428374918316,0.958594158360328,71167042.26011734,0.3289820499811274
ANDG,Andersen Group Inc. Class A Common Stock,N,N,54.064998626708984,-0.02970212774114611,0.1154321696946039,0.43104818352551555,0.9124512823225421,-0.058920837097953704,1.9479279267661331,0.03547502423083726,0.14443380473262923,0.7882483947449442,30099121.688030243,0.5618686301356922
ANET,"Arista Networks, Inc. Common Stock",N,N,195.16000366210938,0.03117409556439754,-0.013596170626342219,0.19554029095081127,0.43426172673816965,-0.07287409186646376,0.6805305113047815,0.00314319360407489,0.05892682778980629,0.5791280643101834,1050618149.8565261,0.5659415778273474
ANF,Abercrombie & Fitch Company Common Stock,N,N,154.3800048828125,0.09738422604701902,0.30863781711752325,0.7045379861211905,0.795742732240825,0.0,1.3529950228114358,0.21570546571700322,0.40425885147141427,2.3194406616908387,318414528.4408859,0.8709640383610184
ANGX,"Angel Studios, Inc. Class A Common Stock",N,N,4.880000114440918,0.12442394996945616,0.27415149129267946,0.6827586048139833,0.47432030175293116,-0.6949999928474426,1.2385320940379718,0.0907465696041212,0.1566722227595132,0.7162427400507759,6643603.277616453,0.7651544396268423
ANRO,"Alto Neuroscience, Inc. Common Stock",N,N,36.15999984741211,0.027272700672307915,0.2564280397738512,0.6842105730725541,0.6056837971753286,-0.013100424405900424,9.157303491184742,0.0384388906729114,0.1953956051434953,0.6656705376837945,16155371.305025864,0.5455308655556341
AOD,abrdn Total Dynamic Dividend Fund Common Shares of Beneficial Interest,N,N,10.649900436401367,-9.312876287248528e-06,0.002780375147255265,0.058672895014935555,0.17219095895883618,-0.016629685002163552,0.30711716313544346,-0.0008224814409305559,0.01819547219887152,1.1200489254539618,4173469.155556679,0.13238853264233943
AON,Aon plc Class A Ordinary Shares (Ireland),N,N,310.7699890136719,-0.04759423647036842,-0.12817708448821585,-0.0710734370510242,-0.017553542806170386,-0.18302897418833886,0.010407685015644264,-0.09123343650503934,-0.11756469880771259,1.003279854602719,353685797.57510984,0.34321646761493707
AORT,"Artivion, Inc. Common Stock",N,N,24.80500030517578,-0.0843484619616669,-0.1262768285151784,0.23407959375182963,-0.3235614523105603,-0.47921478587198907,0.23407959375182963,-0.08762377802415078,-0.05086417286455425,0.6882502931530385,16974081.669926833,0.463640959670313
AOS,A.O. Smith Corporation Common Stock,N,N,58.334999084472656,-0.0026500699187226306,-0.08379141256320588,-0.0066309182494656005,-0.0780706110963808,-0.26653522131425333,0.052137831275763435,-0.046467075234853716,-0.04428203466603009,0.7433885301420692,72100942.65312958,0.3122164022441264
APAM,Artisan Partners Asset Management Inc. Class A Common Stock,N,N,40.76250076293945,-0.02248201397716032,-0.04084574615856551,0.1580423816844192,0.1782101504533713,-0.06593718301910745,0.22315460748321692,-0.03102224673089715,0.024302725985563933,0.83810848415402,30701054.24573803,0.2962265646989097
APD,"Air Products and Chemicals, Inc. Common Stock",N,N,295.19000244140625,-0.03317831992600295,-0.04564997972466989,0.0546968303767259,0.06206387083577036,-0.06047296175040873,0.3046787722260076,-0.029655343769027676,-0.019351185024178874,0.7031025504587628,270581736.7167877,0.27416014826339846
APG,APi Group Corporation Common Stock,N,N,39.849998474121094,0.018660520505314748,-0.07087901512680017,-0.05880967570838813,-0.029705410999963378,-0.19331989386184345,0.1846016408188036,-0.034161864771993455,-0.027778496463946145,0.9525355238384914,105635303.03529473,0.2616495786320056
APH,Amphenol Corporation Common Stock,N,N,81.86000061035156,0.003309281585732071,-0.02098902467566066,0.06610535327361111,0.285432124116326,-0.07146101168398111,0.4113876753768122,0.01281798030725323,0.017110477304343563,0.7450964299600287,866326905.2391632,0.4157707518713246
APLE,"Apple Hospitality REIT, Inc. Common Shares",N,N,15.229999542236328,-0.02183687599563111,-0.017085677040217462,-0.04739643281852768,0.33471615008838307,-0.09911875063392439,0.44684446483519547,-0.0479912599680572,-0.06238591775137181,0.703111320810114,32932285.309891127,0.206226695924637
APO,"Apollo Global Management, Inc. (New) Common Stock",N,N,130.875,-0.006188795096794597,-0.0631037253893374,-0.018316354881593444,0.18688896129240318,-0.1321468423265887,0.3158727919552946,-0.024869847860055527,0.028854305598195573,0.5001690367635384,355774057.2009613,0.366419084352656
APTV,Aptiv PLC Ordinary Shares,N,N,45.56999969482422,0.016053539469317313,-0.08162030077066573,-0.3303453688287955,-0.3502067377793424,-0.48607194501122597,0.018096546105126565,-0.0324121700398502,-0.13554017086818992,1.5152187677223867,210910500.17297363,0.48883959401174937
AQN,Algonquin Power & Utilities Corp. Common Shares,N,N,5.704999923706055,0.007950543729170034,-0.018072292617485552,-0.028990168610796174,-0.09482780339293218,-0.16485553819857324,0.08553241866481232,-0.003797973535115018,-0.01049346108252025,0.7920312290379358,17750241.68975439,0.23561156497974375
AR,Antero Resources Corporation Common Stock,N,N,39.2400016784668,-0.014318002390390272,0.037272000506609615,0.1266149760428701,-0.0544577908803181,-0.13089700216343603,0.3066933327083481,0.026647344216840452,0.08464311287461834,0.6617355794920444,118335780.57453461,0.31555427121100543
ARCO,Arcos Dorados Holdings Inc. Class A Shares,N,N,8.0600004196167,0.0,0.018963410252613944,-0.07966778618426285,0.06462863343763758,-0.14457541946712904,0.24495899041267077,0.00705944785683732,-0.010921535829603646,0.7724557697569979,8801431.849617671,0.23351453393592297
ARDT,"Ardent Health, Inc. Common Stock",N,N,10.630000114440918,-0.02833633252584833,-0.030993632115925096,0.13689836157739155,0.17718720141570476,-0.3011176799618229,0.3575990061325034,-0.02651218973859526,-0.00839550994829541,0.7230990491622703,3505401.1777391434,0.3759855857321482
ARE,"Alexandria Real Estate Equities, Inc. Common Stock",N,N,50.564998626708984,-0.020627588986511847,0.05081046860132288,-0.0365147613305713,0.07716645963560698,-0.38656061980960543,0.2677185694463944,-0.008971516902212984,-5.737446396225643e-05,0.7734167303112789,94719721.33683738,0.44327929030666297
ARES,Ares Management Corporation Class A Common Stock,N,N,135.89999389648438,-0.0229348085800275,-0.050380872637252105,0.01756145836344336,0.29535751570847935,-0.23708240195887376,0.4418431052928391,-0.03898173525761961,0.02804073231392823,0.7075814310914846,259506314.9015793,0.41129300668694624
ARI,"Apollo Commercial Real Estate Finance, Inc",N,N,6.809999942779541,0.0,0.013392880267534046,-0.015731230542976204,0.041141765045815015,-0.05783901663697011,0.14868766325034843,-0.008083905670754454,0.0037288976538027985,0.4220234715118743,19407155.570040345,0.21218479073061336
ARIS,Aris Mining Corporation Common Shares,N,N,20.559999465942383,0.08956007162412205,0.18569776730214893,0.2938954702151433,0.16487251616464493,-0.09347446255323,1.2618260858982522,0.0456186468990607,0.2240863722575479,0.7792361671136772,25881364.36337042,0.6667265445251462
ARLO,"Arlo Technologies, Inc. Common Stock",N,N,13.740099906921387,0.0930867335326162,-0.06720296443163731,0.06347521871398354,-0.03170540428231372,-0.2932047567154319,0.22351740578835333,0.021948293769642246,0.005436778852204283,0.9729826237417136,16225919.292765617,0.43917643995575467
ARMK,Aramark Common Stock,N,N,57.18000030517578,0.009890522498326337,-0.05252785547981509,0.0557147643417677,0.4410877951176779,-0.08168550788459084,0.6034378498302095,-0.029097165257821467,-0.008483918611344676,0.705892294546054,128294809.76843376,0.24277560709071766
AROC,"Archrock, Inc. Common Stock",N,N,33.584999084472656,0.059797996796448816,0.018035688867340305,-0.07658029621865026,-0.04839908909412982,-0.19412642030762328,0.48624513903753797,0.03258235754532235,-0.036572781256482556,0.8586693465958621,54924890.90064125,0.40198325714815336
ARR,"ARMOUR Residential REIT, Inc.",N,N,16.299999237060547,0.011166153130033551,-0.007972996471794724,-0.00519838599409983,0.052073611595851554,-0.06012875054082312,0.35405477968965515,-0.0018118227838926915,-0.004165913707827373,0.7654886258992343,49807555.22086525,0.15642118415641112
ARW,"Arrow Electronics, Inc. Common Stock",N,N,216.56500244140625,0.05138851797952526,0.04889330731350272,-0.04504363873743511,0.545568155781657,-0.07777966719426654,1.1258957161329075,0.03270401137376955,0.033741415767175376,0.7671916718214575,103972693.35541992,0.40908455221209195
ARX,Accelerant Holdings Class A Common Shares,N,N,19.844999313354492,0.003286078081527588,0.5850637849656448,0.523023769765596,0.7019725191299218,-0.011703217691456547,1.1201923121009356,0.024509199779722213,0.2783678652304029,0.3727353554057956,135645302.1553197,1.1047758212721455
AS,"Amer Sports, Inc. Ordinary Shares",N,N,28.625,-0.02834348643658835,-0.15435742126002439,-0.1927523762251192,-0.14193646653838188,-0.3178026543238721,0.004033664335143072,-0.08223053217563658,-0.147128836401886,1.3451479847783459,250869164.94228783,0.37572376741700164
ASA,ASA  Gold and Precious Metals Limited,N,N,63.349998474121094,0.035130681117304885,0.08568980515428049,0.10385083024670094,0.04551518160095158,-0.2202043934419271,0.587320227390576,0.01859517027987745,0.1299747171724006,0.8105691168591992,2983545.854721832,0.4518799634051943
ASAN,"Asana, Inc. Class A Common Stock",N,N,8.505000114440918,-0.13479143637323576,-0.0805405281685494,0.15087960326115324,0.2675111871966025,-0.44009214289745857,0.5576923177691706,-0.10343917353098131,0.0018022003636886108,1.1740979640256408,49152965.11077666,0.7042857877654417
ASB,Associated Banc-Corp Common Stock,N,N,30.329999923706055,0.01438128129303684,-0.041101470393229866,0.03415712609680788,0.2668773925755965,-0.05444841072293749,0.30258314673792164,-0.017697157722400547,-0.014408002826616806,0.8706344092600208,46345381.756118774,0.19523277765486965
ASC,Ardmore Shipping Corporation Common Stock,N,N,17.700000762939453,0.0011312475915408182,0.14305179461104278,0.08482843740669854,0.3130871371654864,-0.035868376301384175,0.8260012248903625,0.02206399391424685,0.09521955509384217,1.019948247912272,10276614.169282531,0.44719790074723764
ASGI,abrdn Global Infrastructure Income Fund Common Shares of Beneficial Interest,N,N,22.185800552368164,-0.0033333187668793673,-0.061165287548548886,0.01328016285310718,-0.00939215631502277,-0.10936167449743928,0.22056206668954226,-0.06657065693598008,-0.059648433702501835,1.2493794771255269,4735798.3075878145,0.24840468231063836
ASH,Ashland Inc. Common Stock,N,N,71.86499786376953,-0.04990747694791131,-0.030853057109412885,0.1123265098673556,0.4535258130175235,-0.054558829404052656,0.5555936492994702,-0.01926279649062368,0.01956397976991764,0.6630945256534819,36351981.88225822,0.322742313382684
ASIC,Ategrity Specialty Insurance Company Holdings Common Stock,N,N,26.264999389648438,0.00019037169546942678,0.049760148245658664,0.26456421814043707,0.30932203833010186,-0.0414233665942918,0.6034798983725471,0.013711031758949499,0.05559504729072762,0.7580011976844665,2021008.482208252,0.44965991404262656
ASIX,AdvanSix Inc. Common Stock ,N,N,16.829999923706055,0.004176592712904048,0.015096040928869625,-0.2550325467516569,-0.18484896859054412,-0.34588565743785604,0.21030785961676646,0.002600065479216873,-0.09876228266928588,0.7699995783722874,4402986.45169096,0.533563873029658
ASM,Avino Silver & Gold Mines Ltd. Common Shares (Canada),N,N,7.360000133514404,0.049928658089130495,-0.0027100244737636725,0.15179973197124563,0.1701113160811778,-0.34519570432498103,0.8039216350839957,0.0027248125274761392,0.12297834669674179,1.0102802165216527,31859117.296461247,0.7308889469159374
ASPN,"Aspen Aerogels, Inc. Common Stock",N,N,4.880000114440918,0.008264454667762822,-0.2052116904630935,-0.17567566696791181,0.5108359398216746,-0.44671198602142637,0.8988327786776971,-0.07029908718070321,-0.07294830753490023,0.4796174054697862,3971220.951540184,1.017115040299258
ASR,"Grupo Aeroportuario del Sureste, S.A. de C.V. Common Stock",N,N,256.1400146484375,0.024478082838952586,-0.057060812708541686,-0.10780585211693183,-0.18617509286579326,-0.3152648402049997,0.024478082838952586,-0.015349775992172465,-0.060486227086105626,0.7607410454321701,11535409.25706482,0.2618632728972812
ATEN,"A10 Networks, Inc. Common Stock",N,N,24.65999984741211,-0.011623282832043391,-0.0903894774285563,-0.22184770620391003,0.1530324067860216,-0.3515057332988779,0.5009291314249349,-0.04348290440524227,-0.191150220563983,0.7074572221296318,30281509.059496306,0.4687788405532309
ATI,ATI Inc. Common Stock,N,N,206.76499938964844,0.028937559242182997,-0.10133432830257982,0.04174226038115458,0.3817495337677186,-0.10792561705666393,1.761284815354483,-0.032878571836560844,0.01959904500666987,1.2793656365393895,377801919.9005791,0.4031041681725491
ATKR,Atkore Inc. Common Stock,N,N,94.00499725341797,0.004005126679487381,0.004977161839975652,0.1900745912874966,0.7135059644189581,0.0,0.7135059644189581,0.0043569834953114395,0.12098034873459418,0.8085022942280669,61644464.07908783,0.6729933821602542
ATMU,Atmus Filtration Technologies Inc. Common Stock,N,N,47.07500076293945,0.018939393626631773,-0.047065232835415194,-0.05357122177330198,-0.16766091981467413,-0.28038279738488303,0.10515972540332674,-0.03386496014735607,-0.06813473587420094,0.7872112691032485,29003704.193375397,0.40072321983821024
ATO,Atmos Energy Corporation Common Stock,N,N,168.1750030517578,0.0028324753259372226,-0.00012401473153489384,-0.004536233280746038,-0.08153351457910696,-0.11515975510479337,0.05930625759109054,-1.8586025195332923e-05,-0.021071712639800233,0.6587320711626897,152960497.20845413,0.15916104931354286
ATR,"AptarGroup, Inc. Common Stock",N,N,123.125,-0.05954016405412932,-0.0862708719851577,0.04961227100640442,-0.001382252540719775,-0.14872149237906596,0.1038088087667024,-0.06318775446129599,-0.05981598948857059,0.7174497483272013,46498976.24102783,0.21967660244946108
ATS,ATS Corporation Common Shares,N,N,19.190000534057617,0.0378583435156592,-0.05885232425264486,-0.2988673750221519,-0.39729898109005213,-0.4576031669102516,0.0378583435156592,-0.016930891034664164,-0.18975517357625515,1.2240663751068566,4576214.905919838,0.6399736250199137
AU,AngloGold Ashanti PLC Ordinary Shares,N,N,109.20999908447266,0.00998799462209865,0.12784490952893024,0.2734323596761079,0.20399393594488524,-0.1181514437167771,0.8455349184957257,-0.0012423686716691584,0.17632028740636208,0.7667988514593398,302461172.91320914,0.5780061134154697
AUB,Atlantic Union Bankshares Corporation Common Stock,N,N,39.86000061035156,0.008858575137615343,-0.05432979436836671,-0.002219283040088338,0.2011070950548559,-0.07327580090364183,0.30986676641771105,-0.030453387233468687,-0.042535389994235784,0.8852229991765522,36919483.32224655,0.2062247524055502
AVA,Avista Corporation Common Stock,N,N,37.67499923706055,0.000929857810298973,-0.007104594134640707,-0.10070773132160682,-0.026733821082865483,-0.10070773132160682,0.1122638996737968,-0.0055596538269913065,-0.04273771174682717,0.8806494267155844,23541855.795841217,0.20211119860152385
AVBC,"Avidia Bancorp, Inc. Common Stock",N,N,22.010099411010742,0.014290259777358871,0.028866513050973763,0.07812347449759383,0.16460902401028288,-0.015208096852687092,0.5438928455938712,-0.000931526947075989,0.027338424420349616,0.9922782502518175,3669461.7644557,0.29353480262868004
AVNT,Avient Corporation Common Stock,N,N,42.72999954223633,0.002580962297239031,-0.06025954706197012,0.14012692694041662,0.30814914989790143,-0.07790247299233033,0.5931849018405435,-0.03321417359853851,0.056569619154700046,0.6773956539172271,31055758.529586602,0.46034668908346327
AVTR,"Avantor, Inc. Common Stock",N,N,15.039999961853027,0.05915494111766195,0.09222944530646804,0.6017038777371291,0.9532467966760114,-0.03589746191813492,1.0296896452846274,0.04753612967669807,0.1739727718240609,0.728837639713184,89553934.46832566,0.5051831510167808
AVY,Avery Dennison Corporation Common Stock,N,N,169.88999938964844,-0.012669308082626451,-0.04925535365993927,0.07301308124616623,0.044345747427454896,-0.12471723478873509,0.11677235164908795,-0.04034008467898542,0.0027346252606832433,1.5656044648404577,181352564.13054046,0.2779055363452282
AWF,Alliancebernstein Global High Income Fund,N,N,10.050000190734863,0.0016141685658468408,-0.006257035900277486,0.009660489784820037,0.028381071491793364,-0.04992749719076406,0.05752542084752843,-0.002411422186251233,0.0006061315979468684,0.617970121323797,2540570.5424496173,0.06116477429463108
AWI,Armstrong World Industries Inc Common Stock,N,N,169.26499938964844,0.0019237418228101877,-0.09338509825164676,0.09966118826187542,-0.00020657501597753924,-0.1626503573112692,0.11984923106307699,-0.03823016019499259,-0.0025770777950138157,0.6807950410259233,54511839.37002716,0.3029305599815298
AWK,"American Water Works Company, Inc. Common Stock",N,N,141.69500732421875,0.03125919664137822,0.04141562447991598,0.12926528021998362,0.05051440693506737,0.0,0.17755717086727452,0.027413808105617,0.05013217228519262,0.800965519102317,283537531.4670166,0.23363621976175286
AWR,American States Water Company Common Stock,N,N,88.80500030517578,-0.004316651257896265,0.020714548036817826,0.1489437329093637,0.2359450834018917,-0.025192076919707707,0.29605165656813326,-0.0023225785969155366,0.02384731957085595,0.6401325119032855,16647353.341422653,0.18706486931080987
AX,"Axos Financial, Inc. Common Stock",N,N,94.97000122070312,0.00306295854026839,-0.05181711513225151,0.051949518219109425,0.16128641034836244,-0.09638437107981779,0.256216972718758,-0.02683703174673302,-0.03463599642025994,0.6274685551598923,24133185.57424011,0.25127346415141766
AXP,American Express Company Common Stock,N,N,322.82501220703125,-0.004210463691340149,-0.052771296265950784,-0.005319840156556177,0.10306748095213725,-0.15442480698577754,0.11106874799125288,-0.03317219978415309,-0.05262517488541796,0.7025648290809562,737134056.45401,0.24064374966174804
AXS,Axis Capital Holdings Limited Common Stock,N,N,98.19499969482422,-0.016082197473493154,-0.025069514448733843,-0.02806015589713884,-0.02734238881909823,-0.17669990392732482,0.12211057256639624,-0.01412869904963554,-0.07453920316136453,0.6552818782250005,51766150.89383125,0.31924932165250125
AXTA,Axalta Coating Systems Ltd. Common Shares,N,N,35.209999084472656,0.0037057367911219607,-0.05552574470506089,0.06342489989156164,0.2973470846098185,-0.0780308889603416,0.38404081546049995,-0.02694489298456404,0.00254549140495941,0.8175093424256156,54012575.536325455,0.3135666152328752
AYI,Acuity Inc. Common Stock,N,N,323.0,-0.009445494047771175,-0.09544076356508024,0.08730311113302691,0.21879030726710846,-0.1419583401566581,0.25457991799999546,-0.0517222321092643,-0.05314062079844306,0.5097323004919719,63313941.4902771,0.49551389320855316
AZN,AstraZeneca PLC Ordinary Shares,N,N,158.82000732421875,-0.022465648236969837,0.00044099101870087587,-0.11149646252185319,-0.1570958026344208,-0.238711480004564,0.09122647218304669,-0.02174913845587978,-0.054034693679600676,0.8760284874887437,520491553.6552216,0.3361793782679684
AZO,"AutoZone, Inc. Common Stock",N,N,2910.9599609375,-0.018500762262883552,-0.04328133227053477,-0.06589227117839391,-0.13415309494744987,-0.33151149493984033,0.0,-0.027022655748555446,-0.038633348639407705,0.9253711874273728,821516523.5543945,0.3052151371351145
AZZ,AZZ Inc.,N,N,138.9499969482422,0.023572721534012464,-0.09260110678780431,-0.07758888596260205,0.141412193515559,-0.13103189441871288,0.4298433657102243,-0.021127326311901173,-0.048782053757169375,0.6417191402242921,28456421.39923172,0.32192358865918247
B,Barrick Mining Corporation Common Shares,N,N,44.54499816894531,0.03352667624087857,0.11428901596648933,0.11234868364211104,0.10985953778679236,-0.1452879045602562,0.5768672204983485,-0.0027144746137427456,0.10626011478006547,0.8889098860157754,461747094.2216919,0.46576181335852757
BA,Boeing Company (The) Common Stock,N,N,209.968994140625,0.02095201012246939,-0.09977281257276038,-0.04145632862185866,0.019316416046180285,-0.1672853491052474,0.17222532304813232,-0.026302773793145162,-0.04205097837538685,0.8223099075433443,1033268605.0275574,0.332093452439353
BAC,Bank of America Corporation Common Stock,N,N,61.93000030517578,0.0041291904696105775,-0.027406696312712198,0.11113835130570182,0.33609623434922353,-0.03956219225701951,0.33924198995332033,-0.009006796644282167,0.007052086164700544,0.9144687239210365,1769958147.522527,0.17974946808455008
BAH,Booz Allen Hamilton Holding Corporation Common Stock,N,N,72.5999984741211,-0.036879794117673836,-0.06897680588860378,-0.055025318949648905,-0.06303922870854306,-0.28549220202977665,0.22509620965129695,-0.03525443206428103,0.031560722021727994,0.5914725310486891,114012987.09343643,0.4352190081974474
BALL,Ball Corporation Common Stock,N,N,60.70000076293945,-0.03297753193768205,-0.03190140132125552,0.0686803016671318,0.02031696488914725,-0.0953422477794238,0.3261829381142616,-0.029432281501986512,-0.03178736580014563,0.7287734006676819,96454385.83899955,0.22477106926212487
BAM,Brookfield Asset Management Inc Class A Limited Voting Shares,N,N,48.11000061035156,-0.031212227986773144,-0.12250931726284509,0.030721036952888525,0.11673743226899069,-0.18626465754587818,0.14487080911448658,-0.06426342721725442,-0.023854891919777077,0.7506974728141574,109296773.68826905,0.3109154258076255
BANC,"Banc of California, Inc. Common Stock",N,N,18.530000686645508,0.020374495723694874,-0.049255982336914084,-0.07581040440168518,0.11222572176614687,-0.15116808284900396,0.212746206164522,-0.01970635468574755,-0.06000158789618437,0.6681109188082246,36954359.64180241,0.3527259412222358
BAP,Credicorp Ltd. Common Stock,N,N,376.6600036621094,0.011113536912204625,-0.0009018470501077624,0.01923965932620697,0.2173289745500382,-0.06366367377878668,0.591540399196673,0.0011070103113763885,-0.021114150584911173,0.9526836997321532,113709344.93644714,0.28114603289759693
BAR,GraniteShares Gold Trust Shares of Beneficial Interest,N,N,43.625,0.025023463165988913,0.01359198587427568,0.05196524513775591,-0.08504614679575828,-0.17936418124117592,0.2185754449636672,-0.00867480367908735,0.041957761359102674,1.0823936810388233,9977579.357164765,0.25359096976076995
BAX,Baxter International Inc. Common Stock,N,N,24.65999984741211,-0.03218209221177437,-0.10650082480938161,0.18262289353785022,0.4442559819767127,-0.12982317138710608,0.5621730820384994,-0.053881347707390836,-0.006334387309674949,0.6547563820269117,122256282.80883121,0.4318496463998325
BB,BlackBerry Limited Common Stock,N,N,7.820000171661377,-0.0012771075532711507,-0.12917588304086614,-0.1490750240779427,1.369697055956769,-0.3895394289225662,1.4825396618755384,-0.04172535526318766,-0.13796902356137797,0.47010856432973336,73239584.49861722,0.7766231298986193
BBAR,Banco BBVA Argentina S.A. ADS,N,N,14.720000267028809,-0.02581068156914834,-0.10571074813031156,-0.2803901184828732,0.1430397939023369,-0.3224495194342145,0.8826685157876633,-0.013768372135747109,-0.15664414206096888,1.2144259253960883,13811120.207044791,0.5217493540823812
BBDC,"Barings BDC, Inc. Common Stock",N,N,8.829999923706055,-0.023230092813399383,-0.02427929503905446,0.08271270873286873,0.12657305818968512,-0.038734362567504066,0.18227495320470077,-0.027042349294850943,0.024956545242322603,0.9952333295867394,6925904.628433037,0.27045727267195724
BBT,Beacon Financial Corporation Common stock,N,N,31.25,0.028298803146554086,-0.005198058727559407,0.03661954721288274,0.11911398740163448,-0.04170501640284696,0.4130658742780182,-0.01185332716505616,0.012892848720173822,0.723910080638618,22051772.713680267,0.20526951304645488
BBUC,Brookfield Business Corporation Class A Subordinate Voting Shares,N,N,27.059999465942383,0.0014803481680629726,-0.056985847376061494,-0.1598175779360479,-0.11561916083379908,-0.2765650811496363,0.0014803481680629726,-0.035559739660333656,-0.08338865139818086,0.6868295802022606,8753588.484635543,0.3621375811388064
BBVA,Banco Bilbao Vizcaya Argentaria S.A. Common Stock,N,N,28.975000381469727,0.011696962254209131,0.01666668005156935,0.2414310279366918,0.43858598303289487,-0.022435864435643604,0.686707678765258,0.0013910713329006175,0.056837631074328154,0.6793927155523956,38126406.629555225,0.26744188041751604
BBW,"Build-A-Bear Workshop, Inc. Common Stock",N,N,29.200000762939453,-0.039473647060816464,-0.20738326161792242,-0.08473063595730668,-0.2503996198042203,-0.6071661014116987,0.0267229330031733,-0.15145876393642244,-0.14104507460148152,2.48173185039862,28927925.396309853,0.717206089506526
BBWI,"Bath & Body Works, Inc.",N,N,18.3700008392334,-0.012896279594137527,-0.01700246291064378,-0.04335090022846533,-0.06064940929541662,-0.3207889202336428,0.27441206365542814,-0.02822759038497158,-0.06933443397358996,1.1342724519724388,126508067.20287637,0.5457980510507537
BBY,"Best Buy Co., Inc. Common Stock",N,N,88.61000061035156,0.07237085266496512,0.06400098353963601,0.1433742065787562,0.4499173970949819,-0.01838923334935505,0.6172401234580365,0.03034884430641349,0.04896181682312006,1.3146856558781892,339516272.18061066,0.3585335562803592
BC,Brunswick Corporation Common Stock,N,N,71.4000015258789,-0.026850226890510753,-0.11820371576782607,-0.13048639681961127,0.022760627412837353,-0.18678682316277495,0.24291690874232863,-0.08374655405990361,-0.09578067497456089,0.9590345991258244,50580958.03994904,0.3248530710708896
BCAT,BlackRock Capital Allocation Term Trust Common Shares of Beneficial Interest,N,N,16.09760093688965,0.01883549003558227,0.015156844937407099,0.05232557885812583,0.19099737635034986,0.0,0.35545431674119055,0.012899799746926233,0.030566623748996102,0.6411186071753581,8486912.04470625,0.12514640285660142
BCC,"Boise Cascade, L.L.C. Common Stock",N,N,75.9749984741211,0.0017800915446908316,-0.10908845286550206,0.07112263457879298,0.06404329603342296,-0.1580118239611208,0.16757093604924855,-0.04901340319551395,-0.03490469132927487,0.6768323449848054,19976406.517938614,0.444661718153155
BCE,"BCE, Inc. Common Stock",N,N,23.559999465942383,0.006407501901237955,0.008130022245870672,-0.029534166028972075,-0.07325225288558646,-0.08638071564702066,0.12889307707415476,0.0010622315144404038,0.04927492515846543,0.7004554235129719,57867831.10306978,0.24021904918100004
BCH,Banco De Chile ADS,N,N,42.41999816894531,0.023401625769646328,0.037163730717825194,0.055749075329921904,0.17991188552290738,-0.029296015033839717,0.5358989502436136,0.017412536783845578,0.03201128705374212,0.8889554427641148,11356944.93732376,0.2563895840925052
BCO,Brinks Company (The) Common Stock,N,N,105.27999877929688,-0.04308305770220411,-0.07576160657857267,0.034927527188554075,0.0447535078533714,-0.21994096106166072,0.14475374362844007,-0.04511401802987147,-0.05718861097320871,0.6142803598012821,39050534.50210571,0.3264856764635277
BCS,Barclays PLC Common Stock,N,N,26.405000686645508,0.009751475022375722,-0.051544520764271295,0.04835416765427558,0.2739303207254906,-0.06507072501156519,0.39575159461392784,-0.02345661606383531,-0.03125259907177902,0.758597302417761,77271591.9053483,0.3022148962247848
BCSF,"Bain Capital Specialty Finance, Inc. Common Stock",N,N,11.600000381469727,-0.02521002072919387,-0.09657318974939755,-0.07051275585294703,-0.022788539112698514,-0.15262291583837095,0.006749414994418057,-0.036704835233319355,-0.06752408223144213,1.1525000324954584,5090986.81410141,0.20296297770232027
BDC,Belden Inc Common Stock,N,N,122.5,0.09316440004335536,-0.09016636545366619,0.06531110697391984,0.07587905259131866,-0.18757471497120792,0.2309084016486913,-0.007237027347261504,0.04708014660207205,0.7149086541678251,42182572.7305603,0.4949434804500566
BDJ,Blackrock Enhanced Equity Dividend Trust,N,N,9.84000015258789,-0.0020283473413522657,-0.001819615882947101,0.07177715983916055,0.15030840296917702,-0.007063541463373291,0.21799691097303397,0.0006807313648213853,0.014688631220440618,0.7007578764331792,3467708.092846489,0.09734828528161055
BDN,Brandywine Realty Trust Common Stock,N,N,3.059999942779541,0.023411348835963075,-0.012903213897927035,-0.03141643960601814,0.11199253298205836,-0.2589806927835985,0.31008032128104124,-0.007621221775881315,-0.013339310701238172,0.8073438543291809,4760508.154759407,0.3345407555494125
BDX,"Becton, Dickinson and Company Common Stock",N,N,178.5850067138672,-0.04561238042986859,-0.01557244303629457,0.22117751645062045,0.13767706478415787,-0.0698697566986084,0.31229449404089493,-0.03991847136918014,0.04476428066668037,0.687917066825782,290817991.9827606,0.29187085763853016
BE,Bloom Energy Corporation Class A Common Stock,N,N,278.2049865722656,0.3022748687614174,0.31719605003923235,0.0691145387256713,0.7767593774359562,-0.19559062696966767,4.058272483132102,0.23526290922782978,0.22532378227980177,0.8370456976206799,2857806312.0744658,1.210658975798995
BEN,"Franklin Templeton, Inc. Common Stock",N,N,34.72999954223633,0.04924474753041563,0.04106711351377057,0.09176983359981228,0.5036429346787117,-0.029074668778809487,0.7034746218746515,0.015794079584258602,0.028214443551197288,0.6888003648415978,100773602.72862205,0.2532249733144855
BEPC,Brookfield Renewable Corporation Brookfield Renewable Corporation Class A Subordinate Voting Shares,N,N,32.290000915527344,0.020543664298917852,-0.06045370581469711,-0.10422532051404154,-0.1792275869157438,-0.24897540329077605,0.02899941934665473,-0.018949770014505152,-0.03582336574020828,0.8504783416705375,50134859.32971001,0.2849491168365216
BETA,"Beta Technologies, Inc. Class A Common Stock",N,N,21.01569938659668,0.07004582686867722,-0.1453558659541141,0.2948675279938382,0.4113968369396932,-0.42892120048110793,0.546409061856761,-0.08425472258547129,0.019936285458634018,1.1572370895327218,51815432.65418901,0.7302316983299736
BFH,"Bread Financial Holdings, Inc. Common Stock",N,N,107.51499938964844,0.05355214281687859,-0.002413018050807847,0.05937837229328524,0.5157887332033553,-0.049829164586035146,1.0106553760382093,-0.0021295534205926225,0.02028695546458681,0.6698199177270245,42883616.920920566,0.3304228476041257
BFLY,"Butterfly Network, Inc. Class A Common Stock",N,N,7.550000190734863,-0.07701712603143718,-0.19423689616359308,0.3628159282891994,0.9113924302765999,-0.22164944956768562,4.033333460489909,-0.11296479745717913,-0.060431065131451245,0.477176051582004,36911418.74313202,1.484259540658855
BFS,"Saul Centers, Inc. Common Stock",N,N,32.494998931884766,-0.007786292156190311,-0.05838885794413784,-0.1179537205664235,0.013092325010391592,-0.1279663649965015,0.1562215236963227,-0.031698177550307016,-0.06248268989117156,0.976988375648785,3287393.5351102827,0.19214872675740882
BG,Bunge Limited Common Shares,N,N,125.7699966430664,0.039077955153355326,0.13407714731622544,-0.004773066096530165,0.026558436131832952,-0.036884539545753325,0.672233703559546,0.08466773595806276,0.10565828800213217,1.0734262941448394,159104175.92769623,0.362293936976326
BGS,"B&G Foods, Inc. Common Stock",N,N,3.299999952316284,-0.05444127699176693,-0.032258102857967486,-0.1617663125235278,-0.27950666112115474,-0.40224832695902124,0.0030395108143479455,-0.04775646619757534,-0.08546725549228185,0.7785276484711028,6874032.164227009,0.35088538956790144
BGSI,Boyd Group Services Inc. Common Shares,N,N,86.80000305175781,0.05084751398576115,-0.15416097516476768,-0.09298486629936586,-0.379918472472905,-0.5227760294603236,0.05084751398576115,-0.031125619078479105,-0.10307040285840352,0.8452379574093487,4950546.058998108,0.482486820163103
BH,Biglari Holdings Inc. Class B Common Stock,N,N,354.0028991699219,-0.09232355502193768,-0.07532414962860212,0.041491337236482906,0.18004903728070354,-0.2577310886460369,0.42841018663771413,-0.07570355623550495,-0.08983595308767023,1.0128324313916641,60741944.52349548,0.4270038846541905
BHB,"Bar Harbor Bankshares, Inc. Common Stock",N,N,39.880001068115234,0.026512294323003616,0.010460387940204097,0.08808304661916666,0.3109576215197978,-0.012626846477841513,0.46557895840646535,0.00413462588499236,0.02522936513074958,0.5270089532144209,3272631.8202367784,0.21618643662212317
BHC,Bausch Health Companies Inc. Common Stock,N,N,6.422299861907959,-0.007372477562673674,0.029214759210981267,0.26922923607388105,0.2617484615678629,-0.18705066020518124,0.4497291446434448,-0.02018656092913318,0.11524478192028376,0.6866560366251326,17522059.161222197,0.8260934006923416
BHE,"Benchmark Electronics, Inc. Common Stock",N,N,73.94499969482422,0.04916282878624112,-0.09069109724147473,-0.17627778849109665,0.3655521439870548,-0.25058273976843815,1.0740605131610383,-0.006512852546571191,-0.06881887792630548,0.6772772474509794,22354822.593281172,0.5104325102458354
BHVN,Biohaven Ltd. Common Shares ,N,N,14.555000305175781,-0.07528586297166129,0.0044858892397761085,0.29033693703305996,0.6012101277063262,-0.19630039676220468,0.8684211009564045,-0.021397464728998727,-0.018152854526111817,1.3543153543597173,47295328.65646744,0.7822670047412299
BIII,Black Spade Acquisition III Co Class A Ordinary Shares,N,N,10.069999694824219,0.0009939636968623322,0.01003003260953883,0.013078482890228171,0.018200136021531144,0.0,0.023373936856681654,0.00378784665002585,0.008593554917199597,5.72859274274774,3693356.27754879,0.020512638710261297
BILL,"BILL Holdings, Inc. Common Stock",N,N,47.58000183105469,-0.0008399223378247056,-0.03839930737185626,0.43399642535966576,0.19009510694939946,-0.15503461781794847,0.48873601983833614,-0.023358881983466584,0.037401438121062336,0.6542308195873722,111183105.55138627,0.47772434404365455
BIO,"Bio-Rad Laboratories, Inc. Class A Common Stock",N,N,378.1000061035156,-0.007507311570012276,0.06133335046600874,0.32230538880615156,0.4108736142452265,-0.03135725354616148,0.5642712159248953,0.003663211080751738,0.11387708601755464,0.6736155054273252,84824062.91042939,0.3106045716401813
BIPC,Brookfield Infrastructure Corporation Brookfield Infrastructure Corporation,N,N,37.64500045776367,0.006820034027222643,-0.04718147685161633,-0.05732033162066619,-0.0680014241946878,-0.23797077938875566,0.08509946037572691,-0.023873600338120582,-0.042201903275975394,1.1487846525305845,36283765.6669815,0.27004168866168704
BIRK,Birkenstock Holding plc Ordinary Shares,N,N,31.8799991607666,-0.06919710479513574,-0.14918606559446568,-0.34605129926632616,-0.13038736242610582,-0.3489892104129938,0.022122430743646504,-0.10402880633278233,-0.19183113444202637,0.9142212689474725,120380711.35132304,0.48843386422755497
BIT,BlackRock Multi-Sector Income Trust Common Shares of Beneficial Interest,N,N,11.864999771118164,-0.0021026552971152856,-0.026317556542175713,-0.027268923912952547,-0.008029304281641836,-0.05148228645350006,0.019547950169526374,-0.009504268962103546,-0.01937889108050672,0.7464348034996695,4364525.589019204,0.07063954969138259
BJ,"BJ's Wholesale Club Holdings, Inc. Common Stock",N,N,89.61000061035156,-0.02044165585877511,-0.046296280507733156,-0.015707384564974114,-0.049835617324898496,-0.12813775370075375,0.06907660387267778,-0.03347930267331223,-0.033112206722520354,0.7663076411475807,177439496.8678131,0.29650892165644466
BKD,Brookdale Senior Living Inc. Common Stock,N,N,12.069999694824219,0.01428572115491722,-0.038247050885705014,-0.10126586593057874,-0.15712290837640408,-0.28026241112972583,0.6399455809603072,-0.0031384454550983376,-0.1202880561873626,0.7638150877874875,52135964.75121708,0.4106059689970638
BKE,"Buckle, Inc. (The) Common Stock",N,N,41.90999984741211,-0.013185810152932853,-0.08772309315990878,-0.06694260898573656,-0.133480376343874,-0.25993266514922997,0.019251609364665967,-0.03397565883905895,-0.034717336885552896,0.8324031814942359,18081594.384529114,0.3053074667572196
BKH,Black Hills Corporation Common Stock,N,N,74.38999938964844,0.027486157760068908,0.025125141027111608,0.021777858258752225,0.06289882091213905,-0.013190559165426108,0.32482494937531925,0.018472538956320284,0.01792474715702297,0.853786900934635,51190715.07247162,0.18871005881884265
BKKT,"Bakkt, Inc. Class A Common Stock",N,N,8.6899995803833,0.1969696014350828,0.1791044389852232,0.030842143036209357,-0.026875780133330696,-0.8070604040021797,0.2686130950901713,0.10265189527886376,0.10946551984620356,0.7602559166928227,11976711.245830059,0.8317908879083284
BKSY,BlackSky Technology Inc. Class A Common Stock,N,N,21.920000076293945,0.021911389120625957,-0.2666443451355398,-0.32387411121784626,-0.1363277856140066,-0.5754406425950875,0.6681886989015835,-0.14249388774510363,-0.12804111173791066,0.6257773809138575,21475452.635258388,0.7901636895989215
BKTI,BK Technologies Corporation Common Stock,N,N,71.91999816894531,-0.011001141891208488,-0.0702003931776739,-0.13930109777093114,-0.09885978738260048,-0.2581743121937323,0.14961631378177032,-0.04296799680221075,-0.08363257150680481,0.7268555921442373,2709464.5678726197,0.35747011886640156
BKU,"BankUnited, Inc. Common Stock",N,N,45.244998931884766,0.011287376720440001,-0.03734044825777094,-0.06951166308784673,0.0773729431779504,-0.09926285198047113,0.30621756744984774,-0.026450154608748333,-0.03889061637896718,0.6832976666724275,26338982.211821556,0.22609448757043293
BKV,BKV Corporation Common Stock,N,N,24.584999084472656,-0.021297839844223065,-0.07261415042584385,-0.01895452480417137,-0.14783366518554597,-0.23554106961692067,0.21467388154592126,-0.03169590136042333,-0.03354394488718515,0.8399089489820203,22640193.05790901,0.4312958728515542
BLCO,Bausch + Lomb Corporation Common Shares,N,N,18.065000534057617,0.010346833443759751,0.07083578158722381,0.1979443385579256,0.1276529349475075,-0.028763432066652217,0.2615224105477447,0.03775620613791153,0.07035997831773755,0.997559269466844,6814586.986387825,0.2600813597846628
BLDR,"Builders FirstSource, Inc. Common Stock",N,N,61.744998931884766,-0.01664280886137337,-0.1778295581036311,-0.20605629938149617,-0.2871738977828515,-0.5787049675188517,0.0,-0.09141411120679732,-0.14288889655327397,0.9279724784991682,125185456.41623172,0.5809304596010489
BLK,"BlackRock, Inc. Common Stock",N,N,1091.3599853515625,-0.027603344364911298,-0.04515805254309746,0.06294641052528949,0.13924491624746071,-0.07309801983041397,0.19529977849891988,-0.044705751064306964,-0.000705080022786797,0.790679891993767,604741623.1118958,0.27879103548285106
BLSH,Bullish Ordinary Shares,N,N,35.59000015258789,0.07652748560805711,0.4514681683588293,0.3079750588046608,-0.07027164870663027,-0.48783995903468447,0.6333179741735027,0.15344104348941556,0.33381804260076176,0.8002766127040094,51508222.608156204,0.7849612895287075
BLX,"Bladex, Inc. Class E Common Stock",N,N,56.439998626708984,0.04094425223211151,0.004985733263134673,-0.05524273814858727,0.1814367888417303,-0.09015568148785558,0.3866285450369622,0.029250830911964787,-0.004996252856424466,0.6852836181380967,8330647.46084919,0.2363029463298302
BMA,Banco Macro S.A.  ADR (representing Ten Class B Common Shares),N,N,77.80000305175781,-0.007779627367194397,-0.032338288865382814,-0.20717619921243213,0.2092717854821955,-0.2306769813398427,1.0586143973778683,0.004467190981416458,-0.08931700144159804,1.0214008489317294,25407764.59097595,0.45363160850601597
BMEZ,BlackRock Health Sciences Term Trust Common Shares of Beneficial Interest,N,N,16.899999618530273,0.005952403929229133,0.05357591095921599,0.18774791339039454,0.2596903969308393,-0.020289877186650762,0.3159528295875953,0.009737855612054203,0.06212466735343436,0.8550726739922435,2449282.8774718284,0.1699670621168599
BMI,"Badger Meter, Inc. Common Stock",N,N,129.01499938964844,-0.02460879094029189,-0.04608475288381564,-0.01748102186481504,-0.12192019823223543,-0.30535422130433043,0.14504192781265735,-0.024827853056313298,-0.054973470988960216,0.5450984291756158,39154505.214222714,0.4744159662155547
BMNR,"BitMine Immersion Technologies, Inc. Common Stock",N,N,25.02560043334961,0.07084294114944156,0.38339415269543475,0.5534202039240943,0.16887438634776686,-0.6040343247336805,0.8802103414261422,0.1068974325921297,0.3235797781329688,1.0422288385371097,984105797.3646324,0.8286576293245264
BMO,Bank Of Montreal Common Stock,N,N,173.44000244140625,0.03054069694857775,-0.04266708508950068,0.0377515196882261,0.2758913622197747,-0.06657335600731984,0.4682538160142944,-0.014357837433927934,-0.02150562117816124,0.9556633097103059,151894175.32279968,0.19638412596027083
BMY,Bristol-Myers Squibb Company Common Stock,N,N,64.97000122070312,-0.02913922596529739,0.02138029550860021,0.1500682991430211,0.11808772456047034,-0.04582163731812816,0.5766510984117863,-0.019476142217944914,0.028883232014272675,0.5845444543894498,508144669.71295166,0.28814116497152115
BN,Brookfield Corporation Class A Limited Voting Shares,N,N,38.97999954223633,-0.01912436094944303,-0.12991070968612106,-0.13646433165049465,-0.005338929241374246,-0.2045882018223435,0.020398538061333626,-0.0628794088450435,-0.08384962741583601,0.8854673286483644,153588323.49921647,0.21726559148910274
BNED,"Barnes & Noble Education, Inc Common Stock",N,N,11.470100402832031,-0.027133126383040107,-0.08750193466154799,0.03801740139381349,0.27826730093591867,-0.1599160423978906,0.8860708498637189,-0.05471438474028345,-0.06671905109696263,0.8270380748010877,2852164.5470664976,0.6884552207479814
BNL,"Broadstone Net Lease, Inc. Common Stock",N,N,20.959999084472656,0.006724274337200908,0.015012080952495843,0.008747281133233198,0.1177457515732907,-0.08231178001556272,0.27218373128016404,-0.00606983769560121,-0.023390219258390466,0.7211991244057684,39436063.44173241,0.1989352344515474
BNS,Bank Nova Scotia Halifax Pfd 3 Ordinary Shares,N,N,91.87999725341797,0.007566562052184089,0.033986007453556066,0.10412018374597709,0.3439196618511078,-0.032026980343136335,0.48147467001287914,0.007351180685392089,0.032398159158795625,0.7736545445052172,175285115.76719475,0.24212788677465896
BNY,The Bank of New York Mellon Corporation Common Stock,N,N,162.11500549316406,0.009999445774448557,0.011196345352674886,0.1304366191713222,0.42513801688550146,-0.016531126578896882,0.5859582189758445,-0.00042694888571326306,0.026619957080968648,0.7796038594879598,386394970.5131462,0.22239400787030378
BOBS,"Bob's Discount Furniture, Inc. Common Stock",N,N,17.200000762939453,0.05521482012297363,-0.06267027763615585,0.2527313427818174,0.17647064962899006,-0.2365734470157106,0.7461929032304289,-0.02414111118341089,0.0156960943481399,0.5058438989082256,10737457.299534798,0.5744716282837607
BOH,Bank of Hawaii Corporation Common Stock,N,N,75.9800033569336,0.01064116850905017,-0.034691809190445344,-0.04455542908632071,0.08126326966788033,-0.10687908895461318,0.31898157311865005,-0.013628937154817833,-0.044049662266110956,0.5895585494899034,20118711.585058212,0.20041726880019375
BOOT,"Boot Barn Holdings, Inc. Common Stock",N,N,150.52499389648438,0.011728694256652572,-0.09212912469311019,-0.11772467406373455,-0.046586082840492926,-0.276252538760135,0.11368000753230523,-0.04375603035033626,-0.042928841488304004,0.6235422440416699,85238680.06854554,0.4432610558920835
BORR,Borr Drilling Limited Common Shares,N,N,4.485000133514404,-0.024999950761379397,0.05281687618397757,-0.020742312614446146,-0.07905539242132431,-0.32148259562442405,0.8381147657117352,0.007469004593875006,0.04582024706189047,0.7788341773715929,24755476.794753026,0.47073613405248477
BOW,Bowhead Specialty Holdings Inc. Common Stock,N,N,33.63999938964844,0.0008925551547784849,0.0050791204883542385,0.23133234866109986,0.5256236078733278,-0.006790656908459813,0.5690297831947821,0.0016972636819876374,0.03897706459865358,0.8301556212478749,10989141.063272094,0.34855872704249874
BOX,"Box, Inc. Class A Common Stock",N,N,34.2599983215332,-0.02559731313380964,0.04355761226689436,0.3493501041792495,0.3904220442442967,-0.0472747721418465,0.6031818893818164,0.011932849970082815,0.08109126477791495,1.2028616844588105,99552000.61640148,0.372806781797358
BP,BP p.l.c. Common Stock,N,N,45.590599060058594,0.025198961290645805,0.06929837511195092,0.078796652646546,0.0463765738043691,-0.019969372254214357,0.46245461989866965,0.04822916371564556,0.0879877017873738,1.0304338866377136,378937454.8576981,0.3254261607624275
BPRE,Bluerock Private Real Estate Fund Common Shares of Beneficial Interest,N,N,11.869999885559082,-0.012479248460236514,-0.0709634623111478,-0.16995328326883208,-0.30956165203332275,-0.31375538532281066,0.001932608411982395,-0.019400883938630153,-0.04364816902269408,1.029953779136661,9821612.305639172,0.36571920656916346
BR,"Broadridge Financial Solutions, Inc. Common Stock",N,N,168.65499877929688,-0.05929494190049589,-0.006069348879921277,0.1713521747004927,-0.02341572397155578,-0.3230143980286584,0.25290743675370053,-0.04118573255857283,0.04490871281458886,0.7404667672805756,197074134.2351822,0.345988938387809
BRBR,"BellRing Brands, Inc. Common Stock ",N,N,9.640000343322754,-0.06498545577351722,-0.1653679494260326,0.09421111057587961,-0.4456583851830923,-0.7467822321881092,0.22025319328485327,-0.08142357580130477,-0.18332765354187652,0.5663812733272339,28483911.2141212,0.6235087403317622
BRBS,"Blue Ridge Bankshares, Inc. Common Stock",N,N,3.9800000190734863,0.02051280044866699,0.06702412834359683,0.20606062926755708,0.18546917496655047,-0.004999995231628418,0.22839506399956733,0.018032988263786853,0.08075815610685066,1.562061151698594,5494761.732258558,0.2660004617381634
BRC,Brady Corporation Common Stock,N,N,87.55999755859375,-0.03130879356304961,-0.07889754042311115,0.06258175948210942,0.05221657280910996,-0.10871336051926483,0.23733268243078465,-0.04951099876216236,-0.058747802872048394,1.0521717628068454,18818561.91328125,0.21425315366870323
BRO,"Brown & Brown, Inc. Common Stock",N,N,67.25,-0.06662044203259343,-0.0564714337384824,0.12361525377990068,0.00780084247589552,-0.29240848808750874,0.23953075366817544,-0.05880870632100332,-0.04041699235303764,0.6221899644981658,113334864.01461335,0.3588135234784159
BROS,Dutch Bros Inc. Class A Common Stock,N,N,45.04999923706055,-0.027207991769941264,-0.0911841937783111,-0.31628472219809933,-0.11977336912003322,-0.38548628103480864,0.0,-0.08478675822244885,-0.2274979968178633,0.9610171501213899,185396185.58309174,0.5815621632573095
BRX,Brixmor Property Group Inc. Common Stock,N,N,29.145000457763672,-0.00393027239298005,-0.015704158831571502,-0.09652239404826224,0.006863968956666078,-0.10844289745698898,0.22051351849380185,-0.0097596843756238,-0.0481002613846474,0.949444675344763,63102138.130691335,0.17131358330557128
BSAC,Banco Santander - Chile ADS,N,N,35.54999923706055,0.01950101307729013,0.014844432654419482,0.09350972231560473,0.20106331364923724,-0.016597572987343656,0.46283954515376924,0.0127627934886414,0.032553743181507944,0.9854420531439676,10007740.812425232,0.22903123433759326
BST,BlackRock Science and Technology Trust Common Shares of Beneficial Interest,N,N,50.5,0.002779971960914951,0.029659062917502865,0.07340528844356764,0.3592528636850787,-0.007078265946349416,0.477297095103036,0.010078804518547146,0.04893289806845624,0.8422260601868086,3790410.3970596315,0.2529599155711754
BSTZ,BlackRock Science and Technology Term Trust Common Shares of Beneficial Interest,N,N,31.40999984741211,0.011594222840491275,0.05171715024829959,0.03831351698982832,0.48510050966138163,-0.00946071415080696,0.6125945011596112,0.015390182795329332,0.06079758539463587,0.6584329992416383,4460635.234192276,0.3366365139871049
BSX,Boston Scientific Corporation Common Stock,N,N,45.900001525878906,-0.0453411027902193,-0.10334044232753625,-0.02153055478189092,-0.3560605736260133,-0.5753538432696865,0.0767065535029845,-0.06280623444259847,-0.02234752575591792,0.9294092962017056,927582217.6375904,0.3618479954281747
BTE,Baytex Energy Corp Common Shares,N,N,4.949999809265137,-0.0100000381469727,0.12499993226745065,0.07050167207525537,0.20269431093921098,-0.06632937523165472,1.2565503017547721,0.04463434318189341,0.12556273382198113,0.8194501842230751,61539896.87177501,0.417187382131572
BTG,B2Gold Corp Common shares (Canada),N,N,5.570000171661377,0.07115391845534091,0.09861932604948143,0.3230404088340595,0.2169240363274807,-0.09510111570609014,0.5260274044186473,0.022018389063304777,0.22100929392921276,1.2409598223738039,162296248.7117412,0.6655249183239275
BTGO,"BitGo Holdings, Inc. Class A Common Stock",N,N,7.650000095367432,0.10389614500198618,0.5423387170427174,0.5361445915798793,-0.2410714133661619,-0.5862628345016574,0.63113006439945,0.14882115600507761,0.3414933700938163,1.052792356079452,12249407.242987657,0.8197673516728613
BTI,"British American Tobacco  Industries, p.l.c. Common Stock ADR",N,N,54.89500045776367,-0.018329716465385393,-0.03370886937573059,-0.10689164683604724,-0.027925271864410406,-0.16553948971617993,0.13553173818781517,-0.022189754769849523,-0.0643753663253499,0.8459949323412409,242834042.0514822,0.28491563460795877
BTU,Peabody Energy Corporation Common Stock ,N,N,29.889999389648438,0.027147731883940596,0.2282719610200188,0.09423795363468801,-0.1705233975761301,-0.23856149001445037,0.6414354414193528,0.08350096283026498,0.20696064552099447,0.8204608222834296,56146332.37537308,0.48806229537137874
BTX,BlackRock Technology and Private Equity Term Trust Common Shares of Beneficial Interest,N,N,9.010000228881836,0.011223387562545373,0.053839257798186546,0.015894224598746565,0.43219654825240683,-0.03188090243574282,0.5457685276392266,0.006336895121322961,0.05138885005333438,0.6141486586509763,3936820.9890317917,0.3516659519177899
BTZ,BlackRock Credit Allocation Income Trust,N,N,9.96500015258789,0.0015075722221407073,-0.018869448132491806,0.00733793607677824,0.028976010786608164,-0.03439918146648502,0.06595150698296748,-0.014330759851157504,-0.009288292269565956,0.925041072516843,2892410.4406614304,0.08401713496957937
BUD,Anheuser-Busch Inbev SA Sponsored ADR (Belgium),N,N,77.875,-0.01585994309337302,-0.0339288002684911,-0.060728542271315966,0.13014684267488952,-0.09950281016315066,0.3642529347912744,-0.014168749361293531,-0.03527278401623579,1.3397120925386858,179094755.4241089,0.2348747526924863
BUR,Burford Capital Limited Ordinary Shares,N,N,4.409999847412109,0.047505892506634284,0.01612896137399411,0.032786854124345455,-0.45621466269038635,-0.6561603263585185,0.12499993917893515,0.02106965537612915,0.03740292485563068,0.7254012114366666,5576188.2818899155,0.38988977935650876
BURL,"Burlington Stores, Inc. Common Stock",N,N,252.0749969482422,-0.03843218456156261,-0.2975085517344961,-0.2552075997738571,-0.16095262425986512,-0.32272496495139935,0.03978469893929293,-0.168188056272787,-0.23498677026201187,2.240717914432304,461419626.8853737,0.36767850578782113
BVN,Buenaventura Mining Company Inc.,N,N,35.369998931884766,0.058348320460156256,0.01637930193450088,0.058348320460156256,0.06861911781841123,-0.1665406264604251,0.8569984126845838,0.022771611190917085,0.09131633945940587,0.9825172970928148,39180684.437822916,0.4575673630149861
BW,"Babcock & Wilcox Enterprises, Inc. Common Stock",N,N,7.619999885559082,0.1140350461360855,-0.17083784184011208,-0.5261194078536504,-0.46224418881216867,-0.6512585925617944,2.791044737170797,-0.06606203590617676,-0.19628732385896408,0.9094226895662056,41834890.97350178,0.9261729658287554
BWA,BorgWarner Inc. Common Stock,N,N,65.81999969482422,0.03588288867556044,-0.05288663897652601,-0.11428182176767077,0.2709210678574929,-0.14325765035863947,0.6262290625924538,-0.00336745728945953,0.011813404545919726,0.6173855566698058,111946779.83758011,0.3426827682682949
BWLP,BW LPG Limited Common Shares,N,N,23.90999984741211,-0.012391542685061707,0.12359018213834383,0.11002780088910424,0.6188103782269894,-0.03821402814221486,1.1417820303020259,0.004242082251106893,0.09080456642351775,1.37209645120085,10563041.296476554,0.4397340957417096
BWXT,"BWX Technologies, Inc. Common Stock",N,N,160.26649475097656,-0.007883487607310502,-0.0541562516969305,-0.1702292402960851,-0.23086389277346087,-0.3258364763242283,0.07187326224879564,0.002855197342550797,-0.055066325068930055,1.0063814556787565,169242123.31623077,0.4132911797304914
BX,Blackstone Inc. Common Stock,N,N,131.93499755859375,-0.0345749010456502,-0.10351974451248136,0.08543729455021842,0.18484828885083648,-0.2723820667111774,0.31723280765084994,-0.06540932858329018,-0.005939999446273658,0.6429304885755163,439863949.029422,0.3613118558581083
BXC,Bluelinx Holdings Inc. Common Stock,N,N,79.5199966430664,0.06352815585475202,-0.11526480782082571,0.44424254739740454,0.6691855092749033,-0.1300733677135988,0.7538596465692251,-0.03339130444137195,0.13529607649456588,0.7928775885133869,10896583.448669434,0.7750291891669
BXMT,"Blackstone Mortgage Trust, Inc. Common Stock",N,N,14.010000228881836,0.014482244981038672,-0.0430327936930861,-0.21576920711629965,-0.21830294548811668,-0.2879090612966647,0.020393350035021296,-0.00757949838419858,-0.08652277355985138,0.7709751240613831,25566146.833913326,0.2881818220263181
BXP,"BXP, Inc. Common Stock",N,N,65.52999877929688,-0.022815371831173104,-0.029041326811551693,-0.0008881229176076477,0.26823965639846814,-0.13278955157137662,0.3052288719432068,-0.037865786729493256,-0.04429524738563728,0.7416460798143146,74648834.55706482,0.28236611919736726
BXSL,Blackstone Secured Lending Fund Common Shares of Beneficial Interest,N,N,24.420000076293945,-0.010534855172887103,0.0,0.0569560808615861,0.07076047660003804,-0.05563300022740436,0.10810732214203567,-0.010454651806562243,0.017864738302329153,0.7264061987433916,31430633.49929123,0.19120377889270773
BY,"Byline Bancorp, Inc. Common Stock",N,N,38.040000915527344,0.009822213022751214,-0.019081946546233186,0.07837139280167849,0.2768364540647765,-0.043018844892393826,0.5008646714654805,-0.011652803268037526,-0.006330367854061381,0.9688182701445239,9909100.184465408,0.17377608754808116
BYD,Boyd Gaming Corporation Common Stock,N,N,75.80999755859375,-0.007592640865150768,-0.07964070619459207,-0.1312171017342052,-0.07030770344885273,-0.16929656164782214,0.0,-0.0527775911885745,-0.09871675777403421,0.8675267370281582,59969244.80561981,0.2279286239626657
BZH,"Beazer Homes USA, Inc. Common Stock",N,N,33.25,0.0015060010816734248,0.0024118732430196133,0.21483372234091958,0.6591815609268419,-0.02406808635659574,0.8441485709220005,0.00207950494309439,0.025658428949836498,0.7382178191619985,18216528.38182373,0.36707616815699756
C,"Citigroup, Inc. Common Stock",N,N,136.27000427246094,0.028142531879231436,0.0036826985657052447,-0.020504646920776803,0.2663174338534722,-0.05977320029811539,0.48145184949013964,0.010346702360053417,0.011296769060403555,0.6728247711928759,1074504488.1463783,0.27357149542058995
CAAP,Corporacion America Airports SA Common Shares,N,N,24.239999771118164,0.049805093587294014,0.02021182851711134,-0.046953119996664405,0.015277323192229852,-0.17004845020091253,0.44019608098670115,0.03418518801390169,0.011365521096622588,0.9861888182157124,5442233.6975188255,0.3170013022966175
CABO,"Cable One, Inc. Common Stock",N,N,23.094999313354492,-0.032467595250566195,-0.31853054797018476,-0.5086170358860747,-0.757175910365404,-0.8706017488446691,0.026900824739592544,-0.14099478457387116,-0.35035346316773675,0.9824683647475057,7570506.709299373,1.37774539051548
CACI,"CACI International, Inc. Class A Common Stock",N,N,615.2000122070312,-0.022654353362959845,-0.0784486938337734,0.18444355658442868,0.010628738432266749,-0.09540054589523594,0.39577093787198403,-0.03714472321585116,0.10013678891309086,0.7893770840699837,152647662.97139588,0.5967238701017683
CAG,"ConAgra Brands, Inc. Common Stock",N,N,15.345000267028809,-0.04748605303163045,0.027796379998006993,0.1295653773279597,0.022595625255007024,-0.20521536696998466,0.23372241780595315,-0.03248687213750767,0.023331389836293015,0.5555997840224017,148646409.41746992,0.351994835311725
CAH,"Cardinal Health, Inc. Common Stock",N,N,239.4550018310547,0.00043867025218990996,-0.0033505065103892617,0.07204040286182156,0.13540368563409566,-0.03682474058493557,0.6406409874547274,0.010871554018957674,0.021866599122036146,0.6405642906095734,358967281.6915161,0.2289744778024574
CAL,"Caleres, Inc. Common Stock",N,N,13.020000457763672,0.1090290214310281,-0.07985860008694279,-0.11065572729292716,0.4865020536163618,-0.15555545933989945,0.4865020536163618,0.010673434910413615,0.023440114971181814,0.9541630855147089,5908114.061376572,0.6532673468190806
CALX,"Calix, Inc Common Stock",N,N,34.73500061035156,-0.07864721730994229,-0.12329627595224213,-0.09520705489467696,-0.3189215566597733,-0.492326782520769,0.0,-0.09627228839118196,-0.08831780057619054,0.7681113063992883,29756642.973869324,0.35295985519323747
CALY,Callaway Golf Company Common Stock,N,N,15.649999618530273,0.007726972802473142,-0.07176755326321771,-0.0995396792734955,0.14988978789960328,-0.20396745981713127,0.8653157304082169,-0.015754240361531724,-0.10175174692008915,0.689110492272947,23803508.060869407,0.3516734574933192
CARR,Carrier Global Corporation Common Stock ,N,N,59.060001373291016,0.031615744511633403,-0.0716755365474927,-0.1521616606306112,0.03252045370484846,-0.22010025611088058,0.18623231978679078,-0.015486157961665858,-0.07843257113346258,0.8387695687583343,288239325.345006,0.3430359630413004
CARS,Cars.com Inc. Common Stock ,N,N,11.239999771118164,-0.030198479453132365,-0.05227655172907353,0.18565404154720588,0.41206026598647494,-0.18491662057932357,0.48284958895126784,-0.060828894782745335,-0.04799012341511433,0.7041320305113458,5737425.610547924,0.4507377430934966
CAT,"Caterpillar, Inc. Common Stock",N,N,819.0050048828125,0.051138447958863686,-0.028890036846745404,-0.09888931374962617,0.18521158489562461,-0.22948230423675753,0.9765538490137284,-0.003321930199717049,-0.052573615488264336,0.6734096053955638,1938195786.6564758,0.4298871463004384
CATX,"Perspective Therapeutics, Inc. Common Stock",N,N,3.0899999141693115,-0.0032258034744817587,-0.0283019341819285,0.04745758109242093,-0.36419756599166087,-0.4530973695552899,0.5073170663628244,-0.03028403426818349,-0.012274674609282443,0.5397919777518246,3126871.830473113,0.6142866984774438
CAVA,"CAVA Group, Inc. Common Stock",N,N,58.09000015258789,-0.04895221985646048,-0.04472950434593814,-0.3615781787404766,-0.3467896103312279,-0.40353218485837405,0.3326451009232023,-0.13602830687409528,-0.13583552021798861,0.6088679828136537,190543563.0915184,0.5913565378394988
CB,Chubb Limited  Common Stock,N,N,334.67498779296875,-0.012000361807277815,-0.03571331221274643,0.01991519733286018,0.02359653012683327,-0.0792985205145289,0.2554446028828463,-0.020165433587649106,-0.03735998605816393,0.8028785359674279,561514528.5002136,0.24054527494311437
CBAN,"Colony Bankcorp, Inc. Common Stock",N,N,20.975000381469727,0.0002384868039575494,-0.04918400320669758,-0.0014607245164545146,0.1120822514482327,-0.05814997977885039,0.3493417552408289,-0.024883467872781506,-0.012417365081662801,0.3834589592861004,2496603.1776592257,0.26229962573733034
CBL,"CBL & Associates Properties, Inc. Common Stock",N,N,55.689998626708984,0.03513010067751998,-0.021437378737905632,0.12052309400035632,0.5133812568690874,-0.07260617261857916,1.0679897648750099,-0.0024272190800914695,0.002148599385412231,0.7239179024508314,10838007.849281883,0.31393779719890963
CBOE,"Cboe Global Markets, Inc. Common Stock",N,N,290.3399963378906,-0.056173197625577265,0.029768694812429164,-0.012761443298690889,0.016680362949719862,-0.20437207029191962,0.2583453561695799,-0.02684593243427824,0.016022844944253656,0.734749489227382,284506910.77154845,0.43328404115033853
CBRE,CBRE Group Inc Common Stock Class A,N,N,140.4149932861328,-0.028000922329640687,-0.047775756862703744,0.05250722908130001,0.0485773239200058,-0.18177849317213424,0.12656445742725597,-0.054455638458096534,-0.031390280984190055,0.8705111734791329,198744461.7348358,0.35051349166071644
CBT,Cabot Corporation Common Stock,N,N,80.07499694824219,-0.007129628850065295,-0.07420881940518587,-0.08128559216415243,0.1918435471630664,-0.13784454194271678,0.39710324032525457,-0.041180788135508184,-0.06820249655561494,0.576243576593367,26327667.730293274,0.3616446976317792
CBU,"Community Financial System, Inc. Common Stock",N,N,62.61000061035156,0.010816951864665914,-0.03498761928425975,-0.047176967239581424,0.13392959479419342,-0.11804475990405383,0.19385815560637765,-0.015728530982492384,-0.043675352472286044,0.576478649681008,10869482.452787781,0.22868127284155504
CBZ,"CBIZ, Inc. Common Stock",N,N,54.689998626708984,0.005146090426063399,0.0016483544890673052,0.5510493825891627,1.0731614998701802,-0.056092510822080444,1.1754176592871342,0.0004481643902405352,0.12479944595111547,0.7570216891927015,52088862.42833996,0.5591983250336772
CC,Chemours Company (The) Common Stock,N,N,15.149999618530273,0.0033112076687034087,0.02958592383698888,-0.3073694645216384,-0.19600413306208764,-0.45268425412188973,0.4666122585389294,-0.025861686793959726,-0.0880093745403212,0.5782895447415856,28102084.0293849,0.6258548981161973
CCI,Crown Castle Inc. Common Stock,N,N,75.92500305175781,0.0011208691715709485,0.03102938187192028,-0.16654778322796304,-0.09538380986014394,-0.2041000240410108,0.03144956421968437,0.004667749082330586,-0.0038899417019230276,0.6233546520701821,176043148.66401976,0.33243361584256254
CCJ,Cameco Corporation Common Stock,N,N,101.20999908447266,0.05142319591097433,0.025118967317090624,0.0024762282316468376,-0.07486290975479448,-0.24520842830485534,0.3103380597494061,0.010039509320993067,0.06202805316138105,0.8027565886936763,259161227.1228939,0.427738858968638
CCK,"Crown Holdings, Inc.",N,N,112.93499755859375,-0.03193044733912942,-0.05895345764268434,0.1446139694468369,0.12054128930465069,-0.07270714582780369,0.26742007182090677,-0.03752204790347702,-0.029540129036106033,0.6219936608342269,84780771.72301635,0.24078542346607387
CCL,Carnival Corporation Ltd. Common Shares,N,N,22.934999465942383,-0.012699099531086167,-0.17291742356470463,-0.2098999179644675,-0.03988696027728311,-0.3143996907412233,0.0,-0.09728715968741952,-0.13488498502056212,0.9315782547247609,443319657.35970974,0.36845342067587794
CCS,"Century Communities, Inc. Common Stock",N,N,61.97999954223633,-0.04440334629993192,-0.12119439180475167,0.03685891770200356,0.11147652545209508,-0.1591139161892341,0.29400574938983914,-0.08477013186981441,-0.08318271386987985,0.9383270862580232,16433753.053437233,0.4257730123861052
CDE,"Coeur Mining, Inc. Common Stock",N,N,21.184999465942383,0.04876231018813071,0.1402044969285836,0.23168596082794002,0.10118326945231537,-0.218829096163211,0.5346447148941991,0.030210909189260837,0.19258718886103487,0.7811055417763411,723534279.7775743,0.7107286157352518
CDP,COPT Defense Properties Common Shares of Beneficial Interest,N,N,35.415000915527344,-0.002956068155493985,-0.02679303353872664,0.034366693941290105,0.13917699458402466,-0.07653188201752636,0.3357969194669779,-0.0305161945737622,-0.042136240872719166,0.7915557252098782,25242790.944877625,0.1788071920572148
CDRE,"Cadre Holdings, Inc. Common Stock",N,N,29.389999389648438,0.033040372636245374,-0.1366040364516503,-0.031646644333556795,-0.08174609086580487,-0.3578001396526621,0.08057504444125141,-0.07266590851770272,-0.04898355368953111,0.72940082350155,9264227.600964736,0.5120247814171173
CE,Celanese Corporation Common Stock,N,N,44.150001525878906,0.0004532167976338819,-0.015388015708317604,-0.1738995065520399,-0.26197607377396503,-0.3619316301722747,0.24473967942757913,-0.021194484588463625,-0.03001993308434925,0.7917758665409578,58522993.20637779,0.4006121322708476
CF,"CF Industries Holdings, Inc. Common Stock",N,N,137.59500122070312,0.014712352709368881,0.17405725553482854,0.2632804542047096,0.09578310522508415,-0.012027019461282706,0.8348001002713512,0.08017199354148286,0.1277236495789913,0.9756037234729277,316315414.5791977,0.3740654616179096
CFG,"Citizens Financial Group, Inc. Common Stock",N,N,69.30000305175781,0.016725342259366283,-0.05055480093174991,0.03104126280871511,0.24053919325871842,-0.07266158251379196,0.47519636310661917,-0.023255781443818013,-0.027376532990836977,0.6805383002031539,196796244.433609,0.23989666147044292
CFR,"Cullen/Frost Bankers, Inc. Common Stock",N,N,162.8800048828125,0.02880240871424089,-0.012564098436994353,0.10759622189934137,0.27595816957775954,-0.03619340917075464,0.39901921247351413,-0.003455202359363807,0.007192448737447732,0.7698267846846879,72970375.21416931,0.17601946601214805
CGAU,Centerra Gold Inc. Common Shares,N,N,23.339000701904297,0.0715794291142835,0.07905752250667719,0.449440342397164,0.34627573001910106,-0.03756698136477121,1.6588016013183235,0.0249080935991961,0.20839282238152412,0.8207818539322074,33560179.81278324,0.5289296547381984
CHCT,Community Healthcare Trust Incorporated Common Stock,N,N,14.779999732971191,-0.007387549215261857,0.0031388801381329046,-0.1559295069922776,-0.04593934783249731,-0.2051891591944579,0.24131479487847574,-0.0034519710491182076,-0.099070149795348,1.250666839977966,5232519.824954415,0.35517015430836757
CHD,"Church & Dwight Company, Inc. Common Stock",N,N,94.66999816894531,-0.047872896727555236,-0.07609785633255572,-0.02666397458777936,-0.004922944913682614,-0.09492047375845558,0.17232340161800952,-0.050467681313053014,-0.043356094955529834,0.8629865080602206,158956757.1375084,0.2367501368143983
CHE,Chemed Corp,N,N,512.4149780273438,-0.005347758942106262,-0.04477604298401816,0.22365071720018959,0.3407545838568198,-0.07170173204650931,0.39393510720617897,-0.031848417253264594,-0.01074163373765502,0.785758036246834,74612699.83065185,0.2299117861762448
CHH,"Choice Hotels International, Inc. Common Stock",N,N,99.43000030517578,0.013350973521445209,-0.031179937970188476,-0.09008428064372864,0.027109163452867735,-0.18340135038242789,0.18805313001783652,-0.055166752026160615,-0.07794691517044039,0.8487865230751915,46237681.87280121,0.33951939206392184
CHPT,"ChargePoint Holdings, Inc. Common Stock",N,N,9.239899635314941,0.7433772269419103,0.47366820788244524,0.2941036145793299,0.7433772269419103,-0.25122370169686015,1.0487581300202704,0.4130458268276198,0.5199708315813738,4.149214489549125,31337273.521255445,1.7498576614663857
CHT,"Chunghwa Telecom Co., Ltd.",N,N,44.45500183105469,0.028098984861810283,0.04871437771028897,0.002589320012061691,0.07264024635281885,-0.001310919469849292,0.13424986057430743,0.029354767661620595,0.04174194793060937,1.0010660286003208,7747076.125674439,0.10697640261043197
CHWY,"Chewy, Inc. Class A Common Stock",N,N,21.65999984741211,-0.086846523000639,-0.03604804141943074,0.12169862488160565,-0.10974106389915839,-0.4855106738132893,0.23700739944509341,-0.07188002037763486,-0.03236182633773821,0.9021030005960924,155271253.83968487,0.482659148165082
CI,The Cigna Group Common Stock,N,N,275.5199890136719,-0.021232979629218884,0.011610579678527522,-0.0703027357275734,0.05307986211877602,-0.09400493607725757,0.15283524456558184,-0.007616288397626847,-0.02210233070323453,0.7739930869715929,366160400.99269104,0.28017503135623106
CIEN,Ciena Corporation Common Stock,N,N,340.6400146484375,-0.054644277905189664,-0.12099704352840002,-0.23619891865763443,-0.11581787360783258,-0.45671449019387955,1.787789572324336,-0.11541374447494279,-0.14671387045565065,1.0099832470424008,896833184.1105102,0.7776953303653842
CIM,Chimera Investment Corporation Common Stock,N,N,11.628999710083008,0.029115001220787473,-0.022773102280211344,-0.09998162156816004,-0.04680716212765135,-0.13804691289501647,0.09453427164567874,0.0015545467612883002,-0.05126545866165888,0.8629831270758108,7968488.899058819,0.20902202810922246
CION,CION Investment Corporation Common Stock,N,N,7.25,-0.022911061259564658,-0.01664708608245702,0.06890577698420186,0.161195728969872,-0.20764900142842924,0.2429181708892807,-0.01663752068625568,0.08190898149742942,0.6105850088193745,2808984.26381464,0.46544010519179096
CL,Colgate-Palmolive Company Common Stock,N,N,87.67510223388672,-0.021810722742789168,-0.05021011209284276,-0.014223217742239225,0.013776705284879842,-0.10504598498279483,0.19057138615370284,-0.03263870862651541,-0.04206070165068987,0.8313391238551154,348527363.97383654,0.21508463860174537
CLB,Core Laboratories Inc. Common Stock,N,N,12.760000228881836,0.02986278251061414,0.02654866577667292,-0.029540073033477277,-0.20417263891735649,-0.3498712699604932,0.2939466318566746,0.02799598629310518,0.08885994734352876,0.4675658285116253,5510915.977447033,0.47521643060823693
CLDT,Chatham Lodging Trust (REIT) Common Shares of Beneficial Interest,N,N,12.529999732971191,-0.04204894449105068,0.006425696781659385,-0.01829629949536471,0.6543375491984362,-0.09137057522605851,1.0796618826915982,-0.048559192327831235,-0.04694537285128997,0.6124176517426368,3277592.218253231,0.2861653187649588
CLF,Cleveland-Cliffs Inc. Common Stock,N,N,12.366000175476074,0.0715771417983968,-0.003545501408302676,-0.10261245173407818,0.5117359063729692,-0.2357231185267441,0.5813299110003587,0.04607785474951198,0.11249857631193261,0.5014393801018675,158346368.59973446,0.6451182762854758
CLH,"Clean Harbors, Inc. Common Stock",N,N,319.29998779296875,0.012846908145816904,0.024875622865214275,0.10952807404049314,0.09725081715796824,-0.021572619427355444,0.5828086777150498,0.006639430592026319,0.028724342356940102,0.7324398650390391,130793418.86714783,0.23979779265692863
CLM,"Cornerstone Strategic Investment Fund, Inc. Common Shares",N,N,6.630000114440918,0.0091324111433575,-0.10733361838836053,-0.07283708444145942,-0.01685738698410555,-0.11560115553513917,0.03555789947681087,-0.028685267472354337,-0.06753497041121903,1.0195239838032257,18183195.128468372,0.20067640128267303
CLS,"Celestica, Inc. Common Stock",N,N,342.010009765625,0.1689053421042559,0.10190735351897029,-0.13001115686401765,0.2501280303823823,-0.2760160580345633,0.46364536502606124,0.09236964482793542,0.04515107588510814,0.8550588883460144,702405633.8356018,0.8188117166440877
CLW,Clearwater Paper Corporation Common Stock,N,N,20.299999237060547,-0.022628849799925854,-0.10454348616044828,0.14818998227719304,0.5736433982447957,-0.1291291419066597,0.631832791141868,-0.03923521034002686,0.04956204119067764,0.6363668921478048,2834243.3984493255,0.6287783913699647
CLX,Clorox Company (The) Common Stock,N,N,89.6449966430664,-0.05607038548164078,-0.16219629305545413,-0.06329013314970022,-0.14912013208609498,-0.27779592686198384,0.05309154963407825,-0.11598154311922193,-0.09363908847132785,1.2211099260767961,275360643.26819384,0.3303983169051769
CM,Canadian Imperial Bank of Commerce Common Stock,N,N,115.15499877929688,0.024328417140172753,-0.03198554416996824,0.021711026610822026,0.21181949845194636,-0.06937933758431314,0.4969259830918409,-0.020813721295755427,-0.021350886600531527,0.828465369022954,129668970.81034394,0.22072803454570317
CMBT,CMB.TECH NV Ordinary Shares,N,N,19.450000762939453,0.06458676932732921,0.19325163639988974,0.2548387588993195,0.6071118633890569,-0.002052283665902599,1.2795658734923228,0.07419990628378215,0.17524083076964425,1.2271945258023347,19651933.097733308,0.3742684688871253
CMC,Commercial Metals Company Common Stock,N,N,69.83999633789062,0.04021443212372855,-0.03053865282728685,-0.09893251759475241,0.1437445298019202,-0.15521526116196072,0.2767893992397623,0.012562741865915106,0.02755792677833746,0.629978356245544,67953968.43753357,0.4072278965908643
CMCL,Caledonia Mining Corporation Plc Common Shares,N,N,26.475000381469727,0.05604310744908281,0.16214042093846648,0.31935763780801385,0.135877756025796,-0.2899257887971307,0.5857436753726186,0.06942857569027461,0.24890095699066728,0.6334199708167176,4384495.7634902,0.4656242585910939
CMG,"Chipotle Mexican Grill, Inc. Common Stock",N,N,36.310001373291016,-0.03199138901462739,0.13468754291534424,0.1265901920261583,0.11243878836610799,-0.14282339825042645,0.2885025188101935,0.0049542339531527535,0.03712636340571218,0.589501339839049,487278384.29060763,0.5039302992221696
CMI,Cummins Inc. Common Stock,N,N,557.030029296875,0.01066861040070477,-0.11667051885267576,-0.15233422536085128,0.03233905552940697,-0.23156808481329882,0.4316198976840677,-0.04685267638963864,-0.10988543578979637,0.950540068547459,515363480.08117676,0.35913782142787576
CMP,Compass Minerals Intl Inc Common Stock,N,N,26.05500030517578,0.06651657714698134,-0.03428462760395867,-0.17180543345802435,0.14376644072931044,-0.2224708561553974,0.5752719989704469,0.028754187442339152,-0.05955263575161707,0.7496275167300969,9968201.159104537,0.4900632666007672
CMRE,Costamare Inc. Common Stock $0.0001 par value,N,N,14.759400367736816,-0.039726709327822185,0.05499646956442783,-0.10336745163676897,-0.10870154899023421,-0.1634434532889284,0.37835583604957757,-0.02500795659401167,-0.01669299655307166,0.8649350522501063,5286583.879597378,0.3213052540444797
CMS,CMS Energy Corporation Common Stock,N,N,68.7300033569336,0.011330257251826126,-0.012783673578526722,-0.05824832274331526,-0.09882831201824471,-0.12656016259208802,0.016991287830338653,-0.007085994284079522,-0.04081558842294364,0.730417628433597,217093216.7324871,0.17569678219575105
CNA,CNA Financial Corporation Common Stock,N,N,47.63999938964844,-0.021364028533433888,-0.054597295014586544,0.06588293632589282,0.06124796446434666,-0.13048933203608615,0.17319092819175763,-0.033016000194782236,-0.05960466694468869,0.7311853534396738,16211528.341201782,0.2335233203913366
CNC,Centene Corporation Common Stock,N,N,63.209999084472656,-0.03096741021777405,-0.025739800241087907,-0.0303728069148832,0.7480641413497255,-0.08018047203658196,1.0350933731915575,-0.03498394474366906,-0.03471720557029623,0.8338847525312525,237010073.189135,0.3777441507445218
CNH,CNH Industrial N.V. Common Shares,N,N,13.770000457763672,0.10160003662109385,0.29539043363292583,0.2990566002087647,0.3738058674765512,-0.043749942878880566,0.5079083539102729,0.16384232355188377,0.2357977900072834,1.8816174325352437,288506011.02340186,0.5112687364802092
CNI,Canadian National Railway Company Common Stock,N,N,121.45500183105469,0.014044516715760347,-0.0330120801889251,0.0263172807619092,0.22374095974419705,-0.06485495672369135,0.35902815275178157,-0.028146063596420468,-0.029352459428199862,1.0701570928813822,163882959.02786255,0.1981370680366592
CNK,"Cinemark Holdings Inc Cinemark Holdings, Inc. Common Stock",N,N,35.790000915527344,0.029039740416313187,-0.0213765974244694,0.0614300365023992,0.3516908248056072,-0.06572047735803621,0.6465735324017332,-0.018822972397793958,0.040876228824510585,0.8334807863284888,74053834.39631157,0.3462855347898133
CNM,"Core & Main, Inc. Class A Common Stock",N,N,42.189998626708984,0.002852363507374278,-0.0952177212031472,-0.1270433058498337,-0.11514265191543727,-0.28600442515210855,0.002852363507374278,-0.04714587586663688,-0.05696649986800173,0.9235087516899629,86311722.91374016,0.31978851029121036
CNMD,CONMED Corporation Common Stock,N,N,46.08000183105469,-0.06188919313792485,-0.07059297843365053,0.32528044936409106,0.2552438839625384,-0.14422052531031193,0.43506698708063873,-0.07388980418163316,0.013754364211633341,0.4240144331602214,14289270.576573182,0.5778434191275018
CNNE,"Cannae Holdings, Inc. Common Stock",N,N,15.4350004196167,-0.00032377985119591557,0.04009435720423826,0.0818567745746892,0.3720647064189291,-0.18369683589658337,0.4662005861442855,0.0030380521983492947,0.028540610500394692,0.8635233807227112,7109812.190559101,0.2884143979433836
CNO,"CNO Financial Group, Inc. Common Stock",N,N,54.70000076293945,0.0029336238490336175,0.00128134163382021,0.08617950953113773,0.36642429041696634,-0.03612333457375416,0.43844383827464717,-0.0012415875609887994,0.01373266271560114,1.1359755288841613,42715161.37606373,0.18455464706169886
CNP,"CenterPoint Energy, Inc (Holding Co) Common Stock",N,N,40.130001068115234,0.016721556295922202,0.004724282055254214,-0.058978528817434595,-0.06104916152281237,-0.10368954125157359,0.09334912408611196,0.008844068099570501,-0.03342318500626762,0.8116529192757851,201336732.7519411,0.19120271644189457
CNQ,Canadian Natural Resources Limited Common Stock,N,N,51.654998779296875,-0.0029917504320710053,0.08496110306845561,0.1524763045719979,0.07294026665335496,-0.0029917504320710053,0.7613294536789295,0.032640446962965086,0.11257091649037476,0.7389226611144987,294115039.9990097,0.32221107405200594
CNR,"Core Natural Resources, Inc. Common Stock",N,N,100.58999633789062,-0.006420402406107861,0.07425294605078858,0.0924349611482036,-0.007317126792953599,-0.109802906676013,0.399957463567163,0.031082367652165876,0.1298782199137285,0.7209492242358804,45713090.19317474,0.3913162227541099
CNS,Cohen & Steers Inc Common Stock,N,N,78.7699966430664,0.016518245123030795,-0.06570989296586272,0.030582562067285712,0.2679068021895177,-0.0803269674284095,0.3669753078859843,-0.03398887002783313,-0.02369045859788621,0.7907126507282858,17862397.954621125,0.2748700184923515
CNX,CNX Resources Corporation Common Stock,N,N,36.720001220703125,-0.02236422049721265,0.016329923474831087,0.10769229352937626,-0.11218567024119286,-0.13823044602861456,0.2618556955100817,0.009387430997128243,0.049526708269456154,0.7484575507532243,45994007.21227951,0.22410677956612238
CODI,D/B/A Compass Diversified Holdings Shares of Beneficial Interest,N,N,11.470000267028809,0.0043783003853612446,-0.06899346175734933,0.11575880982184383,0.9775861879024443,-0.09756095730893066,1.4666666735030414,-0.018735551393695205,0.04992404633485226,0.6120988474794514,7354790.1466189865,0.5074960003793141
COF,Capital One Financial Corporation Common Stock,N,N,213.38999938964844,0.009700024071545243,-0.02284477692826148,0.1592246198419196,0.19386460278149853,-0.16303914707206402,0.22125365160660215,-0.02052667375403172,0.0077460875675996466,0.6759255211004797,633708441.0285676,0.2975702120801307
COHR,Coherent Corp. Common Stock,N,N,304.7200012207031,0.12017057893651018,-0.07258728907651468,-0.20858114384128357,0.18471292462961197,-0.28618615857844953,2.0711549835893432,0.026454653332746103,0.002978786420564372,0.8237143174799195,2002377322.2771454,1.032116337703111
COLD,"Americold Realty Trust, Inc. Common Stock",N,N,14.135000228881836,-0.04104474570086325,-0.023825920183779936,-0.008317645123219752,0.22352988375839455,-0.13015383206881015,0.47131931232780033,-0.044754921119956714,-0.058024604262179924,0.7534355224829168,45219560.72316704,0.35878529599854714
COMP,"Compass, Inc. Class A Common Stock",N,N,10.684000015258789,0.03426912818656924,-0.15807719712027923,0.24377180738932158,0.32227724209660114,-0.21325478090701877,0.599401240990151,-0.07957649916866016,-0.0957012820459856,0.7706297108155237,110711165.95606117,0.5859146729855078
CON,"Concentra Group Holdings Parent, Inc. Common Stock",N,N,33.51499938964844,-0.011065211175971368,0.016525535851454,0.19359538003537402,0.47619039218003967,-0.05500037646147726,0.8095000360427158,-0.030775326587646812,0.022706255268666542,0.6311163289537932,25828072.16849289,0.334088803609171
COP,ConocoPhillips Common Stock,N,N,137.48500061035156,0.00950876089089192,0.09912650214403795,0.18312533611078785,0.12762280186117114,0.0,0.6556084729097711,0.04243494860754615,0.13706348833787252,0.7794536496578854,814064818.5616729,0.30048132874964156
COR,"Cencora, Inc. Common Stock",N,N,323.8399963378906,-0.02154275268608996,-0.028160711005086658,0.15194357298711458,0.00010857234249628256,-0.13069497942980168,0.28675824523613036,0.004812130540642778,0.033517132885161116,0.7655657699064877,386810694.3710556,0.2787012233761648
COSO,"CoastalSouth Bancshares, Inc. Common Stock",N,N,27.760000228881836,0.020963577919399068,-0.0028645429042906123,0.03191489512556056,0.18929205007791472,-0.00892538371856988,0.32390818225538687,0.007640793779238875,0.020094305375748744,0.7356563145797437,2562321.9862742424,0.1664760999085064
COUR,"Coursera, Inc. Common Stock",N,N,5.445000171661377,-0.1189319865846723,-0.0430579759394174,0.019662924358269995,-0.07081910450471962,-0.5488814988126083,0.06974459890595375,-0.0837574946039028,-0.0584308628817628,0.6646672832690036,24284234.557311367,0.6246096665117429
CP,Canadian Pacific Kansas City Limited Common Shares,N,N,89.73999786376953,0.008654564825241629,-0.023716278814203462,-0.0016065251727139795,0.12738703750384595,-0.07187924710053029,0.3084107856003635,-0.03523533131564793,-0.019097781954478532,0.6986086369309453,176239196.14514238,0.22320349934848302
CPA,"Copa Holdings, S.A. Class A Common Stock",N,N,128.5,0.023985992409515378,-0.03182532384002712,-0.08095486501411087,0.19540126768482513,-0.17157898102173263,0.22256701915218668,-0.009935254672893912,-0.06367224444965858,0.6563345805406119,28934917.73779602,0.3352799942422909
CPAY,"Corpay, Inc. Common Stock",N,N,406.57000732421875,0.0043477428330318535,0.0010094634095247912,0.14169785753926734,0.42197113958578614,-0.04390457938790304,0.5943921855851715,-0.011153895177266837,0.04964199272013725,0.6218118303445531,166842712.6306122,0.28830810155100056
CPF,Central Pacific Financial Corp New,N,N,37.36000061035156,0.012740613404157664,-0.026656940226119863,0.028924657799054954,0.2463323282662997,-0.058298529664168486,0.4013408441054993,-0.007180467391562306,-0.02159428927313256,0.7234855800912195,5280259.136180878,0.18165239493831958
CPK,Chesapeake Utilities Corporation Common Stock,N,N,132.64999389648438,0.002645433383623219,-0.006813444734529495,0.0800797236458981,0.04760449503411124,-0.03821058832965929,0.11498690876201034,-0.0110156903614681,0.0011894545552650904,0.7048643356515217,19229443.49647522,0.20938207287226082
CPNG,"Coupang, Inc. Class A Common Stock",N,N,14.555000305175781,-0.07879746016010503,-0.11787876938328601,-0.1346610838729928,-0.27551019439385716,-0.5659110994610959,0.0,-0.08975781652770032,-0.1205065973611128,0.7821532500559418,216578796.1937786,0.4292036162098358
CPRI,Capri Holdings Limited Ordinary Shares,N,N,12.989999771118164,0.015637201709276738,-0.16570327387762884,-0.39099860208245274,-0.2866556603951448,-0.530368769241569,0.022029876642865265,-0.059717721861843875,-0.1649417125416004,1.039372194817724,57016658.57936983,0.4181058414442941
CPS,Cooper-Standard Holdings Inc. Common Stock,N,N,25.829999923706055,0.02297029400816064,-0.05798687630065069,-0.12321789794894622,-0.11023081940234092,-0.42853983434255427,0.02297029400816064,-0.041398380767860954,-0.07253141724070344,1.026554323620652,4837021.197930145,0.6197778701069916
CPT,Camden Property Trust Common Stock,N,N,104.80000305175781,-0.010947490022060857,-0.03222825592634293,-0.08018525470177817,0.06545759615054969,-0.10869194233947932,0.10672683791710491,-0.022360673037332357,-0.05385443512408772,0.8423396701760074,87555468.17539597,0.19943336108439838
CR,Crane Company Common Stock,N,N,200.72500610351562,0.003574879337618464,-0.0888076197980815,-0.027096991774704593,0.14950535678520893,-0.11246874597507128,0.2511214686079142,-0.03672421409623117,-0.06440571648060722,0.7941421374674809,77083655.47699432,0.2981850398297576
CRBG,Corebridge Financial Inc. Common Stock,N,N,33.72999954223633,0.04849242965754752,0.010182694183974661,0.1836703576559513,0.42397175284544986,-0.02935253115866676,0.5255016085530475,0.019510635259428533,0.05036650909195717,0.6171030506093466,103932529.57732639,0.3095195960376385
CRC,California Resources Corporation Common Stock,N,N,56.29999923706055,0.05289701529623847,0.04803420981097095,-0.032074839499554586,-0.11044369121542841,-0.18566208217521873,0.3199606445549714,0.06074355085537442,0.07544841514770462,0.8117225190440974,39780386.581707574,0.2776187040972646
CRCL,"Circle Internet Group, Inc. Class A Common Stock",N,N,96.50920104980469,0.0785560731913677,0.3562281630571784,0.23984077068650045,-0.27349289588713366,-0.35865760373528033,0.9213458476871794,0.1109105708996041,0.31585062121327057,1.0122740965199735,1293408758.5158608,0.9055823267589954
CRF,"Cornerstone Total Return Fund, Inc. (The) Common Stock",N,N,6.364799976348877,0.003911644032195127,-0.10863624203776567,-0.06581643158257044,-0.017520552610568507,-0.11311527595215032,0.04175429606140102,-0.028786108385130627,-0.0652424495106173,1.0330895056143727,12345087.985369254,0.1714166893280872
CRGY,Crescent Energy Company Class A Common Stock,N,N,14.425000190734863,0.02523102371077046,0.17297058071768623,0.2580566119732264,0.17911816852905327,0.0,0.9166815453317338,0.07257314453508212,0.23445206641808958,0.8021656401323461,66626997.05744071,0.4337114407931718
CRH,CRH PLC Ordinary Shares,N,N,90.32250213623047,-0.009621653962441634,-0.10470437494096585,-0.14834245568701454,-0.1069151223368704,-0.30480352755476425,0.0,-0.04427274593133701,-0.08480972037090517,0.9601824935097237,397624998.9161724,0.31494523274230846
CRI,"Carter's, Inc. Common Stock",N,N,32.66999816894531,0.020937442779541016,-0.17151180760351337,-0.2305650666547595,-0.03950436068746377,-0.24751711445620428,0.22599765329204424,-0.06053890237991111,-0.12284914994459595,1.150510157316988,40800484.35442581,0.35267523111564386
CRK,"Comstock Resources, Inc. Common Stock",N,N,15.196000099182129,-0.05143572628190607,0.05601110053019376,0.1239644663218955,-0.2634027766670325,-0.44479358300203287,0.2274636477148677,0.052478481527343135,0.09470857654433362,1.2234466939876227,36672816.14734483,0.4797341885031856
CRL,"Charles River Laboratories International, Inc. Common Stock",N,N,279.4100036621094,-0.010377533164924957,-0.009184384176917137,0.4901072574663379,0.7784355074574405,-0.06420384410298219,0.9194201387913472,-0.031801439131093345,0.0871874586324759,0.8220668004666043,238146360.60269317,0.4369888882496718
CRM,"Salesforce, Inc. Common Stock",N,N,253.94000244140625,-0.01615583722759295,0.2859674931464107,0.5307734244120574,0.3133279465634957,-0.04130957218480591,0.6915801405613835,0.12203464724959723,0.2996863764429767,1.3359825773700416,3776759182.745346,0.622879316284664
CRS,Carpenter Technology Corporation Common Stock,N,N,454.9049987792969,-0.03837779324608437,-0.15342046183177716,-0.18948554286203956,0.1750801908024755,-0.26508555555522684,0.9619062134375782,-0.07663829428642555,-0.157932303106312,1.1180547742992764,358652212.14183503,0.4137189657891398
CSL,Carlisle Companies Incorporated Common Stock,N,N,338.32000732421875,0.01036285249351443,-0.12936989977607682,-0.012389331021380401,0.005352383942430983,-0.18430979844794693,0.15623063683125138,-0.052194355203260545,-0.04457517163638447,1.32154634140717,206360888.47624207,0.46543486376291243
CSTM,Constellium SE Ordinary Shares (France),N,N,27.368600845336914,0.017042029005024606,-0.0849682051166939,-0.23121904442686636,0.10983783514536616,-0.24291563789438853,0.9933431724557178,-0.004667036703555394,-0.04049181488345566,0.7689337694890591,36819493.02018528,0.39404089155280897
CSV,"Carriage Services, Inc. Common Stock",N,N,32.880001068115234,-0.006946527876668829,-0.022592102714694695,-0.18264022920566714,-0.2059535325060572,-0.3601507762481012,0.0,-0.03837150178325832,-0.1036184237038732,0.5887472413620602,4975296.115532875,0.39923813580915113
CSW,"CSW Industrials, Inc. Common Stock",N,N,304.5050048828125,0.012249841994791622,-0.1331805702527593,0.12028801830900404,0.19532346504626275,-0.1331805702527593,0.31887037617272074,-0.05345554957718679,-0.013242469174183813,0.8077230460527272,36882142.52618408,0.51252774048664
CTEV,Claritev Corporation Class A Common Stock,N,N,37.709999084472656,-0.04167724150553653,0.07866132929109271,0.22078341953964786,1.3163389124059548,-0.479503096302234,1.7995544422354097,-0.001932104849968086,0.1691790348517872,0.8398877344870401,4528640.896139145,0.9360062728720815
CTGO,Contango Silver & Gold Inc. Common Stock,N,N,20.125,0.0704787668463025,0.009784229394797173,0.2189581902484925,0.025738997918734796,-0.3919939296754188,0.35704653429092614,0.01121760687954465,0.11979123134712544,0.593085444561397,6608651.430747223,0.5930998485464514
CTO,"CTO Realty Growth, Inc. Common Stock",N,N,21.399999618530273,-0.004651180533475685,-0.007881320292032146,0.022455771930316892,0.15560748231481525,-0.050155394304316814,0.4881714728082316,-0.014120210079955897,-0.01684233550345693,0.7833683168610924,7111910.44475441,0.17790261394383491
CTOS,"Custom Truck One Source, Inc. Common Stock",N,N,9.350000381469727,0.0541150509699686,-0.12124059400642606,-0.1228892574759658,0.48412699974523266,-0.21888052022653948,0.7509363509921427,-0.032391548931526626,-0.07938004284452438,0.8965359047044026,8260840.266477203,0.4741531693246066
CTRE,"CareTrust REIT, Inc. Common Stock",N,N,39.279998779296875,-0.01627852544230135,0.015511852879711796,0.07631519669611353,0.004480304919828981,-0.0949309355237078,0.22965925880812077,-0.0030836683846092727,-0.033707122277076285,0.6341737147339321,83157098.06093827,0.24290476446140757
CTRI,"Centuri Holdings, Inc. Common Stock",N,N,20.469999313354492,-0.0009761082472955485,-0.16106558879579624,-0.3255354512004387,-0.32885248152936086,-0.5102870888283303,0.05678876749933215,-0.04929990987231958,-0.16108623665706234,0.7171589040026957,28084712.095692158,0.6393590495559239
CTS,CTS Corporation Common Stock,N,N,56.189998626708984,-0.0008891011782625746,-0.12394762766746303,-0.14980100667212926,0.20673185315001552,-0.1769337030775462,0.5443013940770858,-0.03699326029614003,-0.07251824250754879,0.555815139661033,8581732.17450123,0.35443873709100215
CTVA,"Corteva, Inc. Common Stock ",N,N,85.37999725341797,-0.026786800565303914,0.12256603155824441,0.12374545568471707,0.08090727259942554,-0.054668255323174875,0.4128229765827893,0.03837986409178895,0.024932518501018075,1.0118732370095174,368564658.1743393,0.3466576690183578
CUBE,CubeSmart Common Shares,N,N,39.5,-0.005789064809623712,-0.032810973251256925,-0.04431811773635652,0.05756147063383499,-0.07058823529411762,0.1659232532524666,-0.023944250314046345,-0.033780973685982874,0.9398252372581298,74626573.84248276,0.20120908087484862
CUBI,"Customers Bancorp, Inc Common Stock",N,N,77.70999908447266,0.016880410186290273,-0.06215304716321135,-0.0063930444425649435,0.18605010784438503,-0.07101018927738556,0.28403830959495324,-0.0253416361000397,-0.017545384995113933,0.7359324762780095,17330611.612321854,0.24623049858964663
CURB,Curbline Properties Corp. Common Stock,N,N,29.700000762939453,0.0037174927267427105,0.0037174927267427105,-0.035232452825606164,0.1383080452812755,-0.06456690510426921,0.38115241248250986,-0.0036231625556493174,-0.018830498831579168,0.8325808344218486,40985800.856097415,0.18945347332485446
CUZ,Cousins Properties Incorporated Common Stock,N,N,28.34000015258789,-0.008050386583588032,-0.03408316274026324,-0.01292601769121371,0.26462866530520746,-0.12260059374642374,0.3612239866691256,-0.033045022281344094,-0.06445510981404279,0.7450892349140246,35626728.818287276,0.2178667246331868
CVE,Cenovus Energy Inc Common Stock,N,N,33.599998474121094,0.014186459126262818,0.12600530503707508,0.19517651743375497,0.41193656732418105,0.0,1.1450736154282928,0.046614811154675806,0.13935377446951525,0.6934943927147177,186997792.90670776,0.37882571487130867
CVEO,Civeo Corporation (Canada) Common Shares,N,N,34.13999938964844,0.021238381034735854,0.0692138760836285,-0.01357992523590279,0.19999994636629648,-0.03993256267726519,0.7164404443077197,0.01513482929031218,0.029081952217906215,0.37380745880311983,2627335.557537079,0.43874111469948834
CVI,CVR Energy Inc. Common Stock,N,N,45.96500015258789,0.07219503843750275,0.3499266132892853,0.5035224274974259,0.40537514676927966,-0.003360771528329698,1.2321861317103764,0.15445716893798145,0.2972458896179022,0.990542055120424,35937455.891542435,0.5769866886377479
CVLG,"Covenant Logistics Group, Inc. Class A Common Stock",N,N,34.970001220703125,0.024900569671441053,0.050085372924927096,-0.22901323831267228,0.3883779983796256,-0.29748703360839657,0.9533936926859521,0.006986271147658263,-0.11383062049069215,0.970338282987133,6214271.708511353,0.4125182515477927
CVNA,Carvana Co. Class A Common Stock,N,N,74.80000305175781,0.03629818142843866,0.03888893127441406,0.16692675245470712,0.2844730151148058,-0.2183091112620672,0.32963599192875814,0.02729618463368544,0.08029421340672438,0.4934301132384331,525753231.5845879,0.6273293143648146
CVS,CVS Health Corporation Common Stock,N,N,94.43000030517578,-0.032479489943699646,0.00994652732808321,-0.06811870584818869,0.31263453515330575,-0.14091671705755004,0.3677021881349398,-0.004218074435439756,-0.057939724553549565,0.7060967348773138,584429673.2066162,0.2629958591350476
CVSA,Covista Inc. Common Shares,N,N,123.9749984741211,-0.07190450086294742,-0.01980554092604847,-0.03446258280923831,0.1735611434154294,-0.19731304031254582,0.38736568517614467,-0.059090065543746184,-0.032060120162220374,0.8992333279683843,42947412.061833955,0.5869617082586195
CVX,Chevron Corporation Common Stock,N,N,214.74000549316406,0.017484019843872378,0.10146480282042347,0.15700287507778388,0.10063989177234745,0.0,0.5041671022094363,0.05030072684988962,0.12006837487995958,0.8370142489373816,1481434341.1033187,0.25598529162907946
CWEN,"Clearway Energy, Inc. Class C Common Stock",N,N,32.880001068115234,0.043147226859147514,-0.03248175034999634,-0.1091706599652631,-0.14436710249275586,-0.19099906272109735,0.24064679833328073,0.015883967274286537,0.014010184730179676,0.7518756703388517,33311220.95646286,0.31157834904393894
CWH,"Camping World Holdings, Inc. Class A Common Stock",N,N,6.408999919891357,-0.01248071711608878,0.010883243792242148,-0.19686717987809343,0.10499994984988681,-0.6338188868215908,0.13836585961202896,-0.01724310931388673,-0.006014486904743377,0.6087014635777316,9234115.875909662,0.6195931551332404
CWK,Cushman & Wakefield Ltd. Common Shares,N,N,12.960000038146973,-0.03211353951833251,-0.05745454268022021,-0.03999999717429836,0.04600481670942047,-0.24651165911157036,0.09830507022558521,-0.07839999728732638,-0.05499408966979136,0.7706764443532765,22934283.52391863,0.4487137327760743
CWT,California Water Service Group Common Stock,N,N,50.025001525878906,0.005729791672594464,0.0009003998410312963,0.10508815253165493,0.17286738541991342,-0.0396860093672281,0.2085836670963237,-0.0016613697226190993,0.00043550810604697787,0.9997141511790626,25160846.66266098,0.20469477833638186
CX,"Cemex, S.A.B. de C.V. Sponsored ADR",N,N,10.975000381469727,0.05023929012315542,-0.019213512687746626,-0.15244413577541926,0.07120486091751244,-0.18809784375522076,0.24013957780311634,0.007134868417382201,-0.05746254164230169,0.6183753925940494,56103351.09782724,0.2735844417068643
CXM,"Sprinklr, Inc. Class A Common Stock",N,N,5.449999809265137,-0.28289475294031285,-0.20669579329671062,0.020599186055067387,-0.08403361613918325,-0.3361754221751232,0.12603298294341725,-0.22353613351310164,-0.1468645545616344,1.4897231632358716,28037678.21088147,0.5299901612239835
CXT,"Crane NXT, Co. Common Stock",N,N,49.5,0.006916195151408067,-0.029340032536536276,0.1697287006187529,0.20624549382139934,-0.27098422226761676,0.3749896553605896,-0.006910582103691887,-0.02897251335955553,0.49949828407297914,20583453.633618165,0.34937990163339805
CXW,"CoreCivic, Inc. Common Stock",N,N,35.0099983215332,0.06998768384461784,0.03213444019539535,0.29188183869813256,0.7314539817224679,-0.0011412529642810254,1.1704897794842353,0.04654285862771079,0.09155187802026887,1.0247634809138366,53188219.67182255,0.354374328888203
CYD,China Yuchai International Limited Common Stock,N,N,37.64500045776367,0.02491154170789378,-0.19493152675268666,-0.23262261605224732,-0.039241944007311846,-0.35702744038906165,0.1878679056346384,-0.0724348315089487,-0.13953773438382577,0.5911737573527185,4963056.33540535,0.5124706133799134
D,"Dominion Energy, Inc. Common Stock",N,N,66.41000366210938,0.010559072047140683,-0.014964585316061485,-0.012208700878203915,0.08927018142506382,-0.06429199749359671,0.1996257996479054,-0.0012482887562117462,-0.02307978678179634,0.8711641884617729,235843550.61290437,0.14407662995220005
DAC,Danaos Corporation Common Stock,N,N,152.10000610351562,0.006684822225862419,0.1264997873691993,0.16663352552852695,0.3540501929122557,-0.02035288235941024,0.8502373394666214,0.01978563114335352,0.09183399440854068,0.9266824139687747,16417534.946746826,0.2591273174350495
DAL,"Delta Air Lines, Inc. Common Stock",N,N,78.625,0.029392548144947295,-0.1303506601565203,-0.051057801432317196,0.23849305407378418,-0.158454697779277,0.423952621943523,-0.04700145935743372,-0.08558090913342886,0.7405466938972376,383619368.3072128,0.3115192793552282
DAN,Dana Incorporated Common Stock ,N,N,31.264999389648438,0.06452156950174959,0.02845394019646319,0.019244873311822897,-0.02378094587072943,-0.19053818595692595,0.7523065492893757,0.020489738782217604,0.09693110967206486,0.7553010617123126,41432074.201186374,0.43288770699912105
DAR,Darling Ingredients Inc. Common Stock,N,N,68.05490112304688,0.005242307101963606,0.09132297076581453,0.19415509946827858,0.1992053061329846,-0.00417171832193497,1.275322683725629,0.036202136231807014,0.08772460002471227,0.9345017018115453,168825589.37109834,0.3753960040007184
DB,Deutsche Bank AG Common Stock,N,N,40.599998474121094,0.02577050520159685,0.061993171861443486,0.21885310117925783,0.4396387108153963,-0.023099202777863148,0.48327941724917034,0.030613753934771948,0.08581693542262525,0.8436884782643113,67186932.10074958,0.30144702837000326
DBD,Diebold Nixdorf Incorporated Common stock,N,N,66.4000015258789,-0.0037509376485599377,-0.06227928519649595,-0.18746940119896882,-0.07119871996065885,-0.26831954241455747,0.20947176102680243,-0.03235205202113056,-0.13430521571384213,0.7310489410571638,16101341.148273086,0.4752012587512736
DBI,Designer Brands Inc. Class A Common Stock,N,N,5.28000020980835,0.011494333721897787,-0.1658767340526217,-0.22638897806362135,-0.005202110491482781,-0.4157580186464198,0.7074049008682615,-0.06049817214824493,-0.08808286381605024,1.0006607868619248,2733144.1808295012,0.5690134067199726
DBRG,"DigitalBridge Group, Inc.",N,N,15.920000076293945,0.0006285499043208187,-0.0012546740662382483,0.014009060359043035,0.03981950988737126,-0.003754660053888026,0.7394627455667397,-0.0007845568676503323,0.0032896853631192435,0.9828188805768738,57982995.67986536,0.03082907973334092
DC,Dakota Gold Corp. Common Stock,N,N,6.045000076293945,0.04044752768138227,-0.040476207415983234,0.22616638677066048,0.2162978534171811,-0.13642856052943642,0.5539845535409968,-0.011083375859812894,0.1464279743211674,0.6569353899008386,7341339.800723839,0.5933368963620981
DCH,Dauch Corporation Common Stock,N,N,6.968999862670898,0.14621709705926356,0.011465892266496969,0.09748030981650024,0.3427745252093881,-0.2256666819254557,0.36915513826216184,0.05703817359178931,0.16394814265119284,0.6655702998263251,15137983.897361184,0.6306913143806742
DCI,"Donaldson Company, Inc. Common Stock",N,N,90.31999969482422,0.0062388318322879055,-0.06488257144154841,0.052767484359784955,0.08246006456673749,-0.1751236120686015,0.1454443701892063,-0.025064090604364098,-0.02077230197833324,0.8516308738569436,54775831.347113036,0.2154143695821431
DCO,Ducommun Incorporated Common Stock,N,N,168.5749969482422,-0.0010370551215277413,-0.14541720753013454,0.024522935619017305,0.35043654951148784,-0.18554932636993493,0.9508736234686912,-0.08537621154538066,-0.07289013369305175,0.6732474732163841,33198782.369350433,0.4434197972132341
DCOM,"Dime Commercial Bancshares, Inc. Common Stock",N,N,40.404998779296875,0.024207807297549566,-0.0055378361531703835,0.014269194542980035,0.2705458082139329,-0.031983776844422995,0.6007916960179884,-0.0034222685584673895,0.0010360623556935344,0.7414797637933738,9675268.392337035,0.18912371695220284
DD,"DuPont de Nemours, Inc. Common Stock",N,N,130.625,-0.011240637374088425,-0.09198087065523852,-0.09379965005921087,-0.0021188236093624413,-0.14451849735515088,0.43684224483774137,-0.045095240724535635,-0.05043245829823895,0.756855873321341,156896848.2952118,0.21871399544167847
DDD,3D Systems Corporation Common Stock,N,N,3.3299999237060547,0.012158043257392004,-0.125984258866762,0.10631227051716641,0.5560746544239847,-0.14175262229705232,0.8813559093729215,-0.014647165426220354,0.06369383480566593,0.6249742618022347,6801202.942663288,0.8122092930748642
DDS,"Dillard's, Inc. Common Stock",N,N,643.2949829101562,0.027037163858876667,-0.004248955498960316,0.055153634186203115,0.10281890051317899,-0.08036985382936623,0.2603988409790212,0.03261310631219283,0.09068486046985291,1.1747483297452515,99420288.26376343,0.443452662440983
DE,Deere & Company Common Stock,N,N,684.6699829101562,0.01270554609391894,0.10796985093475797,0.18868986789406605,0.20565351557088296,-0.019617126026057807,0.5732590781617539,0.06744431453830502,0.101953577509035,1.0008523102071778,848122520.6536773,0.34746949715761516
DEA,"Easterly Government Properties, Inc. Common Stock",N,N,24.31999969482422,-0.007751959701482458,0.013333320617675781,0.030220940238271154,0.14221927480760455,-0.03369048743190539,0.25266978733362366,-0.011181149852273808,-0.0107023508026447,0.6890345789933842,7509117.5013572695,0.20580591716744814
DEC,Diversified Energy Company Common Stock,N,N,15.298999786376953,-0.003971345811441873,0.0647906753911085,0.1262948185912991,0.06352335812718901,-0.1305841458800071,0.32802097261599417,0.041419826713069874,0.10763645261495047,0.7564198947428571,11941530.0859766,0.36597866987335553
DECK,Deckers Outdoor Corporation Common Stock,N,N,82.25499725341797,-0.027488821557143384,-0.12345481177086193,-0.2773873677389552,-0.21317202474597818,-0.31986939314583385,0.03413372273875126,-0.06755431143287993,-0.14644994543034695,1.0834735312293358,228226321.84003067,0.38847082292429036
DEI,"Douglas Emmett, Inc. Common Stock",N,N,11.140000343322754,-0.02366340996495231,-0.03046122147671282,-0.0780133911834141,0.1877534406925392,-0.29201441507445525,0.25891495542387566,-0.04344836513190797,-0.06402282355619526,0.6824729851556139,14267326.872650336,0.2800611606140049
DELL,Dell Technologies Inc. Class C Common Stock ,N,N,555.25,0.30647058823529405,0.25915594816641585,0.4059901454748731,2.738947361498963,0.0,4.02285393970924,0.1674027056645453,0.24842748633364953,1.5113333525371118,3951297193.0773497,0.7821535503990108
DEO,Diageo plc Common Stock,N,N,87.44000244140625,-0.029091663204664275,-0.07899725939683588,0.06907936743654308,0.1746613643817645,-0.1367110533690452,0.2187496012270722,-0.052474712224790054,-0.009602661395450185,0.7085560333331079,78057110.98825073,0.3132828376360235
DFH,"Dream Finders Homes, Inc. Class A Common Stock",N,N,13.300000190734863,-0.029905167488790463,-0.059405949942890834,-0.1162790682937892,-0.06666665328176402,-0.5584329408978406,0.05807482208700665,-0.07619642133664939,-0.10936703610308685,0.7979676669582805,7393439.436335564,0.7369555692024269
DFIN,"Donnelley Financial Solutions, Inc. Common Stock ",N,N,49.334999084472656,0.0243978247670964,0.04656342221561882,0.2834287421174251,0.0697094585222382,-0.11744190093388429,0.3428142849919289,0.01680242076967753,0.029582078396711342,0.8431542150026085,9738287.019961547,0.4103847718909475
DG,Dollar General Corporation Common Stock,N,N,126.1050033569336,-0.03802725700066367,0.05026237759180674,0.10407815634140549,0.005362065642179337,-0.18491290232290059,0.333045064534655,0.009314402776663844,0.0243583709354096,1.181406889385126,307501643.5780926,0.3609017543311957
DGP,"DB Gold Double Long ETN due February 15, 2038",N,N,164.05999755859375,0.08412076636165566,0.07764051260468752,0.13230725550209987,-0.1685165496498776,-0.32198207740242524,0.3736916783000612,0.0064289625917977045,0.12008671253545189,1.1706455590196077,27722848.968185425,0.5281779709061607
DGX,Quest Diagnostics Incorporated Common Stock,N,N,234.72999572753906,-0.0063077025038702494,-0.011663175884046084,0.16066370742633906,0.21247972699932172,-0.041918384785554874,0.3706475139877947,-0.020380750612756904,0.027691198436607722,0.8697084073461981,194177357.92896652,0.25747057453417005
DHI,"D.R. Horton, Inc. Common Stock",N,N,139.83999633789062,-0.010822655670523207,-0.07261753057753595,-0.08977391426295855,0.024999116433487067,-0.21817301730459682,0.06150409651644084,-0.042657362340656646,-0.05540051333672913,0.7495261749892738,256190371.77892455,0.3583448852398969
DHR,Danaher Corporation Common Stock,N,N,204.39999389648438,-0.012226351272630054,-0.014654880973502538,0.13727949625244018,0.07185721072203033,-0.15199073514877626,0.2650487309148033,-0.02608930454494718,0.011677823856505398,0.580608173897827,628225652.0658143,0.3885911304041338
DHT,"DHT Holdings, Inc.",N,N,20.709999084472656,0.051802870632266185,0.2137728401156136,0.2572946336535662,0.30801879797477616,-0.007666590720013522,1.0952822397011261,0.06248713203843592,0.15809599966377896,0.8591518130578688,63171248.89469223,0.42476234966357124
DIN,"Dine Brands Global, Inc. Common Stock",N,N,30.559999465942383,-0.059692324124849705,-0.14732144710284711,-0.09707778144832135,0.08836653394573135,-0.2027657769841713,0.3576120114741994,-0.09832560959611802,-0.12331032603813041,0.7495906813344537,7100650.691520977,0.39500368873572383
DINO,HF Sinclair Corporation Common Stock,N,N,107.58000183105469,0.0347215597573034,0.257510204482035,0.519040842966088,0.8190805924092128,-0.006739873917402162,1.3997402287311211,0.09242675485293739,0.20191512808667444,0.8384325241567178,222700358.29216385,0.39449300774070484
DIS,Walt Disney Company (The) Common Stock,N,N,103.6500015258789,-0.02419506369129376,0.0011591108663862038,0.04402449170174383,0.05053523070174215,-0.1041078018633057,0.1301040904927555,-0.028443668880852258,0.021830609048007155,0.6408930256913289,772445561.5985947,0.27679886251974767
DK,"Delek US Holdings, Inc. Common Stock",N,N,74.5199966430664,0.01608945137847173,0.16546759842966208,0.5840964740966785,0.6563025014148753,-0.01519758892171963,1.8380562793163056,0.06391783642120763,0.15852795289566024,1.2320445459860114,116757820.76063728,0.5878634799653006
DKS,Dick's Sporting Goods Inc Common Stock,N,N,133.77999877929688,0.0062429623926791855,-0.34751012253917324,-0.39463326189457415,-0.28809779314851636,-0.4406489116381682,0.07618052776679862,-0.16364762161465463,-0.29999530003781416,1.8381597670047787,730009092.5974457,0.7304415711125596
DLB,Dolby Laboratories Common Stock,N,N,62.189998626708984,0.012371777922149274,0.013526695047284543,0.19102475966157195,0.034787134612424664,-0.12440499067728317,0.2894789211893549,-0.00889273186209949,0.09424099329545643,0.9949626237388609,53598923.53481579,0.3729462821316362
DLR,"Digital Realty Trust, Inc. Common Stock",N,N,190.32000732421875,0.03846785009769982,-0.0025679484337529646,0.0401137379389227,0.07068811268481956,-0.060424015571599377,0.3039507700722637,-0.005047392561277508,0.019513936359890405,0.6882644157923464,368899375.45963746,0.3552599792819851
DLX,Deluxe Corporation Common Stock,N,N,23.40999984741211,0.025405165380828487,-0.005747000735386698,-0.0036573854442976117,-0.08448464143456014,-0.24749806350145664,0.3745719715520883,-0.011526262877500582,-0.04716778531042709,0.9349364881925967,10527788.648249054,0.34873935426260905
DLY,DoubleLine Yield Opportunities Fund Common Shares of Beneficial Interest,N,N,13.8100004196167,0.0021771180861291928,-0.019344681010135978,0.01942591326987908,0.029738820529219723,-0.027479376599185423,0.06556237698541523,-0.007411208455974094,-0.005843610878221717,0.746551444496937,2367268.137364626,0.07090340087640075
DMC,Del Monte Corporation Ordinary Shares,N,N,32.540000915527344,0.012445598427974325,0.07180508253146889,0.12771254703861246,-0.18850917099976583,-0.2240143331679203,0.221618736488433,0.03326191306755266,0.0916993229642924,0.7886139903896237,9640211.920551682,0.28269495969081043
DNA,"Ginkgo Bioworks Holdings, Inc. Class A Common Stock",N,N,6.899600028991699,-0.004386695541118368,-0.08127831974527377,-0.1255259637837035,0.06311252269935985,-0.5725154715051084,0.2590510957987602,-0.02160811420647435,-0.1355609176171848,0.8739688282822907,8223818.90714097,0.8619064361435584
DNN,Denison Mines Corp Ordinary Shares (Canada),N,N,3.3499999046325684,0.046874954598025154,0.012084580829157865,0.0947712311359088,-0.0821918309305314,-0.23340961273183614,0.47577089549808993,-0.004013714891282993,0.05811746383612637,0.8963620828633863,87663935.2258089,0.5889344594527159
DNOW,DNOW Inc. Common Stock,N,N,16.5049991607666,0.03935762228095463,-0.009303762789024561,0.176407660363602,0.4167381717776244,-0.021636138726083387,0.48426252973264106,0.030902020042454126,0.116734379218425,0.5753218703605736,31534265.056464482,0.3488122210896903
DNP,"DNP Select Income Fund, Inc. Common Stock",N,N,10.734999656677246,-0.006018567862006163,-0.007424434960184412,0.014757826682958441,0.07980542813972691,-0.02216296022948694,0.16719215458479963,-0.009589852753862926,-0.008228227000976251,0.9717157123952422,5686274.1467611315,0.0801878522545832
DOC,"Healthpeak Properties, Inc. Common Stock",N,N,20.5049991607666,-0.015129708870069036,0.004685343244498652,0.00543478769153527,0.20974870301579562,-0.09701590509907432,0.3574007461804134,-0.02065567699226878,-0.04176338003391289,0.654193446590763,82964906.55074596,0.22305546229132878
DOCN,"DigitalOcean Holdings, Inc. Common Stock",N,N,131.05999755859375,0.20326845172460595,0.08439514228637668,-0.23104907485759119,0.588991176339184,-0.2770698747186795,2.8366509995322082,0.10187694106810419,0.05632212001399228,0.6047741719016827,251586102.60099334,0.8902590588126504
DOCS,"Doximity, Inc. Class A Common Stock",N,N,24.1200008392334,-0.08462996242704213,-0.07621599864418271,0.20359280126303791,-0.027027029106493017,-0.6789137385870122,0.339255998484288,-0.0565779108273613,0.028957598170053167,0.4631371884446734,73135673.42947511,0.8197159996809357
DOLE,Dole plc Ordinary Shares,N,N,13.930000305175781,0.005776167617517869,0.07484569939611663,-0.023488101583641008,-0.022125169652499332,-0.138987182303012,0.11157579824575947,0.02785465754373484,0.006808439694645729,0.9486457722737542,13478384.508875083,0.2534459183535293
DOV,Dover Corporation Common Stock,N,N,194.02000427246094,0.021534311348400337,-0.06675918857566532,-0.10530256536839222,-0.08113255896368898,-0.1622360314087984,0.21622064973275323,-0.02627947918823681,-0.05640434045951659,1.0875329105524918,207894665.34947586,0.2791263068380249
DOW,Dow Inc. Common Stock ,N,N,29.25,-0.03972419963365881,-0.05344087412611587,-0.12586590178960255,-0.2069429231891028,-0.2861160367561637,0.4863753981287211,-0.04183499838302018,-0.016620568938969238,0.7259633343970079,238010303.78629723,0.370349460744651
DRI,"Darden Restaurants, Inc. Common Stock",N,N,210.5399932861328,-0.023288199709208035,-0.038190958627001725,0.0036544270758132047,0.06560104623596552,-0.07528109601644262,0.27340508837868205,-0.039071137294573344,0.005082844671242537,0.6413772100491246,198899058.69695586,0.2784728485128376
DSL,DoubleLine Income Solutions Fund Common Shares of Beneficial Interests,N,N,10.510000228881836,-0.006616228291965731,-0.010328988600745714,-0.013134525096241578,0.010264968110358819,-0.0675407893062433,0.049600956671581375,-0.008613534495271358,-0.011365438116237025,0.9227456980568944,5609877.551422978,0.09216275026287284
DT,"Dynatrace, Inc. Common Stock",N,N,50.09000015258789,-0.0524025808887566,0.008658886558538414,0.22920245773221826,0.24478126399761102,-0.08243267974760526,0.5478986158166117,-0.013568592556546633,0.05793398071416278,0.9315319370297855,329897959.179978,0.4447676627634238
DTE,DTE Energy Company Common Stock,N,N,136.92999267578125,0.006394202063783272,-0.0051584329919764915,-0.06376561808818737,-0.061154492465356536,-0.11331995616123902,0.08980844407345034,-0.004018744351240278,-0.04129716206078682,0.8085273321730309,155364848.41037902,0.17150931608628248
DTM,"DT Midstream, Inc. Common Stock ",N,N,132.22999572753906,0.017232018922353154,-0.018919743840727143,-0.06511599657022471,-0.006030919646426103,-0.12279427551476652,0.29342129153843444,0.0073131440481915,-0.03728827447818828,0.9166987869591989,120937495.08262634,0.2291119895701192
DUK,Duke Energy Corporation (Holding Company) Common Stock,N,N,121.08000183105469,0.005731393345829616,-0.008486425617542204,-0.02260892293339789,-0.05774340018937518,-0.07687665957997536,0.08990647936167306,-0.005416760508268337,-0.021577958985964818,0.7378365921155992,408881000.3793694,0.18420040384089387
DV,"DoubleVerify Holdings, Inc. Common Stock",N,N,13.335000038146973,-0.0018712289799931447,0.006415097218639421,0.307352969363212,0.3348348692358787,-0.09837727704251864,0.5487805539928661,0.0007316888601360816,0.08585015175168631,0.5470610219175679,34506473.646915816,0.44347798493394713
DVA,DaVita Inc. Common Stock,N,N,178.39500427246094,0.012802344104839491,0.0003084441835812246,-0.14504456464334026,0.19864947979351055,-0.2596489072798721,0.7174833884206404,-0.000931035119096979,-0.1370148127540497,0.6150918783398369,103677987.65242767,0.42476937765483797
DVN,Devon Energy Corporation Common Stock,N,N,49.20000076293945,0.003058135131744688,0.08370042091065732,0.09357632645938874,0.028860949290956617,-0.04839746552848545,0.5793762549458505,0.030830656217648356,0.09134951930954216,0.731805571155526,461170011.1159735,0.32831229378284293
DX,"Dynex Capital, Inc. Common Stock",N,N,12.949999809265137,0.01648351977392082,0.01456381006318308,0.04161813627334454,0.0836137783937656,-0.03787308737454642,0.2575142609961869,0.0022011020068051224,0.01188807202865072,0.6807825297072216,55370327.103182696,0.13937324007820584
DXC,DXC Technology Company Common Stock ,N,N,11.130000114440918,-0.002688148152452552,0.029602190786553573,0.2137404603969324,-0.04545452314811327,-0.27867790704401263,0.3540145684768883,0.012048195278574703,0.06354515368359892,0.5025397140387794,25072930.600919247,0.52992660341192
DXYZ,Destiny Tech100 Inc. Common Stock,N,N,33.81999969482422,0.07025314197958998,0.1417960410732899,0.16741458392903685,0.30277353187785083,-0.5252666941470526,0.624399624906419,0.01650082691710697,0.19193625547637394,0.6194430714702461,43266255.42979622,0.6637244904429972
DY,"Dycom Industries, Inc. Common Stock",N,N,302.2250061035156,0.05194924798013556,-0.2503968163257768,-0.3555970019114806,-0.14186943408821862,-0.43530456051894484,0.19925801631378381,-0.13706768139159287,-0.22996565410296688,1.3696006173251218,228214089.02733916,0.5771479544376559
E,ENI S.p.A. Common Stock,N,N,55.68000030517578,0.0027012701094246694,0.003424015515622436,0.04074766925562212,0.07501361794970984,-0.02911941086971237,0.6739634650116544,0.011747397454350939,0.06107670437950641,0.7562059230299178,19320051.943242263,0.33395248577041275
EAF,GrafTech International Ltd. Common Stock,N,N,5.900000095367432,-0.17018284323841237,-0.25410869669008695,-0.3099415247076932,0.018998296068934772,-0.7023208785967765,0.12810708869034348,-0.1491202620896176,-0.13923900971423397,1.1443075473560889,2134860.7488564015,0.8909145466566009
EAT,"Brinker International, Inc. Common Stock",N,N,220.47500610351562,-0.057718565136437916,-0.004087987891119305,0.3838500876719486,0.5742592024224049,-0.13178308268155703,1.1553915742515954,-0.06462555666085534,0.04062879625818461,0.75434407637115,214123112.96077728,0.44737256503865297
EBF,"Ennis, Inc. Common Stock",N,N,21.235000610351562,0.0068753180044847095,-0.040442773807318866,0.035579760178525266,0.06323764414570432,-0.05747891863410137,0.345378339532187,-0.019813719938156726,-0.0161842983892182,0.7791261684450879,3364632.649074173,0.20508752372048963
EBS,Emergent BioSolutions Inc. Common Stock,N,N,5.96999979019165,-0.040192927400773626,0.34157304406211275,-0.2824519219747661,-0.2537500262260437,-0.5705036004293867,0.34157304406211275,0.09130789700306807,-0.09449419124827674,0.8883849315028547,5981427.396781134,0.8146429465031796
ECAT,BlackRock ESG Capital Allocation Term Trust Common Shares of Beneficial Interest,N,N,15.234999656677246,0.0036231456123694272,-0.021567937035617657,0.032635900880739976,0.18556873558768983,-0.021567937035617657,0.24316349975584273,-0.0068357071442815,0.0007344294217750402,0.895415287509611,6902189.100318193,0.13030168432780115
ECC,Eagle Point Credit Company Common Share of Beneficial Interest,N,N,3.908600091934204,0.007371128002507055,0.031292910626624426,0.05576046843870763,0.20077738452231775,-0.3030271350730229,0.20077738452231775,0.013134018375039691,0.03678325965929208,0.7631752569920981,2627706.2257864354,0.2083148866569921
ECG,"Everus Construction Group, Inc. Common Stock",N,N,120.41500091552734,0.05905896347861739,-0.10458800757629305,-0.19092253286257976,0.04012269506046606,-0.2881591492747204,0.5862863273135728,-0.029961499150952475,-0.0779516145179231,0.6588785687550116,60232953.51777458,0.6542285510415564
ECL,Ecolab Inc. Common Stock,N,N,273.7300109863281,-0.023264902814172594,-0.03829530867967379,0.03415855779282606,0.04825858895995894,-0.10746996626836625,0.11698221525131092,-0.027358504775473302,-0.017469639420416128,0.8038671029517193,394133409.19699097,0.21622286425524953
ECO,Okeanis Eco Tankers Corp. Common Stock,N,N,70.93499755859375,0.04377572857856049,0.27423543375552284,0.4675210693138976,0.6936982297726888,-0.006929899824544172,1.9477766778877643,0.08225420430718433,0.23374429919072348,0.9445956954998262,32938067.03341217,0.5082514600284656
ECVT,Ecovyst Inc. Common Stock,N,N,10.246000289916992,0.014455435933955929,0.012450632982487386,-0.21726507482955526,-0.13535865315759543,-0.3155644551000011,0.30688776664563067,0.002514630982776378,-0.09080580906482782,0.6878843753512889,12009726.022455692,0.3194780161621492
ED,"Consolidated Edison, Inc. Common Stock",N,N,108.37999725341797,0.006313837738570971,0.016454728513615624,0.014190516776150242,-0.029470966215088046,-0.045694093858062446,0.17165071346105032,0.006560642520561988,-0.005265399774816215,0.8319764481618561,221981035.17271653,0.17062645683761937
EDU,"New Oriental Education & Technology Group, Inc. Sponsored ADR representing 10 Ordinary Share (Cayman Islands)",N,N,56.834999084472656,-0.03767359019779137,0.02313231080217215,0.21780589917167048,0.0169858804463503,-0.09462468282293723,0.2789154104589491,0.006744373621011768,0.06107305228283644,1.1867341684696804,41516029.45555954,0.45503313427163344
EE,"Excelerate Energy, Inc. Class A Common Stock",N,N,39.58000183105469,0.014611728634883026,0.12205494183204624,0.15841937562320396,0.16472378774840157,-0.07082529555055272,0.736296949306952,0.025864461630445312,0.03169912120676144,0.8394795958591121,13277932.846130371,0.3335971389939962
EFC,Ellington Financial Inc. Common Stock ,N,N,13.385000228881836,0.009426847499424351,-0.006289145199333546,0.007089715159275478,0.20899153639855128,-0.014261999503309974,0.2571373037792879,-0.0040552638882001,0.004722620606867123,0.7615594289259098,12134729.983564377,0.13708484670532256
EFOR,"Everforth, Inc. Common Stock",N,N,30.295000076293945,0.0004953563179757037,-0.07721601015455393,0.44124640421235495,-0.15116275589816452,-0.43140013569096136,0.7757913847988782,-0.045202769402222454,0.15625799061536627,0.6683690228142212,20047836.137005806,0.7757075873493644
EFX,"Equifax, Inc. Common Stock",N,N,167.3125,-0.10143661255532843,-0.07784134822804967,0.024958625385995692,-0.08387775737121772,-0.3549159266285017,0.10442966767168338,-0.09641865995633359,-0.06095658864314124,0.6378853328351416,194851672.5816864,0.4567708283846169
EFXT,Enerflex Ltd Common Shares,N,N,22.950000762939453,0.12721021979100855,0.10388171106844069,-0.05420497364959587,0.0761557256608334,-0.1895664274244825,1.2722501837453537,0.08658708584501329,0.038961493347666076,0.9861105164330158,14901306.242155075,0.4521268327563305
EG,"Everest Group, Ltd. Common Stock",N,N,364.2300109863281,-0.03798096965636466,-0.004019691472886611,0.073158566695251,0.145530530248547,-0.08645598235598762,0.20919947235325576,-0.022812539298803114,-0.02552733560372744,0.8470986376212213,103725978.3541977,0.2374092429445855
EGO,Eldorado Gold Corporation Ordinary Shares,N,N,45.18000030517578,0.05412971679388856,0.15773080318422106,0.47605011857401114,0.31091180006636643,-0.08605141159805996,0.8223982507930134,0.04135579273924184,0.2355432937372861,0.9752832758083975,115920862.85494652,0.6584178675891962
EGP,"EastGroup Properties, Inc. Common Stock",N,N,199.80499267578125,-0.001324609580325764,-0.009051292778036402,-0.01937551186447173,0.0790148236587549,-0.10553770118949968,0.2641771266389896,-0.006401327673558721,-0.033394502129886816,0.7260820328863653,65513487.76792908,0.1894621928827329
EGY,"VAALCO Energy, Inc.  Common Stock",N,N,6.224999904632568,0.03923207721100397,0.08648081235402372,0.1521471660609881,0.1294798548045697,-0.04663090027518568,0.9106301172544489,0.06021468006224384,0.12996646652519206,0.7178990514399418,6750089.8715001345,0.40474856744197724
EHC,Encompass Health Corporation Common Stock,N,N,120.4749984741211,-0.01290458450024623,-0.03889110537968188,0.1895326931867387,0.21327685732008006,-0.04736343127516629,0.28892061533599245,-0.008454584642306195,0.038292046618770614,0.7934001175600401,95528481.9129467,0.33346748131933557
EIG,Employers Holdings Inc Common Stock,N,N,48.790000915527344,-0.006718200804829655,0.013081417568756137,0.06236644631363997,0.2690061612750301,-0.05383309860415664,0.39473486200855246,-0.0006144811573548514,-0.014549103910273087,0.560079038153681,6245048.414617538,0.2229632794488086
EIX,Edison International Common Stock,N,N,59.525001525878906,0.01232997105825473,-0.14830444919569874,-0.17434375286720705,-0.16103884987734507,-0.25945504404271735,0.18680836761809094,-0.11366723050277772,-0.17137268587359555,2.409831785883781,389676656.791124,0.6138167231067723
EL,"Estee Lauder Companies, Inc. (The) Common Stock",N,N,99.26000213623047,-0.007399978637695259,0.13462252075624126,0.11058388381479922,0.1623141923809328,-0.16147509201713783,0.4871673559042349,0.015790370124776576,0.114481422920788,0.9806264309619389,378029411.5144695,0.4671667017009407
ELAN,Elanco Animal Health Incorporated Common Stock,N,N,23.854999542236328,-0.0023003055427344155,0.04949406170948456,-0.01303270720162597,-0.03926703119071939,-0.11121462717516983,0.3014184201596657,-0.006114152317917787,-0.03053284854433469,0.71355783014872,118264967.70888329,0.3954920673165336
ELF,"e.l.f. Beauty, Inc. Common Stock",N,N,101.67500305175781,-0.03662116572145013,0.07037588523347083,0.6627146445569356,0.4460959548039469,-0.30677708924056135,1.0511398764921531,-0.0013774726808458704,0.14117329390548838,0.5594496703375447,163100018.53177565,0.5564143785106899
ELMD,"Electromed, Inc. Common Stock",N,N,27.309999465942383,0.007749043598399563,-0.3557442826335252,-0.26467420800351027,0.1786792997849067,-0.4102785865669777,0.17969762055988392,-0.21193497352638402,-0.30425701496372215,1.3926331868304136,3563008.8361554146,0.5474224991137158
ELS,"Equity Lifestyle Properties, Inc. Common Stock",N,N,61.599998474121094,-0.024699198496830443,-0.03825143576740986,-0.04155256415628683,-0.05548382613724856,-0.08943093740276464,0.06502297163072845,-0.039136497587089036,-0.04776630022842643,0.7787044123649551,77814587.78544426,0.20182690969707243
ELV,"Elevance Health, Inc. Common Stock",N,N,397.5050048828125,-0.013733137020545794,0.018277556817559937,-0.016247190641246023,0.3531867370403672,-0.06861689138870031,0.4304439716117341,-0.0065088385531174575,0.0022462724265290834,0.6604482466524174,341558291.02563477,0.35128096161750744
EMA,Emera Incorporated Common Shares,N,N,50.79999923706055,0.013972071542098563,-0.008199960437970777,-0.024052563866262755,-0.02431477035826346,-0.06921070982764455,0.13067068889249267,0.0022293555371237783,-0.023960800502783153,0.7486193745317098,16897508.01669693,0.16395996252043774
EMBJ,Embraer S.A. Common Stock,N,N,75.36000061035156,0.05089947807110273,0.05561004699040217,0.3083298260509346,0.28387466164949315,-0.053285088912313316,0.40508110743182923,0.009592207665692465,0.07419855648850682,0.868146312925212,87894604.62541123,0.3418238872060028
EME,"EMCOR Group, Inc. Common Stock",N,N,763.5700073242188,0.038517521012198186,-0.06523759148810393,-0.0717885419593528,0.03617513894815527,-0.19050126575463833,0.31504018229695796,-0.019657048748500716,-0.018068772339001726,0.782134625967755,258562127.1153412,0.5497025956567908
EMN,Eastman Chemical Company Common Stock,N,N,69.41999816894531,-0.010265201411013836,-0.07155274460771577,-0.06668467851920412,0.0187777646902334,-0.12672752657074282,0.2768833834774649,-0.04262804111773444,-0.01772956731918307,0.6584993490153858,57360099.036203764,0.2837206459954923
EMO,ClearBridge Energy Midstream Opportunity Fund Inc. Common Stock,N,N,54.88999938964844,-0.01754071166944393,0.05871971521201891,0.11434210869716899,0.09631024309236769,-0.01754071166944393,0.4117098336607583,0.01045049284261279,0.05152537967492221,1.0220534242378312,2073742.8876678466,0.16386673088236642
EMR,Emerson Electric Company Common Stock,N,N,151.27999877929688,0.02472392993132866,-0.07657242214753956,0.06097032429397853,0.1734409007751423,-0.07657242214753956,0.23660016359471325,-0.029852625566623603,0.012223769661777295,0.6997973409217868,316693819.63308257,0.3021795007815188
ENB,Enbridge Inc Common Stock,N,N,50.619998931884766,-0.0019716539118997956,-0.0049184428897758314,-0.09174587529902156,-0.023856062099028907,-0.11584499426786676,0.1644011859058423,0.002817089379957727,-0.035357509572607526,1.1093237541467125,265319595.98712713,0.18773538773681406
ENOV,Enovis Corporation Common Stock,N,N,19.459999084472656,-0.05211892676013763,-0.20894313891429217,-0.1073394602973119,-0.15170014684256072,-0.41596640868230605,0.048491360152341345,-0.17893763038330668,-0.23336934837284273,1.340281637697946,27703935.5992836,0.8407995160302842
ENR,"Energizer Holdings, Inc. Common Stock",N,N,20.420000076293945,-0.016851245727291242,-0.07515303094084824,0.02212713776531028,0.24928145050669825,-0.26738895198533463,0.2993143379422589,-0.05483385141754804,-0.03353861958989468,0.7838678376976823,19756077.073333073,0.38017682901157784
ENS,EnerSys Common Stock,N,N,181.69500732421875,0.0033409409606439677,-0.024246813956600333,-0.18886500020503916,0.10890718447860492,-0.25246510978518066,0.7632334158293606,-0.039767217116126186,-0.06280702743095046,0.9032167237354479,106704183.36299439,0.44518377642966245
ENVA,"Enova International, Inc. Common Stock",N,N,225.08999633789062,0.017861974130163105,-0.12457218181222574,0.18887653388788195,0.6473214091286286,-0.1520437521685356,1.1641187550700338,-0.06900083438085869,-0.06821269421895138,0.6560707641055775,62323709.00199433,0.42223078549659865
EOG,"EOG Resources, Inc. Common Stock",N,N,147.85000610351562,-0.0033704076806785332,0.03103216454976665,0.08999101301408707,0.09150471325789589,-0.033975804276747845,0.4888450304764236,0.00815183973650524,0.04216509306606664,0.8322518694381029,377307933.6089035,0.33082281780485884
EOS,Eaton Vance Enhance Equity Income Fund II Common Stock,N,N,21.520000457763672,0.004199727079152282,-0.017753376019578937,-0.004135299887576993,0.06499234482459171,-0.05113368918026895,0.14493484553339875,-0.005008566315584773,-0.004156100090345838,0.912322513662803,2317292.280081558,0.13621474902606645
EPAC,Enerpac Tool Group Corp. Common Stock,N,N,36.7599983215332,0.0035489284637537644,-0.013419216922268107,0.04878742144634818,0.015469545491475722,-0.15000468818125823,0.11630725723848356,-0.008563189013457873,0.017054146176100904,0.6682346609653781,10503320.924370766,0.34435669578108236
EPAM,"EPAM Systems, Inc. Common Stock",N,N,114.6500015258789,-0.014526344036520311,0.14764764539246822,0.20203401999752502,-0.14427522628803124,-0.48215896708884487,0.5077590760847481,0.040343376198982206,0.14822924822628836,0.5718013771484742,121183465.24461937,0.6223753051307043
EPC,Edgewell Personal Care Company Common Stock,N,N,27.149999618530273,-0.028274906958729917,-0.05103114158246602,0.183522187727168,0.37634050013623765,-0.08462576674965283,0.7312189586368942,-0.043845757071546254,-0.029039423211442705,0.5522888400830668,13059258.182792854,0.49872029471036283
EPD,Enterprise Products Partners L.P. Common Stock,N,N,39.24509811401367,-0.000888509836247664,0.036584719528065746,0.06926767728735084,0.09079628734286738,-0.0029192706950230685,0.384113287262448,0.013908255392481417,0.03338592667392026,0.6811632647151997,99070350.09152088,0.18558383496478337
EPM,"Evolution Petroleum Corporation, Inc. Common Stock",N,N,3.7100000381469727,0.005420048947527345,-0.015915104266073565,-0.08168315020347017,-0.1415284619299041,-0.2486215195154362,0.2175495756027943,0.019931278622252746,0.007440403800921702,0.9823242251000746,2337558.813259697,0.4295063181338551
EPR,EPR Properties Common Stock,N,N,59.880001068115234,0.008760115438290361,0.006914510445886535,0.01596766442455655,0.12371011437556168,-0.05960378250902598,0.29898071296386175,-0.0030805449133652907,-0.008215171913012465,0.9320736887372736,41548470.30454693,0.19742778774823502
EPRT,"Essential Properties Realty Trust, Inc. Common Stock",N,N,29.829999923706055,-0.009628184178188892,-0.007651348846393513,-0.023766839768288417,-0.06871918087599105,-0.1196044108072275,0.05694403191476072,-0.022207652688502555,-0.03987897725840517,0.6511968725391777,44941767.85543232,0.21062184681075294
EQBK,"Equity Bancshares, Inc. Class A Common Stock",N,N,50.459999084472656,0.030006069721201678,-0.015414652010289687,0.04661350805236064,0.1690454935563146,-0.02455056000390543,0.3166131638762004,0.00311109763294648,0.006450357041149157,0.6988098037579502,4707134.267620087,0.2041333710479795
EQH,"Equitable Holdings, Inc. Common Stock",N,N,51.79499816894531,0.04933139239230666,0.00866601184123672,0.18407904750767146,0.3875286876727162,-0.03259250498211996,0.4856843482579649,0.018739298649575797,0.053270464326123035,0.7440226468656289,103421152.78801957,0.32439385404869936
EQNR,Equinor ASA,N,N,44.88999938964844,0.014921995348018413,0.10740392688579137,0.2527927594734407,0.1884185072494915,0.0,1.070537105796685,0.0632456059750175,0.15051357696318513,0.683868494200332,101091565.24382171,0.423157583990494
EQT,EQT Corporation Common Stock,N,N,54.85499954223633,-0.0132218134256894,0.008920371894050927,0.059435128895686695,-0.131263895787739,-0.18766204493534022,0.12831139520117807,0.008220328974699598,0.04106198295814467,0.7681673486243125,317447370.0697273,0.277658870811616
EQX,Equinox Gold Corp. Common Shares,N,N,12.979999542236328,0.06568138070740392,0.11544819976272414,0.23397780012130776,-0.029668213292656564,-0.3052221525372111,0.5088312056589779,0.02376295019966057,0.1938255459206366,0.7141856584201328,144960001.38111305,0.5846085553109703
ERO,Ero Copper Corp. Common Shares,N,N,38.47999954223633,0.10511200113411112,0.06005510608799414,0.309288885381519,0.5435218239547073,-0.04752479978033386,1.4431745741102429,0.05165344033251573,0.24266926622971052,1.0463016378021575,57170152.11078491,0.6610311585556367
ES,Eversource Energy (D/B/A) Common Stock,N,N,71.33999633789062,0.011914841672207466,0.002952328027294726,0.03857903337163027,-0.00760438477671177,-0.05372069352097519,0.17862162666008197,3.499334698608969e-05,-0.018520761354251958,0.7468660276469559,124205824.9013977,0.18407308602396102
ESAB,ESAB Corporation Common Stock,N,N,73.8949966430664,-0.0019584585449475833,-0.15990225770578825,-0.19198682894395458,-0.23795562147053795,-0.4506520326107054,0.0,-0.061683598519567506,-0.13105982524539384,0.8661366851733465,58601634.94259071,0.5328237954665541
ESE,ESCO Technologies Inc. Common Stock,N,N,270.5249938964844,0.010817131714881967,-0.08423888648702815,-0.13753841621480467,0.012541744419580558,-0.23756358895521368,0.3858098890890973,-0.04684728688129358,-0.12108782507522342,0.7198995314878445,53429152.03005371,0.36964165884161804
ESI,Element Solutions Inc. Common Stock,N,N,36.084999084472656,0.050203679961559944,-0.039404901098816336,-0.17239344117148114,0.14594326509538402,-0.2632632178896642,0.5846006317150929,-0.003492781153876523,-0.04543566188412229,1.1202318459706748,159590391.70434532,0.4757878788854594
ESNT,Essent Group Ltd. Common Shares,N,N,68.05000305175781,-0.0005873592052252352,0.011497305645024714,0.1715903862191459,0.18787311853833577,-0.022691286284412415,0.22488269171111153,-0.008287321059387343,0.020187363861140728,0.8267820717149974,37685493.85177612,0.2258440809980956
ESRT,"Empire State Realty Trust, Inc. Class A Common Stock",N,N,4.385000228881836,-0.0011388696482494964,-0.05291574071346783,-0.1887140711344032,-0.13800869582741826,-0.4397211477025581,0.0,-0.05317133571800481,-0.13488660872164304,1.117668698273995,9467442.266869832,0.4153021416308833
ESS,"Essex Property Trust, Inc. Common Stock",N,N,274.4599914550781,-0.016272432060651876,-0.02832259520645175,-0.02419985191846319,0.13445909219860663,-0.08001205440809878,0.16802748145634827,-0.03256452061463366,-0.0487301605558339,1.2285059746307636,131447253.96724701,0.2084758656471433
ESTC,Elastic N.V. Ordinary Shares,N,N,87.61000061035156,-0.05173718812506489,0.14747874736431155,0.45169847266723506,0.5711980496333451,-0.12311082575230214,1.023325684850498,0.0026723465584073125,0.19856407923071462,1.6046170408826437,283975048.427166,0.6659160880283901
ETD,Ethan Allen Interiors Inc. Common Stock,N,N,21.8700008392334,0.03933654272353415,0.08085582158936688,0.18553571812606817,0.17587966547535427,-0.09486161608490895,0.3695856166371596,0.053964424926562504,0.09560408879560334,1.2462414771378802,13811353.382982826,0.2896713971566697
ETG,Eaton Vance Tax-Advantaged Global Dividend Income Fund Common Shares of Beneficial Interest,N,N,23.709999084472656,-0.012083371480306027,-0.02433697220551323,0.04337667842446846,0.1593833779535747,-0.029472010303273843,0.2535645943050393,-0.016737487208988044,0.003696037067221658,0.8049335352040808,2083055.9244812012,0.13800195925626033
ETN,"Eaton Corporation, PLC Ordinary Shares",N,N,418.92999267578125,0.07222748800358669,-0.08787479613807692,0.07299803471910282,0.168029204520731,-0.08920340799533222,0.3375796153518986,-0.002463325525211224,0.00853985609766994,0.7611441278491614,695135545.8469849,0.4731878927494226
ETR,Entergy Corporation Common Stock,N,N,108.44999694824219,0.013361991684087915,0.023715900641909204,-0.018113574453470616,0.05210818239536574,-0.07040389627401211,0.2774511077931865,0.012562477824664464,-0.01047190821007049,0.8470263906639695,219564663.59388885,0.1814652909261563
ETSY,"Etsy, Inc. Common Stock",N,N,70.23999786376953,-0.14079513316489867,-0.11625572600530087,0.010938319949866493,0.29785660107224565,-0.1929219941517617,0.5945516249787941,-0.12604207875475515,-0.13276673019559448,0.8916320720609913,215729935.38022345,0.4666285899134219
ETV,Eaton Vance Corporation Eaton Vance Tax-Managed Buy-Write Opportunities Fund Common Shares of Beneficial Interest,N,N,15.305000305175781,0.006907927449225415,0.011521423532243613,0.05624975647974484,0.12873183744979122,-0.011943154853192639,0.203408590974407,0.006685183259672378,0.02349870698566936,0.8871058694493643,2198405.778196144,0.13607206062097005
ETW,Eaton Vance Corporation Eaton Vance Tax-Managed Global Buy-Write Opportunites Fund Common Shares of Beneficial Interest,N,N,9.8149995803833,0.001530549934337655,0.006212511842224933,0.06817486902322112,0.1314882807243445,-0.01058472732894089,0.20198359697670876,-0.0012892648226916492,0.02065891944336462,1.0048383207093532,2553457.000883055,0.12027198700268531
ETY,"Eaton Vance Tax-Managed Diversified Equity Income Fund Common Shares of Beneficial Interest,",N,N,14.399999618530273,0.005586586970037999,-0.015828805831181625,0.014251040515380398,0.06014859849626575,-0.031209197943938838,0.13184553373777308,-0.0057741305980381075,0.0009533412343591952,1.061956388335182,3530657.4277776717,0.12501943582614441
EVC,Entravision Communications Corporation Common Stock,N,N,8.380000114440918,0.04358659939085974,-0.09209095015723745,-0.12777506515828918,1.762522348846034,-0.3783382493312253,3.396161855269219,0.0029922373592767837,-0.17773808118024936,0.6099216466795637,10426870.867179966,0.7156912346035069
EVH,"Evolent Health, Inc Class A Common Stock",N,N,4.239999771118164,-0.009345896432088385,0.03414630969318089,-0.11666674945089228,0.5880148501731257,-0.5755755887626424,0.953916876518957,-0.0608041161382461,-0.09083115949345322,0.6595427504089983,11132017.89310484,0.8592954928947911
EVMN,"Evommune, Inc. Common Stock",N,N,11.390000343322754,-0.0873396826037266,-0.19845177250203272,-0.4256177313593221,-0.5271896940150425,-0.6392144297299407,0.03076924404697956,-0.15174079939456897,-0.11201543841903183,0.5886759648932082,5857544.72064023,1.1209469149677316
EVR,Evercore Inc. Class A Common Stock,N,N,293.67999267578125,0.02602795445446482,-0.02798953659917658,-0.1757303607921542,0.07382882398337087,-0.22714587292314603,0.10533763585411515,-0.002265592746121925,-0.06988541609792831,0.8743481576003801,136328411.32942504,0.3742708667491628
EVT,Eaton Vance Tax Advantaged Dividend Income Fund Common Shares of Beneficial Interest,N,N,28.760000228881836,0.005946137649060379,-0.009895774099645815,0.09568696674039057,0.19312151874875827,-0.024588723283452407,0.3231292931875771,-0.009679570273374627,0.020081019739529804,0.8093714236327599,2280037.189151096,0.1172154352650697
EVTC,"Evertec, Inc. Common Stock",N,N,28.8700008392334,-0.009945096354465388,-0.021687542686701256,0.10036147310157562,0.011090253338438494,-0.1568656908136643,0.2944270485245679,-0.03705676987113371,-0.036340386268200575,0.6916482753280778,11044595.72518444,0.3926602092761077
EVV,Eaton Vance Limited Duration Income Fund Common Shares of Beneficial Interest,N,N,9.0,-0.007717717439854388,-0.015358007992378409,-0.011028955212337488,-0.008578043725299689,-0.05312262771056797,0.036486650044250446,-0.010064350594236937,-0.014336747606218836,0.6983168756540801,3326170.727142525,0.06551045430301572
EW,Edwards Lifesciences Corporation Common Stock,N,N,86.84500122070312,-0.042924804218246404,-0.07276320921353208,0.020385390646331825,0.05126498703621718,-0.08757090836045534,0.19538884234940812,-0.039731515702612685,-0.029327495625545374,0.6117796965198143,236608393.8622406,0.23705378511764874
EXG,Eaton Vance Tax-Managed Global Diversified Equity Income Fund Common Shares of Beneficial Interest,N,N,9.864999771118164,0.0015227806159940904,-0.015868431104762215,0.04969387570787509,0.1483485485064544,-0.017815234182021022,0.23294889059413282,-0.008358029751525331,0.008289700880734996,0.8023374217986896,3483191.0711823464,0.12051706071988559
EXK,Endeavour Silver Corporation Ordinary Shares (Canada),N,N,11.270000457763672,0.10058600680349783,0.06421154819432262,0.3119907168300089,0.19007393241601345,-0.20184132088486662,0.9166667072140433,0.04434048669336477,0.21735189943356548,1.0950347292940117,96045201.11962071,0.6986249507795453
EXP,Eagle Materials Inc Common Stock,N,N,188.4550018310547,-0.01605491028998307,-0.12064297523250234,-0.12346510776253639,0.02791681044333827,-0.21792936154471054,0.09016084360139542,-0.05693163688667047,-0.0884342723596021,0.6940761803116089,64366381.501176454,0.36161414005607734
EXPD,"Expeditors International of Washington, Inc. Common Stock",N,N,185.0,-0.014384640341718824,0.0439591049658441,0.11031091958612427,0.2858067641621411,-0.031261460871038205,0.652375186433203,-0.013769905484953937,0.03198944086152333,0.6355606761267211,133709253.50462341,0.24733844364753363
F,Ford Motor Company Common Stock,N,N,14.145000457763672,0.022037594061641075,0.01180264098212902,-0.036509727335277575,0.22802591056191468,-0.180149367384156,0.297501374517388,0.004349015580754623,0.008510266055228533,0.7898262050279062,551603510.7080376,0.29923660178524075
FAF,First American Corporation (New) Common Stock,N,N,70.95999908447266,-0.035738515889337186,-0.010182777682707478,0.07940373274000301,0.11844843607717426,-0.10358772357613877,0.25852506795062125,-0.030422287011992677,-0.02507385816810359,0.9183582154521435,47305997.36719246,0.3327254423173326
FBIN,"Fortune Brands Innovations, Inc. Common Stock",N,N,41.61000061035156,-0.02712181049793616,-0.16296162602494457,-0.031653956092011826,0.019438069471770847,-0.342685779887417,0.26246669735311445,-0.0732237640295953,-0.13943799747374463,0.6632532038250045,94824303.69605103,0.519675797864213
FBK,FB Financial Corporation Common Stock,N,N,55.599998474121094,0.0016213322880425096,-0.09446258807197627,0.014416269628938494,0.09748925115771234,-0.10438149429454524,0.10007573999332031,-0.04779848797502129,-0.05080372968335645,0.8199413220068542,16292229.866196822,0.20501281534912008
FBP,First BanCorp. New Common Stock,N,N,27.858999252319336,0.0003231192361345947,-0.03379610923728704,0.10033579283087501,0.3828145413976991,-0.05526730680979175,0.4830289934181189,-0.017780307103538173,-0.0032125772099746985,0.722962688311389,29099258.647794057,0.19990872432068835
FBRT,"Franklin BSP Realty Trust, Inc. Common Stock",N,N,8.305000305175781,-0.004196624313160147,0.044654151500345574,0.01963247247196609,-0.04821525550973804,-0.19723259689063533,0.10292165654363994,0.0003915271491610195,0.032485094619403077,1.2546373632231549,14188018.90362377,0.271792037683829
FCF,First Commonwealth Financial Corporation Common Stock,N,N,21.020000457763672,0.02386749901264751,-0.024141153001939974,0.06268690739633787,0.2803938216904469,-0.0360776383472069,0.4165735184027377,-0.0040274608497037345,0.0028515475494519382,0.83929509446861,12800045.57733326,0.17315631721588784
FCN,"FTI Consulting, Inc. Common Stock",N,N,150.1300048828125,-0.008126293093149939,-0.01766666829741248,-0.05322571767402062,-0.09006606531064842,-0.19729452033001338,0.06930207556491763,-0.01398273345359946,-0.034628094302862844,0.6537156277546013,51460752.612579346,0.31425302901424496
FCPT,"Four Corners Property Trust, Inc. Common Stock",N,N,24.764999389648438,-0.003019354367098881,0.014485572129507629,0.004034311950343206,0.01287168489873225,-0.05606733739434,0.1435132970492512,-0.009282420541238401,-0.01432096263575422,0.9211144020864543,16487183.43616562,0.1978917311082883
FCX,"Freeport-McMoRan, Inc. Common Stock",N,N,77.1500015258789,0.06457844937690993,0.12022649120204676,0.13049634289834744,0.397791763244973,-0.03453888136335015,1.206547368889622,0.05181359432565569,0.15149178777818473,0.8727170779170299,1010914798.2170238,0.47723444999651904
FDS,FactSet Research Systems Inc. Common Stock,N,N,287.8599853515625,-0.05755636769684802,0.02118654985688928,0.1981454561089777,0.3971445810338201,-0.21414260644229044,0.5355829156682563,-0.027777873690578492,0.05007839761553212,0.881402993714814,242579716.6496399,0.5134839207205829
FDX,FedEx Corporation Common Stock,N,N,311.95001220703125,-0.03979928737210292,-0.032503119147752835,-0.0744550958093152,0.11106331009319814,-0.08074257670154938,0.7457975324801531,-0.04717539211713606,-0.02236199957176277,0.8029355691603068,480965930.2739502,0.2655136758570677
FE,FirstEnergy Corp. Common Stock,N,N,46.5,0.007365687905368512,-0.007258756436385405,-0.0014674453066571003,-0.06345572251659948,-0.08600783308572202,0.12353496695766242,-0.0036959633183581975,-0.019465438189727235,0.9249222353543919,172691974.8845169,0.17776248141118905
FERG,Ferguson Enterprises Inc. Common Stock,N,N,224.28500366210938,0.024553469051585175,-0.10491915205814362,-0.02154997618235499,0.01860965069024334,-0.15584503296333974,0.08020757340289575,-0.041451069393440454,-0.04347968154122461,0.5326167330771286,313899962.59449005,0.3101393352938768
FET,"Forum Energy Technologies, Inc. Common Stock",N,N,83.5,0.015197568389057725,0.005176360981768102,0.5766616586759226,0.4747439345672282,-0.03255703438858415,2.3056215060729723,0.0324894094244883,0.24485657946240047,0.9449406780372668,14252140.401689148,0.6685068242434503
FF,FutureFuel Corp.  Common shares,N,N,5.400000095367432,-0.009119381704800422,-0.1506737875959424,0.17613224302312136,0.553841767374762,-0.1506737875959424,0.8056658988542926,-0.012107031321664796,0.06361868300842377,0.9415143632134197,2093668.7065101862,0.654818186039181
FG,"F&G Annuities & Life, Inc. Common Stock",N,N,24.0,0.015228452607710441,-0.10481161961647989,-0.1625348078272495,0.022860935137010596,-0.29383115133882876,0.18354901453782335,-0.018324609321103136,-0.12256328688521068,0.6292680020888877,13353150.279616546,0.40470326138254825
FHI,"Federated Hermes, Inc. Common Stock",N,N,60.95000076293945,-0.019623571528674444,-0.03253967042953254,0.05267632124815225,0.10366785294824044,-0.0679002701965441,0.32305952728937903,-0.03827187698375856,0.0007391577024491447,0.8843844706321643,32173522.990388297,0.2766887639048235
FHN,First Horizon Corporation Common Stock,N,N,24.5,0.019558855594028035,-0.03657099072022019,-0.025457414685219226,0.1331101820246019,-0.06559875508762714,0.2545150380488992,-0.017484759635387315,-0.03378974985931382,0.7163800506847504,90865215.11844102,0.19501279837325303
FICO,Fair Isaac Corporation Common Stock,N,N,920.6699829101562,-0.1658180468020971,-0.11323117206220212,-0.2192352134447435,-0.23513332204273318,-0.5101646888923326,0.0,-0.15807523896198872,-0.20457397691183588,1.053619060451423,334245191.94579774,0.6582980239314741
FIG,"Figma, Inc. Class A Common Stock",N,N,22.469999313354492,-0.17389710723941165,-0.09650186750668743,0.21197401314774234,-0.11045134165665238,-0.6838773391317303,0.33432298751502154,-0.14216999367288752,-0.07598552567910977,0.7457529293997401,379096790.5154556,0.8868479312023945
FIGS,"FIGS, Inc. Class A Common Stock",N,N,13.609999656677246,-0.10812585501025851,-0.04625093061768959,0.13795983388524435,-0.05486110991533888,-0.20502342351014302,1.071537184333991,-0.07462181674642443,0.10984258351455378,0.6968388018779467,31388319.1320137,0.7488273807064119
FIS,"Fidelity National Information Services, Inc. Common Stock",N,N,39.13999938964844,-0.04139119190832019,-0.08465853774511956,-0.0015306472480414168,-0.19555035440952628,-0.4141577383667929,0.03764576147908305,-0.050426395393380896,-0.06659736071374678,0.9146031531109858,211769987.96801835,0.3741349556371948
FITB,Fifth Third Bancorp Common Stock,N,N,54.02000045776367,0.01905304976816402,-0.06215274498602408,-0.0059700679534824275,0.25044881789433027,-0.09011282752858307,0.3716700770298118,-0.02403771012331024,-0.0440832839643952,0.6502430165853403,262638660.96540833,0.21846001978744609
FIX,"Comfort Systems USA, Inc. Common Stock",N,N,1633.6650390625,0.051014265711771145,-0.031716443287586715,-0.129472500554366,0.14908757203164047,-0.20904761251832737,1.3071755434617707,-0.00804606573462674,-0.03899528837130417,0.6685502949231509,587413595.5956787,0.6152069434274083
FLG,"Flagstar Bank, N.A. Common Stock",N,N,13.3149995803833,0.020282085002284456,-0.06096653575016031,-0.10810679423108471,0.07882970629765729,-0.1324944876032509,0.24582790361168838,-0.021218449740402656,-0.059501720253395396,0.7003681259339491,48701493.79111461,0.23410940821283044
FLNG,FLEX LNG Ltd. Ordinary Shares,N,N,31.190000534057617,0.015057762702496591,0.09584454696052624,0.021223341472706103,0.08851274436888756,-0.016506528509026563,0.42304437319596255,0.015688187496695427,0.03600209343019345,1.1892835244622357,12897978.482224178,0.3175062646383237
FLO,"Flowers Foods, Inc. Common Stock",N,N,6.184999942779541,-0.07548581616167194,-0.13617317394007622,-0.20603337958062085,-0.25347587729016763,-0.5533429807421659,0.0,-0.11373814363582835,-0.17950146978202375,1.0640516561293114,47993498.832931876,0.4473009379569844
FLOC,Flowco Holdings Inc. Class A Common Stock,N,N,21.46500015258789,-0.010829520833607997,-0.06775798114001697,-0.08622201738930757,-0.07966286434135028,-0.22805446140574803,0.5400038165371828,-0.02237727227884523,0.024862383064123916,0.6285991035277999,10673805.405041505,0.43096889727001303
FLR,Fluor Corporation Common Stock,N,N,56.189998626708984,-0.0010666910807292096,0.06118976047375724,0.10697400482127839,0.23115686630472188,-0.02278263257897417,0.4178651807283771,0.04123041345734446,0.08006179749778775,0.8746747222766499,121588699.09111328,0.5550960314269011
FLS,Flowserve Corporation Common Stock,N,N,76.27999877929688,-0.004697294013812137,-0.05664113030526452,-0.020053277683092174,0.03237074007255991,-0.16627429920881642,0.5677889671297638,-0.037367034818017286,0.011247261049321278,0.8501809405417704,118045697.5973053,0.3967407005953359
FLUT,Flutter Entertainment plc Ordinary Shares,N,N,98.5199966430664,0.01567006848522068,-0.0050494851237202765,-0.10962498613229144,-0.074929608985292,-0.6627759756929026,0.06646459809697891,-0.009226935079156173,-0.037913204340689344,0.9151496104339522,234409146.449284,0.5355641598982241
FMC,FMC Corporation Common Stock,N,N,12.649999618530273,0.06481477244712908,0.21517769490409933,0.07496260379079,-0.12032859139022645,-0.6585084305989126,0.2637361967316696,0.1134092896196972,0.13454946878001905,0.7699110708966643,32699274.28829193,0.660523177780511
FMX,Fomento Economico Mexicano S.A.B. de C.V. Common Stock,N,N,118.87999725341797,-0.009003016332920888,0.005497706825923432,-0.06830297124852036,0.16162810921564086,-0.10041617295465821,0.4110362430513761,-0.007592508458678204,-0.04058412462542749,0.5718016506665015,42760816.79660187,0.2785464787621587
FN,Fabrinet Ordinary Shares,N,N,417.7699890136719,0.03904788072588827,-0.20557924786136705,-0.31626326518951353,-0.16517795670105484,-0.44033918923736426,0.17506255575640428,-0.08285522690695424,-0.12645231070541152,0.7949365542043036,474272260.5966431,0.8358669844832857
FNB,F.N.B. Corporation Common Stock,N,N,18.208999633789062,0.018970273007004934,-0.040304408176526474,-0.01610608965975402,0.16722669770220389,-0.05901579073688301,0.279440382536426,-0.017628541782784057,-0.028415357004404784,0.6547172780161117,57069354.15188599,0.19789824136127515
FND,"Floor & Decor Holdings, Inc. Common Stock",N,N,47.095001220703125,-0.01351069197918775,-0.2215702277569731,-0.11707909475102951,-0.13076779336591904,-0.47915281824372047,0.08289260526796594,-0.11666094030091712,-0.15251185307778115,0.9019672886431694,109598976.8642807,0.5221532278639016
FNF,"Fidelity National Financial, Inc. Common Stock",N,N,44.189998626708984,-0.0401824989580839,-0.07105320768969836,-0.06775128838497146,-0.06266565889364684,-0.21840663390771142,0.03267119518537265,-0.06434608567809752,-0.10028588373806568,1.0872664931860387,79051901.98322792,0.30800169538587346
FNGD,"MicroSectors FANG  Index -3X Inverse Leveraged ETNs due January 8, 2038",N,N,27.049999237060547,-0.003316144237726748,-0.003316144237726748,-0.29483840441438824,-0.5844854090463057,-0.6846216591376391,0.0591228765624352,-0.006738049534712909,-0.12624911685607265,0.6946061810809163,9672319.176602364,0.7262692902396681
FNV,Franco-Nevada Corporation,N,N,269.0899963378906,0.053519686269449585,0.11776186008906442,0.28468436795899166,0.1082035208973473,-0.03815100266360305,0.4682090713335656,0.04641168484727065,0.16410460283882355,0.8686450445465141,194150617.49358216,0.396947752944478
FOR,Forestar Group Inc Common Stock ,N,N,26.90999984741211,-0.022165719484189772,-0.07462173596929611,-0.07842468683883752,0.08815205602622678,-0.1585365780924486,0.16543956992551512,-0.05582260882770418,-0.07455808894093541,0.826966436086251,2934192.3024072647,0.31277375588228595
FOUR,"Shift4 Payments, Inc. Class A Common Stock",N,N,41.47999954223633,0.009737042194561507,0.010721213861925483,0.007285071268511967,-0.05684402060075322,-0.525400471189303,0.16418743471091757,-0.08118285917295243,-0.1348672765104144,1.0297780423142244,81200889.87953052,0.7948333579553256
FPI,Farmland Partners Inc. Common Stock,N,N,10.71500015258789,0.015639806527959266,0.10010271092211687,0.08372334251363234,-0.05765450874749356,-0.16388517174542327,0.19100548792568373,0.04590158162903446,0.08419594882694148,1.3780812074480697,5595855.704238129,0.1959436997763129
FPS,"Forgent Power Solutions, Inc. Class A Common Stock",N,N,31.549999237060547,0.07789541317523696,-0.16357374824940596,-0.4655260055989392,-0.08017492889704425,-0.5115342773513633,0.1279942799997409,-0.051341830437868774,-0.1590210241749409,0.6296124291976073,161225555.18133277,0.7322529156940659
FR,"First Industrial Realty Trust, Inc. Common Stock",N,N,61.665000915527344,-0.01225371433459721,-0.020879622678102838,-0.022252333029779026,0.04522323301090592,-0.10448736031150441,0.257194111160868,-0.01347442267980814,-0.038019019693147804,0.6429943944914011,44135435.07983208,0.18783240673761534
FRO,Frontline Plc Ordinary Shares,N,N,46.66299819946289,0.052865490089619493,0.22346614961214906,0.19434344929479352,0.5141733435529057,0.0,1.4412304954815256,0.06822728971862735,0.15868259229271042,0.9725811969522848,100188031.5841198,0.4522927529304206
FRT,Federal Realty Investment Trust Common Stock,N,N,116.80000305175781,-0.001965271553773129,0.0005140071019900105,-0.06326207577762588,0.12881797589764465,-0.0812553639961825,0.2701333999268245,-0.004847930983299276,-0.031067209758967818,0.7501239600264853,72307771.01366806,0.15181514622826037
FSCO,FS Credit Opportunities Corp. Common Stock,N,N,5.269100189208984,0.015240873047482673,0.05750130774835882,0.1348587745735692,0.1387119465113389,-0.19310113071390378,0.2413211127075261,0.024303143119696946,0.06189846084484918,0.8325975275052782,4177938.8188839913,0.1314890854689792
FSK,FS KKR Capital Corp. Common Stock,N,N,12.100000381469727,-0.013854936426378028,-0.012244866818797884,0.13838521866849218,0.24658822817379766,-0.19233737840360887,0.30906653341899637,-0.006975761707931238,0.05676858874735413,0.5354631797011612,17516533.832382202,0.3237494583442552
FSM,Fortuna Mining Corp. Common Shares,N,N,12.390000343322754,0.05446811432534071,0.14404436109015806,0.38745799774962775,0.28526969938386104,-0.09297214628666028,0.6007752854923953,0.04755868385816564,0.23999202227386163,0.8984651023543486,62292434.20265951,0.5233227803200521
FSS,Federal Signal Corporation Common Stock,N,N,116.37999725341797,0.02438162686546108,-0.09476356982977052,0.06793169116919162,0.09010658192690157,-0.12952319094047038,0.11362133633605453,-0.033162286160729804,-0.042237589048294,0.6669153123824689,40359021.264048,0.4137311247545417
FSSL,FS Specialty Lending Fund Common Shares of Beneficial Interest,N,N,11.869999885559082,0.005080394903519414,0.0566512265684016,0.08907032190345587,0.016373808373976173,-0.0927960410894264,0.12439355355731174,0.021128059060342874,0.061379135468291324,0.6771291119211197,2577180.8642924787,0.19688723634920044
FTI,TechnipFMC plc Ordinary Share,N,N,79.34500122070312,0.013216750023966606,0.05409907281030768,0.12155305413460948,0.21984985392168777,-0.009178329090228976,1.237963228862923,0.021821801868306734,0.07415196914248079,0.6156282088537233,193690879.41480866,0.3534351683869736
FTK,"Flotek Industries, Inc. Common Stock",N,N,27.06999969482422,0.18780160629045062,-0.30267903380655103,0.09862014469840674,0.6425971144869846,-0.30267903380655103,1.4519927344529275,0.028514961531881156,0.015546439805437018,0.6284634525699644,17993989.621416472,1.016596621963604
FTS,Fortis Inc. Common Shares,N,N,55.47999954223633,0.007994160962756292,-0.0023783781262470827,-0.01710339887104162,-0.01975427382111017,-0.0493432321698285,0.16446782565668583,-6.060986457057105e-06,-0.015383542303301079,0.9213046822481863,38462609.16262074,0.14459317929970728
FTV,Fortive Corporation Common Stock ,N,N,56.2400016784668,-0.008653699644034729,-0.08708705305794695,-0.06278879057434861,0.027787744901644817,-0.121415665199477,0.18544730497100592,-0.04801251407832685,-0.06879406543753797,0.8643375280266634,121226515.74410477,0.26398642720832644
FUBO,FuboTV Inc. Class A Common Stock,N,N,10.899999618530273,0.03415556527326169,0.12371132297538123,0.10885042758177499,-0.2032164199290043,-0.8008041049822511,0.3473423254563843,0.03567861944820905,0.10361861360836788,0.7008849200495665,13635614.239548016,0.8626503005542144
FUL,H. B. Fuller Company Common Stock,N,N,52.96500015258789,-0.015886279210041487,-0.1461389457536878,-0.16393611029803035,0.026271811900709707,-0.20851306138484904,0.0837380175334359,-0.07718039877375382,-0.07419207940875672,0.5891538753369775,31965142.8515852,0.34215771800947825
FUN,Six Flags Entertainment Corporation Common Stock New,N,N,15.220000267028809,0.068820260650446,-0.04336892438723272,-0.3506825972587072,-0.13473563757817253,-0.43081524318231634,0.18628217907521094,-0.04684366962732833,-0.12132826536534991,0.7884830840897121,26589002.87572994,0.6546727878083686
FVR,"FrontView REIT, Inc. Common Stock",N,N,18.954999923706055,-0.02293812905022785,-0.027948721861227988,-0.035842866280604624,0.20845397905462804,-0.13526460503047533,0.5138391996205149,-0.02970272533636953,-0.06450037257775876,0.48828469630574683,3631007.031020546,0.22070351318207662
FVRR,"Fiverr International Ltd. Ordinary Shares, no par value",N,N,8.960000038146973,-0.03135134722735433,0.024000004359653992,-0.10040160604116288,-0.14990511664368888,-0.6640419942813869,0.03464205496776218,-0.025186313944094763,-0.09722922050478444,0.5023020620025131,4732720.924420881,0.6719325486483448
G,Genpact Limited Common Stock,N,N,35.04999923706055,-0.07004509116053947,0.032096589575182355,0.09326256193677152,-0.06639000902908754,-0.2695461838095451,0.2745454268022016,-0.03606839444830856,0.04157996655420981,0.7641081138796425,86058187.54943772,0.42247171068867534
GAB,"Gabelli Equity Trust, Inc. (The) Common Stock",N,N,5.65500020980835,0.006227815829534578,-0.019930636308199468,0.028181856328790778,0.054306207122175154,-0.0524419441271774,0.08787027888601173,-0.007677088680624333,-0.003401260811803475,0.6274087677559993,3328740.642606616,0.14309724041356484
GAP,"Gap, Inc. (The) Common Stock",N,N,21.989999771118164,-0.0004545558582652598,0.04914125628032795,0.013872324349289977,-0.06983619034956179,-0.23268667180378877,0.19836508523041751,0.04102065974569746,0.08082712335395725,1.47123585539069,177055631.03397912,0.4519421146342045
GATX,GATX Corporation Common Stock,N,N,175.14999389648438,0.00927740389903664,-0.013572897585302668,0.007130068473715667,0.06670727081224204,-0.12425430661959658,0.16421261992795833,-0.013678449824092054,-0.018079918734122957,0.6745000636381887,29948199.488754272,0.20116647954762465
GBCI,"Glacier Bancorp, Inc. Common Stock",N,N,45.86000061035156,0.01146891168975861,-0.06617796700484979,-0.07607880508920717,0.08599819511053819,-0.15868644244233288,0.1657694490642707,-0.033193137409994855,-0.07323934065559157,0.6704518952609475,39073225.88575973,0.23916097975824377
GBTG,"Global Business Travel Group, Inc. Class A Common Stock",N,N,9.475000381469727,0.0015856599642987135,0.0037077121443054306,0.012286402672081476,0.6949910774301633,-0.0036803203543376295,0.9064387890254533,0.001135909588338091,0.004335389484877661,1.162640636905554,15918863.051968765,0.02214956929141445
GBX,"Greenbrier Companies, Inc. (The) Common Stock",N,N,42.78499984741211,0.01869047255743128,-0.07251248955671863,-0.1054671408549186,-0.14802091147943663,-0.26307501432511515,0.06537902930881345,-0.04612211926623033,-0.09335421275626654,0.7679620378496141,14541840.849768639,0.3309648672336282
GCO,Genesco Inc. Common Stock,N,N,34.70000076293945,0.06736396660948718,-0.05757737505312288,-0.18352939381318933,0.36829652712135363,-0.18773408774803568,0.5808655834548853,0.008559699238803509,-0.022821457851819993,1.2924326180799335,8675065.046323966,0.4742252024655317
GD,General Dynamics Corporation Common Stock,N,N,354.4700012207031,-0.04044287456565876,-0.09548600890304304,-0.011631584738112322,0.012236223453280237,-0.10480591931727934,0.13918682116874193,-0.06387821979386643,-0.06271968781396031,0.8603761181030835,327266206.3648254,0.20633539354199798
GDDY,GoDaddy Inc. Class A Common Stock,N,N,92.42500305175781,-0.08080556691597196,0.01856959695456495,0.2122902104077793,0.09859748091223008,-0.3791980116839192,0.2324977421610488,-0.05135801460420164,-0.01425421668450455,0.8530603502813614,169756738.83817673,0.6415002968988265
GDOT,"Green Dot Corporation Class A Common Stock, $0.001 par value",N,N,13.15999984741211,0.003813897181103032,-0.01864280408983343,0.005347570206894137,0.17710192202049302,-0.13704919033363216,0.24976260029769493,-0.015485906572443087,-0.013286156539048077,0.4915203817625984,3793325.52302742,0.15826276167120304
GDV,Gabelli Dividend & Income Trust Common Shares of Beneficial Interest,N,N,29.757200241088867,-0.005441170948861984,-0.02117769541320691,0.03706172791252005,0.1255047652727408,-0.03195141608662688,0.19070470905307202,-0.017503770138545427,-0.004350472216788304,1.0884800650997317,2751651.26442976,0.09774052740662426
GEF,Greif Inc. Class A Common Stock,N,N,84.80000305175781,0.02058017558351244,-0.031189258147056864,0.25091410913622947,0.3271798949948834,-0.05903239605733357,0.5340141708776505,-0.011459109056001782,0.03406062823442291,1.0889274769143875,22106991.532157898,0.26246060523071013
GENI,Genius Sports Limited Ordinary Shares,N,N,7.010000228881836,-0.02367682500295032,-0.09897171724439857,0.023357711894428146,0.4696017310088605,-0.47803424649363147,0.7882653297061273,-0.0893146845268753,-0.02462776938356248,0.7256421488143991,33169921.412002563,0.7347498283550745
GEO,Geo Group Inc (The) REIT,N,N,31.940000534057617,0.04618407519489098,0.005984268789216207,0.1230661017677781,0.9080048369632776,-0.025328041260659018,1.4087481133287274,0.011191510728845833,0.03342955627073185,0.9781857623307159,66694280.51380386,0.29442582850000487
GEV,GE Vernova Inc. Common Stock,N,N,958.0,0.06618584662068772,-0.05324742521130499,0.018954288335514047,0.11650905403326184,-0.18458368491175547,0.7515425160394775,-0.010647426610947086,-0.05245090094790905,0.7377628160509392,1884308237.9368286,0.5658695776472512
GFF,Griffon Corporation Common Stock,N,N,96.96499633789062,0.026736486988667485,-0.08963939626255935,0.03692907549422708,0.369474081875383,-0.09362997692818531,0.46670987376924966,-0.030453147875558306,0.010353234210135343,0.7908302773555923,29365083.516519167,0.41107115030776525
GFL,"GFL Environmental Inc. Subordinate voting shares, no par value",N,N,42.130001068115234,0.015180748629282759,0.019603131153761222,0.17175498210293227,-0.004611325651575959,-0.12412408458973367,0.2566495041844217,0.007677793311009706,0.036007989154468234,0.9283340047360055,88182314.49077645,0.31237248811274587
GFR,Greenfire Resources Ltd. Common Shares,N,N,6.21999979019165,-0.011128803193308001,-0.064661699099122,0.07986103177622828,0.008103681244642447,-0.12394367975508569,0.43648958424644535,-0.020703790709062697,0.002675920912114993,2.3497512951703476,5577441.182786703,0.4824350125652794
GGB,Gerdau S.A. Common Stock,N,N,5.065000057220459,0.07995735510123736,0.0912987976996793,0.07751401762598409,0.5724427723027308,-0.004242859158355872,0.7112138408545312,0.0848625046829814,0.09033866720738537,0.7079300660474193,46843728.04991722,0.3778269367355964
GGG,Graco Inc. Common Stock,N,N,76.54000091552734,-0.0037745790526602097,-0.08368248492662522,0.030079266477056832,-0.08990154363605174,-0.18684309049929515,0.04992360196834822,-0.03899152653990756,-0.023178220771902347,1.9166458819683023,191951346.23427734,0.22562630664803904
GGN,"GAMCO Global Gold, Natural Resources & Income Trust",N,N,5.688499927520752,0.023111508284831217,0.06930089327346023,0.17003846430728453,0.1436776540285769,-0.0020175231805608096,0.29544397517756416,0.023311942067619995,0.102077439774652,0.8232861920674525,3130397.293399072,0.1864186161283927
GHC,Graham Holdings Company Common Stock,N,N,1116.9100341796875,0.017240800422295477,-0.048490772944925764,-0.04725704407832798,0.05678695763555397,-0.09485715133648576,0.18311554521853823,-0.030844515986847565,-0.04438925150182571,1.2982157253463857,39295911.70756836,0.2438496721480539
GHM,Graham Corporation Common Stock,N,N,88.86000061035156,0.06431911467220597,-0.18297169120089374,-0.14467223859464629,0.10207123449436462,-0.2821714197175873,0.8707368549547698,-0.08300051523587992,-0.13397889750781933,0.7341213490450448,17049304.52486954,0.6058342031279463
GIB,CGI Inc. Common Stock,N,N,69.33000183105469,-0.05954963804877933,-0.072357416335053,0.041285437588741036,-0.026964221812044498,-0.2706861017210328,0.1332135633882321,-0.059037347274565444,-0.022933968627428913,0.7467797208792825,24108076.8553421,0.34070175240299516
GIC,Global Industrial Company Common Stock,N,N,39.7599983215332,0.02845314222614337,0.01773361034430332,0.25778312397523795,0.3479462815437764,-0.001256042452471795,0.5308077249439964,0.014170926363853864,0.08377080871417197,0.7673527044709371,4407154.941321373,0.2336609706582944
GIL,"Gildan Activewear, Inc. Class A Sub. Vot. Common Stock",N,N,50.8400993347168,0.011340737452988803,-0.12727660745364533,-0.15987087628453311,-0.11878248959807203,-0.29021802981233746,0.029496958496696868,-0.06080116569396066,-0.0501186975753789,0.5146681555808117,51657742.69767342,0.5175419776260537
GIS,"General Mills, Inc. Common Stock",N,N,37.720001220703125,-0.08201506253030566,-0.005536490450383735,0.1119366110784874,0.03805850878438011,-0.21606602629473626,0.19281730889804716,-0.045691417880867946,-0.001441101468368844,0.900076272729177,322464952.0991348,0.3717170334944507
GKOS,Glaukos Corporation Common Stock,N,N,181.9149932861328,0.029513279162184602,-0.00046706985641309373,0.43454772327455715,0.7624006116524402,-0.040279660473232504,1.4362528156829377,-0.005837996765540976,0.08106610444127194,0.7043012059115953,112057887.49776916,0.3467043674924926
GL,Globe Life Inc. Common Stock,N,N,169.72500610351562,-0.014944845633396042,-0.06249993151918598,0.01964441371696113,0.23845664031485447,-0.0875980958750987,0.30988345048736,-0.027111588766569383,-0.047143852010338105,0.5759008593891779,74650957.34165497,0.2336789042427433
GLAS,Glass House Brands Inc. Subordinate Voting Shares,N,N,8.369999885559082,-0.014134262519924334,-0.16132261828906613,-0.3683018954295032,0.09411761845959399,-0.3837431879025618,0.5765680658320893,-0.10947974189366183,-0.17718533606205467,1.5615711751873567,4417447.049779749,0.7101908312565015
GLOB,Globant S.A. Common Shares,N,N,36.25,-0.08644153928417131,-0.07003590493320222,-0.03307553008670627,-0.18116106561632517,-0.4909422768423499,0.30724848894377454,-0.07135813072047004,0.013453062776912272,0.4704045830157979,64077950.54026413,0.659952531880855
GLW,Corning Incorporated Common Stock,N,N,167.60000610351562,0.15141528520601888,0.054812472174387006,-0.06297102221391115,0.2950326893403781,-0.34328446197359874,1.3354274323103317,0.08318696922950086,0.033823093467986176,0.6066121342030347,1358127324.8800797,0.9327980212558845
GM,General Motors Company Common Stock,N,N,86.12000274658203,0.007802218680327044,-0.03415667888582241,0.05887242430388118,0.1761888650771264,-0.04431786779118707,0.5693405053400771,0.0018022449118331174,0.03157378665442945,0.8406194253608004,440288804.43687856,0.29541992298348063
GME,GameStop Corporation Common Stock,N,N,19.15399932861328,0.01828813782231875,0.017747058406218708,-0.12016541452195817,-0.18005142002755203,-0.30827017121019507,0.07185217845994041,0.03755542266268597,-0.04956515845526788,1.241368216976092,112549132.3389782,0.3384778551244581
GMED,"Globus Medical, Inc. Class A Common Stock",N,N,75.24500274658203,-0.0650472215704816,-0.1163241174609555,-0.0640004563021419,-0.13091936757625477,-0.22283616005212137,0.3656080731458182,-0.09060967461771208,-0.06627815254759262,0.6534589380865126,86270215.78166619,0.4012241643070821
GNK,Genco Shipping & Trading Limited Ordinary Shares New (Marshall Islands),N,N,26.969999313354492,0.03611212454524604,0.12519387447763997,0.15605959622749732,0.23916322932926604,-0.024593139766991623,0.8699736525026551,0.02533212365815274,0.06926354841908466,1.4987462200897554,18638984.06010437,0.37238679104198424
GNL,"Global Net Lease, Inc. Common Stock",N,N,9.119999885559082,-0.0010953153073918198,0.0066224573028133005,-0.013227154531946561,-0.012263185695301493,-0.045981094828731695,0.285843943694015,0.005512652800217843,0.015656497270148728,0.5602914779727788,16940691.08277278,0.2450818218444948
GNRC,Generac Holdlings Inc. Common Stock,N,N,189.2100067138672,0.042939084023512875,-0.12345962114857134,-0.27881530233992924,-0.05522543227964871,-0.3597820895876864,0.3874753500670909,-0.05503903408806721,-0.11118937221616065,1.0019022963010074,184196176.44545287,0.5353829123356164
GNW,Genworth Financial Inc Common Stock,N,N,10.359999656677246,0.035999965667724565,0.05822264525487597,0.16273847745197045,0.29824556790917,-0.005758197617791172,0.30478584156382893,0.0300770247401847,0.04900766025471848,1.0722809177824908,28055907.68652997,0.18778157958066546
GOF,Guggenheim Strategic Opportunities Fund Common Shares of Beneficial Interest,N,N,9.229999542236328,-0.011777367082920653,-0.12489609766661103,-0.120500135127939,-0.09202484146668899,-0.2748617264324307,0.0,-0.05224218491132415,-0.09184014699975485,1.207223497857869,34453576.70678119,0.19172693046277078
GOLD,"Gold.com, Inc. Common Stock",N,N,48.970001220703125,0.13461541690990964,0.12730208952156907,0.10716712022437291,0.06972570699836966,-0.2300213409916183,1.0705071577960275,0.08485918477258747,0.1457061453719617,1.6418931081203096,27622007.4957634,0.5139492049336828
GOLF,Acushnet Holdings Corp. Common Stock,N,N,85.13999938964844,-0.00580429397126192,-0.055090581405145334,-0.13007880566308172,-0.08974429980352716,-0.27957925947043205,0.1651295657420604,-0.027310979395751,-0.14097783067005554,0.7479323064340984,31879674.30121231,0.35073244070879
GOOS,Canada Goose Holdings Inc. Subordinate Voting Shares,N,N,7.715000152587891,-0.045173239426312906,-0.1202964937409825,-0.23538156234723728,-0.2941445620148302,-0.4818670265479482,0.0,-0.07213083387373642,-0.1344201111081771,0.8897070225232093,5932256.161395836,0.3490408379867564
GORO,Goldgroup Mining Inc. Common Shares,N,N,3.880000114440918,0.08379893774531144,0.5901639440372981,-0.10185186105009914,0.010416719053562673,-0.3821656075136778,0.940000057220459,0.13649681197032515,0.16642620129817964,1.380978940892778,5651785.749586821,1.2564854731818167
GPC,Genuine Parts Company Common Stock,N,N,132.80499267578125,-0.00742523022729813,-0.009262056575882638,0.2900124139588005,0.3432979241756209,-0.08524517109530849,0.4631445432836372,-0.012601343981807567,0.029342694882833475,0.5678403734407202,133205404.71522827,0.3954186668693707
GPGI,"GPGI, Inc. Class A Common Stock",N,N,13.510000228881836,0.0320855669517246,-0.04635339580368247,0.05571652173252062,-0.23807643405282486,-0.4800705088571724,0.17301832834151476,0.017354335674321764,-0.047943369294112914,1.2609694339642001,21892661.205987167,0.6398568090720973
GPI,"Group 1 Automotive, Inc. Common Stock",N,N,283.4649963378906,0.05181816822964991,0.06679403537726225,-0.12690310621826428,-0.07772812017539144,-0.41551185355032627,0.13613294468144344,0.05707079252948288,-0.017819177423157972,1.0386278976434875,54048821.75420685,0.5628606643649848
GPK,Graphic Packaging Holding Company,N,N,9.699999809265137,-0.10599083242140972,-0.18896322923691145,-0.08404157983937932,0.02091200062953913,-0.5234787017495333,0.09997259581838569,-0.1294592924234682,-0.1235679047481848,0.8590736544674,44323369.875029325,0.4307623908183917
GPN,Global Payments Inc. Common Stock,N,N,88.25,-0.02009768607217821,0.02783600480618076,0.30335255048375265,0.2720912378259148,-0.069387342655306,0.41809563005629546,-0.03878096284545807,0.03367012309312489,0.675302094992721,229567113.18159637,0.40433779963818284
GPOR,Gulfport Energy Corporation Common Shares,N,N,179.60000610351562,-0.016483185459588157,0.04869795553068745,0.07926207650465633,-0.09008004022420169,-0.19277270138305702,0.1958186509357247,0.023633083925884257,0.0841090308152217,0.5236061288991929,42016986.58760834,0.28921722055473303
GPRK,Geopark Ltd Common Shares,N,N,11.854999542236328,0.05565449915196874,0.27649523324447434,0.061086668082488194,0.20192821073715894,-0.007949813267373651,1.0057056162128437,0.14980171930064556,0.19764645280494042,2.6017775701788803,10389775.807724953,0.4700697194596843
GRBK,"Green Brick Partners, Inc. Common Stock",N,N,70.18499755859375,-0.01050335180285722,-0.01989949783008127,-0.02777399660624591,0.10666981370177697,-0.12911030217288655,0.1456904910479464,-0.017185452447546323,-0.030678304080396512,1.3648030665179154,23044317.607577514,0.3235802297301776
GRC,Gorman-Rupp Company (The) Common Stock,N,N,75.26000213623047,0.017164539926048716,-0.08878669951826468,-0.10817645134205967,0.24902143213663197,-0.17768309959071216,0.8103323039067072,-0.026533110613266464,-0.058319638980335764,0.6689709453710612,10323938.671634674,0.3273675027190195
GRDN,"Guardian Pharmacy Services, Inc. Class A Common Stock",N,N,43.060001373291016,0.10779528059027599,0.09123168708422358,-0.0006961888881560352,0.26983195420383344,-0.01756788559424849,0.8393849489089655,0.11351032329594779,0.07895464957464093,0.9886291948730705,14087416.2264946,0.46614886440879094
GRMN,Garmin Ltd. Common Stock (Switzerland),N,N,274.44500732421875,-0.0026347569434779228,-0.11369283793376916,0.15775154520582757,0.19024453643799655,-0.12362688684747558,0.48532171459999773,-0.054305603807370484,0.0009479294931238336,0.7635045089438297,232398828.23706666,0.4150979579543694
GRND,Grindr Inc. Common Stock,N,N,15.164999961853027,-0.023502883283587295,-0.06561919965627772,0.302835009841935,0.2151442722838086,-0.15468230153820117,0.5395938451314299,-0.029113783131825555,-0.045091336605262655,0.5749009597681367,19022174.582407475,0.4418598392496258
GRNT,"Granite Ridge Resources, Inc. Common Stock",N,N,5.114999771118164,0.010869531415134803,0.009484053165807138,0.06283076816984479,0.0110052011443742,-0.12467806602484144,0.2984206422956155,0.015928937635939944,0.07620555827024877,1.6427365763605692,6331521.572900295,0.33715278878522714
GROY,Gold Royalty Corp. Common Shares,N,N,3.3299999237060547,0.0406249606516218,0.07766990815637698,0.15624992756380274,-0.07242339740373449,-0.36084454907404817,0.32142855115488267,0.004070530850844634,0.13196000654008322,0.72426149068358,6407203.246761227,0.4460513512164636
GS,"Goldman Sachs Group, Inc. (The) Common Stock",N,N,1025.27001953125,0.022652032823929913,-0.003981577658196733,-0.030542093446651708,0.2847396807398157,-0.10570414916905879,0.404022948779982,-0.0038620600581130704,-0.013834523383700725,0.7226294290901932,1753645509.9546266,0.3549986529276551
GSBD,"Goldman Sachs BDC, Inc. Common Stock",N,N,9.614999771118164,-0.050839125123857576,-0.0058186196420197955,0.07924251356083656,0.1116293490511513,-0.06011728236927394,0.15752568769167596,-0.028999193145540447,0.029346098431139334,0.8217076254766639,8154016.691133022,0.3009415629145795
GSL,Global Ship Lease Inc New Class A Common Shares,N,N,44.40999984741211,-0.001573734162423901,0.10493363269455847,0.12451197848382822,0.19253961502955685,-0.04288796579795162,0.7282191859723732,0.012826808874612627,0.055576283575679675,0.8674035933629362,13412749.4674263,0.2502047091705694
GTE,Gran Tierra Energy Inc. Common Stock,N,N,10.319999694824219,-0.0019342802193930142,0.08289611584351286,0.2678131768495218,0.27407397639550224,-0.0019342802193930142,2.0087462081541516,0.045116183768256324,0.25967333349693145,0.5197892103330383,5629823.277978706,1.0173645320507152
GTES,Gates Industrial Corporation Ltd. Common Shares,N,N,26.350000381469727,0.06250004806826337,-0.07348804899230088,-0.0291082913023214,0.15317286396364072,-0.11695709628927375,0.25237638949072716,0.002110726867612822,-0.016504785645961695,0.8221930117548936,39968313.046245955,0.4107540256300803
GTN,"Gray Media, Inc. Common Stock",N,N,4.739999771118164,0.0,-0.0042017766390675115,0.234374891345704,0.09226865424656316,-0.21955646028715736,0.32402231065168996,-0.03531091990675839,0.06689469789150526,0.6583591530503579,4362956.6577243805,0.7197618828497326
GTY,Getty Realty Corporation Common Stock,N,N,32.63990020751953,0.008026532761922,0.010523250107974835,-0.008259410801110367,0.006012427431304701,-0.10844305754284733,0.33580333279758734,-0.008673975559193803,-0.03478504320383302,0.7101938520097997,16234809.324813843,0.19588320052142116
GVA,Granite Construction Incorporated Common Stock,N,N,118.38999938964844,0.003900611237872331,-0.05567522696033356,-0.15727667710891902,-0.02322728621203618,-0.26125751019592824,0.20559887893141404,-0.0344338279060612,-0.060267059463086414,0.411595040966673,51791721.981809996,0.4283822807554349
GWRE,"Guidewire Software, Inc. Common Stock",N,N,144.47999572753906,-0.2815157473832265,-0.18211151588149332,0.1788511635573895,-0.09286123028929427,-0.43553683412326794,0.4069528901801098,-0.21253793261439347,-0.10718371164052509,1.179216105986347,253705256.36313933,0.7495587339874817
GWW,"W.W. Grainger, Inc. Common Stock",N,N,1280.77001953125,-0.02172297970134962,-0.016260290664509403,-0.02477358339567881,0.22952961304989805,-0.08470490037375766,0.40309912793648284,-0.022215931094180408,-0.04077591283467619,0.7075149868269067,264498476.25437012,0.24155801804725885
GXO,"GXO Logistics, Inc. Common Stock ",N,N,46.75,0.012562310029390567,0.0017142025753906776,-0.05935615126064997,-0.12190085412960672,-0.2872388685743372,0.03041659908758354,-0.009051013573245559,-0.05615808240633058,0.7084440350532802,51210618.26042557,0.38521083115577454
H,Hyatt Hotels Corporation Class A Common Stock,N,N,157.2899932861328,-0.03235933353966258,-0.08814313988545175,-0.2103583201173015,0.08371428688575344,-0.22102538943981032,0.16560524102772978,-0.09222334875537952,-0.12752859889001145,0.7768130599853706,111377109.3718811,0.28612347881073597
HAE,Haemonetics Corporation Common Stock,N,N,102.58000183105469,0.006179547833947918,0.17610640214833673,0.3117647804890422,0.7234543185840039,-0.05716912726320578,1.1518776121514636,0.0035807450559031118,0.1552868876206588,0.7183726108542413,74315381.17806396,0.43992581944719544
HAFN,Hafnia Limited Common Shares,N,N,8.975000381469727,0.04481958347414561,0.22609291953509936,0.19666671752929688,0.3467556158822076,-0.026572654930956396,0.8737225257167296,0.08600300860488774,0.1620379835508312,1.324261387785706,13149928.307069302,0.3900086927640096
HAL,Halliburton Company Common Stock,N,N,37.630001068115234,0.02730002650397023,0.11848049602609478,-0.04533730793354496,0.048190848178352175,-0.11667119771563494,0.7651466844580423,0.06272639981373462,0.10440092001981705,0.9043893722231128,362145480.78731364,0.34753497214383566
HASI,"HA Sustainable Infrastructure Capital, Inc. Common Stock",N,N,39.474998474121094,-0.00113871414780653,-0.03907018708359167,0.042416473029334156,0.12359614733555468,-0.07840853510177803,0.500793279642622,-0.02184892565324792,0.006763381505124455,1.1623504403993659,41084036.60510711,0.2563464927782139
HAYW,"Hayward Holdings, Inc. Common Stock",N,N,13.425000190734863,-0.013592907465770576,-0.137210807924543,-0.08110879492052547,-0.030685933503906804,-0.22443670682089267,0.02637616735788617,-0.06506257839935259,-0.10729127211114686,0.6583667324252456,23817599.812448166,0.35853674387601436
HBB,Hamilton Beach Brands Holding Company Class A Common Stock ,N,N,30.524999618530273,0.0021339637561168523,-0.07466895368306126,0.5089592946877841,0.9023347026416886,-0.09861873250196618,1.2923510953556656,-0.05470299831716019,0.12768911204984046,1.2238530970076311,2796766.9014736176,0.5913936932646553
HBM,Hudbay Minerals Inc. Ordinary Shares (Canada),N,N,29.40999984741211,0.08873080011102452,0.0631552840871834,0.057422968227201165,0.4801508362314517,-0.07670549467447207,1.2624560602421289,0.03740769925585585,0.1684882022856169,0.676269404942667,111240611.83150482,0.6307749084847541
HCA,"HCA Healthcare, Inc. Common Stock",N,N,400.5,-0.031626256097815664,-0.0265895449554987,0.0364757192101115,-0.20067188569026373,-0.262745431140746,0.11065717122291185,-0.030191199535292923,-0.006825993163600996,0.7879792452696623,494588823.7754822,0.36289000819103984
HCC,"Warrior Met Coal, Inc. Common Stock",N,N,106.19999694824219,-0.00028246641949714046,0.08600057218508006,0.08340083908455354,0.21404981671308065,-0.03615831164088523,0.8419265494551502,0.02324458473880786,0.16980101340243414,0.6764648825122528,52495217.91764526,0.4107387337454811
HCI,"HCI Group, Inc. Common Stock",N,N,184.5,-0.017885662724555607,0.002908930510393759,0.1524233750508952,0.18423625114553577,-0.0974011504906952,0.24433035565433125,-0.004613246993432241,0.014963213825349486,0.6995131288088032,24368702.953436278,0.25712488962883817
HD,"Home Depot, Inc. (The) Common Stock",N,N,311.7099914550781,-0.018022085317689007,-0.11417555798560508,-0.043798398160039054,-0.044020434562500044,-0.24298043325438845,0.06336697571013117,-0.05172186775321519,-0.07049543954198201,0.8064207557994408,1208129013.040793,0.2781705147938812
HDB,HDFC Bank Limited Common Stock,N,N,22.059799194335938,-0.038788738083226915,-0.052821025025002744,-0.08730661461717182,-0.1713073441446512,-0.4066756585995772,0.0,-0.044492195512596644,-0.08511861702527379,1.3136223036036168,226432933.749741,0.33007868198075957
HE,"Hawaiian Electric Industries, Inc. Common Stock",N,N,10.883999824523926,-0.01768953975918175,-0.08151903171719477,-0.18654710527416818,-0.24989664694425273,-0.3627634734694839,0.0,-0.04536365803310993,-0.12644830884404434,1.1013158642192962,24007317.137623645,0.22289337290391323
HEI,Heico Corporation Common Stock,N,N,312.0950012207031,-0.040150677905094745,-0.1494195197881435,-0.05850557390149169,0.08281814197798121,-0.16701366526387518,0.19624870701236485,-0.09663955540379698,-0.1102759475843138,1.1796073619897227,171831953.7299652,0.23231932492620724
HESM,Hess Midstream LP Class A Representing Limited Partner Interests,N,N,41.04999923706055,0.020382791552441493,0.012580126048735929,0.08790552771906857,0.08324139397250918,0.0,0.4072817898105632,0.028912291087203057,0.042300673338913075,1.1822203290814939,52053670.667454146,0.2012912904351243
HG,"Hamilton Insurance Group, Ltd. Class B Common Shares",N,N,34.470001220703125,-0.016547732638583112,-0.02101669647858251,0.08056431451115054,0.2060882194793685,-0.07537547346042983,0.5871582877962966,-0.02012617714717635,-0.018245162586921104,0.684696031394656,10911466.34722824,0.24197978791333502
HGV,Hilton Grand Vacations Inc. Common Stock ,N,N,40.612998962402344,-0.014247616254054352,-0.05595075475939337,-0.2002166219239777,-0.0163962687845427,-0.25739623364027386,0.09794531277473895,-0.06974988933982063,-0.13255044909254599,0.6931150733541127,38269050.68199082,0.4227569769784759
HHH,Howard Hughes Holdings Inc. Common Stock,N,N,63.670501708984375,0.008881335655396505,-0.050119306750608605,-0.04770414107464693,0.015154663102389998,-0.29136891719232505,0.0327737247866462,-0.028650891953753255,-0.05782776899647335,0.9982310448724927,27136356.701553345,0.25535903307354935
HIG,"The Hartford Insurance Group, Inc. Common Stock",N,N,134.84500122070312,-0.01666304660356477,-0.02619709069118814,0.04487367982335577,0.025384205708000263,-0.07031496318954311,0.12178822945192302,-0.017617139266562387,-0.027319681722148048,0.7317814766744046,168663836.39650115,0.20691953095340074
HII,"Huntington Ingalls Industries, Inc. Common Stock",N,N,289.5150146484375,-0.009934336385682419,-0.11281018890555905,-0.022893061446793372,-0.31745731512754827,-0.3561778189430891,0.10205758706697399,-0.03659369751364505,-0.023552794708441627,0.6803637235942018,111001892.75612183,0.4131512568280992
HIMS,"Hims & Hers Health, Inc. Class A Common Stock",N,N,27.68000030517578,-0.0267229330031733,-0.09275647009097943,0.03206564579184268,0.1956803784575225,-0.5589547315892986,0.9063360490719279,-0.06306061111139138,-0.11787575275650919,0.6148809618570245,333252098.7556076,0.9197143458060665
HIPO,Hippo Holdings Inc. Common Stock,N,N,32.02000045776367,-0.035832540184120854,-0.041030217338353436,0.2537196284240044,0.23868471896491106,-0.15402901588869344,0.329182243874909,-0.03151652211201883,0.02630180674335736,0.8724487712008264,5691691.091988182,0.38680010203317544
HIW,"Highwoods Properties, Inc. Common Stock",N,N,30.5049991607666,0.0034539323537465805,0.004760318620257165,0.03876860617189459,0.4685339245885194,-0.09892868020536216,0.5363234318404262,-0.018473727860428335,-0.03275996124906222,0.5960235889559234,28391969.573477745,0.23937457911923316
HL,Hecla Mining Company Common Stock,N,N,20.717899322509766,0.08413912406089774,0.16677141545129603,0.35525585974650364,0.12035969024358462,-0.3482954964416224,1.037025659952186,0.03677431641201423,0.19929677768369358,0.6978219001468441,657352142.3578228,0.6629337261402974
HLF,Herbalife Ltd. Common Shares,N,N,12.100000381469727,0.050347213598865403,0.03066444781687383,0.0008271487804485389,-0.19973541844889287,-0.3937875282327745,0.5612903718025453,-0.008968397149242135,-0.02065524014288378,1.1609220214944826,19863868.347284317,0.534724164898775
HLI,"Houlihan Lokey, Inc. Class A Common Stock",N,N,134.64999389648438,0.013167795939577509,0.07900259148768307,-0.018341693086036392,-0.02056971614084746,-0.3450837579558982,0.09701655354120864,0.03208879501717243,0.012766719930437986,0.7129093165843446,85925183.13368683,0.37309132802716594
HLIO,"Helios Technologies, Inc. Common Stock",N,N,71.36000061035156,0.012917014925890369,-0.11966441204529521,-0.15503757898742165,0.12276813728041036,-0.23054563295703423,0.5218894192923156,-0.05152418290367233,-0.0915700393326665,0.7977410663777458,21011677.54788971,0.3280825213317205
HLT,Hilton Worldwide Holdings Inc. Common Stock ,N,N,301.5950012207031,-0.033318341418142605,-0.04108465220602153,-0.1278152695484599,0.0248256166350298,-0.13844918735298528,0.17696843716921573,-0.06121113720044058,-0.06800188872995028,0.6607406134068516,551834422.3105164,0.2263727191037411
HMC,"Honda Motor Company, Ltd. Common Stock",N,N,31.75,-0.008741766780142934,0.0015772629607946342,0.20083204836181912,0.2797259445162188,-0.0842226225313395,0.35163900848725493,-0.0074402786272183,0.049309277813785135,0.5518019255611393,25491630.13800621,0.3115631784278039
HMN,Horace Mann Educators Corporation Common Stock,N,N,49.80500030517578,-0.017652868723779136,-0.046976618737200826,0.026907222787129426,0.20554272858515366,-0.07973020531910624,0.20931996741822,-0.02582382965072727,-0.0399498760507776,0.6716733985451228,10969720.94200325,0.2174335761037224
HMY,Harmony Gold Mining Company Limited,N,N,20.770000457763672,0.08008325284381423,0.06458227647873538,0.3095839159756386,0.4539540123269079,-0.1870364656422322,0.5893071271029806,0.0025824909973726218,0.15879447445195272,1.229896829263049,79042789.22519322,0.6365623010000191
HNGE,"Hinge Health, Inc. Class A Common Stock",N,N,92.44999694824219,0.02699400572975863,0.03864728378218407,0.41490667477479626,1.0831454421631999,-0.004308040198733987,1.965992836764674,0.030606013488194916,0.07660234978919189,0.9201733325950123,146607484.57544404,0.481865487167139
HNI,HNI Corporation Common Stock,N,N,47.904998779296875,0.009376310649146458,-0.02578812743843728,0.4574917092009938,0.3811025740203091,-0.06465760591230163,0.6677106562366868,-0.013121429468258672,0.06309910046889433,0.766420719942373,21969120.166700743,0.3869737813671203
HOG,"Harley-Davidson, Inc. Common Stock",N,N,27.059999465942383,-0.003314922793828168,0.012724556935821418,0.05538221958254952,0.5863486358430856,-0.0980749649061119,0.5863486358430856,-0.019014321820325142,0.021787540488611645,0.5638944246955926,47657049.394600675,0.387793453775255
HOMB,"Home BancShares, Inc. Common Stock",N,N,29.6200008392334,0.01786943130402152,-0.03768680381853917,0.05633039349901603,0.15609953106586305,-0.05638733943393248,0.16204567005211667,-0.01870162767493244,-0.013549442150198932,0.7189958480194663,37383035.26489735,0.1856610895796085
HOS,"Hornbeck Offshore Services, Inc. Common Stock",N,N,9.1850004196167,-0.13349055763494533,-0.0986260257263718,-0.05698145426524481,-0.029069727000142875,-0.13349055763494533,0.5082102117376164,-0.0857284734397612,-0.04645726809711437,1.4845931413099585,18636253.315128803,0.415214129660578
HOV,"Hovnanian Enterprises, Inc. Class A Common Stock",N,N,118.68000030517578,-0.006363045216809193,-0.13599301268325736,-0.016898615762915403,0.12845870848574115,-0.2378139156896818,0.2610774576078545,-0.057691394148902675,-0.0831174039270074,0.8390371532236133,17289539.341583252,0.5956954879537488
HP,"Helmerich & Payne, Inc. Common Stock",N,N,44.65999984741211,-0.033542507417650524,0.05524116995489381,0.14423104740279946,0.2495750376825181,-0.06255246810275661,1.2956877581762427,0.0199817779232212,0.17649244460452373,1.106266774153652,53358850.29805565,0.5414179958049512
HPE,Hewlett Packard Enterprise Company Common Stock,N,N,56.95500183105469,0.1196186952415268,0.04735198073486724,0.18583433295164764,1.6702256770257118,-0.04789364557648801,1.8888970155015135,0.042869272875238895,0.1277302542098364,1.3686398245218638,1169414306.6513908,0.5688981916690713
HPP,"Hudson Pacific Properties, Inc. Common Stock",N,N,11.890000343322754,-0.07036744497377467,-0.10936329561259817,-0.22236753610287263,0.9620462798006506,-0.4242130477981576,1.1578947095135845,-0.1279474565842642,-0.17458066904167546,0.7386014280776209,7867245.197405577,0.6292508073281178
HPQ,HP Inc. Common Stock,N,N,31.670000076293945,0.011174980360155073,0.08943929854710819,0.25475437256277456,0.7593629792931926,-0.0297181167736823,0.7898732174112326,0.040612478138134955,0.14936272014352503,1.1331653497202887,444767024.4987103,0.4613403687386263
HQH,abrdn Healthcare Investors Shares of Beneficial Interest,N,N,22.40999984741211,-0.010158990655339428,-0.01609200754078899,0.19035075108553845,0.3140433597734744,-0.06596562976261944,0.5409632648350398,-0.02604216755544131,0.021157133688500362,0.5163547003395094,4182002.198345947,0.1944076989272558
HQL,abrdn Life Sciences Investors Shares of Beneficial Interest,N,N,20.514999389648438,-0.017010131064182588,-2.2499049368684965e-05,0.24480967056042635,0.32868932643905424,-0.06927548594758248,0.6656682662444489,-0.026231403055132718,0.02288023991833077,0.7922783190099429,2961949.008453369,0.234379346499607
HR,Healthcare Realty Trust Incorporated Common Stock,N,N,19.014999389648438,-0.01782031042492105,-0.007049620447574512,-0.07003694540613359,0.08657470965705549,-0.11978804991637426,0.20796876277948262,-0.01042143280489205,-0.049686582918644695,0.7851361169467928,54593607.15997811,0.17320120578561923
HRB,"H&R Block, Inc. Common Stock",N,N,45.82500076293945,-0.09186135646830784,-0.009161795060552258,0.2662216896617948,0.533334707615247,-0.14650392518349875,0.6719531069498919,-0.10483771699965272,0.004827483475989158,0.6509418156502399,107487023.37264252,0.5244678809393366
HRI,Herc Holdings Inc. Common Stock ,N,N,150.7550048828125,0.0740595912457862,-0.11415045279297054,0.047620330146500134,0.44221918771856616,-0.1552708065397882,0.6727145286671707,-0.032009995891871035,-0.01584664921109369,0.9341505535048195,59836940.595703125,0.5406625853807694
HRL,Hormel Foods Corporation Common Stock,N,N,21.239999771118164,-0.034106412360451976,-0.12592590790190228,-0.13152855236704364,-0.04003807822051986,-0.18918645582757554,0.08888897580627408,-0.07670239457175942,-0.12172076954351163,1.5876463077960834,122284683.71976319,0.31734888898480157
HRTG,"Heritage Insurance Holdings, Inc. Common Stock",N,N,33.58000183105469,-0.00415182042053075,0.043505329788754876,0.4957684048941631,0.2309384525599827,-0.04629358976998055,0.6082377002270822,-0.01041737746905913,0.09245179861092434,0.6379767638304636,8341519.4469215395,0.5080055069372482
HSBC,"HSBC Holdings, plc. Common Stock",N,N,105.01010131835938,0.01557156449439212,0.022353968310325323,0.13863333397859745,0.3272694749073657,-0.02172118534502676,0.672790682948925,0.008965596952042132,0.028610607234972107,0.8563543854642575,103500302.08043519,0.2041476122554813
HSHP,Himalaya Shipping Ltd. Common Shares,N,N,18.079999923706055,0.06290415522790127,0.18193080317412558,0.24165027899752922,0.4639647337334949,-0.014713921098133853,1.6453262018296293,0.08831001046518505,0.15996804233574302,1.0444643377650686,5729344.516815186,0.45497787049715044
HSY,The Hershey Company Common Stock,N,N,171.6300048828125,-0.024829517711292604,-0.04945873047516569,-0.04778439455785077,-0.180569074589931,-0.2622763099858495,0.08930822385317971,-0.05316483607239053,-0.03402872000809998,0.631558102944343,193114338.97270814,0.28227408700077694
HTB,"HomeTrust Bancshares, Inc. Common Stock",N,N,47.56999969482422,0.024332495726331338,-0.04093034645498028,-0.004512515130660311,0.1499112912744549,-0.07977403668125671,0.2521016562532288,0.002856565657589183,-0.023439041760299206,0.9673737357400303,10752929.696699142,0.18967325824440356
HTGC,"Hercules Capital, Inc. Common Stock",N,N,17.559999465942383,-0.006225275035461886,0.05338928527745401,0.1647872423335175,0.28669194070635373,-0.009029337111290281,0.33949351662520555,0.015439751843716154,0.07169127976377454,0.9618929005328536,27038764.10406313,0.18764870423166366
HTH,Hilltop Holdings Inc.,N,N,38.29499816894531,0.014168428792196597,-0.021589198617274596,0.0018303545454936287,0.12439093368607268,-0.03757232249770148,0.26060579576054477,-0.011926843757229633,-0.010358344439753253,0.7861614323597513,7941179.333241272,0.19206868418736936
HUBB,Hubbell Inc Common Stock,N,N,457.9599914550781,0.033046838503902665,-0.1159325611388694,-0.03671891253414894,-0.03499765604954641,-0.17404380688880206,0.13793072593502553,-0.029636372154855373,-0.04908701591779874,0.7425934666475332,202440278.38701478,0.36811551712376966
HUBS,"HubSpot, Inc. Common Stock",N,N,237.76499938964844,-0.053144045192412004,0.07825044357469069,0.26484202996934036,-0.09288080318367364,-0.5453563058888886,0.39631783588288694,-0.011790224009033623,0.0523709100588623,0.6390592681810165,320549260.91790926,0.8222255693154539
HUM,Humana Inc. Common Stock,N,N,396.1449890136719,0.003203464635376463,0.06256365332123615,0.04709562360606778,1.3418393956948074,-0.032423975327736776,1.438420480142824,0.015923753464178958,0.018688376194744727,0.6149160416687218,359679089.2589874,0.3415608798881401
HUN,Huntsman Corporation Common Stock,N,N,9.704999923706055,0.03354627996444082,-0.07040226879494382,-0.37995142792504966,-0.18398290926988636,-0.3892385327868001,0.3354870476615923,-0.012339407663263247,-0.09208274595921506,0.38816585624374456,19667098.586413383,0.680219629306211
HVT,"Haverty Furniture Companies, Inc. Common Stock",N,N,27.645000457763672,0.016734090282055414,-0.015489628433131952,0.17908908780165067,0.3313176414071388,-0.03816484781721474,0.4621114996124793,-0.0017017939288741513,0.04367161473834513,1.0168977087014812,3189200.6830245974,0.32892669049989587
HXL,Hexcel Corporation Common Stock,N,N,91.01000213623047,-0.011620326602375775,-0.09451795640322214,-0.06694636956700617,0.12662731941597172,-0.1732982597274576,0.5024890416795926,-0.0481817845099346,-0.09059501931353953,0.6079639363282695,62336259.55724259,0.2635639989390203
HY,"Hyster-Yale, Inc. Class A common stock",N,N,35.68000030517578,0.08714200600076749,0.04516983328993973,-0.02988679088726276,0.21856072148794903,-0.10875195231226853,0.40592408342021447,0.04855589009634631,0.06104012944517656,0.8730348990845925,3198943.7983078,0.5626547379087263
HYLN,Hyliion Holdings Corp. Class A Common Stock,N,N,3.994999885559082,0.16812859544969094,0.01913260403199879,-0.46013515755762724,1.0916230132850955,-0.5067901608130296,1.5284808715496552,0.09745206203235846,0.04283585164773962,0.4801153597368331,10630650.455840016,0.9896310230159657
HYT,"Blackrock Corporate High Yield Fund, Inc. Common Stock",N,N,8.249899864196777,0.0012014676400009527,-0.013372985549561456,-0.013838403344809902,0.01007335619937244,-0.05632479634775922,0.046803310869888426,-0.004439705701703156,-0.007668223761581272,0.9294246216511268,6549940.497845745,0.0576460272693264
HZO,"MarineMax, Inc.  (FL) Common Stock",N,N,52.23500061035156,0.002206478910659504,-0.004288953069915169,0.5363235473632812,1.0468260060105399,-0.004288953069915169,1.4374708290478067,0.0014234920261870787,0.22846050324609957,1.2554031250281117,36412424.354473114,1.0005328466781027
IAG,Iamgold Corporation Ordinary Shares,N,N,20.604999542236328,0.06816996186093927,0.13463654820309068,0.23753753839756353,0.15176077390806686,-0.16137566959038818,1.0563870859178666,0.024016274524964798,0.19311631927285444,0.6846564017321425,98276954.23024598,0.6243169140390935
IBM,International Business Machines Corporation Common Stock,N,N,233.3300018310547,0.008340570378034151,-0.021348864931555966,-0.13677712529085018,-0.059088205894668344,-0.28620178500025817,0.1420702135549332,-0.002215101182803103,-0.022468378156787372,0.4659933247045901,1057661147.574295,0.6284537716647312
IBN,ICICI Bank Limited Common Stock,N,N,28.985000610351562,-0.03991387553460568,-0.029628396518804667,0.051733363010141975,0.10085391675461652,-0.11269974562462803,0.15982812869923757,-0.029782653840893736,-0.022681584342234884,0.7537857290838047,145886012.57342872,0.19434177997945232
IBP,"Installed Building Products, Inc. Common Stock",N,N,225.89500427246094,-0.03521395378269576,-0.09486317408726674,0.09286409098992476,-0.18345706102775639,-0.3371176469640027,0.15676578732675672,-0.06257811153857473,-0.03438459905394853,0.7139020526274599,62956459.893592834,0.40514028555578463
IBTA,"Ibotta, Inc. Class A Common Stock",N,N,37.595001220703125,0.008720170618397471,0.02271498741284761,0.1980561576211557,0.4311001357288722,-0.0320545552778998,0.9529870764001624,0.0024464890252355875,0.1126040267493369,0.7066686415086454,6950404.049272919,1.237857966156942
ICE,Intercontinental Exchange Inc. Common Stock,N,N,156.39999389648438,-0.02005020103166999,0.03404954642303726,0.11706306715731074,-0.0011398888294110732,-0.10087301853249864,0.27247570772548335,-0.015519455031707818,0.04762538934991767,0.7613858632483563,492496088.9612198,0.28115296483785734
ICL,ICL Group Ltd. Ordinary Shares,N,N,5.869999885559082,0.02766097781830812,0.11041272671609859,0.034834888352195614,0.13444067319908903,-0.12338678557570626,0.2565810264898769,0.044889854686779085,0.11025802277969277,0.8121880264733071,5841569.759627009,0.3082172970168346
IDA,"IDACORP, Inc. Common Stock",N,N,137.25999450683594,0.006378730999932358,-0.020620760010756856,-0.03412635693041133,-0.006403858507830429,-0.10643407288970552,0.1308152065625332,-0.008752707102549606,-0.04210460231445401,0.7823799118891748,63866067.40804748,0.1873825484959542
IDR,"Idaho Strategic Resources, Inc. Common Stock",N,N,31.0,0.0,-0.10662826171724915,-0.148117600441117,0.018062371864697946,-0.41131788663452784,0.17647057120349507,-0.03134081676377476,-0.006314709990743239,0.7924362607350226,6792467.144684601,0.6430686877039067
IDT,IDT Corporation Class B Common Stock,N,N,68.13500213623047,-0.003145520741628549,0.04181958022232335,0.24720850822017315,0.4459875206420083,-0.017944582970218614,0.46658726051911126,0.003664239033219996,0.04514200074621,0.6722631972725995,9936721.615047837,0.261514755546858
IE,Ivanhoe Electric Inc. Common Stock,N,N,11.069999694824219,0.10368893215762309,-0.0044964200763882856,0.003626469884079775,-0.07826815288455113,-0.44427712588223256,0.3700494801176608,0.027616593513567933,0.11204866933826407,0.7726319641025235,17974303.98755169,0.7075640443610929
IEX,IDEX Corporation Common Stock,N,N,225.8300018310547,0.01332675766207081,-0.04837552503326181,0.0369763469118658,0.19571009772671188,-0.06107601106128957,0.4388938985530848,-0.02518302194946076,-0.012457308114651733,0.6876871305816248,119618375.21888351,0.18899596509560468
IFF,"International Flavors & Fragrances, Inc. Common Stock",N,N,84.46499633789062,-0.015329942412212194,-0.00629416073069855,0.08485508051605062,0.25037451389993204,-0.04093338673129865,0.4431337195334888,-0.00790194156957924,0.03209365506291806,0.773127754771271,110570434.93144532,0.33871027402797915
IFS,Intercorp Financial Services Inc. Common Shares,N,N,55.02000045776367,-0.0034413807255870843,-0.037775443089960836,-0.03218993958619831,0.23217153875666652,-0.09327620004855752,0.48756704831273967,0.0039230094764513,-0.038794134211894815,0.6032794787066668,12494737.919823457,0.2604164427469452
IGR,CBRE Global Real Estate Income Fund Common Shares of Beneficial Interest,N,N,13.289999961853027,1.9144737124167874,1.9584064368531537,2.2229004514071535,2.616038486451281,0.0,3.468118635758672,1.6624986414604779,1.8633923063361033,1.01768925791068,2061898.1094241142,4.017247734340366
IHS,IHS Holding Limited Ordinary Shares,N,N,8.475000381469727,0.00892866266017478,0.019855590074764118,0.013756068123834009,0.02727277351148194,-0.029209527392630275,0.35817318787354147,0.011487446140236113,0.022994799045090275,1.1285383079507243,9825404.88049221,0.09312778640294539
IIIN,"Insteel Industries, Inc. Common Stock",N,N,30.960500717163086,0.02961426775445375,-0.05348512431295216,0.07166844483411539,-0.025387613643452656,-0.18760638999612222,0.266040580920093,-0.004950229194748301,-0.0022207750575357066,0.4441398556835241,4459134.36106205,0.3074001443637601
IIPR,"Innovative Industrial Properties, Inc. Common Stock",N,N,57.18000030517578,0.01798116733407462,-0.008668515904205587,-0.025449411790406273,0.1438729011964448,-0.11581874247471757,0.4282459392201996,0.008190008520525316,-0.04126677064104367,0.8843058102418005,17038843.063114546,0.2246408071517743
IMAX,Imax Corporation Common Stock,N,N,52.18000030517578,0.020535873560060036,0.0314291391142949,0.23532192783449202,0.39295252483881216,-0.047636440349317355,0.700782261608156,-0.0020750206577910824,0.11373881970183275,0.5927105518557576,51500815.52625008,0.47314007870175856
IMO,Imperial Oil Limited Common Stock,N,N,131.7899932861328,-0.01865043754588902,0.022100208550363654,0.0917908147876978,0.05966308265670883,-0.040758433745443856,0.5981365227025139,-0.006436246779555788,0.041096028915491134,1.1464316798305172,69914190.9791809,0.2608112186277548
INFQ,"Infleqtion, Inc. Common Stock",N,N,13.579999923706055,0.07013399312467672,0.14890019241307684,0.011922492287816278,0.3857142509593914,-0.3165576572653037,0.5414301108849306,0.038305682902930016,0.16510518329160417,0.6265791028641111,123285158.66838893,0.9783432048160434
ING,"ING Group, N.V. Common Stock",N,N,36.63999938964844,0.03943260679853733,0.036492248124755156,0.2286143219990957,0.48671907227066624,-0.014523962105835952,0.6174195111194523,0.027323310063061212,0.07541907305475926,0.5239933561268577,54336826.98465805,0.25985722250499227
INGM,Ingram Micro Holding Corporation Common Stock,N,N,26.8799991607666,-0.026439747680094827,-0.027144409076384157,-0.0936597099502392,0.24529341073969024,-0.1477994983982911,0.391484697121258,-0.04445355995785216,-0.05155598939813677,1.0550843684944669,27825163.354059696,0.37751350501411235
INGR,Ingredion Incorporated Common Stock,N,N,100.12010192871094,-0.03943107834457593,-0.043468962642862596,-0.005861676968691221,-0.08634931756822328,-0.18792620448656816,0.06635533687892825,-0.03831005171196711,-0.018516987317255373,0.7018033279556365,56115285.625844575,0.20170757782672283
INN,"Summit Hotel Properties, Inc. Common Stock",N,N,5.690000057220459,-0.005244708753771921,-0.04530200993261391,-0.06993930300757012,0.35802504963653736,-0.18438811516941134,0.45237914696788595,-0.04344885761919304,-0.1040044522755853,0.6173536715998078,5019702.872509718,0.31470396800402295
INR,"Infinity Natural Resources, Inc. Class A Common Stock",N,N,15.600000381469727,-0.0006405685731865063,0.11269613923807809,0.18811883057885126,-0.12507008142335496,-0.18876751155369276,0.3928572006371567,0.049374438146233546,0.13712572620796393,0.6027997712458518,3015145.885420227,0.37861596399499065
INSP,"Inspire Medical Systems, Inc. Common Stock",N,N,63.459999084472656,0.031534437780781355,0.07322844475124302,0.48618262179403504,0.12517725829057458,-0.5592749728210447,0.5845193581364541,0.04160852005699889,0.13911733433646756,0.4844118619193606,27698625.08676491,0.6268485377548348
INSW,"International Seaways, Inc. Common Stock ",N,N,103.3550033569336,0.036036499034892255,0.16050983820132014,0.260273145527371,0.6263691817261274,-0.01095690567527663,1.6491902602032456,0.041604240424589545,0.11024223159315749,1.033156167363856,51886920.221186444,0.42649729101077044
INVH,Invitation Homes Inc. Common Stock,N,N,28.075000762939453,-0.03621690450468873,-0.05756965759923782,-0.044404766256005423,0.15016364338907673,-0.0822163902289379,0.17704333891226098,-0.047715931284326274,-0.05785742762576185,0.8362160937466866,96884669.55246678,0.18639040338687676
INVX,"Innovex International, Inc. Common Stock",N,N,30.309999465942383,0.001983453419582837,0.005640347701942217,0.02920199255428102,0.22861772890986165,-0.04173252386492399,0.8595092567260956,0.010670206885508238,0.08364555167952226,1.2526458736740769,20432535.521368027,0.4711419984997908
IONQ,"IonQ, Inc. Common Stock",N,N,39.15999984741211,0.03652729255437315,-0.09852667851295294,-0.3230769078597273,0.20938846682044043,-0.5229625825998866,0.4727340963779887,-0.0618674032703852,-0.038824991667609554,0.9030319624035297,750448857.2834978,0.8131518204918647
IOT,Samsara Inc. Class A Common Stock,N,N,38.029998779296875,-0.026369753143389518,-0.056795658057043674,0.12982765750727543,0.12915672312071225,-0.15900049197951904,0.5682473723421391,-0.04102683950745656,0.002599392434384118,1.4445390128661129,258824737.4680832,0.6033732378173529
IP,International Paper Company Common Stock,N,N,36.20000076293945,-0.007131056721390028,-0.12410894756890634,0.012786821665300652,0.03505330796458561,-0.23705744612855184,0.2647519708911261,-0.0776644296039124,-0.0746178174188622,0.8030631024833762,145743515.43151626,0.4130695909382069
IPI,"Intrepid Potash, Inc Common Stock",N,N,41.29240036010742,0.014555272384844553,0.11964205976682973,0.1422516906547624,0.03102125210272688,-0.15453725980548638,0.7248287150772559,0.0731816011932882,0.14157444645669082,0.9817307895494705,8148324.398634911,0.35831608434623924
IQV,"IQVIA Holdings, Inc. Common Stock",N,N,257.4100036621094,-0.0036384843011368906,0.05565127759194488,0.41854951029514154,0.5411926540379832,-0.052315704699675614,0.6431124578376857,0.007278430419162207,0.10583467784735534,0.8848972913356086,309457806.7153122,0.45006617640357593
IR,Ingersoll Rand Inc. Common Stock,N,N,74.67500305175781,0.0004689665379904451,-0.12146984263957161,0.009359867481196993,-0.08919228667610624,-0.24331823263456365,0.08976697242292686,-0.05518631493673032,-0.08265439825503618,0.6770370129662348,237115594.9114685,0.32276929101438234
IRM,Iron Mountain Incorporated (Delaware)Common Stock REIT,N,N,116.24500274658203,0.017728957312529436,-0.050208323177638126,-0.08016545649772999,0.10686347739505941,-0.12637152503033178,0.49624575155183126,-0.03659239344871712,-0.04600307284828553,0.8812438180093278,166612072.0681553,0.30822037178822964
IRT,"Independence Realty Trust, Inc. Common Stock",N,N,15.359999656677246,-0.05593120931058082,-0.07747747696146179,-0.07962337886759707,-0.00287347978253083,-0.11469744559301887,0.05194816900348709,-0.06586391335445141,-0.07745533118442327,0.8189156488084602,34223906.37622933,0.22999103792934444
IT,"Gartner, Inc. Common Stock",N,N,168.24249267578125,-0.11418681006859988,-0.10160469462582156,0.13546935786520709,0.06401782109271914,-0.36293500318534233,0.338125253986985,-0.10782954875066042,0.017374708354149115,0.624854519698031,218422421.49627686,0.7385961746343319
ITGR,Integer Holdings Corporation Common Stock,N,N,126.37000274658203,0.007815642090309272,0.01063661085505907,0.3889865693981793,0.4919717508821544,-0.0010276462720788526,0.9957359974041744,0.007703124735447542,0.1250249549240341,0.7359171643308865,91670714.73179169,0.4645320921333558
ITT,ITT Inc. Common Stock ,N,N,199.3000030517578,0.027886421101233072,-0.07936181575979728,0.05576697043966461,0.08309758034342485,-0.09747572431799822,0.18288049273838491,-0.03935030953244245,-0.007258511650710009,0.5990684776964452,121035847.72500992,0.3208649285725237
ITW,Illinois Tool Works Inc. Common Stock,N,N,266.82501220703125,-0.011319818513816138,-0.0898003828673074,0.04277224321948703,0.036045544510576955,-0.10256623962723643,0.12782030148829904,-0.04705779138594102,-0.04784959889144014,0.7383631129653315,266618891.57424927,0.22228141727611034
IVR,INVESCO MORTGAGE CAPITAL INC Common Stock,N,N,7.184999942779541,-0.0006954262032162761,-0.0198460522002899,-0.05114592990902467,-0.02681735503066307,-0.1388352678439776,0.2198960937351997,-0.018051131883581095,-0.03386403399579707,0.8486105221655478,16686096.802411962,0.16517669038541674
IVT,InvenTrust Properties Corp. Common Stock,N,N,32.91999816894531,0.011988914979506493,0.004577287430159505,-0.05289689241292905,0.05426867225524745,-0.10372995972705756,0.2371721652104195,0.0004102076229273166,-0.04062487591311459,0.5587965287116484,16969994.26871872,0.1680206419374343
IVZ,Invesco Ltd Common Stock,N,N,32.31999969482422,0.01031572135252068,0.03750543473835166,0.12504045036174616,0.4001027045673786,-0.029720853727151497,0.5089173561505189,-0.0021849662079056476,0.05808799029991696,0.6432097293700526,111993255.87678261,0.35817246587663876
J,Jacobs Solutions Inc. Common Stock,N,N,143.09500122070312,-0.02210756898702515,-0.02828839892561119,0.12948079016782077,0.12605298716044588,-0.12053320899217645,0.3414591546805581,-0.027736385000663333,0.02972795029083919,0.7336514231508213,117346414.02890778,0.2511373819512018
JBGS,JBG SMITH Properties Common Shares ,N,N,11.390000343322754,-0.032285480005250444,0.015053769472374912,-0.21457453109861158,-0.2001355913405849,-0.5074345810318893,0.03135262388569604,-0.04476358242963652,-0.12974206168883484,1.017166427473023,9085046.0508204,0.4713435027329859
JBI,"Janus International Group, Inc. Common Stock",N,N,4.885000228881836,0.04380350599627847,-0.03458492408629843,-0.08691582879246207,-0.10531131964245943,-0.5325358547326751,0.04380350599627847,-0.0240247377427808,-0.06052268754439838,1.099972790010139,8660949.386414433,0.38211662032091653
JBL,Jabil Inc. Common Stock,N,N,312.0065002441406,0.04301158309036124,-0.12488735646508842,-0.1890392667345545,0.2067281175068798,-0.19074263428126625,0.6221232177408416,-0.03154211807242113,-0.03972941782340478,0.6762282867455778,287844754.4119751,0.49327706322154835
JBS,JBS N.V. Class A Common Shares,N,N,12.819999694824219,-0.043997029030671486,-0.015361041160347644,0.022328527418098654,-0.07252223560412285,-0.24824957314436635,0.10512719563228456,-0.04843200633529987,-0.015602941448192853,0.7941417951557196,70348136.98778477,0.35703284308106686
JBTM,JBT Marel Corporation Common Stock,N,N,114.9000015258789,-0.012886597769214858,-0.055942121015420954,-0.08113715841086633,-0.11563170535488831,-0.3167590634317047,0.0,-0.019073668691540924,-0.1060664977194492,0.6731733295420099,64553773.04198112,0.3646488038692466
JCI,Johnson Controls International plc Ordinary Share,N,N,145.09500122070312,0.04197487411635992,-0.06245149669933525,0.0037009108407912716,0.08774287895568778,-0.06245149669933525,0.3827095327959509,0.0010193422373925287,0.0019106815989133885,0.6368221696438887,379028885.0430878,0.29331920460133365
JEF,Jefferies Financial Group Inc. Common Stock,N,N,54.935001373291016,0.05684882372216271,0.006194987121841411,-0.10248580019963482,0.4679604111220148,-0.19564893922080795,0.5482459285504564,0.02552921948345732,0.017580132673958415,0.622581995257779,84655938.82222843,0.39307979875698235
JFR,Nuveen Floating Rate Income Fund Common Stock,N,N,7.65500020980835,0.005913281932251824,-0.01242325205511663,0.030275482885708582,0.09606828823272084,-0.01242325205511663,0.12358466201892093,0.004205095415550586,0.006028511094305022,1.0266030883603885,4515985.121845722,0.0672486100729124
JHX,James Hardie Industries plc. Ordinary Shares,N,N,29.59000015258789,0.03570180149313962,-0.04794079069420065,0.22627439625852963,0.46775795518601093,-0.04794079069420065,0.7729178673305932,-0.013288426033189138,0.060923317087346884,0.9812808501012645,178502830.82725373,0.41300089041088517
JLL,Jones Lang LaSalle Incorporated Common Stock,N,N,346.2200012207031,-0.0238249975670779,-0.04717080807419094,0.1542590002688029,0.13925636121807217,-0.11856209758678915,0.23579382029943963,-0.06764437469375706,-0.01387501294529847,0.7782233531563949,109238157.2030365,0.331957936247896
JNJ,Johnson & Johnson Common Stock,N,N,269.010009765625,-0.008038617412720717,0.040557191265709225,0.1223347014524403,0.14586760513836916,-0.03383250065708754,0.5794231281605546,0.0018925085856660306,0.029612513313191702,0.7921841578252798,1602219873.8419495,0.2600197918340238
JOBY,"Joby Aviation, Inc. Common Stock",N,N,6.689899921417236,-1.496798241651387e-05,-0.20547507591451364,-0.2688633660848384,-0.2987526259782284,-0.6581553384905494,0.005999973756030563,-0.08168778228177742,-0.12088337590179787,0.5474608259527713,168105656.78454724,0.6231781222395597
JOE,St. Joe Company (The) Common Stock,N,N,63.630001068115234,-0.021829391499224582,-0.06756867197839833,-0.017586208602531572,-0.07566300897149048,-0.1195884310399411,0.3703806855147358,-0.055126745900839436,-0.010761650835824588,0.7277348516485719,12419870.402416611,0.26017125203423286
JPM,JP Morgan Chase & Co. Common Stock,N,N,353.1069030761719,-0.005192587878499189,-0.024674359899208742,0.1059416441363985,0.23901059539420633,-0.0330606545861023,0.26047539543842957,-0.012517215340685062,0.007008393327113449,0.6243870926857391,1882645032.608879,0.20014253838947565
JQC,Nuveen Credit Strategies Income Fund Shares of Beneficial Interest,N,N,4.761000156402588,-0.003974906395772582,-0.00810362450729496,0.01699369159911357,0.0490625562117446,-0.018622072218975383,0.07839137005310448,-0.0014774912229237325,0.0037566169753102674,0.886627409689057,2757838.9023530246,0.06140651739665666
JXN,Jackson Financial Inc. Class A Common Stock ,N,N,136.77999877929688,0.0301250191050888,0.05899655389544489,0.25844139945652933,0.33757584751241354,-0.02737684683097219,0.5478126862943076,0.020639614400132178,0.08607961727796587,0.8233059255820397,69490325.36522064,0.33474607810683066
KAI,Kadant Inc Common Stock,N,N,299.9649963378906,0.025591442390613173,-0.11339518150035577,0.06328313563201671,0.02150774986310444,-0.1343462809332897,0.216242664172293,-0.03119826468607445,-0.036250550021156513,0.8534887939829497,38294836.09042664,0.35431359362760007
KB,KB Financial Group Inc,N,N,128.0449981689453,0.027318668131987023,0.08863284457512255,0.1878014336183953,0.2676467227102244,-0.03260050182463348,0.6521935247605848,0.04870462239276163,0.07222316899949033,0.5539842936323813,20502040.919578552,0.4405044335953572
KBDC,"Kayne Anderson BDC, Inc. Common Stock",N,N,13.13290023803711,-0.0271925749602141,-0.04487998268821025,-0.06884977471196962,-0.0039052189635853107,-0.11516350384314844,0.08945749054219765,-0.0224601916077104,-0.03234323313049092,0.8504558044902094,4988555.803008651,0.18089976156403045
KBH,KB Home Common Stock,N,N,50.040000915527344,-0.0417464621642234,-0.13320628248200206,-0.06938735376535043,-0.050614777471746475,-0.24425791067972447,0.1157433211790555,-0.07729752884438346,-0.10541500200858844,0.6202627545010431,40910571.955625914,0.4894076629601587
KBR,"KBR, Inc. Common Stock",N,N,37.290000915527344,0.008928621191263142,-0.0071885103272565365,0.04526984479341123,0.025526243981740304,-0.23908430597321173,0.24625650380770314,-0.010363422086112628,0.012726322165192538,0.6376562535748359,40765788.1686306,0.350508639433738
KD,"Kyndryl Holdings, Inc. Common Stock",N,N,12.625,-0.03772865014304749,-0.05501494577583299,0.07905984665079768,0.01732475062300054,-0.6188103741801194,0.19216240019739894,-0.024889457731787745,-0.012846678226408725,0.7238947634804446,45219590.25817604,0.5036204880551601
KEP,Korea Electric Power Corporation Common Stock,N,N,12.350000381469727,0.05917671896117227,0.004065056094269437,-0.032131648907347876,-0.2469511787356674,-0.4690455606215005,0.10465116675822395,0.05312528633304536,0.037466425240511025,0.8707593778791969,12205368.386770058,0.4307989241586549
KEX,Kirby Corporation Common Stock,N,N,139.1999969482422,-0.01241575053486954,0.04937808784875797,-0.029424078054526737,0.10572720329751784,-0.0877514890294514,0.7410882084005219,-0.0024222991426343654,0.0017069119661288212,0.6142754957908653,49560136.11723252,0.3105836800115112
KEY,KeyCorp Common Stock,N,N,21.655000686645508,0.02098074593971222,-0.03647442079617469,-0.03689886962962097,0.15778496190364688,-0.08868709119793694,0.34361057997782485,-0.015733405274750978,-0.03606426043893851,0.8419337062619808,202254220.21165007,0.19718608194960363
KEYS,Keysight Technologies Inc. Common Stock,N,N,333.239990234375,0.043756073860437006,-0.03043358045141864,-0.049704914951193335,0.17288468239247856,-0.10740881367348387,1.0894098611631065,0.009988011603883962,0.021972814966519705,0.7355978160478377,458847039.67183226,0.45851993530257956
KFRC,"Kforce, Inc. Common Stock",N,N,50.15999984741211,-0.0861723373079204,-0.13442624353698462,0.003199996948242134,0.9576203402714778,-0.17022333805884604,1.1183638431171201,-0.11331878180010868,-0.10800026116198402,1.1228884756391653,14658910.861626815,0.4586436083594539
KFY,Korn Ferry Common Stock,N,N,76.75019836425781,-0.09332313076457532,-0.07250515571893879,0.05655317423808004,0.2901913579973785,-0.11045202306291368,0.31056048538070957,-0.08677475898696796,-0.043458680201598376,0.771256369931955,28897252.297852326,0.3638022057676041
KGC,Kinross Gold Corporation Common Stock,N,N,30.760000228881836,0.045191977910790326,0.13073437335670457,0.20411277361161284,0.06543397190712241,-0.18881044134939828,0.3873309171253152,0.014098115864805916,0.15664419763134974,0.876472276201912,242568496.08767357,0.5338944815166393
KGS,"Kodiak Gas Services, Inc. Common Stock",N,N,64.15499877929688,0.07732996811476767,0.057932486338060585,-0.06427807828198606,0.17165198012924932,-0.15248887713487247,1.018773514983779,0.04468944870364289,0.02596119001783226,0.7830931864562458,94756291.10739747,0.4830202020289021
KIM,Kimco Realty Corporation (HC) Common Stock,N,N,23.721799850463867,-0.00486037581497345,0.0013671415027687317,-0.07360981753240603,0.061948999520728965,-0.09011488117590849,0.2508445703005333,-0.0034425750526136945,-0.03384008721027154,1.1504927229695103,97483908.88600731,0.1758468946438761
KKR,KKR & Co. Inc. Common Stock,N,N,104.2300033569336,-0.020486798516595073,-0.06073711624427813,0.08507968424306567,0.15450722807425543,-0.2970030493860576,0.24741290954371253,-0.040945878112779166,0.010920591631754073,0.712918638410717,427873277.85762787,0.36893479510659916
KLAR,Klarna Group plc Ordinary Shares,N,N,13.949999809265137,-0.021052644963850065,-0.2669469623795291,-0.14048057900666033,0.04182221445734613,-0.6932717689165748,0.13691925744293432,-0.09863342904799777,-0.2147481151490187,1.2147513462026973,134988921.1323917,0.6867694730667485
KMI,"Kinder Morgan, Inc. Common Stock",N,N,32.150001525878906,0.0015577275431375437,0.021283417833079854,0.015983305331678244,0.004309342716498188,-0.05419683440597445,0.2932111299019733,0.009419191117166825,0.011057742942206517,0.9462872014837739,339187613.1688938,0.2140729276357003
KMPR,Kemper Corporation,N,N,25.934999465942383,-0.062364439298112195,0.0024088198117264703,0.048883343489898756,-0.105261557864055,-0.498284951407018,0.14598530364620865,-0.04802462106601857,-0.0702120380269472,0.7982321335094675,22828508.876841925,0.4438404415524991
KMT,Kennametal Inc. Common Stock,N,N,30.399999618530273,0.04145252012109024,0.005291000285156278,-0.1253947379107091,-0.14722360531789314,-0.2891230307143927,0.5231657862802688,0.008492557751071717,-0.059907472277166196,0.9679899306925991,45945242.27535057,0.386051711959943
KMX,CarMax Inc,N,N,60.01499938964844,-0.01614755098936993,0.031540032224946835,0.17079596868495117,0.4357655618433165,-0.06547807149058549,0.9434909656959509,-0.01825990161090385,0.03277375752962142,0.46698502241350137,96780350.46786499,0.45510468481366906
KN,Knowles Corporation Common Stock,N,N,35.77000045776367,0.041945777742614876,-0.07259526210046308,-0.10080438523341961,0.45643327506445264,-0.1642523108554076,0.7305273500597442,0.01175240634274588,-0.01978514912560192,0.6067465647355843,25449828.658011436,0.5107202421392539
KNF,Knife Riv Holding Co. Common Stock,N,N,59.900001525878906,-0.03074429991323102,-0.12105649031962518,-0.22126881237937734,-0.2731464765918966,-0.3625625119957755,0.0,-0.06976741981718004,-0.1704083526359258,1.117289605613857,47944566.71041069,0.47766107621060744
KNSL,"Kinsale Capital Group, Inc. Common Stock",N,N,361.3599853515625,-0.029932147114859697,-0.03471232031356042,0.16127159404504576,0.03902484182373156,-0.24362407035924438,0.24602603775399623,-0.04296670715729822,-0.0007704308983406127,0.5450162609543985,65693277.35423584,0.3900701604222191
KNTK,Kinetik Holdings Inc. Class A Common Stock,N,N,55.40999984741211,0.00690534393139397,0.08413224781276263,0.18658880243843212,0.25094056951068344,0.0,0.843897922330044,0.023438796162400743,0.0827492017744893,0.7519227883664241,49119825.54760323,0.29599987682956375
KNX,Knight-Swift Transportation Holdings Inc.,N,N,70.94999694824219,0.06630520641955417,0.038297816277755414,-0.12736628692471708,0.348509083474142,-0.13699748826492797,0.8444942106905222,0.015633050195964726,-0.011255170660907532,0.7200426669844188,190442367.0173149,0.3619269667081638
KO,Coca-Cola Company (The) Common Stock,N,N,87.9800033569336,-0.00022723458030005084,0.017345050205525236,0.07175050682170436,0.16556577680076634,-0.04359163604693683,0.3671860133841003,-0.01154392990942954,0.019620611438727398,0.861172513200624,1241346120.3834496,0.22271615635931247
KODK,Eastman Kodak Company Common New,N,N,9.199999809265137,0.029082801016271143,-0.08730159931562509,-0.046632106430453235,0.16015132514732788,-0.3659545372747314,0.5999999668287195,-0.03341038410070374,0.030650640183055966,0.9534204366709649,7938288.1962391855,0.46581832014907
KOP,Koppers Holdings Inc. Common Stock,N,N,46.787899017333984,0.018678395524885927,0.018886907169991973,0.07991214662304236,0.25786857098435667,-0.1041661949573679,0.7920325258606571,0.011920128932297214,-0.020696199366273427,0.8249221299164713,8244552.874400902,0.3365289649717448
KR,Kroger Company (The) Common Stock,N,N,57.27000045776367,-0.011563655243796656,0.025119092612109872,-0.10890202484131406,-0.20896949179262325,-0.23324449046899554,0.03841078813807797,-0.0023238769840683293,-0.003373000799559267,0.6904459278531775,310964321.10125464,0.3189082742444582
KRC,Kilroy Realty Corporation Common Stock,N,N,36.060001373291016,-0.004417444561560457,-0.01042802600819659,-0.046798846185415854,0.2743360076032173,-0.13799093044672683,0.33263301200459217,-0.013338774267400488,-0.04920104301221728,0.8249800951871805,38205431.833294295,0.2527598951931157
KREF,KKR Real Estate Finance Trust Inc. Common Stock,N,N,7.440000057220459,-0.0013422486309653259,-0.017173066247419544,0.043830786978870995,0.18378106969795582,-0.15037073645992127,0.2885747957233631,-0.014765275323431304,0.00611240648103184,0.44481065689948734,4121894.4436970474,0.34165761826251434
KRG,Kite Realty Group Trust Common Stock,N,N,26.149999618530273,0.0011484984047862579,-0.0007642513452565947,-0.09591695334705685,0.05843950759486782,-0.12336574973475833,0.27572973881846585,-0.00276481721846622,-0.050007115732100815,0.6843321409054649,48258991.758299254,0.17119947972457009
KRMN,Karman Holdings Inc. Common Stock,N,N,37.90999984741211,-0.07739109986290671,-0.38795607542901955,-0.20740124616097755,-0.6262447034077586,-0.6711770357674933,0.0,-0.23767582648130714,-0.24734257002324,0.7844089662022541,107970306.71876164,0.6702214367017247
KRO,Kronos Worldwide Inc Common Stock,N,N,8.550000190734863,0.023713670187055946,0.0273829751221899,0.22147652561179254,0.6157542311536941,-0.03488269324818072,1.042308305617568,0.013721440656373929,0.17143761581989891,0.7382199019933532,2748397.7962446213,0.8479962360008038
KSS,Kohl's Corporation Common Stock,N,N,18.43000030517578,0.034231235735022736,-0.003244968452411956,0.020487311748327963,0.544028559635785,-0.23673994919302854,0.5848687836241964,-0.004026036769778973,0.008614006921141337,1.1845604084934334,84401361.07526818,0.562245124819181
KT,KT Corporation Common Stock,N,N,19.700000762939453,0.0015252001285788186,0.06256741047087022,0.06428960126109651,-0.10495226905591615,-0.19722901271472437,0.1413673523581227,0.020381768375106857,0.06101085080351143,0.6134197620794191,22781659.928102683,0.232169150641706
KTB,"Kontoor Brands, Inc. Common Stock ",N,N,69.87999725341797,-0.056981058101543636,-0.06100675644158349,-0.10913897640927595,0.026833422309836097,-0.2016906778870684,0.24290943834790246,-0.09939314442971625,-0.1373410767605464,0.834714085571535,55790387.401239015,0.42752362988489007
KVUE,Kenvue Inc. Common Stock,N,N,18.03499984741211,-0.038133341471354165,-0.042728156730617806,0.0052936806799845915,0.05401279190492558,-0.08038185485306293,0.33967879702929715,-0.04907531140572208,-0.051612741102659454,0.9023081947816831,360138506.09320104,0.22568277204318882
KVYO,"Klaviyo, Inc. Series A Common Stock",N,N,17.06999969482422,-0.17296510660822395,-0.07026148543807931,0.2012666888810366,-0.09105436258249311,-0.5247772671218532,0.32737170688500217,-0.08265264325354893,-0.0470927310726148,0.9835498107002363,103858240.60701256,0.7196814461548253
KWR,Quaker Houghton Common Stock,N,N,160.1199951171875,-0.012823686006100288,-0.06307781839843962,0.11205388154516815,0.33840689435619487,-0.1068392654813265,0.40559555304746153,-0.02846883655844823,0.001258816543372232,0.8360607939385731,23733581.84972229,0.31277462214739415
KYN,"Kayne Anderson Energy Infrastructure Fund, Inc.",N,N,15.029999732971191,-0.0026542775489747372,0.03225853568085113,0.08813012685820731,0.11410617988632232,-0.0026542775489747372,0.414140274852981,0.015610412722682154,0.03841913540829833,0.7926339093852748,4001985.5500174523,0.18312501040813048
L,Loews Corporation Common Stock,N,N,108.01000213623047,-0.006439122013958021,-0.044891316491536326,-0.0004574412969162722,0.018585015171837416,-0.0948865335326271,0.12898644722182273,-0.022274750315647962,-0.04834347779821224,0.9414476288834284,72253529.62877044,0.1527132153756129
LAC,Lithium Americas Corp. Common Shares,N,N,3.2160000801086426,0.08282829936992475,-0.01046151381272531,-0.2931868252099499,-0.24859814895835042,-0.6799999981021407,0.1867158800144002,0.03149658678242373,0.019683466316823273,0.7988204964178859,28045302.073477697,0.5306258357503632
LAD,"Lithia Motors, Inc. Common Stock",N,N,368.8900146484375,-0.0019479200553529363,-0.024951688364318936,0.17932998676645218,0.4818661297790807,-0.13544857473823402,0.5238828833610325,-0.008128206962044526,0.040872690960218616,0.596699729451947,65990627.65959473,0.529182164000234
LADR,Ladder Capital Corp Class A Common Stock,N,N,9.880000114440918,0.019607899100662518,-0.004032254188043427,-0.0022018162359411786,0.037009576787166765,-0.08220625266215109,0.0702539628328076,-0.0009100843947287274,0.005638919004113951,0.7331048477419977,8396628.294958115,0.20531946059996933
LAR,Lithium Argentina AG Common Shares,N,N,6.880000114440918,0.03770738999769718,0.03458646853760361,-0.28630706748818513,0.12052121564277529,-0.4164546109668017,1.2781457476467217,0.03055724086191347,0.02579396106038434,0.9070091000344369,12804062.14036789,0.6186951412940335
LAZ,"Lazard, Inc. Common Stock",N,N,43.46500015258789,0.027055776607288307,-0.0010342029575083345,0.006036614007762786,0.11421744633408792,-0.22024328164833562,0.13643915719441946,-0.008174889660862439,0.012431311861389016,0.4833790474830779,49226897.771926686,0.40598556408695025
LB,LandBridge Company LLC Class A Shares Representing Limited Liability Company Interests,N,N,88.76000213623047,0.03401684439554109,0.05923482025618032,0.2827304654840519,0.14629275596877278,-0.009247572565426854,1.017301458656937,0.047472780077531196,0.109400626956079,0.5923488744637786,23847672.890244294,0.5924807231870319
LBRT,Liberty Energy Inc. Class A common stock,N,N,21.655000686645508,0.08214207659023343,0.012619010052913993,-0.2465862500258803,-0.3105478771006478,-0.3570803483008532,1.1944326702752641,0.0744782326575153,0.02374547926990922,0.6591943069164182,62906286.80762301,0.6996936196818199
LCII,LCI Industries,N,N,98.3550033569336,-0.023965400085174893,-0.07342933982384814,0.06855321697290195,-0.1719835393378225,-0.3546182468663289,0.20828979714102647,-0.04396187948031849,-0.04834376472878599,0.5670316666613657,24495216.993603896,0.35449346560732575
LDOS,"Leidos Holdings, Inc. Common Stock",N,N,129.8699951171875,-0.06689178077686297,-0.07821707942508949,0.06686923137910417,-0.2184183494400469,-0.3437802236301911,0.2986999511718751,-0.06238835018880107,0.04637836586873867,0.639798424043487,158393612.05548096,0.42347264859160744
LEA,Lear Corporation Common Stock,N,N,128.4949951171875,0.03291795451028756,0.060365304531250885,-0.10932528257951302,0.11840183533197335,-0.13041195685521334,0.36125300515377057,0.02565583174719266,-0.0163375094063285,0.851731047056061,66228485.77543793,0.38192933860088646
LEN,Lennar Corporation Class A Common Stock,N,N,80.91999816894531,-0.02211482575292678,-0.07572820847182582,-0.09853239640196465,-0.13631565875565432,-0.4107402885044992,0.0068432923176262594,-0.050780681913880854,-0.05003973419993635,0.937768867000579,203417174.37280425,0.3597149753304731
LEU,Centrus Energy Corp. Class A Common Stock,N,N,186.58999633789062,0.1086091084573455,-0.01374283032910717,0.14768110614112295,-0.10491225976978602,-0.5720412928030032,0.2726962387360923,0.02823951245769929,0.06539693558708648,0.8445144159883364,103367527.07677765,0.7913152325982057
LEVI,Levi Strauss & Co Class A Common Stock,N,N,20.559999465942383,0.009823126208018618,-0.09586632924880578,-0.13807498024771336,0.12538338906642976,-0.19467297638197412,0.16245632307503666,-0.03936458345577787,-0.11226274496945521,0.7063560506266634,42973309.86563969,0.28710139926288547
LH,Labcorp Holdings Inc. Common Stock,N,N,323.20001220703125,-0.013461046188194992,0.00456838520359959,0.21691069338949265,0.22172325603125764,-0.045520861046761896,0.32366658996764275,-0.018167955006533232,0.049608530162133624,0.8177203227664388,185289695.6717163,0.2328954479052354
LHX,"L3Harris Technologies, Inc. Common Stock",N,N,253.45399475097656,-0.03373663432595486,-0.10961342517248784,-0.17259052738860103,-0.3058794203780347,-0.32204915963268843,0.0,-0.05302266287580659,-0.09472765190462507,0.9035968573591577,416647781.65898514,0.33128901809209493
LII,"Lennox International, Inc. Common Stock",N,N,383.2799987792969,0.015984092191641874,-0.11036833385550082,-0.24983197953315994,-0.19386007720235277,-0.3310411194462084,0.02481283096068676,-0.037232875033632484,-0.17686565215301497,0.8974442358319608,177456823.78293458,0.5355305813944515
LION,Lionsgate Studios Corp Common Shares,N,N,11.154999732971191,0.016864125928821805,-0.0602359022309471,-0.22101955511891358,0.1766877923645691,-0.31981707363168377,0.8874788529572941,-0.02778082485790556,-0.1213699122054751,0.6424172071535635,23783165.65399432,0.44197092334347854
LLY,Eli Lilly and Company Common Stock,N,N,1134.75,-0.021767241379310298,-0.06472643022311353,0.002979741062368202,0.2399458263196932,-0.11371195909442156,0.5979884596346356,-0.04883183101912825,-0.04388031623518007,0.8576741396428914,2845163395.892627,0.335253132016317
LMND,"Lemonade, Inc. Common Stock",N,N,48.9900016784668,-0.0457732463407996,-0.0733875039115619,-0.14785179599644582,-0.23952183994188303,-0.4926995771638957,0.03398059464027803,-0.06346774995221516,-0.16029327617645062,0.6131805975388879,47279032.787677765,0.7681630300540828
LMT,Lockheed Martin Corporation Common Stock,N,N,531.1699829101562,-0.024481206776572506,-0.10591803144120826,-0.010872269529719647,-0.16243040335186099,-0.2050329978360742,0.23133341209545688,-0.05716282224512015,-0.03958163259147418,0.7636006570461691,555955497.664325,0.3544183235153382
LNC,Lincoln National Corporation Common Stock,N,N,43.369998931884766,0.014028488840293729,-0.023857784515196934,0.1761336175291024,0.3156599873331165,-0.07723406527904753,0.3637003717519385,-0.008243695114822258,0.018018660364329087,0.8302907942220016,75079042.5984354,0.39003207504368137
LNG,"Cheniere Energy, Inc. Common Stock",N,N,279.0899963378906,-0.05113388058084767,0.05146367795290896,0.15921771617065827,0.05305398426502461,-0.05668218023381755,0.48856114387747374,-0.004025442380215516,0.045015045259096276,1.1396004264849928,503297345.35246277,0.32581522218486236
LNN,Lindsay Corporation Common Stock,N,N,123.62000274658203,0.0766417268345847,0.07861200852392014,0.07524573591238193,0.06715350667593278,-0.11705608436615145,0.20930924574685017,0.06008790564305411,0.07066842810296414,1.1159424045086541,17023598.19354515,0.2736742799161766
LOAR,Loar Holdings Inc. Common Stock,N,N,66.56500244140625,-0.034029909970713534,-0.08677455070935891,-0.02239673929363617,0.009478313267509586,-0.18724052257345902,0.23841865007267438,-0.08064151054355895,-0.08285003074060016,0.8728045588218525,45276533.307107545,0.4008076496947586
LOB,"Live Oak Bancshares, Inc. Common Stock",N,N,38.65999984741211,0.00025868877460477613,-0.09561788398853865,-0.008724836744317344,0.21724489126125857,-0.11587137881494425,0.318877092717198,-0.04841615428536139,-0.06903797443847359,0.6729377346943699,7878555.104769516,0.25738033170371144
LODE,Comstock Inc. Common Stock,N,N,3.0850000381469727,-0.062310007927961375,-0.13098589307470576,-0.24756094880362134,0.07867138157486142,-0.3532494653075975,0.30168784266384985,-0.08585819886577262,-0.12469852513434443,0.5524340790262506,2855894.6294418336,0.7848036098820812
LOMA,Loma Negra Compania Industrial Argentina Sociedad Anonima ADS,N,N,10.010000228881836,-0.005958239102352825,0.009072595957228424,-0.20239043213148333,-0.022460893298556495,-0.23704265882657205,0.40392707829104246,0.028090197030739228,-0.06287445249906132,0.7779320568910572,3775190.427440262,0.39140906494858696
LOW,"Lowe's Companies, Inc. Common Stock",N,N,200.4801025390625,0.002149959913739119,-0.09387524276129944,-0.0863343302156595,-0.12290715482136028,-0.2947305972682579,0.0032030935393412285,-0.04680577909904449,-0.054893922901423475,0.9637473708839488,634105577.3048798,0.28672351260129914
LPG,Dorian LPG Ltd. Common Stock,N,N,52.880001068115234,0.039716878362611396,0.2286245339980455,0.19657321020173257,0.6899201473437673,-0.0420289793978017,1.3675430040431493,0.05490999363504323,0.1724968019754145,0.7797278315870292,25721751.200766563,0.46582171565407066
LPL,"LG Display Co, Ltd AMERICAN DEPOSITORY SHARES",N,N,3.2899999618530273,0.006116202153874983,-0.04081635632052161,-0.2924731409939768,-0.1836228807517888,-0.42881947376385765,0.17921147198436382,-0.015854026180392777,-0.019549418356076154,0.7494062284215839,7928541.4894993305,0.48997115125089413
LPX,Louisiana-Pacific Corporation Common Stock,N,N,67.11000061035156,-0.024705667905228323,-0.10775083116058992,-0.10204347884674358,-0.09963167391431627,-0.310990811975302,0.005411194550172027,-0.05704117362640959,-0.08194887915158044,0.8341219919154456,68524751.66405258,0.4232754371825737
LRN,"Stride, Inc. Common Stock",N,N,82.70500183105469,-0.05241747264239638,0.04570749349538383,-0.1535666502304005,-0.049477073893590906,-0.5021070283115711,0.35537530663082784,-0.019615375270621738,-0.034380714538977175,0.5929382899259678,50957937.95447159,0.5554911125302854
LSPD,Lightspeed Commerce Inc. Subordinate Voting Shares,N,N,9.954999923706055,-0.01921179331556022,-0.04918818817460269,0.033748681765618516,0.10243634751808628,-0.2593005777889954,0.18936679328772787,-0.04961932942130576,-0.04189485220568534,0.6446571129539262,6220486.583207035,0.4597770040320257
LTC,"LTC Properties, Inc. Common Stock",N,N,42.06999969482422,0.016183530054376893,0.10908093112371242,0.15886574381774055,0.11811299995681002,-0.008221179199368045,0.30894589743114986,0.03640212772594742,0.04750945994278144,0.7029639701398412,18363631.738144685,0.22920751962617675
LTH,"Life Time Group Holdings, Inc. Common Stock",N,N,42.28499984741211,0.010877312848206255,-0.034809437983917335,0.23243946822833172,0.6414984266965424,-0.07533347319722605,0.7196014471338654,-0.038939056513112136,-0.02258107770562434,0.8010833258662385,108431843.27958831,0.317823020064358
LUMN,"Lumen Technologies, Inc. Common Stock",N,N,6.650000095367432,0.042319745467618075,0.042319745467618075,-0.21672552713254056,0.013719535575141606,-0.437869810798431,0.200361036310031,0.051882330331852744,0.03479399067647715,0.8633563740648037,70794822.22459051,0.567800969027721
LUV,Southwest Airlines Company Common Stock,N,N,38.21500015258789,0.018948817463637635,-0.1565467853650261,-0.1556193089432093,-0.04051621432991559,-0.29328055071138726,0.31098801763411665,-0.05668425863403004,-0.14491598137940465,0.7067861418157898,163454812.3271204,0.35485201682847317
LVS,Las Vegas Sands Corp. Common Stock,N,N,43.790000915527344,-0.0011404935421195361,-0.042213478863640796,-0.13026184535063468,-0.1780818602625046,-0.35879525103610166,0.0,-0.03413288013061422,-0.04462128794265807,1.0254387938014713,196441165.02869454,0.2513627653353984
LW,"Lamb Weston Holdings, Inc. Common Stock ",N,N,49.33000183105469,-0.06216723836361371,-0.0619889391913756,0.09503732033673629,0.20925095075558753,-0.23605087132245517,0.30289869469974784,-0.06855984683328853,-0.02239664259427998,0.78065077520788,63502595.59582977,0.31734038071111037
LXFR,Luxfer Holdings PLC Ordinary Shares,N,N,17.280000686645508,0.005235610808131064,0.01170964659442797,-0.036947685376231165,0.5139221579025159,-0.087422141208922,0.5283906798453439,0.007022376390968921,0.012226939466764453,0.9730756521878522,4778257.193607235,0.2294823483677528
LXP,LXP Industrial Trust Common Stock (Maryland REIT),N,N,60.744998931884766,-0.0010689432648952613,0.0014012377956884592,0.15995867139189257,0.282435254642202,-0.006623100308881247,0.43807592915614757,-0.0009087349481952112,0.022080418493805265,0.9790471722758696,36954041.75037594,0.17308206718639602
LXU,"LSB Industries, Inc. Common Stock",N,N,11.5,0.028622512172568948,0.15115117752528473,-0.05814906109162665,-0.23282186954015083,-0.31872034527531756,0.4819587191761041,0.07526882391602974,0.06349529460315884,0.7244733665032704,6964855.303373528,0.4247586139328194
LYB,LyondellBasell Industries NV Ordinary Shares Class A (Netherlands),N,N,64.01000213623047,-0.017799540667589042,0.010796896956092539,0.0014058011198427867,-0.13101985592190823,-0.20675763923877877,0.6055578865181113,-0.004656783111666951,0.056892813540568854,0.5706992007715264,211151895.4402832,0.3463404911348468
LYV,"Live Nation Entertainment, Inc. Common Stock",N,N,169.68499755859375,-0.04240970383223808,-0.07442864853639886,-0.016375845099979136,0.08445706036168987,-0.09962330726104096,0.35088764217878654,-0.061542964589177185,-0.0631954665103227,0.7566727061172954,298559336.39670104,0.2545991103822434
LZB,La-Z-Boy Incorporated Common Stock,N,N,31.434999465942383,0.012306398085037973,-0.2374803482580159,-0.1770572902388996,-0.021440502417276353,-0.2483372744600395,0.10071562240783072,-0.08678045437276904,-0.16450682811431783,1.0470038767125585,27231814.8543952,0.5659751294326598
M,Macy's Inc Common Stock,N,N,22.609899520874023,0.031003155779153246,-0.0778997104906195,-0.10199784493403441,0.2856838552145953,-0.13735595915115484,0.40611196918204095,-0.008967780176342588,-0.041376525232903805,0.9554903336409752,116842218.80986004,0.3736137459192773
MA,Mastercard Incorporated Common Stock,N,N,569.10498046875,-0.020641878542659753,0.013652354648783227,0.1634331112580134,0.16903520157522722,-0.0512703057944226,0.2089046914696857,-0.0195473121158396,0.015833828600773092,0.7375386858374439,1530217322.2353883,0.22171720329629105
MAA,"Mid-America Apartment Communities, Inc. Common Stock",N,N,128.13999938964844,-0.00943105453731341,-0.027326597490558213,-0.06698639707009713,0.043025218934762854,-0.0883777535410405,0.08826881219348715,-0.018430289097223773,-0.03612394132902175,0.7510596053579681,96114639.46495362,0.19248553350312592
MAC,Macerich Company (The) Common Stock,N,N,23.43000030517578,-0.003826537025350407,-0.04484306362325474,-0.07318039284892164,0.2593465520248004,-0.11618256873308086,0.48286807357684114,-0.026609322091266874,-0.055698843383389596,0.7181539186345494,58483175.02661705,0.2959755370395052
MAGN,Magnera Corporation Common Stock,N,N,11.779999732971191,-0.04305448160675296,-0.054574663169656756,-0.06730010877021697,0.10196447103591066,-0.22804721125260685,0.479899456848933,-0.04286006119299812,-0.07948615522093316,0.7815146165750455,4336986.456129551,0.4296593145140334
MAIN,Main Street Capital Corporation Common Stock,N,N,56.322898864746094,-0.023928597635831328,-0.041455883447055975,0.10486972383476423,0.06326489152792769,-0.09564873853843181,0.16391711959028044,-0.028123559589855684,0.015506679584596395,0.6548244510482224,24752908.2964859,0.21124425751522866
MAN,ManpowerGroup Common Stock,N,N,55.400001525878906,-0.09462325920534975,-0.014935990887594675,0.6294118095846737,1.1762172516292098,-0.11993644393258618,1.2015712300586148,-0.07821830451079181,0.048730005161797596,0.5041837306725724,47355729.156813815,0.8362397934401369
MANE,"Veradermics, Incorporated Common Stock",N,N,103.4000015258789,0.06040405353924161,-0.05094075794237851,0.07629855162214172,0.752245457837057,-0.2030214494531758,1.792330676059565,-0.002354203796250842,-0.0550553500076596,0.6334624914576342,60353852.48302841,0.7400735930705234
MAS,Masco Corporation Common Stock,N,N,70.30500030517578,0.0007829224936053425,-0.0725858493064988,-0.04615266932363293,0.18410262597884253,-0.14687309429715112,0.21077528892999986,-0.03335380070449245,-0.06819632516116558,0.7188005700662603,121486461.74408837,0.3949593725114703
MATV,"Mativ Holdings, Inc. Common Stock",N,N,12.609999656677246,0.04647298398990585,-0.006688538353604612,0.5638851974208663,0.5069652968874387,-0.1364276021724139,0.7609954982722056,0.03138946503810125,0.2524547275058764,0.9475420711228952,6516112.8043509,0.6245531989006529
MATX,"Matson, Inc. Common Stock",N,N,224.4499969482422,0.0236705398678847,0.09803822184387312,0.11352769660319861,0.4434446006669681,-0.0050534128647306,1.5729571746221436,0.017226445357229725,0.05486647718654947,0.7188659537461957,48474960.936855316,0.3205287692157517
MAX,"MediaAlpha, Inc. Class A Common Stock",N,N,11.399999618530273,-0.0731707770933635,-0.1304347889342642,0.20634919033048904,0.17890377751675834,-0.20112128571600418,0.5899580888739329,-0.10020130209683065,-0.13047460656460874,0.5481531372340414,6432838.56558237,0.47616980937582537
MBC,"MasterBrand, Inc. Common Stock",N,N,8.130000114440918,0.021356793401915652,-0.11822127126023918,-0.084459458370989,0.05174645464171368,-0.41172212055216506,0.19911502402014358,-0.07064470591354444,-0.08392300264713937,0.7636930302962422,13461729.284852028,0.5687931037196602
MBI,MBIA Inc. Common Stock,N,N,4.574999809265137,-0.020342669266977698,-0.07762101329048976,-0.25850895418251874,-0.20572923134184284,-0.42088610708398333,0.0,-0.05801209120786566,-0.1681667354853451,1.000216362399837,2432119.1651017666,0.3624420672763525
MC,Moelis & Company Class A Common Stock,N,N,67.11499786376953,0.0053174912549383,0.0077327237454600795,0.0011252975841951063,0.2885363596495467,-0.1107203976967217,0.33242378479278756,-0.012451973502059843,0.0001033152813765259,0.5693129493585704,42623549.37380715,0.4339695029528907
MCB,Metropolitan Bank Holding Corp. Common Stock,N,N,90.01000213623047,0.005810752987753354,-0.031317220082419106,-0.06498293512112485,0.1480877451188376,-0.10861591847657814,0.38348072702625524,-0.02079489026151571,-0.04081956754810956,0.6090075796869576,8673956.915704345,0.28224097855869634
MCD,McDonald's Corporation Common Stock,N,N,254.3699951171875,-0.025812839847163205,-0.0655552248360276,-0.10053009743290742,-0.1831139161284019,-0.23955824436328388,0.0,-0.03612024660101476,-0.0482172839224676,0.9147504447952398,1062764462.9154663,0.2279399186607988
MCK,McKesson Corporation Common Stock,N,N,885.3900146484375,-0.023578200009154227,-0.01712070529855414,0.13045224542316713,-0.035898231387136104,-0.1088480658574551,0.2879830670114374,0.003152307390757114,0.03952559630315999,0.8145431053302337,768207933.286438,0.32564723293160397
MCO,Moody's Corporation Common Stock,N,N,475.3299865722656,-0.03917447639537375,-0.00030538425561243976,0.06360271457604849,0.08845168512943502,-0.11324283129879675,0.16076719555821128,-0.041482320175660004,-0.029251090353058062,0.6773744045028615,316396816.12435913,0.2857105235119792
MCS,Marcus Corporation (The) Common Stock,N,N,26.94499969482422,-0.02970834531292954,-0.05775159513254302,0.20426396671249214,0.7176262491659258,-0.1316296884942627,1.0997603703513232,-0.07161273136180801,0.00954880724635565,0.6429218249517258,6807435.057739258,0.5248015744050911
MCY,Mercury General Corporation Common Stock,N,N,101.16000366210938,0.0007914704155664865,-0.04349468968614234,0.0022788403471529772,0.15513160757053357,-0.08963281891908537,0.3407462153359171,-0.029253815658186744,-0.04904967729726373,0.8483927450640437,24360664.90390625,0.24905338380339112
MD,"Pediatrix Medical Group, Inc. Common Stock",N,N,26.79990005493164,0.012463194187190885,0.025244861541371177,0.10287658009710676,0.35148261008782566,-0.021544335446017415,0.6961961855321452,0.006474700386471799,0.016225624878836165,0.7332915507430525,18171032.909776308,0.3560288727747734
MDT,Medtronic plc. Ordinary Shares,N,N,92.9749984741211,0.01015860005751068,0.02530875784320341,0.16974907892386404,0.08450674393874924,-0.09563108954005595,0.2720524569465339,0.010682952074537289,0.06616469143074521,1.0665977362223236,706297270.1762073,0.2764907770723704
MDU,"MDU Resources Group, Inc. Common Stock (Holding Company)",N,N,19.934999465942383,-0.0007519446828763154,-0.02756100166134723,-0.05566087685629917,-0.013862486040614352,-0.11982894247739839,0.2837554653700325,-0.008665196470637904,-0.02633085192655038,1.0194201637962705,27869757.50247755,0.18592255211267106
MEC,"Mayville Engineering Company, Inc. Common Stock",N,N,19.649999618530273,0.023437439464035092,-0.12666668362087674,-0.4461668581720697,0.15520278389919695,-0.4765583607004491,0.5644903632200631,-0.07311322554102484,-0.2560087399891152,0.6913462355980586,9832662.514504338,0.5318008871044281
MEI,"Methode Electronics, Inc. Common Stock",N,N,14.034299850463867,-0.23393558492095123,-0.1621313522111124,0.17139711347834674,1.6755892793377876,-0.27496426560572684,1.8080441638271756,-0.13569735326354637,-0.1195089248741249,1.1880496690794125,12408421.923567772,1.3027458246831882
MET,"MetLife, Inc. Common Stock",N,N,95.0199966430664,0.0063545698555036445,-0.01838849537783238,0.07618956929729426,0.40439242598852987,-0.049324666890472435,0.4230621921659292,-0.011675415747940066,0.006216414700330297,0.7019216081687276,255615604.81907654,0.23906400016551907
MFA,"MFA Financial, Inc.",N,N,8.855799674987793,0.020253382906816775,-0.03531597161333433,-0.02430624034587925,-0.03851130233244893,-0.1153961054858712,0.11187930658135614,-0.008896206617964864,-0.032165301237396804,0.7769324117947086,11051574.409067774,0.17444759850934044
MFC,Manulife Financial Corporation Common Stock,N,N,42.95500183105469,0.019340352472963174,-0.01154728491419632,0.07452237680953089,0.27451542103766124,-0.03666737645073348,0.4396019678896952,-0.006265000838842627,0.002220575679391601,0.8012102120730246,118155464.23647384,0.18092952536769533
MFG,"Mizuho Financial Group, Inc. Sponosred ADR (Japan)",N,N,11.015000343322754,0.025605267976272827,0.05507670364468953,0.13791322273338813,0.4231267014277269,-0.02694340633603709,0.8087028025183265,0.029319043292812763,0.05186264555798292,0.7471042734090554,29759118.21984172,0.3490104255502514
MG,Mistras Group Inc Common Stock,N,N,19.844999313354492,0.06923490756398376,0.06750936796479223,0.06407505197141616,0.40545322055211397,0.0,1.1134183799541932,0.05296665692874036,0.15596326147116613,0.8495379180315956,4290778.79521656,0.5102922928404271
MGA,"Magna International, Inc. Common Stock",N,N,66.98500061035156,0.0527266931623156,-0.0399563927582236,0.010973383910455325,0.25565490040836614,-0.08302535507232,0.5737815229683505,-0.015597325008403384,-0.0011933838898892102,0.8756183099293745,74291162.72749558,0.3606818784409582
MGM,MGM Resorts International Common Stock,N,N,40.47949981689453,-0.007125352896919623,-0.08272153099625146,-0.1733816865869109,0.11299150414346193,-0.20143024435661472,0.3176920807839154,-0.05006632642825837,-0.0923429236181671,0.6885982091073509,75046993.87471542,0.2086208244650902
MGY,Magnolia Oil & Gas Corporation Class A Common Stock,N,N,27.924999237060547,0.00921572678220084,0.0736254898626365,0.018351446295290952,-0.06192469713044235,-0.12569999426120404,0.3401403030156296,0.03379020225493323,0.07427732602221537,0.6551136831854353,81640867.34386845,0.38626873656500316
MH,"McGraw Hill, Inc. Common Stock",N,N,12.699999809265137,-0.017027884344402833,0.10434780950131617,0.07993193555172895,-0.06342187195713023,-0.2940522528713867,0.3956043161411362,-0.025812162876789335,0.1061368588869751,0.47715840626099726,8666553.212998152,0.6712705811949848
MHD,"Blackrock MuniHoldings Fund, Inc. Common Stock",N,N,11.170000076293945,-0.01931521162400851,-0.032939009552545584,-0.0338921522977923,-0.015568062048341602,-0.05887078578375571,0.03528222340331588,-0.02223630097893803,-0.03240920613503995,1.052342913655678,3707202.626643372,0.08840676747579211
MHK,"Mohawk Industries, Inc. Common Stock",N,N,129.07000732421875,0.03222973751746805,-0.05567739068887834,0.19908963262806556,0.2694994555792434,-0.07872946680064485,0.36828161580430696,-0.027922606891700563,0.03881455024518754,1.006989785483758,114107198.70807342,0.4333046576949011
MHO,"M/I Homes, Inc. Common Stock",N,N,143.92999267578125,-0.014380648641170501,-0.05483324251675026,0.018396595280842032,0.1615687872003011,-0.11699390996453218,0.22295853250099973,-0.04033874797035497,-0.04089638813705454,0.7501716265784094,26969352.8624115,0.32993474126195393
MIAX,"Miami International Holdings, Inc. Common Stock",N,N,43.154998779296875,0.02481591436235764,0.019730602327362012,-0.003118552399522967,0.09115043266191125,-0.24076357031234008,0.205110224080699,0.008465199994806438,0.0033969430843645565,0.7627288200558564,51572110.03930511,0.44857340398765905
MICC,The Magnum Ice Cream Company N.V. Ordinary Shares,N,N,19.639999389648438,-0.004561589187836779,0.010807981532389155,0.09598210413122987,0.27947875580234705,-0.0381978787331656,0.5038283888680652,-0.006676135046804976,0.033227380981953436,0.62417167707648,14388238.628728867,0.27327519217214413
MIR,"Mirion Technologies, Inc. Class A Common Stock",N,N,16.579999923706055,0.06898772914469253,0.0857890914650461,0.0012077571502828732,-0.1471193689187934,-0.44268907819475445,0.1513889140920881,0.06864324289491974,0.04162739182405972,0.8628834458044442,51936935.15015888,0.5140173951388276
MKC,"McCormick & Company, Incorporated Common Stock",N,N,51.601600646972656,-0.04899369253215691,-0.024359968945810717,0.06372212192552262,-0.04588946479513012,-0.2668063706035917,0.14186846537649322,-0.048390069005358805,-0.02332353407548715,0.6253320499737975,125902579.68560219,0.31587792849337193
MKL,Markel Group Inc. Common Stock,N,N,1779.2850341796875,-0.010012349118588615,-0.03354354254797176,-0.036140284843072856,-0.07045685474713947,-0.18824530614872625,0.015938972998468026,-0.01797725002095385,-0.05762265767646668,0.8775131991371267,104666915.37785645,0.220636938133371
MLI,"Mueller Industries, Inc. Common Stock",N,N,63.4900016784668,0.043036777939227555,-0.06987623701511358,-0.07789173770863822,0.15581184671651216,-0.09343907566046195,0.3450625600513213,-0.0018206320304572365,0.012287790125303122,0.7640707583016931,70926269.83121642,0.34787958487894083
MLM,"Martin Marietta Materials, Inc. Common Stock",N,N,509.45001220703125,0.008971715635797795,-0.0783744475599003,-0.1161444131230095,-0.10021553443355002,-0.27746644612509097,0.008971715635797795,-0.03184893123797272,-0.07079700261092348,1.0651617214432074,322217300.2321808,0.3282435853374448
MLR,"Miller Industries, Inc. Common Stock",N,N,55.625,0.024479865217767127,0.02279089452819605,0.14861451115809698,0.28065685375671534,-0.03451234854002516,0.5837385969378668,-0.009271336663997154,0.056267477532218946,1.0234355986523502,5905166.445438385,0.2674984375351649
MMI,"Marcus & Millichap, Inc. Common Stock",N,N,31.594999313354492,0.010393311507295833,0.013960188320684797,0.047579558130054656,0.23562767659124506,-0.03526719653879418,0.2755074674134914,-0.008185359625245248,0.007239863176461858,0.7056448944400785,3444043.673573208,0.2764754227861269
MMM,3M Company Common Stock,N,N,165.6999969482422,-0.026668282415581723,-0.09121740112118715,0.051196091704542646,0.1530609807051848,-0.09443156193473978,0.1847455587513216,-0.05693912875409657,-0.03199558379582612,0.7008158960236779,444634721.8780937,0.25302280975528485
MMS,"Maximus, Inc. Common Stock",N,N,55.72999954223633,-0.03313670832125526,0.03450823862210073,-0.09987152363042229,-0.18433806660013008,-0.4276366906519917,0.042782737325162135,-0.027831906212556712,-0.034838940415288344,0.6628645323872198,26120333.830986023,0.3901127025467955
MNTN,"MNTN, Inc. Class A Common Stock",N,N,12.34000015258789,-0.004035527792524141,0.08150747744196618,0.42165895377096874,0.3183761330359418,-0.39361179748063146,0.5861182287669722,-0.03352129361737932,0.10989190109959379,0.5839635183044247,11912576.516803931,0.706386344432351
MO,"Altria Group, Inc.",N,N,67.68499755859375,-0.02709504304296706,0.04082729246709027,-0.04507628532900254,0.07244477865131338,-0.09656968482616035,0.27646786081828045,0.0048359811691622845,-0.027356483122786268,0.838562594639964,566473067.9350204,0.3114550698340516
MOD,Modine Manufacturing Company Common Stock,N,N,192.3699951171875,0.06334636682934502,-0.030002077386493964,-0.2991985605931239,-0.04016566772429575,-0.37316306841211544,0.6073696075088337,0.0003665927662201973,-0.08635919411772652,0.7712479567307207,239006219.02980042,0.6803251728614299
MOH,Molina Healthcare Inc Common Stock,N,N,193.75999450683594,-0.04579928673087996,-0.004009452072662678,-0.032554445337528715,0.3036398314028599,-0.20223982785110917,0.5797797969529823,-0.037647784373650905,-0.07476207585278116,0.4836605341080769,112401173.39620972,0.40726931750068973
MOS,Mosaic Company (The) Common Stock,N,N,26.450000762939453,0.06739306012989532,0.14502165914062148,0.16571177348533284,-0.03819653310367821,-0.24321473258840587,0.3345106543995855,0.10868929369054858,0.15541541051904395,0.8466927979544889,185963068.6143593,0.4077475831878338
MOV,Movado Group Inc. Common Stock,N,N,33.04999923706055,-0.015200083932143671,-0.09611347507667611,-0.13537223409918275,0.4879647045730584,-0.15928091730698468,1.0190310287752724,-0.03733578475957844,-0.08844038691874256,0.8954510362159702,6525070.156847,0.29134787803364814
MP,MP Materials Corp. Common Stock,N,N,55.22999954223633,0.027726047957429945,-0.00018106690670804948,-0.04031276673467277,-0.04014600862940987,-0.44014192916410844,0.44960634525354526,-0.022149045148466273,0.07410403103131258,0.7735474402536773,310498519.9644629,0.6413544889658684
MPC,Marathon Petroleum Corporation Common Stock,N,N,395.5633850097656,0.032802571827064364,0.17902165684028937,0.5048430330215556,0.6854058507353695,-0.005547437124097332,1.460528119163948,0.07132543453407214,0.20971070498248,0.9159013727058182,841210763.8892456,0.34851283414114553
MPT,"Medical Properties Trust, Inc. common stock",N,N,3.9649999141693115,-0.016129104777919956,-0.01368160871098456,-0.18513269315009162,-0.1579704688422925,-0.31612982895694763,0.0,-0.025259688619035825,-0.1005195214428507,1.0171190347958774,30179357.613108218,0.3610131546589439
MPTI,"M-tron Industries, Inc. Common Stock",N,N,78.38999938964844,0.04701477913632246,-0.08444292367442396,-0.20505020885863923,0.29570246925038735,-0.22193548992904777,0.7962878204861483,-0.018149041189355675,-0.055146024345950284,0.3775506689855852,8547836.953871155,0.49593321629930887
MQY,"Blackrock MuniYield Quality Fund, Inc. Common Stock",N,N,10.829999923706055,-0.011861324269018647,-0.03922524657755955,-0.037133444875632415,-0.021304408865804203,-0.06077844853674408,0.02379680135115736,-0.02187618827424176,-0.036560323124656624,1.1464076373086722,4969836.099792004,0.0724655498883076
MRK,"Merck & Company, Inc. Common Stock (new)",N,N,149.2100067138672,-0.004337340810336765,0.144073062480659,0.2623519537671619,0.31251532237882373,-0.046276704222437126,0.9676560859113146,0.016108917730298433,0.10213903083576237,0.7554795269770462,1602799498.9620528,0.37435810738365305
MRP,"Millrose Properties, Inc. Class A Common Stock",N,N,30.639999389648438,0.0019620492508853893,0.030608807985997633,0.07976468604978026,0.0954228976767808,-0.04309809645179552,0.18456653723400107,0.0009964018660528762,0.04026926336175585,0.715420808118101,28484686.00533829,0.23527997063704145
MRSH,Marsh Common Stock,N,N,178.97999572753906,-0.045847137325765064,-0.06415688508476303,0.06706499547961475,0.057880118681088,-0.12164464119820706,0.14411713238795554,-0.05056948187154231,-0.033028638461015114,0.8447391936117713,358828706.86079484,0.28338998081239003
MS,Morgan Stanley Common Stock,N,N,216.0850067138672,0.023905485160313766,0.004719390687137226,0.01511168284562081,0.3744551715944997,-0.04933495691836065,0.45517934458421117,0.0043563322850899144,0.003948740400463668,0.6518960408146325,771438602.3377907,0.283881829028616
MSA,MSA Safety Incorporated Common Stock,N,N,188.17999267578125,0.004215770791962781,-0.02198909217188505,0.18029265555042362,0.09089020955774973,-0.06540529939158635,0.24099324830724678,-0.004545010396850957,0.03505225616636998,0.6917418125152148,40244281.0259552,0.25531181093249755
MSCI,MSCI Inc. Common Stock,N,N,548.1699829101562,-0.026496729179581235,-0.020614791728915005,-0.0817691358992807,-0.00830317606946851,-0.14553456267715503,0.08294225685452972,-0.029387687519948358,-0.04986266282295582,0.5316161468421478,277292566.7164825,0.3509876454710428
MSDL,Morgan Stanley Direct Lending Fund Common Stock,N,N,14.960000038146973,-0.019016390941182126,-0.02540718785867624,-0.009441398647517585,0.08753324642327964,-0.07850840601961162,0.13566100917451118,-0.022094389052048302,-0.020942405880433723,0.7923545058653696,6376737.444445324,0.1981323758108556
MSGE,Madison Square Garden Entertainment Corp. Class A Common Stock,N,N,75.68000030517578,-0.01765317489861884,-0.046491146701707176,0.02980000687258033,0.33122255649006505,-0.14408502745529406,0.826254894139846,-0.05558190118428885,-0.030206106864676507,0.6185454877200974,25404502.52047043,0.35513107135016553
MSGS,Madison Square Garden Sports Corp. Class A Common Stock (New),N,N,388.0899963378906,0.016767517764542106,-0.013673227605971339,0.008864520450855506,0.23473640467176926,-0.0628561747469617,0.8905397439871316,-0.024480374751861933,-0.01726279534677444,0.9090703916627392,98134805.71083221,0.26400894307096234
MSI,"Motorola Solutions, Inc. Common Stock",N,N,464.8299865722656,-0.05376191716295109,-0.004348196125157799,0.1309233231775906,0.0003744947653814279,-0.05376191716295109,0.2860188171940876,-0.022757092067447804,0.04019016626946015,0.816061413025894,444879653.0693329,0.27288694430099936
MSIF,"MSC Income Fund, Inc. Common Stock",N,N,12.40999984741211,-0.0071999364623974715,0.019479499988561688,0.06713012090638282,-0.014197172565274196,-0.05549231979465452,0.15889060651220888,-0.007484824958963299,0.05282219122266829,0.6633557312018664,2558232.8306659698,0.2701183288382281
MSM,"MSC Industrial Direct Company, Inc. Common Stock",N,N,120.91000366210938,0.026923779988578644,0.007079844417794412,0.043726841117760484,0.39836136379779585,-0.05004710228064235,0.5325120953829443,0.005672586958712866,-0.009732617866606286,0.6846396866419168,65151897.023973085,0.252069108111212
MT,Arcelor Mittal NY Registry Shares NEW,N,N,77.55000305175781,0.057836661224482944,0.05209610656600949,0.09743263853035256,0.5152238900305859,-0.015112964748494995,1.3278140512281809,0.04282232455722901,0.10555863223353024,0.7484621428724405,99167605.47188263,0.3728982575580756
MTA,Metalla Royalty & Streaming Ltd. Common Shares,N,N,10.162799835205078,0.029665648737685846,0.10465217890225653,0.39025990625942386,0.39790919695571936,-0.10459916355623211,0.857915946071546,-0.023102657918166236,0.16491684677456786,0.663539534578869,5611495.203277397,0.5866148301706171
MTB,M&T Bank Corporation Common Stock,N,N,236.22500610351562,0.018123445192754772,-0.05714853676685627,0.025312388879590975,0.2148533570697262,-0.06431015847368104,0.3603195686129508,-0.02025295532839111,-0.029608564919397007,0.7938943917579471,211312322.86421508,0.1987040900501732
MTD,"Mettler-Toledo International, Inc. Common Stock",N,N,1312.3199462890625,-0.04625135647484746,-0.08687854183578059,0.15981578062147128,0.10136453939188805,-0.12861719680358352,0.2796504332387193,-0.056317734643958284,-0.03711406348671398,0.7805242179940752,229959817.9789734,0.2542584202732697
MTDR,Matador Resources Company Common Stock,N,N,60.7599983215332,0.026177997990664004,0.15469402422804035,0.13280312760924518,0.07057994817108315,-0.05815118666357599,0.6862339378756157,0.06278585166041806,0.14355320013057526,0.7220536474734329,102031196.59321442,0.4107299589581036
MTG,MGIC Investment Corporation Common Stock,N,N,30.68000030517578,-0.0003258464877098355,0.010873143972266242,0.1952517940492271,0.20305591938160017,-0.025103241989696157,0.24092706729231095,-0.009139931730249407,0.025641815651337607,0.8014230383298279,43744809.713819504,0.16910046274407145
MTH,Meritage Homes Corporation Common Stock,N,N,64.6050033569336,-0.04260521424091768,-0.12483062010276225,-0.1263675546596288,0.06315522776668536,-0.24154727488292804,0.1067598439383517,-0.08186863361594177,-0.11387470316490944,0.6341859280019856,38930088.19475212,0.40690881290422604
MTN,"Vail Resorts, Inc. Common Stock",N,N,132.32000732421875,-0.0005286809105851109,-0.10388728130464608,0.008089267099729458,0.004159194868434968,-0.17305161010698122,0.12912433373587007,-0.07777119022791767,-0.09229723938351786,0.7755608819943126,73669081.16257934,0.42201948742120243
MTRN,Materion Corporation,N,N,258.1579895019531,0.1023441940761054,-0.08009002791922504,0.04469272639141453,0.8281314748143331,-0.13140753871450728,1.3618034458853718,0.03290570260599179,0.03139362592737838,0.6371562583305692,64171229.879551694,0.9047962120623018
MTUS,Metallus Inc. Common Shares,N,N,19.450000762939453,0.03019076416895916,-0.10409942039793041,-0.050292910269489344,0.3053692121408249,-0.11711302057607464,0.33585166225232066,-0.02881106450782711,-0.025980490079939744,0.7845360117313912,6207668.919740486,0.39807791460606384
MTW,"Manitowoc Company, Inc. (The) Common Stock",N,N,20.825000762939453,0.09836507217946777,0.07014397444427156,0.6713483707209127,0.7618444416761174,-0.027323637956184643,1.1402879488885431,0.04481546534253744,0.2719033488595861,0.9803112338584155,7426498.6556510925,0.7914904685009991
MTX,Minerals Technologies Inc. Common Stock,N,N,69.70999908447266,-0.014838934709700768,-0.05424410878859787,-0.1061808226553731,0.034694837334189765,-0.15578190544325377,0.27432121202527515,-0.025451183632017704,-0.04481359514408145,0.6462961085145998,11239500.856393814,0.25474742197373773
MTZ,"MasTec, Inc. Common Stock",N,N,245.4600067138672,0.032472453278062696,-0.09972487728329194,-0.3237457478900143,-0.19008809587918551,-0.438961392345376,0.4027087205472202,-0.05129629600196606,-0.1886209685323328,0.9661144680925842,392146627.1831299,0.7380747626362384
MUA,"Blackrock MuniAssets Fund, Inc Common Stock",N,N,9.890000343322754,0.004060909675524194,-0.023196961916197578,-0.06448725318160775,-0.052932030103313044,-0.10764508315862698,0.004060909675524194,-0.011487016954541684,-0.040404133029549594,1.3202717015961378,3512702.8710639477,0.09477938848717586
MUC,"Blackrock MuniHoldings California Quality Fund, Inc.  Common Stock",N,N,10.380000114440918,-0.011428560529436416,-0.03229391782647839,-0.018974140159491948,-0.007227374287815835,-0.05043100962610125,0.03930894030243248,-0.020303667438419937,-0.028712242932035115,1.1862966424381496,4252269.83433075,0.06707927674823617
MUFG,"Mitsubishi UFJ Financial Group, Inc. Common Stock",N,N,23.36910057067871,0.023613694646265282,0.05646924430625844,0.15918158470018762,0.3976735365062778,-0.03153330362833373,0.5984337040769447,0.024985053202892793,0.049033944538166896,0.8073220316234409,58824853.62066345,0.2901563943970214
MUR,Murphy Oil Corporation Common Stock,N,N,38.540000915527344,0.02500006594556714,0.08998281472364655,0.0024249423778524015,0.02888161826924973,-0.0811322439860861,0.6103394868638099,0.06375819495037294,0.07904017244700379,0.6865436480562888,53960067.62211418,0.4949462837969468
MUSA,Murphy USA Inc. Common Stock,N,N,497.1000061035156,-0.07335260547692812,-0.08553924642560284,-0.200572198673033,0.07917932413806628,-0.20089316244222055,0.40112580546158694,-0.08108925746741247,-0.12692647337549634,0.910215597558479,132477705.49945374,0.42232630848575564
MUX,McEwen Inc. Common Stock,N,N,20.360000610351562,0.06318543164097234,0.06374092265451914,0.07667904678158366,-0.024437000880378035,-0.2991393753849988,0.508148193359375,0.014803389581800941,0.08547303194742462,0.7015418641659407,21310313.071963884,0.5658538531101888
MWA,MUELLER WATER PRODUCTS Common Stock,N,N,23.985000610351562,0.0176071667755886,-0.08524022736585612,-0.06862251981419332,-0.12063548406541635,-0.20605294088232784,0.054962718640713115,-0.02944833907523403,-0.044315393442374895,0.7357372482117142,22058187.64334488,0.25702684667056125
MYE,"Myers Industries, Inc. Common Stock",N,N,32.18000030517578,0.03141024097026324,-0.003097846279511929,0.19346571468144402,0.5777034166828443,-0.12411543726095198,1.0888371756726238,-0.011412676182807946,-0.008735931212245807,0.7147328717798789,10124034.618263245,0.5049095905782147
MYI,"Blackrock MuniYield Quality Fund III, Inc Common Stock",N,N,10.5,-0.010367545733898198,-0.020934742695035702,-0.026254229496284642,-0.009036450108622973,-0.048611094909054575,0.036744376957482006,-0.017353146477735115,-0.0240230822126537,0.8912867317163112,3113371.862271881,0.07701085380986467
NABL,"N-able, Inc. Common Stock",N,N,3.7939999103546143,-0.006806288833128948,0.20444437952058636,0.1819314222017161,-0.24722223431134782,-0.5536470693700454,0.26466663678487135,0.021072719469540813,-0.07990340655863404,1.0008074131400901,9398917.585220147,1.039261206493659
NAC,Nuveen California Quality Municipal Income Fund,N,N,11.34000015258789,-0.013054797347108793,-0.03741359503661579,-0.039114917742736455,-0.018856086319955723,-0.05804871781019072,0.07924278345542235,-0.02640342681765795,-0.0352149326096991,1.2669515637908928,5476437.3860937115,0.07962642391652315
NAD,Nuveen Quality Municipal Income Fund Common Stock,N,N,11.279899597167969,-0.02423017407278072,-0.035053083847882416,-0.03902907083970786,-0.029078558001928934,-0.058137578367880804,0.04522417319366645,-0.030430920925046845,-0.03583568118315039,1.143966209545048,7130237.333038902,0.08859935668259279
NAT,Nordic American Tankers Limited Common Stock,N,N,7.159999847412109,0.03617945087128027,0.16045376967204428,0.28776976998181425,0.3780189231091988,-0.012413814150053826,1.5004576076776845,0.03843362831307595,0.10531351089948848,1.0966352474908205,23544546.11937008,0.42423216253515106
NATL,NCR Atleos Corporation Common Stock,N,N,45.41999816894531,-0.018582554732829437,-0.030729885246483457,0.02597690759634874,0.06946072200261999,-0.056305897341133115,0.3307939275565206,-0.017542376137156146,-0.018374717917671535,0.8000712673399187,27414025.055038452,0.13379014565500572
NBHC,National Bank Holdings Corporation Common Stock,N,N,41.5,0.0156632251612423,-0.03160789317416024,-0.04378488689846172,0.10707715822771613,-0.11162168637587722,0.20343067548129867,-0.006452982929894935,-0.03242342126778919,0.676524346653372,13337840.154145813,0.2138999553132231
NBR,Nabors Industries Ltd.,N,N,93.11000061035156,-0.0015013339372486056,0.05602815633431857,-0.08383348296095583,0.18189898518785674,-0.15836569717102766,1.5171667041192438,0.011905738378518382,0.08170089612356324,0.7800069701169058,18606161.559973143,0.508452595143099
NBXG,Neuberger Next Generation Connectivity Fund Inc. Common Stock,N,N,15.569999694824219,0.025016466421214245,0.01610290975132367,-0.01570475835633356,0.23545566974298482,-0.08519782773869211,0.31048346444861274,0.014686802290595491,0.01787278881211618,0.5747598545359707,2226625.8846305846,0.30245089666076186
NCLH,Norwegian Cruise Line Holdings Ltd. Ordinary Shares,N,N,15.21500015258789,-0.013933904623175675,-0.1863636613993247,-0.21693258293285234,-0.23156561924965668,-0.43522643463376887,0.02873564515422866,-0.1007018724509926,-0.17788307320999874,0.8399438657712963,224443539.07989234,0.47174825740622306
NE,Noble Corporation plc A Ordinary Shares,N,N,46.290000915527344,0.0037863744618709116,0.0516287201205452,-0.003272008063423759,0.013574103532911996,-0.13034330403934535,0.817540836698291,0.017578721926439833,0.09160807019172523,0.6532974832657436,46457295.05889626,0.4364750055868363
NEA,Nuveen AMT-Free Quality Municipal Income Fund Common Shares of Beneficial Interest Par Value $.01,N,N,10.989999771118164,-0.00812275750971192,-0.025917985351725625,-0.031462986469469434,-0.024181377947668503,-0.05274769626211051,0.04941168799757545,-0.018155728841737773,-0.02681812375233017,1.1158904963378604,10683409.769220352,0.08665551475949557
NEE,"NextEra Energy, Inc. Common Stock",N,N,83.83000183105469,0.010852544586602786,-0.014924198290980795,-0.01778817419667078,-0.06465453580279557,-0.13078231336914226,0.2349874402429475,-0.0012862530846612374,-0.023155420383037972,0.8863448745887896,830376566.4533501,0.13982093282115798
NEM,Newmont Corporation,N,N,129.38999938964844,0.05732161951185821,0.10621402925503731,0.29361812031924206,0.2198431410910211,-0.04055537948778121,0.7202791088317517,0.029380638882584797,0.19513112010205047,0.9885827109768461,979712115.6753594,0.46283689112398585
NET,"Cloudflare, Inc. Class A Common Stock",N,N,301.70001220703125,0.05670555107576303,-0.017167765555966774,0.32046576439368724,0.33803449496066773,-0.08805119108775616,0.8833885236838426,0.023746056041449526,0.0686160279649255,0.8065009368284989,857624327.0895965,0.5404189223668693
NEU,NewMarket Corp Common Stock,N,N,840.5499877929688,-0.06928205295255341,-0.0834596787895967,0.012308323790273246,0.37582461386147514,-0.1261747310311605,0.450309400903091,-0.08497374136009683,-0.013482286236134233,0.932990545072571,103909733.84114686,0.3207070709705721
NEWP,New Pacific Metals Corp. Common Shares,N,N,6.150000095367432,-0.05529955773538253,-0.05529955773538253,0.3457330118943216,0.6015625606329815,-0.1700404558692027,2.014705985475166,-0.08250035834813974,0.12918626826723667,0.8290499385270433,4003585.055772543,0.7339473944742981
NEXA,Nexa Resources S.A. Common Shares,N,N,14.149999618530273,0.07850607789294961,-0.020761259148426192,0.0412529099233967,0.41970230873916825,-0.14495202231912452,1.9784168733764078,-0.005097579507186034,0.04096333257832696,1.2451943471240972,10869008.517143726,0.7176745931852762
NFG,National Fuel Gas Company Common Stock,N,N,83.82009887695312,-0.00011813138357696928,0.019089348048062282,0.08854046377219982,-0.08122883962205374,-0.12048012406578013,0.11235107649755749,0.010562471290833653,0.027846954438456528,0.6226724133325079,34628234.34131012,0.19319489698389586
NFJ,"Virtus Dividend, Interest & Premium Strategy Fund Common Shares of Beneficial Interest",N,N,15.635000228881836,0.014600933400237048,0.004820039025871914,0.05109245236180415,0.27644669077730377,-0.006039371654106618,0.34397524024054427,0.0016817630706529307,0.017817515353325764,0.8141416470184885,2218942.203719807,0.11581545710398601
NG,Novagold Resources Inc.,N,N,8.149999618530273,0.014943946394713192,0.06119789071575066,0.09543004782920206,-0.04678369161184903,-0.4260563571830045,0.5733590518562268,-0.030454482027354568,0.1562579283158223,0.8571289340082339,40244612.15892086,0.7849022649245269
NGS,"Natural Gas Services Group, Inc. Common Stock",N,N,37.185001373291016,0.05429546046705003,0.015061986745643186,-0.11885812158837261,0.0035759986187713366,-0.15400001666340923,0.4683914701313374,0.03490358884635869,-0.0038782837502258083,0.6404813346220947,4301722.7237463,0.3666696154090348
NGVC,"Natural Grocers by Vitamin Cottage, Inc. Common Stock",N,N,26.8799991607666,-0.024319422680515124,-0.01873269118051113,-0.14426525767688403,0.07808105646100749,-0.32940123738183635,0.15222475676559566,-0.0248226396414144,-0.10211753940286106,0.6751494671010759,3557353.7119660378,0.4715974567346557
NGVT,Ingevity Corporation Common Stock ,N,N,68.66500091552734,0.002262425550486169,-0.11730299386304022,-0.04605449134210027,0.045288451264326124,-0.11820985625249292,0.48625540652823496,-0.03312903107686094,-0.05783608035998378,0.7654968715156288,14645488.684488297,0.29526681624236706
NHC,National HealthCare Corporation Common Stock,N,N,219.94749450683594,0.0044640511516806924,0.015032959660012502,0.11604310133844065,0.4046230382680309,-0.07097151211473729,0.9726279933214241,-0.020022503516862966,-0.006137453702258044,0.7354357957467715,22951015.74327316,0.3399400493571324
NHI,"National Health Investors, Inc. Common Stock",N,N,71.33999633789062,-0.01286841494913793,0.019871328810449285,0.001330441714359365,-0.14306334265264764,-0.19785758532098008,0.056732009421073704,-0.01449800497700493,-0.05035240540055419,0.42006327977242264,21069701.856155396,0.2449920521812969
NI,NiSource Inc Common Stock,N,N,41.83000183105469,0.02124030190498316,-0.004284610751489892,-0.10802158647037885,-0.0910735592825559,-0.14200695628333038,0.09093976955076255,0.009289457390404765,-0.044664757785784936,0.8634626319068631,208034549.59412536,0.1980107257656954
NIC,Nicolet Bankshares Inc. Common Stock,N,N,170.4199981689453,0.026008379931891312,-0.03659353003988919,0.14966726630924176,0.21988101167383167,-0.04601124100807763,0.4951872423768999,-0.012191076355201225,0.001178030200390312,0.4736251077672066,23442512.63684845,0.21628298221357925
NIQ,NIQ Global Intelligence plc Ordinary Shares,N,N,17.889999389648438,-0.0443376043883692,0.07901082460617803,1.1632404352352541,0.6503689241533326,-0.07016634082793805,1.2446674856459747,-0.022217393054558165,0.27559747160870396,0.6546164860475808,24706291.916916657,0.9668533818979416
NJR,NewJersey Resources Corporation Common Stock,N,N,53.9900016784668,-0.0020332125463351503,-0.013701132206852429,-0.019967298440267345,0.022163287803883103,-0.10091586403974095,0.2580051064510609,-0.005745621640538157,-0.041540896274744,0.6723914139024978,26693297.928082466,0.2031370466696186
NKE,"Nike, Inc. Common Stock",N,N,37.400001525878906,-0.018887655461176545,-0.08526760173359216,-0.15876383875445865,-0.2867973297453702,-0.4819210030123471,0.0,-0.04435379472364254,-0.08748466972614477,1.0204040653349795,1068028007.5189679,0.3219754964641683
NLY,Annaly Capital Management Inc. Common Stock,N,N,22.895000457763672,0.012157365531715536,-0.010587681000301385,0.07552603996145746,0.11620316027633804,-0.03559390570772081,0.2551805484028662,-0.008026326150446184,-4.35201821147313e-06,0.7728611121163711,128378642.79277095,0.16692748237031246
NMAX,"Newsmax, Inc. Class B Common Stock",N,N,10.59000015258789,0.01924925915846276,0.2130585003301264,0.2930403779205404,0.5042613934617768,-0.19283534718288453,1.0523256716565768,0.0003778752062288948,0.14766892308611745,0.7654655914869695,13818655.30561161,0.7342742438108124
NMCO,Nuveen Municipal Credit Opportunities Fund Common Shares,N,N,9.920000076293945,0.017435905260917428,-0.05446861255904867,-0.06187057445024702,-0.04174988429372006,-0.08143403994830112,0.025009065754310278,-0.0277022182234955,-0.048991666160543956,2.635032492091446,4118803.1833625794,0.1581807294677859
NMZ,"Nuveen Municipal High Income Opportunity Fund Common Stock, $0.01 par value, per share",N,N,9.75879955291748,-0.01326600463607197,-0.04458432151234548,-0.04075121590609432,-0.02841094185767301,-0.06489130668206777,0.01801920646607802,-0.026054845993523257,-0.0389304814626239,1.1723262966327181,6860941.43902936,0.0798974662734797
NNI,"Nelnet, Inc. Common Stock",N,N,125.5,0.0023961905676550543,0.004001225587433543,-0.034294150675026835,-0.00473132009505961,-0.1253532316743572,0.0337697808314823,-0.00788905153366537,-0.038515092680711405,0.9715529692292163,17050803.952822875,0.19200417773171496
NNN,"NNN REIT, Inc. Common Stock",N,N,44.43000030517578,-0.017904538975217488,-0.020718506696908445,-0.03391964477749776,0.027903010636761927,-0.09236374438652717,0.18574180827219533,-0.025144819092361992,-0.04618688322176856,0.7881504304803472,54608568.665288545,0.1741501414379073
NOC,Northrop Grumman Corporation Common Stock,N,N,518.219970703125,-0.02756563618940222,-0.0957341053242794,-0.05406424062073678,-0.27864362657930486,-0.31920006940690293,0.04950773476657622,-0.0552676664613454,-0.04465191003490332,0.7947643463751538,378460349.0383789,0.28682214694427965
NOG,"Northern Oil and Gas, Inc. Common Stock",N,N,26.1299991607666,-0.008725396216214043,0.07752573858831346,0.2870669623803126,-0.01933527247509159,-0.1189290710519153,0.504317668295508,0.008977666658061878,0.15789562652756906,0.591720933246058,52426506.2308836,0.49317788009630403
NOMD,Nomad Foods Limited Ordinary Shares,N,N,11.449999809265137,-0.018851779399360113,0.007036053167217782,0.1140513592903889,0.2073191554574645,-0.14552547941711347,0.278278906217311,-0.022578871387646138,-0.013566174646023166,0.7228153246317012,22770935.75689745,0.3386190580788021
NOV,NOV Inc. Common Stock,N,N,21.81399917602539,0.021254613890498097,0.037773487201255396,0.03237103844891842,0.2058402099757901,0.0,0.8046394979181699,0.04177806481202406,0.08887718485703333,0.7144430931776055,58489254.31249237,0.3262136361021855
NOW,"ServiceNow, Inc. Common Stock",N,N,133.1999969482422,-0.0678796176525297,0.044378202854675974,0.30396470835584877,0.17140091478930408,-0.3070800608192501,0.6048192403402672,0.007309020972158908,0.12498287214078152,0.8154558252705891,2238302553.0347595,0.620329876431719
NP,Neptune Insurance Holdings Inc. Class A Common Stock,N,N,31.829999923706055,-0.02660552963103946,0.017908521194260008,0.16167884550552425,0.3929977852218631,-0.09342069580250756,0.8570595715965732,-0.02874405291801785,-0.012092024119060185,0.5008980018093887,12493016.444023991,0.5208894666107905
NPB,"Northpointe Bancshares, Inc. Common Stock",N,N,17.024999618530273,0.02622058239550573,-0.0038034250132978897,-0.06740284631146776,0.012475472205765392,-0.11714771352115616,0.08328000472827402,-0.006897780181970958,-0.034834959363754026,0.8582271938372374,3233608.2655314445,0.2879376800753376
NPK,"National Presto Industries, Inc. Common Stock",N,N,146.36000061035156,-0.003947201724635696,0.05881505558921751,0.12723355467039532,0.09756275899032696,-0.06658164692739277,0.6097014906587344,-0.009340725497481994,0.08458198497290703,0.9046469310554284,13410263.272388458,0.31883438535073877
NPKI,NPK International Inc. Common Stock,N,N,13.494999885559082,0.019259827707639232,-0.025631804052916096,-0.0991321563455505,-0.02773776842273057,-0.1746177632598932,0.293863805436547,-0.004995311981707329,-0.022363579423814284,0.8285976363070351,9892491.371210862,0.45136936488505536
NPO,Enpro Inc. Common Stock,N,N,301.20001220703125,0.04714236136935268,-0.10388092230410595,-0.09881921904779123,0.20451965100409364,-0.22214599335976115,0.49416479663723223,-0.033016352815380845,-0.0669442775017568,0.5175901321733389,41538872.31783142,0.445233230649036
NRG,"NRG Energy, Inc. Common Stock",N,N,118.01000213623047,0.07761848081626366,-0.014859326869461231,-0.05611781563849472,-0.2533996851187881,-0.3544988544173102,0.07761848081626366,0.017362683551844338,-0.06374243090047826,0.793471318967962,272618205.0307377,0.5614832643009753
NRGV,"Energy Vault Holdings, Inc. Common Stock",N,N,4.244999885559082,0.2981651101894851,0.18575418324719184,-0.012790768078171144,0.18245124987456451,-0.3459167896353085,1.3983050459339665,0.12831414142196684,0.2082657056799293,0.6383725146796234,14528363.774806738,1.0464275138340868
NRK,Nuveen New York AMT-Free Quality Municipal Income Fund ,N,N,9.979999542236328,-0.011881270762480578,-0.0463272008758111,-0.042623555523881196,-0.008502981609892157,-0.06182438108291233,0.10458214019684875,-0.0246232624235303,-0.03627272031707318,1.0250001434690998,2878422.418310928,0.101654626363969
NRP,Natural Resource Partners LP Limited Partnership,N,N,113.29000091552734,0.010074868192962771,0.10222552488248193,0.09724425868136333,-0.025327451355302566,-0.08354353896567779,0.1886812948772978,0.04481147774100047,0.10540244362584117,0.5892659321642443,3651551.7024391172,0.24130411819171435
NSC,Norfolk Southern Corporation Common Stock,N,N,324.8699951171875,-0.024297202503328674,-0.02907953021171772,0.039010296463261485,0.15194409381037843,-0.07963628249257837,0.2138204408131208,-0.044521085956275464,-0.030013904737108077,0.8604274321884847,374013695.18518066,0.2205902502292613
NSP,"Insperity, Inc. Common Stock",N,N,48.69499969482422,-0.04143707146609621,-0.028010658674564315,0.3461787179545588,1.1735683935542336,-0.08809665969582314,1.5209025884811966,-0.050707177158232364,-0.017336434716393567,0.46498666781638986,15764799.37567749,0.5524286637319331
NTB,Bank of N.T. Butterfield & Son Limited (The) Voting Ordinary Shares,N,N,60.869998931884766,0.033271076040560565,-0.03242729169409242,0.04325430488472626,0.2180419337217827,-0.0475669053792126,0.5239037755922582,0.00754790269441874,0.005815196834335845,0.8241909419985162,10738535.426250458,0.18343458518678432
NTR,Nutrien Ltd. Common Shares,N,N,81.73999786376953,0.052130200734872956,0.2149227013500219,0.2197795366743056,0.06674886296394344,-0.010264447728425607,0.5488143620834105,0.10242695324610573,0.17088904030842178,0.8971927750239783,188390024.18403625,0.30165528384485063
NTST,NetSTREIT Corp. Common Stock,N,N,20.200000762939453,-0.011741671470031023,0.02693446339308636,0.0027357276141659614,0.040300296247269385,-0.08240222955448939,0.21800807840708103,-0.005952915178491058,-0.03228716583291813,0.37178999946504304,35458585.32030239,0.2388308550092493
NU,Nu Holdings Ltd. Class A Ordinary Shares,N,N,15.079999923706055,0.0428768937706403,0.1047619300468341,0.2370796097461294,0.07945595099929981,-0.19616206078240128,0.2999999506720197,0.0212304797281464,0.05448645842353539,0.8136105981375381,1052165219.5737842,0.4011026455401661
NUE,Nucor Corporation Common Stock,N,N,261.5,0.03802795292428529,-0.038426224445527235,-0.015797964135475406,0.6321438646168311,-0.04819098312946812,1.00283169351049,0.017992974671243722,0.04787023987861172,0.6492308214234142,340854609.94185793,0.3700849389332141
NUS,"Nu Skin Enterprises, Inc. Common Stock",N,N,4.75,0.03938726949176141,-0.01226817636419475,-0.12061173073614317,-0.32328105840593735,-0.6167270976146481,0.03938726949176141,0.004524284615530005,-0.04357979991923133,0.7251855227570069,2335537.5610747337,0.4435982051317215
NUV,"Nuveen Municipal Value Fund, Inc. Common Stock",N,N,8.829099655151367,-0.01350839739556331,-0.021919277440140772,-0.020236525818426387,-0.020683318538126327,-0.03856086675495285,0.043204268198896,-0.014187365342622549,-0.02310297783820492,0.8851250543770451,3961583.879373646,0.06436783385574998
NUVB,Nuvation Bio Inc. Class A Common Stock,N,N,6.619999885559082,-0.003012045380823114,0.03924646852298297,0.34552841115922983,0.5467288694024417,-0.3060796737914002,1.1993355171207907,-0.0171479577536221,0.03648033774697845,0.528966061719453,33257918.81776347,0.6084867524133317
NVG,Nuveen AMT-Free Municipal Credit Income Fund ,N,N,11.850000381469727,-0.014143100650561347,-0.04058806787954938,-0.046234970993955016,-0.03578033101836564,-0.08601090449909332,0.04672584644896882,-0.02774240888074575,-0.04096966901889987,1.0225140773785173,6573331.682838917,0.08600904620782954
NVGS,Navigator Holdings Ltd. Ordinary Shares (Marshall Islands),N,N,22.30500030517578,0.0038254272928892608,0.11724097871095585,-0.027028798980556434,0.19781108534948033,-0.07599531101503754,0.5707697322990879,0.01872496590513495,0.051109680183263784,0.7140094524464587,7898354.488564682,0.32917851345233373
NVO,Novo Nordisk A/S Common Stock,N,N,45.22999954223633,0.0024379568474197644,-0.02887499767595514,0.04393715091004857,0.26803639035734883,-0.25776861706506315,0.3176460037399771,-0.020525254441444818,-0.045037834767683305,0.7617499523350494,485301648.9458563,0.3721855560000609
NVR,"NVR, Inc. Common Stock",N,N,6136.22021484375,-0.02224404353297027,-0.04568298214580513,-0.037445109884398975,-0.05346432860591943,-0.2808819570938679,0.10291861874022201,-0.02912901354947084,-0.039514032267154775,1.0421704437448163,197293227.63266602,0.2989561429367483
NVRI,Enviri Corporation Common Stock,N,N,22.979999542236328,0.04407084521887672,0.14101292148239075,0.07634656354298364,0.26611570386893324,-0.036881854384087864,1.0,0.06010976577055893,0.036302117843190596,0.8563116703822857,7323551.96476345,0.4705032408684027
NVS,Novartis AG Common Stock,N,N,139.35000610351562,-0.13581391563711243,-0.09869991880599116,-0.08963219810686152,-0.06982171834684803,-0.14843213541474343,0.17891103557455224,-0.10002418395486512,-0.10041634483382966,1.4040218571555554,331402915.1216873,0.3950647455050494
NVST,Envista Holdings Corporation Common Stock,N,N,26.6200008392334,-0.0007506963541001888,-0.06661990140372032,0.08211383847315967,0.05551156082457065,-0.12029079187429148,0.404749328099985,-0.02967117410866471,-0.02157529381907697,0.6145040231677366,56423240.61725788,0.30138205839041027
NVT,nVent Electric plc Ordinary Shares ,N,N,161.22999572753906,0.09456885531011539,-0.035475040707447,-0.026510403979467356,0.344319874361499,-0.1242078692885693,0.7750341248724648,0.020510826931725124,0.025849144207811037,1.2609577943838055,373880318.71460265,0.5333443280451121
NWN,Northwest Natural Holding Company Common Stock,N,N,49.845001220703125,0.00880391367404143,-0.008059677199937831,0.009648344553135235,-0.03434717545524535,-0.08937900801124865,0.2576744064277401,-0.0029454371492645404,-0.0019045165285547228,0.6555449109574005,9614584.703246307,0.20093668039779713
NX,Quanex Building Products Corporation Common Stock,N,N,21.829999923706055,0.18063819329003206,-0.0027409532944416837,0.2886658344441706,0.2841389658946938,-0.04797210496423032,0.9682128623694652,0.07320189950018707,0.13364906891346773,1.3239924557058016,7791424.5138169285,0.691464358047845
NXE,Nexgen Energy Ltd. Common Shares,N,N,10.725000381469727,0.08006042818342807,0.015624995766715832,0.08883248386934994,-0.08801018939355232,-0.22952583888741285,0.4186508548472989,0.010767412818230238,0.081792634983191,0.7620030440015721,53962081.27796831,0.4912052590669296
NXG,NXG NextGen Infrastructure Income Fund Common Shares of Beneficial Interest,N,N,57.60499954223633,0.03736720346756206,-0.05060167897486545,0.03175596049856155,0.074242413140571,-0.09260968787617507,0.39968198325290993,0.00193754771162169,-0.019937898138333687,0.7505564309863629,5087905.050833702,0.2897994357439802
NXP,Nuveen Select Tax Free Income Portfolio Common Stock,N,N,13.970000267028809,-0.014809593344671579,-0.015254982796246708,-0.014058838756435654,-0.010715009056026292,-0.030237296025938387,0.02816116979790806,-0.014644110530474652,-0.017170375431384333,1.0152101637427948,2032481.2816457748,0.056335177018520824
NXRT,"NexPoint Residential Trust, Inc. Common Stock",N,N,23.020000457763672,-0.01581868069857728,-0.06726093301805924,-0.1833983674476286,-0.07847554107477073,-0.2786636398985919,0.0,-0.040233457882762,-0.09977551101625082,1.4278772837152802,8583835.151579857,0.3046679638177398
NYT,New York Times Company (The) Common Stock,N,N,66.76000213623047,-0.014321588256703155,0.04754436867657663,-0.08736797115077344,-0.16475870556965166,-0.22002167624840996,0.23172809764336666,0.0018759225333824237,-0.04808038731229536,0.816095404225343,108629529.91548729,0.3887338155771515
NZF,Nuveen Municipal Credit Income Fund ,N,N,11.8149995803833,-0.01705498082971879,-0.034004133635877176,-0.04719647652062253,-0.0303637531512978,-0.0591814806548574,0.03502834836914159,-0.028314635100387453,-0.03664605206336524,1.1127822492776156,6262333.032909632,0.09211311982422983
O,Realty Income Corporation Common Stock,N,N,61.11000061035156,-0.004074315474466017,-0.008266744686517558,-0.013014349090935129,-0.005040811374305343,-0.07160710129621095,0.1379405628606316,-0.013839818338829635,-0.027086204253739532,0.843167837080241,316572079.32128525,0.1684877220929585
OBDC,Blue Owl Capital Corporation Common Stock,N,N,11.145000457763672,-0.01978886807916147,-0.04411292580517534,0.027195717666602892,0.04280315218630859,-0.11732596682746033,0.09768743582315986,-0.02151777476866179,0.0009186380244230463,0.7311781689244807,36030126.71513653,0.2089528421254625
OBE,Obsidian Energy Ltd. Common Shares,N,N,12.09000015258789,-0.0032976060573491894,0.13627817316520097,0.09312836291979876,0.4173505898078933,-0.16390040659106342,1.1902174265150314,0.047751123714147026,0.17856935706693422,0.7101847382782185,7174281.970632171,0.6675074278302151
OBK,"Origin Bancorp, Inc. Common Stock",N,N,53.63999938964844,0.017643716966971867,0.002535462755105966,0.07471635976871593,0.35752983588369314,-0.023976070227280544,0.6846736423482269,0.0026983691181341474,0.013557155998727755,0.8098828631574478,8766391.446679687,0.18443285860751837
OC,Owens Corning Inc Common Stock New,N,N,129.76499938964844,-0.029286306856913025,-0.1834570797584748,0.07445057661068333,0.20972817713572112,-0.1834570797584748,0.34659366839888706,-0.09975285512102727,-0.10175451732257434,0.9120965922019052,118609525.0107315,0.515227836043847
ODC,Oil-Dri Corporation Of America Common Stock,N,N,85.37000274658203,-0.059490956221125546,-0.023673371878178195,-0.0940241601826588,0.42955413695380207,-0.19607843841620742,0.8628365945881828,-0.05289139343785321,-0.10252244835816016,0.7628258090302895,9473033.110020066,0.30057422378295995
OEC,Orion S.A. Common Shares,N,N,6.074999809265137,0.034923326695521784,-0.08920543631528843,-0.2618272955336842,0.20611823789053396,-0.414440087488829,0.41207451248441784,-0.012716888401983262,-0.05053356404621634,0.5969873281583443,2337372.247052431,0.6609014791059743
OFG,OFG Bancorp Common Stock,N,N,52.099998474121094,-0.00038373864492613485,-0.0083746180764952,0.09183012965306014,0.3682656428794837,-0.034291052134501676,0.4249848765511317,-0.008846218740024558,0.005473141327031916,0.5981848243798634,11307989.749890517,0.20940357904031848
OFRM,"Once Upon a Farm, PBC Common Stock",N,N,17.079999923706055,-0.016695503829356362,0.02275443972493063,-0.1485543181242719,-0.06256857478654598,-0.3410493875990698,0.1795580430707786,-0.0149658418827191,-0.023084499576134343,0.4941760561834494,5308414.266754532,0.6790035389772933
OGC,OceanaGold Corporation Common Shares,N,N,30.954999923706055,0.10199358332343111,0.0806041910250912,0.18446097227284386,-0.032881067027961675,-0.2674189674851598,0.6003384810203223,0.03475229178093775,0.1546045421417106,0.8879618829364269,15982056.44530487,0.5381344764445294
OGE,OGE Energy Corp Common Stock,N,N,47.45000076293945,0.031746010680322456,0.024395532719347246,0.0012852209173688234,0.010512102358730013,-0.05005004928558243,0.14742595258508007,0.018174814652025972,-0.003151945893577368,1.0176287616515154,61168818.00702858,0.16914019764831625
OGN,Organon & Co. Common Stock ,N,N,13.744999885559082,-0.001090141211718021,0.00842977465256034,0.024186493240594187,1.2127959679015339,-0.0025399018933480733,1.4185472650908366,0.0004181783395489358,0.010255974474265184,1.1641040028422431,43420514.17318754,0.027929451195179655
OGS,"ONE Gas, Inc. Common Stock",N,N,80.65499877929688,0.003670957773826977,0.021834244321879526,0.045744493639588546,-0.04467009002769584,-0.09515583328789834,0.11598840858033621,0.0048590214790986686,0.020612627044555465,0.6708536506894831,32764611.36973877,0.20298899260652295
OHI,"Omega Healthcare Investors, Inc. Common Stock",N,N,46.959999084472656,0.0036332157644582974,0.030502510400637783,0.03996710704167472,0.021967141229883858,-0.07967334310606644,0.26382042211045786,0.008374468703882032,-0.020292807891363562,0.7373463807061461,73143071.88522987,0.21086200452711462
OI,"O-I Glass, Inc. Common Stock",N,N,6.670000076293945,-0.049857536407909575,-0.06713286890506254,-0.2726281329553025,-0.35865381529345197,-0.5989175939329107,0.048742128344617,-0.0420107643154467,-0.16397181833240948,0.6890800247282736,17915247.008476544,0.6614622359983903
OII,"Oceaneering International, Inc. Common Stock",N,N,50.98500061035156,-0.006527651723786776,0.004432669351033258,0.2943640873411706,0.5053145030469712,-0.05775272527722297,1.2966215701877637,-0.011252717986375393,0.06713859379581644,0.6129530937908997,41316146.02361603,0.49395865380054654
OIS,"Oil States International, Inc. Common Stock",N,N,8.899999618530273,0.009070286448309206,0.009070286448309206,0.04705877865062047,-0.2539816101539373,-0.3815149821966439,0.612318777043988,0.01731721477477155,0.05131350691562231,0.6563564193375628,4150414.662543106,0.41670775462544823
OKE,"ONEOK, Inc. Common Stock",N,N,98.73999786376953,0.03187371036207143,0.07888987637162592,0.10296180171903546,0.1731599035731839,0.0,0.5938363274711651,0.039002010475729154,0.07842736221340663,0.8320235476012733,305156501.9569324,0.26663011530946873
OKLO,Oklo Inc. Class A common stock,N,N,44.02000045776367,0.14248642233066233,-0.06360344544832597,-0.2343016320653264,-0.22363315933963357,-0.7472148810609196,0.194896858725214,0.0441424237252146,0.005849561561898531,0.9595361850661753,365341543.20534897,0.818021039303108
OLN,Olin Corporation Common Stock,N,N,17.677499771118164,0.03196150829975064,-0.0628077782870865,-0.288434975542714,-0.31552665949557934,-0.4025051959497927,0.04169124846144845,-0.009067235359790815,-0.0927682443433776,0.7889944201222727,44976543.658324815,0.5270072808897953
OMC,Omnicom Group Inc. Common Stock,N,N,78.80999755859375,-0.08456265639417548,-0.08307154907693648,0.027777741848472592,0.04695769320700793,-0.11389706099329322,0.1958864812567791,-0.08313558352601802,-0.05004474971349615,0.6786227101517861,185357494.1507019,0.3780979913001515
OMF,"OneMain Holdings, Inc. Common Stock",N,N,63.040000915527344,0.031582397085573755,-0.009894727054118979,0.12988662885007396,0.3067488829750009,-0.0678764929829968,0.3255835238218767,-0.009466934623236889,0.021451871506506848,0.8512060773900509,51726641.94442177,0.2513958913479702
ONIT,Onity Group Inc. Common Stock,N,N,34.380001068115234,0.021390410694207995,-0.12340642534281698,-0.061425059633932744,-0.10585174548935616,-0.3555763439282531,0.021390410694207995,-0.04117799562730895,-0.08936315729598665,0.8182017086970782,2248587.1789011,0.4291005727652108
ONON,On Holding AG Class A Ordinary Shares,N,N,27.530000686645508,-0.007212364186526488,-0.10934969839702491,-0.28641784914366086,-0.29500637069108937,-0.45625123235514187,0.009534294995136916,-0.06502061380408397,-0.18892481584914478,0.936768554450203,235301115.11787242,0.5627999507858866
ONT,"Onterris, Inc. Common Stock",N,N,17.5,0.05804105388963032,0.06642292277411488,0.023990628657193147,-0.20957540729734037,-0.42903751328532125,0.2068965517241379,0.04938085412749871,-0.06579972988035143,0.6303992319493384,10096696.523731232,0.9715542916804015
ONTO,Onto Innovation Inc. Common Stock,N,N,282.4200134277344,0.10161102627723384,-0.11685791963052539,-0.1280103458998012,0.3989499038880735,-0.2537455296124118,1.7101047491498838,-0.03562863200199906,-0.03191169357936907,0.6605032224197007,267922793.92162782,0.9640653130421369
OOMA,"Ooma, Inc. Common Stock",N,N,22.8700008392334,0.04524687917913561,0.08749406050929553,0.3031340076037461,0.6441409841919052,-0.021813444817783356,1.1616258037951188,0.056375470591877086,0.08522353522236914,1.3852012759255414,10120860.224959945,0.5027066185172729
OPFI,OppFi Inc. Class A Common Stock,N,N,7.525000095367432,0.09693876806272672,0.1418816268786225,-0.09988033440203425,-0.08677180771980864,-0.3852123990129782,0.1418816268786225,0.05329461921313383,-0.11216771898382827,0.6681249669485925,5222422.636043811,0.6879612595025781
OPLN,"OPENLANE, Inc. Common Stock",N,N,34.65999984741211,-0.01112694431205774,-0.05041096308459969,-0.08379597753654666,0.2856083466031789,-0.19207462436792955,0.41527154640024744,-0.0034359366923352175,-0.08137734958394538,0.8001473851410311,53475992.59776878,0.36525364050788023
OPY,"Oppenheimer Holdings, Inc. Class A Common Stock (DE)",N,N,122.5,0.024161854150164697,0.08451679815900603,0.1866654161697383,0.47094034601954404,-0.01795733447274761,0.9441294297503509,0.038861634537203704,0.07050092008107045,0.7757216905980759,13537743.20552826,0.40222118592039563
OR,OR Royalties Inc. Common Shares,N,N,37.4900016784668,0.05338582516810564,0.1127932088648178,0.11044498230400368,0.0207558353845676,-0.2117104063063302,0.3365419856744174,0.03932470420973888,0.15149062102218291,0.7206692768425005,36410911.126245305,0.4159782825745132
ORA,"Ormat Technologies, Inc. Common Stock",N,N,105.95999908447266,-0.012396326029504245,-0.0732478064487414,-0.23222307319537394,-0.01233908646768933,-0.26894520085020635,0.1788970270608199,-0.015365891587142966,-0.0026037890239081207,0.6979940327862872,65842301.390247345,0.42871607612804946
ORC,"Orchid Island Capital, Inc. Common Stock",N,N,6.550000190734863,0.001529086993909079,0.012084213954341783,0.05053572071810608,0.006221185227790915,-0.11415772586748418,0.15632339166631382,-0.0038745844280649866,0.002042432886597556,0.8696994761761542,24070504.68496585,0.16483929144164614
ORCL,Oracle Corporation Common Stock,N,N,163.42100524902344,0.15638973096074227,0.1233228625816365,-0.10938173059683798,0.0762740555960486,-0.496592988467658,0.42117582646301877,0.09106231995078806,0.16427969988137492,0.722902549149648,3322843678.963147,0.5608535776363903
ORI,Old Republic International Corporation Common Stock,N,N,40.369998931884766,-0.025145172287941775,-0.04145776093146791,0.05447097959979974,0.04292829722780378,-0.0878909111719639,0.14627953582773112,-0.03239717838310585,-0.03590623160573336,0.73298438271577,41284014.142100714,0.20202775416368385
ORN,"Orion Group Holdings, Inc. Common",N,N,9.119999885559082,0.007734772745737972,-0.06653024992317891,-0.37146797093731787,-0.08064517989739162,-0.467911306282366,0.26666668432730267,-0.02994204624211194,-0.18726719843189676,0.5776518502080672,3204400.146670866,0.6631605313489786
OSCR,"Oscar Health, Inc. Class A Common Stock",N,N,31.550100326538086,0.05766343973286636,0.12799789421068186,0.11642250782056807,1.3267034919037202,-0.04422593363304694,1.9078432458326193,0.008699259780782675,0.03404973409606904,0.758340836435553,146369974.29769105,0.6002402390952104
OSG,"Octave Specialty Group, Inc. Common Stock",N,N,4.860899925231934,0.07068281191084624,0.07068281191084624,-0.13198214142632725,-0.00595090839431367,-0.5177678609103844,0.2337309275729147,0.04827533443382559,-0.08968808802265338,1.1936498593939777,2308445.7745569227,0.5821038442501788
OSK,Oshkosh Corporation (Holding Company)Common Stock,N,N,153.3300018310547,0.038258460424477114,-0.012109836062672796,0.139529959987426,0.05013020248215527,-0.13128491595963387,0.307833025213305,-0.003250336303639134,0.02201226901897324,0.5240864990910875,69341820.32807541,0.3609015930401905
OTF,Blue Owl Technology Finance Corp. Common Stock,N,N,10.975000381469727,-0.05550770313611941,-0.06436480735127637,0.02235375712355281,-0.04974704778991734,-0.19798125910868425,0.11195547200840239,-0.026499583857938824,0.021909402309002735,0.869709037163553,28490504.726587486,0.3300772605109056
OTIS,Otis Worldwide Corporation Common Stock ,N,N,69.6500015258789,-0.01345604771635256,-0.040632861907854534,-0.00958049999170052,-0.10229537419564261,-0.24699061514368614,0.01055926232389015,-0.025229480553174977,-0.0318329995411063,0.8652899721314729,228491238.6621132,0.22301696054952888
OUT,OUTFRONT Media Inc. Common Stock,N,N,28.760000228881836,-0.02427098364219027,-0.027858263840096154,-0.07190550186209499,0.08889550699225324,-0.1397077458420365,0.7599177519680504,-0.025124996163639723,-0.07193646139263599,0.7020252258822658,41291953.860711,0.217627241144676
OVV,Ovintiv Inc. (DE),N,N,65.16000366210938,-0.02132769795573941,0.026950399978067807,0.1401575139521798,0.16905319874187175,-0.026154534512318528,0.8447378496081042,0.0023382302140753097,0.06832287868650755,0.7850429184760787,208318333.3379677,0.35003945640662065
OWL,Blue Owl Capital Inc. Class A Common Stock,N,N,11.024999618530273,-0.05607882444619938,-0.0879473559226559,0.16079417437572374,0.262460195082318,-0.3765077574169665,0.3974498599564382,-0.06419102517460151,0.04285873874686508,1.0044105776447032,208889480.4593897,0.45486465498008927
OXM,"Oxford Industries, Inc. Common Stock",N,N,31.309999465942383,-0.1703763096596035,-0.13746556132220566,-0.14467697513676714,-0.013581727150781098,-0.35070355037201695,0.03608374403668835,-0.12984272706938227,-0.15389094223734945,1.2291415562209969,13717857.06019106,0.5330684725239526
OXY,Occidental Petroleum Corporation Common Stock,N,N,62.040000915527344,0.01788351335428806,0.05045715328384648,0.097276263016288,0.0676012058604123,-0.05907970467553103,0.6090054921261849,0.036461610265239974,0.09629515811832712,0.6881538297808674,396537998.06720126,0.3334210660922132
P,"Everpure, Inc. Class A common stock",N,N,100.8499984741211,0.07538920651367098,-0.07798499719774243,0.3946895571722431,0.5662369844708228,-0.1464963156017498,0.7696086243883449,-0.03727287817563496,0.1335663598384378,1.1118251674864261,350302398.1244339,0.690947429421056
PAAS,Pan American Silver Corp. Common Stock,N,N,52.494998931884766,0.04989997863769524,0.01713916105609381,0.09425925451766393,0.020467413226059605,-0.22869223073236755,0.5960495096942509,0.024444397114512295,0.10954307056593482,0.889605672684327,266593408.51154137,0.5187287959559659
PAC,"Grupo Aeroportuario Del Pacifico, S.A. B. de C.V. Grupo Aeroportuario Del Pacifico, S.A. de C.V. (each representing 10 Series B shares)",N,N,204.0,0.007407407407407307,-0.04485439530351076,-0.13884080997251946,-0.12450107373392028,-0.32092807325600237,0.007407407407407307,-0.02031642833253333,-0.06911119320571513,1.0382065285830677,23630695.817602538,0.28458026726842256
PACS,"PACS Group, Inc. Common Stock",N,N,42.9900016784668,0.020170913648071,-0.043603983341611974,0.18495047202148673,0.23534490290115406,-0.11269347778110128,4.5758756764933874,-0.016753350312564197,-0.038057014252090626,0.6431201302731786,25751542.570738792,0.39025626486958065
PAG,"Penske Automotive Group, Inc. Common Stock",N,N,217.06500244140625,0.0006684688995248766,0.00851056529192884,0.20747068786478362,0.5383806483064759,-0.022091390529440758,0.5675946637586797,-0.0028938187278617633,0.040225212887295525,0.6735613418347796,60427603.35836792,0.31633704371045174
PAGS,PagSeguro Digital Ltd. Class A Common Shares,N,N,9.6899995803833,0.06017496897167507,0.08998866211084278,0.08147316284914874,0.030387436468473084,-0.17311411409847333,0.1481042727662354,0.07231777844593679,0.055693509962416954,0.8217958105465574,24200170.4913898,0.3068986669558912
PAM,Pampa Energia S.A.,N,N,86.94000244140625,0.03401523011498364,0.08933723970581364,-0.01740507297807037,0.02006334644047092,-0.057765193406026594,0.5374005944182108,0.06506269026812572,0.04667292332519857,0.8511659439976147,12394265.122146606,0.26939831065562775
PAR,PAR Technology Corporation Common Stock,N,N,17.950000762939453,-0.03390738231181534,0.029833645935695152,0.20469806862384532,0.24221460206734147,-0.616944077483127,0.5186126249055201,-0.053519604071636584,0.00738566334571189,0.7282934392697256,15457661.98560524,0.5238276790210349
PARR,"Par Pacific Holdings, Inc.  Common Stock",N,N,81.5199966430664,0.018617991834269265,0.08016424174515091,0.4604084035963396,0.4551945015517891,-0.05242359874722913,1.4838512309895688,0.0330428897467574,0.0826345090942977,0.7928772310807849,65170260.00615349,0.6583922620910798
PATH,"UiPath, Inc. Class A Common Stock",N,N,14.140000343322754,-0.22050712132924755,-0.10050889929181195,0.3402843685008339,0.13574301686333667,-0.26697772564951694,0.5074627047769018,-0.14417138101338034,0.00759619190220473,0.8574175675086597,1085401157.2171373,0.6943377629247557
PAXS,PIMCO Access Income Fund Common Shares of Beneficial Interest,N,N,14.125,0.004623014114040425,-0.006750560411926121,0.023331905200441927,0.02591216579630129,-0.05323553194685482,0.07717062870448999,0.0007226406489546644,-0.002442978615816216,1.0445385951673845,2816309.4394777296,0.10515679456881329
PAY,"Paymentus Holdings, Inc. Class A Common Stock",N,N,35.21500015258789,0.002419558266105515,-0.1328490612331702,0.6673768349085967,0.41824407010839004,-0.21042597853403056,0.7424543170634568,-0.07635814541712571,0.023308126350625402,0.8697017355812372,41254852.88008137,0.8528833142159593
PAYC,"Paycom Software, Inc. Common Stock",N,N,216.8800048828125,-0.08854798207882619,0.023585878546465988,0.6148946011411047,0.7497663132897661,-0.09828704045285586,0.9176724752920082,-0.04641877111473369,0.16928431142263745,0.681421341034056,145985516.5447174,0.652660414876873
PB,"Prosperity Bancshares, Inc. Common Stock",N,N,71.56500244140625,0.012234873132983548,-0.02817757965019574,-0.007007038373197494,0.1259292050482017,-0.04897006722383723,0.18653006383113824,-0.017965846489851334,-0.020327172403811655,0.6070435091973275,53040180.0380249,0.17011320540610275
PBA,Pembina Pipeline Corp. Ordinary Shares (Canada),N,N,49.220001220703125,0.003875228352778981,0.01088524561394033,0.029168853852788335,0.13659924064796414,-0.04185317803943267,0.3785462147515355,0.00949610197626205,0.0070258796028110915,0.8273458902770392,42300703.564042665,0.2133514037459697
PBF,PBF Energy Inc. Class A Common Stock,N,N,76.31999969482422,0.017735723015632532,0.10458969281578301,0.8286774190924246,0.6377460323593271,-0.005861625217132627,1.987341802393134,0.04898214652030486,0.17358455856174104,0.8120921866562338,177332659.0921955,0.6824656598034119
PBH,Prestige Consumer Healthcare Inc. Common Stock,N,N,49.63999938964844,-0.056990882119765884,-0.07388058203741565,0.03805938323795521,-0.18288066848315332,-0.29297820770622107,0.0924295970482436,-0.0360135732683039,-0.022415142863831616,0.6554190886609119,22171567.609936524,0.3581134340338001
PBI,Pitney Bowes Inc. Common Stock,N,N,16.979999542236328,-0.007597958122607218,0.026602092040752146,-0.013970143566955473,0.7537919177004753,-0.0773616619244839,0.9213879456912399,0.00984267104674541,-0.021041182146339543,0.6431869706387535,22449324.418515205,0.285503613608475
PBR,Petroleo Brasileiro S.A. Petrobras ADS,N,N,21.184999465942383,0.0420560524075233,0.21619423383495273,0.18641809980039148,0.11801097251194914,-0.002532052306749466,0.9153447310323242,0.12648422331301457,0.17938801986489006,1.3196531328160874,384930908.17515576,0.3472519458943616
PBT,Permian Basin Royalty Trust Common Stock,N,N,35.09000015258789,0.030543346221147294,0.07336363858069506,0.2371509505421141,0.6946012848828866,0.0,1.1432018369037316,0.03381682428853261,0.14091035776712446,0.6835549052920828,3111105.6087783813,0.432741504416564
PCG,Pacific Gas & Electric Co. Common Stock,N,N,14.723999977111816,0.04722614065990327,-0.14890169789316243,-0.1288007391567546,-0.1849648852337652,-0.22505558896191435,0.10957041968280223,-0.10468997993878226,-0.1333460513259851,2.4596947429214526,767593567.5065072,0.5439966659452213
PCN,Pimco Corporate & Income Strategy Fund Common Stock,N,N,11.710000038146973,0.0,-0.0090467836818936,0.021067605052173866,0.019201079062046045,-0.036996141184855946,0.07448569825939422,-0.0016922569634898466,0.004265781733335139,0.8395899749814071,3698237.018572092,0.0728713153864264
PCOR,"Procore Technologies, Inc. Common Stock",N,N,54.689998626708984,-0.09393641362339866,-0.06894795601006054,0.29107643622989765,-0.06894795601006054,-0.3129397025743744,0.4279373294030995,-0.09640646630798866,0.033536518704126994,0.6633315401091507,166406413.70313358,0.5189003411352667
PD,"PagerDuty, Inc. Common Stock",N,N,13.265000343322754,-0.05519940317919969,0.11752320734735777,0.4804687820142133,0.9031564910503409,-0.202824469358168,1.3150087782142172,0.04008628072817544,0.16869160990282484,1.0889713326711148,19473068.747537326,0.5586322197933141
PDI,PIMCO Dynamic Income Fund Common Stock,N,N,15.225000381469727,0.0049505455331970705,-0.04353778690670107,-0.040278893508245095,-0.07185840753239892,-0.12225789609804671,0.01567715903534217,-0.008317723855623016,-0.03344469512795534,0.8629279426938491,58359618.11106634,0.12478700737026388
PDM,"Piedmont Realty Trust, Inc. Class A Common Stock",N,N,9.642499923706055,0.010744230845166403,0.03128337222488442,0.05961533181262468,0.4242983679279748,-0.03187752140812117,0.5089984546446142,0.0018572205915297069,0.0037735869286521506,1.0688766016678717,9898540.013054658,0.27550965295266233
PDO,PIMCO Dynamic Income Opportunities Fund Common Shares of Beneficial Interest,N,N,12.625,0.01978997441795638,-0.025991684974012164,0.0018416919833728063,0.010299069243519865,-0.05360639828425895,0.06552446422235869,-0.0017671668399356077,-0.01568070213647188,1.2970842762326125,11146175.665079307,0.12131821388677443
PDS,Precision Drilling Corporation Common Stock,N,N,91.33999633789062,-0.010615287696849274,0.100216815601607,-0.047251551881831055,-0.04972957003854617,-0.10415852139998039,0.7076087768129742,0.02569281635683529,0.09450824181861517,0.7246268378967149,8355286.447457885,0.4386947249692106
PDX,PIMCO Dynamic Income Strategy Fund Common Shares of Beneficial Interest,N,N,21.975000381469727,0.006181329118069678,0.02841074378210373,0.06706936211248316,0.08548794308881269,-0.0011363462968305704,0.2891644308241246,0.009087550084367901,0.028956715322649096,0.7924072896007105,2050950.1601799012,0.09243396770700933
PEB,Pebblebrook Hotel Trust Common Shares of Beneficial Interest,N,N,17.540000915527344,-0.011273892794318452,-0.014052837950210395,-0.034704409577029804,0.43724516907457533,-0.11189868782140033,0.723377312880467,-0.03416750861817419,-0.05375364378200698,0.7937893998611176,32350112.92931404,0.3098793154184451
PEG,Public Service Enterprise Group Incorporated Common Stock,N,N,73.0199966430664,-0.00626029794300198,-0.029118501104441363,-0.08381431067699818,-0.12534391305198123,-0.14609875154482188,0.005646550465066236,-0.015816796513044684,-0.0503020441485692,0.9808562110908025,183123572.49706268,0.15891125806084164
PEN,"Penumbra, Inc. Common Stock",N,N,320.2699890136719,-0.00716100705173861,-0.018419792166574966,0.004894724358880387,-0.05312796162349476,-0.10887591971991761,0.42001418173032934,-0.010477040906478052,-0.00321072576989212,0.8823131905360004,82624106.11960144,0.06519897404297496
PFE,"Pfizer, Inc. Common Stock",N,N,27.829999923706055,-0.025218890808930916,0.045454509629065054,0.08038368859932077,0.05359722266751121,-0.04100622037513646,0.2619397668648653,-0.002240745726304727,0.07128194222579443,0.7320505889805061,898560706.8035313,0.2263252604924614
PFGC,Performance Food Group Company Common Stock,N,N,96.93499755859375,-0.022832655840001714,-0.1493945389843251,-0.06855964405835702,0.1456683235945313,-0.16900989035059177,0.19628531431448804,-0.052450766724102094,-0.10834771424831025,0.7352789431064555,165700445.25375518,0.25507131628082014
PFLT,PennantPark Floating Rate Capital Ltd. Common Stock,N,N,7.230000019073486,-0.021650859310258563,-0.024026126711874873,-0.06350057033389178,-0.06990435338902512,-0.18811498149292638,0.06560407586429706,-0.02062442028772493,0.004071494780141904,0.6007539061232093,5545211.697924232,0.24699159539775142
PFN,PIMCO Income Strategy Fund II,N,N,6.900000095367432,0.0014514120574196099,-0.02788146082984133,0.03397878158078749,0.049655029438232745,-0.02788146082984133,0.10557277755816274,-0.010525687706353759,-0.013538232003138528,0.6512919570990772,2348720.602646923,0.08913386497209512
PFS,"Provident Financial Services, Inc Common Stock",N,N,23.270000457763672,0.011739150337551019,-0.05030446628919172,-0.0010430756082021597,0.18004819747908707,-0.07059070621330554,0.35997347868334684,-0.021407981283054434,-0.023284305029051433,0.6487929289800295,16394359.758987427,0.20241438850404597
PFSI,"PennyMac Financial Services, Inc. Common Stock",N,N,71.79000091552734,0.014269598101856573,-0.05905367168362896,-0.11747400088293314,-0.1707342114762559,-0.5449755941402725,0.014269598101856573,-0.035403758894071324,-0.08638310658854342,0.8102745775397372,32508320.71281662,0.360204232030169
PG,Procter & Gamble Company (The) Common Stock,N,N,143.34010314941406,-0.019628639851371643,-0.012877236264699943,-0.03475610319979372,-0.008264273478503115,-0.1297992670404028,0.0615081064552645,-0.010307744521314999,-0.019391810446201196,0.8056959736221471,1247614726.6891892,0.19246254678404429
PGR,Progressive Corporation (The) Common Stock,N,N,213.22500610351562,-0.03316852908908263,0.004120555567930895,0.05026678097864523,0.06094391183072112,-0.09064734736997049,0.12037660407704465,-0.015025756840250759,-0.018215010094559836,0.5528684931913656,472003214.0703522,0.34795690042825106
PH,Parker-Hannifin Corporation Common Stock,N,N,951.5850219726562,-0.000530417154437024,-0.10159740664305694,0.055365435934794816,0.047409854303674726,-0.11208848698114837,0.33886138161103196,-0.051724883011035505,-0.03782328103212251,0.9330541400098167,593834595.2294953,0.27068024057288065
PHG,Koninklijke Philips N.V. NY Registry Shares,N,N,25.150100708007812,-0.05415191561929866,-0.07023654649312261,-0.0495048534311372,-0.04530147562397091,-0.206013343247908,0.021505074796049906,-0.06054701146824937,-0.060434597388204225,0.6130425572396627,17345354.88265915,0.23817679770409975
PHI,PLDT Inc. Sponsored ADR,N,N,18.110000610351562,-0.0011030640563026717,-0.03673401311826863,0.07420073501560576,-0.07910621805252693,-0.20131546473546102,0.08721758536705448,-0.012594278007813653,-0.01637367859997918,0.7343116123460509,2220995.411946869,0.23972096200074003
PHIN,PHINIA Inc. Common Stock,N,N,66.9800033569336,0.00680907848078216,-0.10204240483419158,-0.21001669193702954,0.06593050886289986,-0.21001669193702954,0.32485245153531217,-0.048086311452332,-0.10328194101086408,0.7202079049123199,20812850.89061012,0.4228577610299927
PHK,Pimco High Income Fund,N,N,4.514999866485596,-0.0011062200137206268,-0.027358967352783425,0.01742999195180106,0.018510837456545692,-0.03354094261144713,0.07127138112583364,-0.006786452580140545,-0.01455756296892241,0.6853234452155381,3111990.2128600357,0.09312282537903496
PHM,"PulteGroup, Inc. Common Stock",N,N,120.43000030517578,-0.02192801923551768,-0.09054521997857412,-0.020171796740999115,0.03079467048170592,-0.15163557770899372,0.09604430448962908,-0.05172854406356753,-0.05977820773902853,0.6707012878680046,148051178.21383324,0.3508278543394655
PHR,"Phreesia, Inc. Common Stock",N,N,10.050999641418457,-0.15109801419879276,-0.18084765554684012,0.10938180749484827,-0.10258930244768183,-0.621431264397609,0.24702222309517463,-0.13832941118787678,-0.10541843179369481,0.7611859557341991,8869024.952533197,0.5375400033432487
PII,Polaris Inc. Common Stock,N,N,60.209999084472656,-0.019061615563417678,-0.13181433795197672,-0.14209601842986141,0.18845623701041658,-0.18539308445839442,0.28327450865450854,-0.05908200009855269,-0.10085466103835905,0.8544390032643722,46696747.92720795,0.39280710417068143
PINS,"Pinterest, Inc. Class A Common Stock",N,N,20.15999984741211,-0.05129412482766549,-0.15115790116159544,-0.0024739851224911957,0.07405430771172439,-0.44767123705720246,0.3073929797448729,-0.10134396385788746,-0.11767023468899596,0.858389907974185,212717556.58219892,0.4664018627414879
PIPR,Piper Sandler Companies Common Stock,N,N,76.4749984741211,0.026647881155558828,0.012818192739907364,-0.02997519034973606,0.04003958980003386,-0.1711184412903909,0.09871755481869737,0.013942441816448436,0.019618953329760602,0.8890550777235806,35572684.272211835,0.32220076986367174
PJT,PJT Partners Inc. Class A Common Stock,N,N,181.49000549316406,0.010523381544648158,0.037284541662822246,0.1927718648486001,0.39542295909286995,-0.04742718431050941,0.41056092373542463,0.02525627745654413,0.0655740549711743,0.695406984048635,68799861.5781044,0.38543613454751274
PK,Park Hotels & Resorts Inc. Common Stock ,N,N,15.069999694824219,-0.009855490773514441,0.05090652262682083,0.05750555001626534,0.4943186342253516,-0.06802723415458634,0.6338515144778811,-0.024311307353719003,0.007433727680904667,0.7853110938482314,57210472.339211464,0.2656540657854948
PKG,Packaging Corporation of America Common Stock,N,N,231.97999572753906,0.012482544829353515,-0.09886181747398426,0.02315529528042215,0.11505457503758709,-0.09886181747398426,0.2329246519063204,-0.05041815060942123,-0.04137565978641411,0.8303472201530059,117176274.76742324,0.2803832229504016
PL,Planet Labs PBC Class A Common Stock,N,N,17.969999313354492,-0.06697823988563034,-0.2417722052796374,-0.4231139796655202,-0.27569529624446043,-0.650389128795902,1.0033443454184883,-0.15540623296323808,-0.22246840052004568,1.3205601445415067,173133295.53497744,0.6762538320990666
PLD,"Prologis, Inc. Common Stock",N,N,137.3300018310547,-0.016824104867912304,-0.015555542429715463,-0.07001010995715051,0.05431934819125095,-0.08483270648174168,0.27751812786339625,-0.02148624360289275,-0.032970387723081696,0.6616323742196902,392833156.8228043,0.23274194071904905
PLGO,Pelagos Insurance Capital Limited Common Shares,N,N,24.760000228881836,0.0008084259478053912,0.01102492692066459,0.05361703101624826,0.3254277907544125,-0.04695917378178194,0.47242294500445925,0.020000417857422237,-0.002393280880029214,0.7257045973671757,12468278.048453521,0.2885195102701759
PLNT,"Planet Fitness, Inc. Common Stock",N,N,48.70000076293945,-0.035070347036916805,0.016277183301305342,-0.04528519181735813,-0.3476222402211656,-0.5650620681253071,0.1065667489269484,-0.05656721210740567,-0.07270946374656373,0.7261442890542742,83261665.61862335,0.39727111193711573
PLOW,"Douglas Dynamics, Inc. Common Stock",N,N,41.2599983215332,0.013759153515880751,-0.02780396662013951,-0.12014800888242017,0.016158004914283763,-0.23874542913760044,0.4247469214687114,-0.010432938637124245,-0.05729355858579377,0.5858251965262106,8531366.401296616,0.38916042016135677
PM,Philip Morris International Inc Common Stock,N,N,182.97500610351562,-0.022308244344790062,-0.01742559926923004,0.0010416586665367156,0.12037397092686786,-0.08590194446081256,0.30143873531513754,-0.028783485924868457,-0.026773729864461804,0.700809607554117,759020060.9997559,0.2842353142502693
PMI,"Picard Medical, Inc. Common Stock",N,N,4.407599925994873,0.1418652968345362,0.2142148173661198,-0.5075307240306219,-0.9240068978276746,-0.9933218182939472,0.4546534546577037,-0.15056815464099316,-0.2165035703995276,0.5916464605130948,31896102.20596881,2.7594258118296198
PML,Pimco Municipal Income Fund II Common Shares of Beneficial Interest,N,N,7.215000152587891,-0.0034529860940054613,-0.027642018953425662,-0.02249047811873106,-0.03024192243307955,-0.056078509364135165,0.02983060726712483,-0.013771633355461055,-0.020449037658852864,0.8753052319762996,2203111.6185770035,0.08241247786758553
PMT,PennyMac Mortgage Investment Trust Common Shares of Beneficial Interest,N,N,9.585000038146973,0.03733769216176719,0.014285738794351799,-0.01516872825416804,-0.11272244616180505,-0.2534276023326133,0.03846159409717931,0.015548440562503707,-0.011522690242316669,0.5747889908442311,10160105.366105318,0.27832056449735526
PNC,"PNC Financial Services Group, Inc. (The) Common Stock",N,N,241.00999450683594,0.014821630099179917,-0.052000163013302125,0.02218068451956645,0.2168694971120324,-0.06210844315698805,0.38294903224490273,-0.020312455380166683,-0.031248747647908748,0.6786111061622171,325766645.92132413,0.1841776886878254
PNFP,"Pinnacle Financial Partners, Inc. Common stock",N,N,99.7300033569336,0.027826492956865012,-0.056480546486977645,0.03985820112908023,0.22667100211799007,-0.08098009771476966,0.22667100211799007,-0.024860020966260277,-0.022769553411758348,0.7221869001573471,85768372.89736481,0.24603006404917874
PNR,Pentair plc. Ordinary Share,N,N,57.47999954223633,-0.04913153322115371,-0.14451559080739185,-0.2177354025049849,-0.34397507808018357,-0.48322530409139275,0.0,-0.08009922608531339,-0.13189499464511656,1.4746789688879693,227185113.04903793,0.4217092309267895
PNW,Pinnacle West Capital Corporation Common Stock,N,N,97.9800033569336,0.003276670927961245,-0.02059173870193376,-0.04417144819048102,-0.011617297819975003,-0.09599609240265428,0.1852048220568725,-0.006867162635243562,-0.04009211371282517,0.7109208040175233,88857921.3059349,0.17069203788181384
POR,Portland General Electric Co Common Stock,N,N,49.54999923706055,0.009987726254657048,0.023971892168699993,-0.012621477895481292,-0.03469972116859488,-0.07635857061377271,0.23829154512613493,-0.0029278380332133924,-0.021914652044085603,0.7554812100277748,46447738.659620285,0.1831703934036207
POST,"Post Holdings, Inc. Common Stock",N,N,82.21499633789062,-0.016449336765633094,0.047458256790710474,-0.11729657637266444,-0.1387492444333832,-0.2826542544275584,0.07851230115960184,0.0050088144629414355,-0.040240706609469656,0.8837370794267677,68455769.78520355,0.4192442390424076
PPG,"PPG Industries, Inc. Common Stock",N,N,108.77999877929688,-0.008386492201812756,-0.06353309788349992,-0.08281749633831692,0.09317512132408856,-0.157773201001409,0.17600910453638252,-0.03462414937792746,-0.053028822992847835,0.6960970593217264,137017955.90345612,0.3033050017538516
PPL,PPL Corporation Common Stock,N,N,35.1150016784668,0.01871193602906729,-0.004676788734100046,-0.020502003540805336,-0.06971911848556378,-0.11084688737049586,0.0722337745962287,0.0017902133494469563,-0.010195382602035563,0.8216649755831232,262447787.370356,0.1955514311984438
PR,Permian Resources Corporation Class A Common Stock,N,N,23.979999542236328,0.007986490937248236,0.11742779894091493,0.23960720414944747,0.23328589810080214,0.0,1.0390221426376756,0.04154447759926394,0.12972522047284674,0.8064741150788037,205139594.2439436,0.34679278317591844
PRG,"PROG Holdings, Inc. Common Stock",N,N,37.72999954223633,0.003457475356141604,-0.09044432957523418,-0.017245389748173134,0.3561680584468849,-0.2035407501282983,0.4588271924920355,-0.049082645368635935,-0.11116950800563041,0.7490445384932191,18592154.26369648,0.4153390472814661
PRGO,Perrigo Company plc Ordinary Shares,N,N,14.49899959564209,0.004781655509844995,0.1515664718518317,0.3464631315754234,0.5274147551171846,-0.31161764139901427,0.6413515839326294,0.04634355827414405,0.21550176060757797,0.7406201315469761,33338119.33182063,0.6764289831764009
PRI,"Primerica, Inc. Common Stock",N,N,288.3599853515625,-0.006853868469503865,-0.0743744495851868,0.02665294026570897,0.1702802919501909,-0.11299770424658062,0.1841492595166534,-0.033254375452741014,-0.0543267862743948,0.9073212677660868,49244600.385772705,0.20256561985356328
PRIM,Primoris Services Corporation Common Stock,N,N,74.88999938964844,0.036539783939770754,-0.08848592926504117,-0.24022643089596707,-0.45764897027705376,-0.6306344159046042,0.03855219464382853,-0.027421555709944867,-0.0954614940514007,0.6189009287839589,77838668.22463532,0.757264979519075
PRK,Park National Corporation Common Stock,N,N,189.00999450683594,-0.012538577448178212,-0.06561688838003588,0.055038941261042806,0.2549240761835756,-0.1059269007110023,0.30565841999102794,-0.04967140498246725,-0.03125543503122985,0.9193173268971437,17462527.620754242,0.2841712202893483
PRKS,United Parks & Resorts Inc. Common Stock,N,N,40.439998626708984,0.04442141920920695,-0.08382421418445163,-0.10431899756349416,0.2661239183007471,-0.26752401200306497,0.3602421543685983,-0.0570789417518599,-0.09554890144846606,0.7760270458943817,21497882.889173128,0.32975665828723827
PRLB,"Proto Labs, Inc. Common stock",N,N,80.8550033569336,0.030131297713485328,-0.10608064029896092,0.02425894168104148,0.43665609649367765,-0.12418756906184647,0.7273018796164374,-0.016526996310644693,0.0048331290338397,0.6825012531132778,13165948.546179581,0.43414160870030577
PRM,"Perimeter Solutions, SA Common Stock",N,N,32.025001525878906,0.05553728954570536,-0.07254553553358034,-0.0971243184737598,0.46232886227000436,-0.15232920697106156,0.5478492363092426,0.008653518502005575,-0.036062207929829726,0.5086216963472244,32268030.927747346,0.6525336110022801
PRMB,Primo Brands Corporation Class A Common Stock,N,N,21.684999465942383,-0.05388309800351698,-0.07674129167386701,-0.09738558085615268,0.10808361572648084,-0.14146752370006443,0.533603947728279,-0.05746753033037366,-0.07535805820732977,1.2973271318678938,95295345.60625458,0.38254969223717133
PRSU,"Pursuit Attractions and Hospitality, Inc. Common Stock",N,N,48.040000915527344,0.017581060096391266,0.040953398204951474,0.0016680949245595489,0.31869339865753643,-0.14168304685050637,0.4882280895976463,-0.004362640192820955,-0.04883716854845066,0.7276171165168427,9023091.411800003,0.2854322703456238
PRU,"Prudential Financial, Inc. Common Stock",N,N,118.4800033569336,0.01143933732514224,-0.02021098124576093,0.10458796239393275,0.30751514623886544,-0.04221370385752732,0.3204482007551923,-0.01835635774271549,0.00035920119381938065,0.7699966214622024,172953834.43874437,0.2103483950991797
PSA,Public Storage Common Stock,N,N,300.8599853515625,-0.006603711605144502,-0.07456173576396308,-0.06837188617984824,0.09389707253837432,-0.0895997087776984,0.1869130608437748,-0.045964114993714666,-0.05836654947786357,0.7820005926364982,222477858.73843384,0.2140094507878031
PSFE,Paysafe Limited Common Shares,N,N,6.364999771118164,0.023311894825971624,-0.07619740283612231,-0.10352114695590853,-0.08810891780440944,-0.5579861152963139,0.059068141217421655,-0.051945661991548375,-0.15089182397159517,0.9594600400798974,2907124.3590515135,0.7296406400569717
PSN,Parsons Corporation Common Stock,N,N,46.935001373291016,0.012184655044659598,-0.02725385754837273,-0.1722222091402702,-0.08168654250054863,-0.47435322105446276,0.16406254287040456,-0.012741670228579305,-0.0770292386713991,0.7185957526967234,46369045.23092232,0.8751737287405187
PSO,"Pearson, Plc Common Stock",N,N,15.710000038146973,-0.0478787855668501,-0.02122097286058866,0.026415937267803447,0.227488782384329,-0.10334068704695876,0.33537752390698583,-0.03192275677373435,-0.04440463564991637,0.787382938294153,9418693.183079768,0.26950498798881306
PSQH,"PSQ Holdings, Inc. Class A Common Stock",N,N,5.0,0.0,0.24688272184817794,-0.3041057703800435,-0.5047053127546262,-0.8822143719637998,0.6611295733693574,-0.03316252823218968,0.045412722233239666,0.249470538536016,2134252.4232120514,1.4296874433443842
PSTL,"Postal Realty Trust, Inc. Class A Common Stock",N,N,23.65999984741211,-0.003369836751362598,0.06327097331565423,0.0009612885478684774,0.27145886267420516,-0.042715525627116,0.7017189624314313,0.015124791081408961,0.009766823416099468,0.860733248099984,6898594.540561294,0.22589358160155668
PSX,Phillips 66 Common Stock,N,N,260.5400085449219,0.033806857106667865,0.16742221469834462,0.4595868048001661,0.5272918299826936,0.0,1.1162446994730506,0.06667049320136131,0.20036032623975353,0.8882644375006956,636864073.9685059,0.3126905099537451
PTY,Pimco Corporate & Income Opportunity Fund,N,N,11.727499961853027,-0.005301102646498856,-0.0002898199620510189,0.01997689677793235,0.009361723433734648,-0.10839667104691897,0.05426059850320608,-0.0016536332645605833,0.0001803731352847393,0.7557755841343268,12966432.32997179,0.08056503231157815
PUK,Prudential Public Limited Company Common Stock,N,N,27.309999465942383,0.008493336147869845,-0.002556599597143938,0.02746424169795647,-0.03144267322080596,-0.1766830544534529,0.09327461835083217,-0.017749582573045375,-0.03385574937976277,0.9309571583150454,27458221.047640324,0.2776905528509731
PUMP,ProPetro Holding Corp. Common Stock,N,N,12.34000015258789,0.08722464650613238,0.05922751559237094,-0.20438427011696314,-0.17236751986085952,-0.3219780420165831,1.7300885408540259,0.07215779791325927,0.036295551255310254,0.7278346249459643,29721609.400173377,0.5907313631828468
PVH,PVH Corp. Common Stock,N,N,70.75,-0.028586345445471895,-0.16583889315164113,-0.1363236431875805,0.13904771871564203,-0.2833255921251433,0.16337432529489426,-0.07257652097483969,-0.10790604633002598,1.1907871449468326,76078166.57542571,0.3983185715364856
PWR,"Quanta Services, Inc. Common Stock",N,N,638.6199951171875,0.044537823347356786,-0.04766026597594586,-0.09752514287542846,0.11685846084742968,-0.18659574403577528,0.7114193773633806,-0.005843967865647337,-0.017024689144879313,0.709583821878505,660069590.7032776,0.5326297137096997
PXED,"Phoenix Education Partners, Inc. Common Stock",N,N,27.530000686645508,-0.05460165201800693,0.011017302587311706,-0.10015997891303241,0.023255053906874767,-0.26269426261656625,0.054145729368050066,-0.027964103499422688,-0.07540109597319289,0.5974017052242043,2324372.2743528364,0.46731580132112893
Q,"Qnity Electronics, Inc. Common Stock",N,N,121.25,0.04987446742379276,-0.12231835266803404,-0.19461851956584098,0.06502722298116193,-0.30920798123216675,0.6530016279889281,-0.04915340428443793,-0.09565325435798455,0.8044581529925227,208102059.43333435,0.5778663024551477
QGEN,Qiagen N.V. Common Shares,N,N,42.30500030517578,-0.02500574094802832,-0.008089125635641237,0.15182445741444028,0.05529336579335209,-0.23308266413065337,0.3082014780904603,-0.02309766241098643,0.0078103781687715035,0.5432130565619179,124657785.73815536,0.3600939540426072
QSR,Restaurant Brands International Inc. Common Shares,N,N,77.44499969482422,-0.009907971283357409,0.05611615656645008,0.044115064979014074,0.06170364024325248,-0.050570062712182895,0.29830574766273865,-0.013562013509454851,0.021538773180527437,0.8796007852870962,187242882.23071975,0.25744109444458024
QTWO,"Q2 Holdings, Inc. Common Stock",N,N,60.2400016784668,-0.05742447469421985,-0.04924240691018922,0.37252227195689014,0.21992710359344003,-0.28490024684134996,0.4312188515105757,-0.055962121253945396,0.014312195513342285,0.57467053730696,37772338.75552273,0.4180184476997223
QUAD,"Quad Graphics, Inc Class A Common Stock",N,N,10.194999694824219,0.011408707538549612,0.05843860228938569,0.3568652751505037,0.6282999394389144,-0.050819646949863184,1.0425069136116663,0.005933381987835329,0.08592201432882107,1.1783723464634133,3991716.001275635,0.4096406404618105
QXO,"QXO, Inc. Common Stock",N,N,12.96500015258789,0.006599381785072467,-0.16623794253630875,-0.22038479814389622,-0.3559363788818881,-0.5210565090967918,0.006599381785072467,-0.054288156707988255,-0.09710082557021649,0.49807702020686223,194209568.40902823,0.6027876794493331
R,"Ryder System, Inc. Common Stock",N,N,246.08999633789062,0.010719568983696748,-0.04447455785833909,-0.118576930366734,0.2821322196759737,-0.11860843374745011,0.5634476873941037,-0.017188982758109872,-0.048891664181891614,0.6290634355899107,63394899.0672287,0.23371688083992198
RA,Brookfield Real Assets Income Fund Inc. Common Stock,N,N,12.510600090026855,4.795053029926777e-05,-0.020313262211287597,0.012103441925459313,0.026499450963527016,-0.02730264331092358,0.05709463251694258,-0.007058198711411556,-0.013189157196666912,0.9022265677826645,2128340.2887556553,0.06288743270534675
RACE,Ferrari N.V. Common Shares,N,N,402.7799987792969,-0.01811265651874039,-0.01823236681196716,0.13487925001618706,0.23287598934732268,-0.19175440122085352,0.294944931730416,-0.03297833228590252,0.013421704925030031,0.6795062813370997,146238193.2536087,0.30793106048791513
RAL,Ralliant Corporation Common Stock,N,N,65.94999694824219,0.08146819581732623,-0.07715320026950268,-0.0011804380978307494,0.5484503938480421,-0.10359903380891067,0.722609266803824,0.010214413974502845,-0.019071896683628853,0.6557974184749317,65696163.02532883,0.3472377833034086
RAMP,"LiveRamp Holdings, Inc. Common Stock",N,N,37.7400016784668,-0.0021152304865927896,-0.0005295721386460173,0.0031898657626043825,0.36689608273015706,-0.007103305840280738,0.6833185347921402,0.0004904704623012179,-0.0003390029171428388,0.9198464698004502,37667567.154358864,0.05052635669978142
RBA,"RB Global, Inc. Common Stock",N,N,81.1500015258789,-0.01933532899239987,-0.09104315652851325,-0.24305675893151268,-0.15883670832219587,-0.3141631385576429,0.0,-0.03932595166256936,-0.17881574437980252,0.8694976362231392,160447879.6838463,0.43071702511183246
RBC,RBC Bearings Incorporated Common Stock,N,N,488.54998779296875,-0.00028651015518632583,-0.11571458683722813,-0.1906600358866164,-0.10817621078426298,-0.24709892776257236,0.32144112705791006,-0.047090587187943456,-0.11967867769073781,0.8647761985518515,117505760.1637085,0.27669017199102003
RBLX,Roblox Corporation Class A Common Stock,N,N,43.953399658203125,0.08073276707853272,0.21351182155895776,0.014855651454882768,-0.24569419404651915,-0.6895069199191659,0.2367304030934898,0.11008375534205395,-0.0242566789087163,0.828815757034732,395366596.0617142,0.8320515627176301
RBRK,"Rubrik, Inc. Class A Common Stock",N,N,91.05999755859375,0.030090452339371687,-0.060559194553810314,0.33538633668240503,0.7481281875955186,-0.1491309996738509,1.0785207647610102,-0.05491382468531625,0.043870987416476215,1.2184672829075656,347015274.21287996,0.676443803473018
RCI,"Rogers Communication, Inc. Common Stock",N,N,36.90999984741211,0.023608490131894255,0.05549657586922141,-0.033465138362315905,-0.03570981166227116,-0.0732117626403116,0.18504241027277168,0.01726797119297019,0.07113203391215417,0.7655711501892619,33618558.26498699,0.29073790268538713
RCL,Royal Caribbean Cruises Ltd. Common Stock,N,N,260.0950012207031,-0.02109526055256916,-0.1531987420180113,-0.11646512362739325,-0.02996593701215422,-0.24478808715762979,0.06900042959232633,-0.08734192985738076,-0.11833129285639332,0.7793818574212371,452425902.46608734,0.3514125810132092
RCUS,"Arcus Biosciences, Inc. Common Stock",N,N,29.09000015258789,-0.02086835917167007,0.012178162291478278,0.2222689531556763,0.3097704345663457,-0.07855557701012317,1.5697880686241144,-0.023186305940661955,-0.0007351004484205115,0.7467639637386363,32705972.81519432,0.49325528990817524
RDDT,"Reddit, Inc. Class A Common Stock",N,N,147.13999938964844,0.017284292108334487,-0.057942268456989576,-0.09228874861555436,0.03046436240667627,-0.45646631438032836,0.20764940751963779,-0.051535762178924194,-0.12994630825526543,0.6223533923315299,1113185548.811335,0.8698391182830121
RDN,Radian Group Inc. Common Stock,N,N,35.95000076293945,0.00418998684568761,-0.004337288552825003,0.04449797674503664,0.11313947414983838,-0.0883329824966006,0.16068509419835864,-0.013623409414018961,-0.03719656471925703,0.6560792736454039,29154191.345697783,0.2479035076219173
RDW,Redwire Corporation Common Stock,N,N,11.11989974975586,0.08381086761123169,-0.17691342995068138,-0.26455688929096266,0.16438738509597806,-0.5706602349986107,1.1976086710482283,-0.04803487998579925,0.0338132278213259,0.49382152076749325,139171911.52618504,0.8808408618761051
RDY,Dr. Reddy's Laboratories Ltd Common Stock,N,N,11.9350004196167,-0.019309749811341703,-0.04136541345688871,-0.09627486087126447,-0.13278899272526345,-0.2184951687818084,0.056198988240304226,-0.0182812436747668,-0.041644578368887464,0.8309855688080559,28699770.325229406,0.3358604841826346
REPX,"Riley Exploration Permian, Inc. Common Stock",N,N,42.35940170288086,0.07429371988416023,0.15989597951595336,0.21609391649846832,0.2948377380755953,-0.010987628019025975,0.8130421323117143,0.09488438872986982,0.18366394031990074,1.2222569769260367,8929076.369297791,0.3363453124894564
RES,"RPC, Inc. Common Stock",N,N,6.695000171661377,0.022137401023532677,0.057661967196616315,-0.062456876182618415,-0.03131107588491555,-0.1523972352581734,0.6261682946572407,0.04605290665147854,0.11961202690849326,0.840558227021351,8490115.804396296,0.4368455900190851
REX,REX American Resources Corporation,N,N,43.310001373291016,0.03143604767944397,-0.0009226551842661523,-0.014337671213194403,0.060479951309368785,-0.15344015827862012,0.4398271769661273,0.009757216838692795,-0.02004259443483103,0.9739972700601965,6932412.653375244,0.29764035991669524
REXR,"Rexford Industrial Realty, Inc. Common Stock",N,N,37.380001068115234,0.008634637964553438,0.03288208031397932,0.07898469361182059,0.11908126308566946,-0.12351654827198744,0.1810800695948156,0.010365873871806208,0.022356211053768726,0.6898272138683841,72860912.37608261,0.3099882448992877
REZI,"Resideo Technologies, Inc. Common Stock ",N,N,19.170000076293945,-0.003638237820007606,-0.20915840522676477,-0.12990239300625328,-0.18014016888592033,-0.38095976910256235,0.028267690466758477,-0.053496921977118195,-0.15098612808650147,0.7072410579061553,56096659.092302896,0.6644905608910486
RF,Regions Financial Corporation Common Stock,N,N,29.885000228881836,0.020314076297589523,-0.04468061742702234,0.031366322764827315,0.20938611969168597,-0.06826873560183588,0.3316180815588663,-0.01701214226301062,-0.023513644621298013,0.6803636914835518,206872459.7578432,0.20856597820883616
RGA,"Reinsurance Group of America, Incorporated Common Stock",N,N,245.55999755859375,-0.008719536781307213,0.0077182114548732805,0.17148134735110365,0.2198699767123602,-0.04044392933220875,0.37645625520885373,-0.0050042203491433845,0.027526663824074094,0.76697692288014,76639908.25592041,0.2203477050914665
RGR,"Sturm, Ruger & Company, Inc. Common Stock",N,N,38.040000915527344,0.0018435526092648313,0.021459340891672563,-0.030817075574427033,-0.008497802220528872,-0.1833069932622543,0.3343107437087627,0.0029393326764382,0.002832204364982438,0.9402207358540946,4536776.556953048,0.29663598627690435
RH,RH Common Stock,N,N,142.77499389648438,-0.011800954329137636,-0.21916877697200543,-0.06707396654452524,0.06120857010032532,-0.388439176773125,0.26517497409825586,-0.08381985616300869,-0.15018273959889972,0.7169460502543787,92364611.88922271,0.6443061302153364
RHI,Robert Half Inc. Common Stock,N,N,38.29999923706055,-0.12055109281224308,-0.0790826851366565,0.19444297718402104,0.7444391210316745,-0.15527130330469396,0.814663524298274,-0.11089776640904947,-0.033182128537830424,0.7203578288696743,82179761.14676762,0.6752089136298792
RHLD,Resolute Holdings Management Common Stock ,N,N,136.0800018310547,0.040526098036612224,0.02802755043227667,0.03239514719331349,-0.11819598644032403,-0.398860251948989,1.053108091992911,0.026066382739225125,0.013875992052191144,0.9159737206764406,22832208.74844284,0.6502604608280645
RHP,"Ryman Hospitality Properties, Inc. (REIT)",N,N,121.44499969482422,-0.016321070829344086,-0.0051200131200336285,-0.002034044987853978,0.35628350601239056,-0.10695643217009054,0.4637721420512071,-0.0375162174613044,-0.045284990800535496,0.6912084244374792,92026143.8623062,0.2520208710151723
RIG,Transocean Ltd (Switzerland) Common Stock,N,N,5.864999771118164,-0.0092905919707712,0.009466407724663561,-0.028973541695383465,-0.0616000366210937,-0.22625332056063974,0.9042207520774928,0.004753912693033824,0.07600855219482816,0.8707664113267161,223017345.01916066,0.4402508159324745
RIO,Rio Tinto Plc Common Stock,N,N,104.18000030517578,0.02277635657689614,0.0542394689783674,0.010608925455618756,0.21372143271787825,-0.049735392369270826,0.7689501793132252,0.0222519344374843,0.08575705882496343,0.6426205754502171,208996506.51496887,0.2830084147499685
RITM,Rithm Capital Corp. Common Stock,N,N,9.960000038146973,0.007077825317921116,-0.02829267920517342,0.09917560385202329,0.15961032235599992,-0.12885004105170095,0.19795538788270517,-0.01731536844450643,0.021791670219698744,0.7662283055709767,39086069.027285956,0.22774125074154908
RIV,"RiverNorth Opportunities Fund, Inc. Common Stock",N,N,10.845000267028809,-0.010492679810027328,-0.05812124964881871,-0.03158828348409315,0.024203477343301527,-0.05812124964881871,0.07711087288568885,-0.016006711031193666,-0.03179504182850934,1.272980487834198,2292937.012665081,0.12439565402518715
RJF,"Raymond James Financial, Inc. Common Stock",N,N,175.9550018310547,0.014149866461410365,-0.022580837378794016,0.1436671914208103,0.2452104309086902,-0.02883867455539968,0.25802585046719173,-0.008789373340899687,0.014851197119254866,0.9085134235798183,189056970.22220382,0.2387835777972636
RKT,"Rocket Companies, Inc. Class A Common Stock",N,N,13.625,0.0456638740769284,-0.04853349927621975,0.042463681571129896,-0.04251578086426622,-0.4187286821856815,0.10323883231965869,-0.030162833774467823,-0.03340687989752378,0.7082745849086699,315090335.12172854,0.5835049324062993
RL,Ralph Lauren Corporation Common Stock,N,N,342.4800109863281,0.004870616825409124,-0.1388916576104534,-0.15016305147486175,0.007725601296654672,-0.1712319839421551,0.1429041499684851,-0.057087380076470184,-0.0905281133408875,1.0268084258144414,211949622.96549988,0.2992026249619721
RLI,RLI Corp. Common Stock (DE),N,N,60.08000183105469,-0.05161794351742921,-0.057731717106981995,0.10853056044181275,0.06611915755693354,-0.09563751201970427,0.3169707187969131,-0.05577423596929432,-0.036915277843493355,0.5047395613128612,32487881.769055177,0.32265465609589167
RLJ,RLJ Lodging Trust Common Shares of Beneficial Interest $0.01 par value,N,N,10.649999618530273,-0.0335753923651364,-0.016620526910787303,-0.021174756758201796,0.44818331504624864,-0.14663461464984406,0.7007363189777429,-0.04531399933292812,-0.07948419915983251,0.7976357385459727,17456061.593038462,0.276091739510444
RM,Regional Management Corp. Common Stock,N,N,32.68000030517578,0.026704378998024136,0.042399378809320876,-0.11391853342793845,0.07688422490149249,-0.2571995630007283,0.07723297812926333,-0.01096252967970568,-0.10692990099439115,0.672984587446958,2985469.051965332,0.6101983824583881
RMD,ResMed Inc. Common Stock,N,N,218.5050048828125,-0.055562740722796766,-0.025386666761042953,0.1250233431472101,-0.03552891006662551,-0.2205000577006404,0.19862178044912993,-0.0467760598814958,0.013164972806220199,0.8101998887848579,294904887.25987244,0.3741931611732864
RNG,"RingCentral, Inc. Class A Common Stock",N,N,70.83000183105469,0.0008478902195081517,0.11631207217298911,0.8368092511669958,0.9175312221583423,-0.07242009867856414,1.8690564937735403,0.039065844569294406,0.26296361375876587,0.7104504010489723,92584235.19210052,0.7438332240164913
RNGR,"Ranger Energy Services, Inc. Class A Common Stock",N,N,17.149999618530273,0.011799341981630462,0.0017522650599484102,0.08608157142028872,0.012290981929814704,-0.0624087986267422,0.4084504152102899,0.013323854873573682,0.05479325037494798,0.8747208562149591,3017393.901771164,0.3371722393782604
RNR,RenaissanceRe Holdings Ltd. Common Stock,N,N,321.05999755859375,-0.02647142351233167,0.014343512898093103,0.06852596350464535,0.08720740432016516,-0.050034037343647864,0.3901772861908295,-0.014455040798357355,-0.005841225005248529,0.6761938042409763,75777451.43129273,0.2547061075949681
RNST,Renasant Corporation Common Stock,N,N,40.46500015258789,0.0133984433589589,-0.057419057420567965,-0.04936149314578053,0.18339157515761206,-0.08656882958283141,0.23397852519442663,-0.02843388686167181,-0.04941447603281779,0.7469680662438902,21858741.413726233,0.1878667495362471
ROG,Rogers Corporation Common Stock,N,N,129.55499267578125,0.05337828218586904,-0.04075969926198342,-0.14236068602126817,0.286033307753075,-0.22463944272406233,0.7145976291928351,-0.0030454377022535173,-0.022758237893414024,0.6593784607430172,22811684.116311647,0.5004420509990275
ROK,"Rockwell Automation, Inc. Common Stock",N,N,428.7349853515625,0.026836362908114086,-0.037906797655029356,-0.06375305472752202,0.21478499260906014,-0.13134106170533266,0.3017829293087566,-0.010327684786167857,-0.049038356138713324,0.769681481476654,267203960.28760988,0.3111694547029938
ROL,"Rollins, Inc. Common Stock",N,N,34.65999984741211,-0.04227683993797404,-0.06349631398804512,-0.2619435573807951,-0.3517400947470456,-0.46564472424562897,0.0,-0.040712963974327665,-0.11306598558317693,0.8167071529652559,153076216.5141306,0.30129235131092075
RPC,"Ridgepost Capital, Inc. Class A Common Stock",N,N,8.15999984741211,-0.03202852289316038,-0.07368760646679373,-0.00991957284485978,0.06424172289052921,-0.3283085360453307,0.19207400728824187,-0.04931892381415115,-0.03357374072892372,0.8850853749811919,4481757.737994194,0.3915713888195697
RPM,RPM International Inc. Common Stock,N,N,101.04000091552734,-0.00795284801893803,-0.13389338467555123,-0.05114361299685666,0.032740411222596855,-0.19608591682037546,0.09510587003699955,-0.05991374421124185,-0.06478190599634082,1.7840977227716668,164751928.8795185,0.3182801427873341
RQI,Cohen & Steers Quality Income Realty Fund Inc Common Shares,N,N,11.989700317382812,-0.006622274803663064,-0.018726836731165597,-0.055792393939250506,0.0008452816201640623,-0.08797991890696111,0.138167114614544,-0.01708782518416918,-0.018925143088321494,0.6836428343659118,5858092.019311523,0.13735164991510734
RRC,Range Resources Corporation Common Stock,N,N,42.0099983215332,-0.009198188450716516,0.032948124241890975,0.0886239480544797,-0.03125934089172566,-0.11603687183393552,0.26291655681420334,0.020849496245966437,0.0694301941180282,0.6411398688676835,84544040.63696918,0.28937250287816935
RRX,Regal Rexnord Corporation Common Stock,N,N,161.8699951171875,0.030953447426176117,-0.06189514775822258,-0.2363615946097698,-0.12309229826880297,-0.320416501708518,0.26483437601401816,-0.02065538421242097,-0.1472932975475416,0.9003061564779185,193723978.5418335,0.5636787480513771
RS,"Reliance, Inc. Common Stock",N,N,400.0799865722656,0.025556898298099817,-0.052515360337809236,-0.029437251743353654,0.3605480914653656,-0.0652773308690352,0.5270568227815295,3.444101564142876e-05,0.007182685796935262,0.7821745328283625,130842641.28641662,0.28973009423153917
RSG,"Republic Services, Inc. Common Stock",N,N,220.47500610351562,-0.012606866708128495,0.025083709440818724,0.053397419101414156,-0.001095686876209756,-0.045306016057753196,0.1182858963190263,0.0017276917760351562,0.01254044059841597,1.0102469344416019,306799975.1101303,0.20709416854585366
RSI,"Rush Street Interactive, Inc. Class A Common Stock",N,N,26.579999923706055,0.032233006745866266,0.05685885991513784,-0.10202704117714334,0.2984856284956219,-0.23001159990633435,0.6727501163884757,0.026671039483527448,-0.07119445505800659,0.7669213775787892,51281780.637664795,0.5256423922604396
RSKD,Riskified Ltd. Class A Ordinary Shares,N,N,5.949999809265137,-0.038772252946164154,0.12903222595820063,0.20445338873395968,0.38051041490918247,-0.14141414766938432,0.5699208098028663,-0.04502048817479609,0.06083294613551793,1.5083788766385213,15258472.010610437,0.5445589964160648
RTX,RTX Corporation Common Stock,N,N,197.49000549316406,-0.03738544566209656,-0.11486615593127047,0.07963856850826967,-0.02731990954612995,-0.12417401799588335,0.32073364380074243,-0.0646030480506471,-0.04894026847072808,0.6785316885749237,828035584.7697334,0.27863314946516354
RVLV,"Revolve Group, Inc. Class A Common Stock",N,N,19.8799991607666,-0.10490770012390471,-0.16435483834759956,-0.03635482455211747,-0.1307390279294376,-0.367885574610443,0.13535116510024792,-0.1262690956171404,-0.16608643084945995,0.9360431189106858,18123178.37572527,0.4451292678526876
RVT,"Royce Small-Cap Trust, Inc. Common Stock",N,N,18.420000076293945,0.012644284523559701,-0.021253965197474467,0.026183804645004694,0.12423140712143166,-0.0320546814682795,0.31532856467989867,-0.012279468438122998,0.000619283733029441,0.5116236890037567,3070678.4261345863,0.13931738387887985
RVTY,"Revvity, Inc. Common Stock",N,N,123.95999908447266,-0.020775711584650414,0.07111376038032402,0.2446089264580278,0.46161289158927477,-0.05330688274621842,0.5078741735904193,-0.0008302285217766103,0.0602450278200104,1.058461212090642,186894871.14029312,0.35777745606209854
RWT,"Redwood Trust, Inc. Common Stock",N,N,4.40500020980835,-0.0033936348929144433,-0.05876060440538455,-0.12948809825015706,-0.19228897135077516,-0.29264826108772357,0.0,-0.05141314946061337,-0.07218227842686398,0.49284821406660695,5936362.844000697,0.33982852892370097
RXO,"RXO, Inc. Common Stock",N,N,20.65999984741211,0.027349538556325825,-0.03817503316105042,-0.27125221977365455,0.5440956405608659,-0.2948805329223355,0.9713741173507218,-0.04722377554204682,-0.1303396269280891,0.6651900929826692,29227382.403011322,0.5778801730516173
RY,Royal Bank Of Canada Common Stock,N,N,206.75999450683594,0.01611951468530992,-0.016646057697324856,0.042410083224497575,0.2899736992495332,-0.04529073272272399,0.4580010607186653,-0.00912473966140781,-0.011611389547149686,0.7010480451211288,266928641.40424043,0.17966030194810906
RYAM,Rayonier Advanced Materials Inc. Common Stock,N,N,8.539999961853027,0.02521008884397946,-0.020642236199966635,-0.002336501960658488,-0.24757712116066277,-0.27319149260825304,0.547101447710443,0.005593163694184389,0.025998357229658042,0.5820855828584369,6172674.673335123,0.5595526345628539
RYAN,"Ryan Specialty Holdings, Inc. Class A Common Stock",N,N,40.119998931884766,-0.05198489552939467,-0.04861274190356024,0.12915945545511165,0.15394444569402843,-0.30547757353650096,0.37499615141066234,-0.055933379373247716,-0.05019062354019599,0.6817247508971788,54708038.92784176,0.4287301898548143
RYN,Rayonier Inc. REIT Common Stock,N,N,20.3700008392334,-0.021143615473373067,-0.05034964500197314,-0.059357614107997114,0.01972712677819133,-0.16687830643253831,0.05737860327868405,-0.026290585532237287,-0.04444253113686192,1.254332240782554,67502188.08595781,0.24511912992512466
RYZ,Ryerson Holding Corporation Common Stock,N,N,26.219999313354492,0.04218027673649449,-0.046612001476392884,-0.1315735061910972,0.28315237647464686,-0.14892529370393848,0.34934417062311973,0.0059147961033862995,-0.027227646284760265,0.65337573278008,10743588.36133566,0.5213456221169956
S,"SentinelOne, Inc. Class A Common Stock",N,N,19.459999084472656,-0.056713529999507184,-0.1335707979647247,0.31043761512325774,0.35326835393625755,-0.18372487584232566,0.6298157259941835,-0.081815645438988,-0.02447341875741027,1.3349997315278659,173767811.1658493,0.5665846923358486
SA,"Seabridge Gold, Inc. Common Shares New",N,N,32.43000030517578,0.08389038176743013,0.012488340341038517,0.1565620273292303,0.200666420968717,-0.1758576477073135,0.8648649478665333,-0.00020037260171890114,0.11780562873874767,0.7672263483712507,25768256.980804443,0.6939232673278699
SAFE,Safehold Inc. New Common Stock ,N,N,14.640000343322754,-0.036842070590095366,-0.04313724439113287,-0.0638128581104247,0.026420417372040816,-0.14735001291376104,0.1905497305294206,-0.036873765185313045,-0.07571087508467944,0.8236577514963589,3769402.32118783,0.33046822638274836
SAH,"Sonic Automotive, Inc. Common Stock",N,N,76.2249984741211,-0.021376311831742267,-0.0543977434937194,-0.09471503170955609,0.26500688184778043,-0.3234067459935861,0.3225596807100628,-0.028458005690538357,-0.12458815360719555,0.7403326547940047,17352812.64257736,0.545483709175341
SAM,"Boston Beer Company, Inc. (The) Common Stock",N,N,161.63499450683594,-0.07610747455654665,-0.10182824807384927,-0.11135854060575268,-0.30595991699753367,-0.37844644455235676,0.003445447414157199,-0.10254010269025249,-0.1017029221751935,0.5705721812107153,28860556.392430115,0.39696779252555414
SAN,"Banco Santander, S.A. Sponsored ADR (Spain)",N,N,14.595000267028809,0.01495133177168606,-0.007817795433034624,0.134032664864689,0.33588992466748246,-0.030232552687020076,0.531082318662297,-0.002238881288836314,0.025628433631827763,0.6894288496010346,257969225.22817722,0.28521051947067844
SAP,SAP  SE ADS,N,N,212.52000427246094,0.002263775709898219,0.013544504463385065,0.29443302322555454,0.17674098842548824,-0.22907220833992026,0.4518376635019117,-0.006876414731780911,0.12816203130196846,0.8414954159989897,486792550.81984484,0.4340600686264691
SAR,Saratoga Investment Corp New,N,N,17.469999313354492,-0.03427312515222414,-0.09543252885624343,-0.191573175721787,-0.1675210064519248,-0.22395267246407458,0.027980917173858977,-0.04149053907728373,-0.06937707397197801,0.9232527379503671,2439817.525548935,0.38165745536531687
SARO,"StandardAero, Inc. Common Stock",N,N,23.969999313354492,-0.009913249904750732,-0.15000004734553218,-0.10925308624036845,-0.11745215581661983,-0.27626811333383017,0.0,-0.05802371020311192,-0.12661689269490484,0.8102628217058865,80306529.2309844,0.34284366370888625
SB,"Safe Bulkers, Inc Common Stock ($0.001 par value)",N,N,8.119999885559082,-0.07200001307896209,0.1190265625712581,0.200084511832467,0.3227768810229943,-0.11450383664110297,1.0155030006704977,-0.034396659830342124,0.06056373697599993,1.077895327711294,7343992.861175108,0.4356433429331331
SBH,"Sally Beauty Holdings, Inc. (Name to be changed from Sally Holdings, Inc.) Common Stock",N,N,16.09000015258789,-0.017104500445378146,-0.044536816698588,0.16173283100519753,0.1900887283882029,-0.05352940278894758,0.36125216311413566,-0.021408567584640825,0.02768163155230985,0.6836733492373676,17240088.173322104,0.41231928538495977
SBR,Sabine Royalty Trust Common Stock,N,N,74.87000274658203,-0.010702927528111417,0.03952606643103662,0.022384425739677694,0.04507234514212066,-0.034473717015473526,0.18533275637101987,0.014372503211945276,0.027154519280239153,0.7284047087426474,2128347.445698929,0.1611885978551119
SBSI,"Southside Bancshares, Inc. Common Stock",N,N,32.150001525878906,0.023233655245460616,0.004088705087714972,-0.055404229936783955,0.10975236568303282,-0.09002706511748282,0.2739421642383264,0.00048273871152693104,-0.022537149626180808,0.741849121139929,3509724.2027511597,0.20791116482575717
SBSW,D/B/A Sibanye-Stillwater Limited ADS,N,N,13.194999694824219,0.1316466438679067,0.2436380887647005,0.338235309763778,0.0871047134092664,-0.35710526655721253,0.6493749618530273,0.10420717157177695,0.3057762508250994,0.9724336969282493,62765584.60394955,0.5929244307377428
SCCO,Southern Copper Corporation Common Stock,N,N,209.07000732421875,0.037002166019953764,0.07502062894489092,0.1209672629347267,0.295598716505858,-0.04838411366263107,1.2217160980877653,0.02970369711370724,0.10983592735789038,0.865560330724706,217530635.33915406,0.48598436685376667
SCHW,Charles Schwab Corporation (The) Common Stock,N,N,106.8499984741211,-0.013206504629636129,-0.004999285988827373,0.17630710583900933,0.15293844043841975,-0.05983284611051587,0.2555544329362518,-0.027899385903264906,0.012493703056755567,0.8853570261229178,778043916.3856449,0.23576089555444643
SCI,Service Corporation International Common Stock,N,N,80.5479965209961,-0.010831435353975127,-0.03361730059293255,0.052089852267174,0.051679760050643564,-0.07754757504262288,0.17677415284662756,-0.028423139839057754,-0.013831959748093592,0.5675892454169902,54159941.23979912,0.24480835637829887
SCL,Stepan Company Common Stock,N,N,61.84000015258789,0.0063466132596641245,-0.0433110615202722,0.1423021125879258,0.38413358459680147,-0.060066453496583905,0.5066469671301392,-0.016474709989757086,0.017634055818400274,0.7282838322389356,6152410.286019325,0.35270899884619084
SD,"SandRidge Energy, Inc. Common Stock",N,N,14.734999656677246,0.025400123453373613,0.0383874462031113,-0.011979521302582508,-0.0792561402521843,-0.15411745872927707,0.3859211217707623,0.03788543509965914,0.0687197937282007,0.725619923301768,4127199.133661556,0.2887630863736536
SDRL,Seadrill Limited Common Shares,N,N,48.95500183105469,-0.003561962818155129,0.04828695998447974,0.10632772499558607,0.10808061323891627,-0.10666053809090126,0.7237676932612633,0.022435980017736945,0.09906273215923789,0.6391401645635825,23783087.15606308,0.45481711609473874
SEB,Seaboard Corporation Common Stock,N,N,4309.2900390625,0.045086836899246086,0.03403891805733794,-0.1891567048772098,-0.13103840083337515,-0.27610185103920504,0.3418804075075079,0.019317384259860182,-0.01667428877222621,1.2603920478241684,84130907.42919922,0.2846749797717412
SEI,"Solaris Energy Infrastructure, Inc. Class A Common Stock",N,N,66.47000122070312,0.3390411369457891,0.13063446479973395,-0.10187813400746071,-0.028787817983189523,-0.19799706294075792,1.6943625427162097,0.174402400600409,0.11980406471186078,0.7033524788235244,131910709.9835083,0.900677789549356
SF,Stifel Financial Corporation Common Stock,N,N,79.80500030517578,0.01224003059499612,-0.05044646767880834,0.10297706347384494,0.14800621711343664,-0.08905445059325712,0.1789101534447184,-0.020730337824971024,-0.00015753620426894877,0.7602096000723009,78056949.98043862,0.2569938388124504
SFBS,"ServisFirst Bancshares, Inc. Common Stock",N,N,42.22999954223633,0.016855304202137544,-0.05398745251710202,0.029634612812575734,0.18521947297365293,-0.07724243187058122,0.2652053975405484,-0.031422024610598176,-0.03451556188607008,0.741227468278663,19115695.61602993,0.2353164671938905
SFL,SFL Corporation Ltd,N,N,12.359800338745117,-0.005647623870245089,0.070112565769467,0.07570066013520105,0.23424162725516018,-0.038895748933586716,0.8760671694578426,-0.002235298907137251,0.0432151530420557,0.9420774845963876,15339118.94106102,0.29458127169875936
SG,"Sweetgreen, Inc. Class A Common Stock",N,N,6.863999843597412,0.06089645536048627,0.27346939028273076,-0.24321939641140855,0.24347823683240533,-0.327717941434683,0.4604255579045704,0.04107259778843875,0.016876811844929618,0.6916909617132851,30528308.83183062,0.8202024465465199
SGHC,Super Group (SGHC) Limited Ordinary Shares,N,N,13.704999923706055,0.018202071683858012,0.05666920906283224,0.020393840544233433,0.30254817799857414,-0.120910853780135,0.6219839496124875,0.012017940774312397,-0.023185538753265456,0.8031441301814601,28509003.563246537,0.3885783816607947
SGI,Somnigroup International Inc. Common Stock,N,N,68.73999786376953,0.07996851870963617,0.0563681965708529,-0.04612512938609192,-0.08614901289691901,-0.2934635080776701,0.12369937366395356,0.04824796370234408,-0.0016325138375715698,1.4416702638931742,239615911.77848205,0.39064570600490656
SHAK,"Shake Shack, Inc. Class A Common Stock",N,N,65.90499877929688,-0.025362376480705495,-0.08171935541446262,0.1319992682490867,-0.24334098813011595,-0.37047476127261414,0.2591707792732645,-0.07745502646652547,0.010247314280092068,0.5460348344813568,69269804.95201111,0.4855555164018696
SHO,"Sunstone Hotel Investors, Inc. Sunstone Hotel Investors, Inc. Common Shares",N,N,10.859999656677246,-0.009124122365115728,0.020676626527794673,-0.06617098231704344,0.22156366748811984,-0.08354436227196926,0.26736168883397404,-0.02012093619479116,-0.03960101271680905,0.8202378126648763,23512280.24572587,0.1961534572786891
SHW,Sherwin-Williams Company (The) Common Stock,N,N,322.4049987792969,-0.022867140926184137,-0.11324795543445576,0.018437511116269567,0.038024091006363614,-0.12854406947252606,0.10290165326148637,-0.061118646687074674,-0.05625650179046604,0.6358263689346444,507382752.7058395,0.3253495843891096
SI,"Shoulder Innovations, Inc. Common Stock",N,N,19.975000381469727,-0.027507327598534914,0.01757520302867155,0.06818179500062516,0.31241787325994386,-0.17628864406310407,0.8142597607827995,-0.04877552608439206,-0.06241343397987609,0.6059783240802544,2113360.982256508,0.7260537249310954
SIF,"SIFCO Industries, Inc. Common Stock",N,N,20.96109962463379,-0.0255183913717969,0.005328500773688294,-0.0004244010020083566,0.5101656665568475,-0.2574884886812403,2.881685047119899,-0.012970817232977994,-0.09806024928478108,0.54583918396347,2420083.975903797,0.8305417118739966
SIG,Signet Jewelers Limited Common Shares,N,N,98.33999633789062,0.21018943825556335,0.03821785336291006,0.09390960390987879,0.25822887887330426,-0.06499349973602875,0.3352088270160589,0.1541508140110197,0.11513169609975282,1.0633965007984345,62545272.731170654,0.5259900159193335
SII,Sprott Inc. Common Shares,N,N,130.93499755859375,0.03041628923468842,0.0716562819380906,0.10593481872100385,-0.09314670723167684,-0.2079747503160133,0.9383661461634056,0.024526956041198478,0.12496367447317835,0.6258253835772388,22495917.552401733,0.5312776447406026
SITE,"SiteOne Landscape Supply, Inc. Common Stock",N,N,97.83999633789062,0.0037959896640373803,-0.011417650488783848,-0.08131458837661387,-0.2450617922059145,-0.4006738356025077,0.04318152663215069,0.007429037393994697,-0.03061915388337555,0.8012800462130444,61876204.590336606,0.4139540586512843
SJM,The J.M. Smucker Company Common Stock,N,N,123.94999694824219,-0.056840673602050695,0.06623156459743784,0.0740116193667748,0.24753778982643526,-0.06339730710152869,0.4129380259259374,-0.01185736264956383,0.04044336053312181,1.0186542259129172,163880895.94665068,0.3104077823095995
SKE,Skeena Resources Limited Common Shares,N,N,33.40999984741211,0.10191293481824704,0.002701085036380446,0.18854497054364394,0.17351600467866524,-0.12355716727297872,1.1499356453941858,0.0027462104859623526,0.11424606437659235,0.5821595133689045,17984472.611305047,0.6140207209815982
SKM,"SK Telecom Co., Ltd. Common Stock",N,N,38.2400016784668,0.012711953873680848,0.13572924734330738,-0.0020876309236564916,0.30511954519433404,-0.1686956156855044,0.9430894860509627,-0.006895071156604371,0.09222821242249801,0.7542263221750005,71174234.8503708,0.5464408422232073
SKT,Tanger Inc. Common Stock,N,N,37.25,-0.020767636606572104,-0.033973063450106644,-0.07225500279087449,0.07584558068100367,-0.10860696011935067,0.21029537567769419,-0.02038134281505044,-0.05261463887805029,0.650413822516405,26936461.309690855,0.19435742349252136
SKY,"Champion Homes, Inc. Common Stock",N,N,83.30500030517578,-0.02771942100304281,-0.11537642641000401,0.05918625160821134,0.10881143818204908,-0.14523906127916275,0.29637406685063805,-0.07389238294791978,-0.03641841351181763,0.5559686576067093,50872667.51097603,0.4154938717526793
SLB,SLB Limited Common Shares,N,N,59.11000061035156,0.039662317936350444,0.10686848791146208,0.05761304682268986,0.31792209771619495,-0.011369296601933088,0.9090509189459235,0.07277391374362518,0.1587801210567621,1.0363257074116075,634654061.1643021,0.4207318045353566
SLF,Sun Life Financial Inc. Common Stock,N,N,78.48999786376953,0.006411078518983704,-0.01765470220097254,0.03310319452535215,0.2618465990053114,-0.058201105184395585,0.4023301422150767,-0.009273432586255348,-0.018164600190283986,1.0640153962052101,86242836.72263908,0.16251859512117864
SLG,SL Green Realty Corp Common Stock,N,N,52.349998474121094,-0.041033186887811546,-0.06098657445522704,0.035551246975104034,0.4046590513623616,-0.16702541271982274,0.5255241000947892,-0.07355793714627956,-0.030821213932080482,0.6340801105616505,41163810.65953179,0.3490069378980058
SLGN,Silgan Holdings Inc. Common Stock,N,N,38.73500061035156,-0.06459790502094676,-0.05436440692172073,-0.04835457900285056,-0.027311607593679232,-0.1952109009686337,0.07427735693535165,-0.06317307217432178,-0.1002593570488951,0.8639497798317299,38030635.054216005,0.38252051527799064
SLVM,Sylvamo Corporation Common Stock,N,N,35.52000045776367,0.028968713404958768,-0.10641508282355538,-0.13642267247841044,-0.08415444987478549,-0.3364553400374609,0.028968713404958768,-0.029349052407518395,-0.05699483743852907,0.6859780360070056,8435014.937479973,0.37908505435157147
SM,SM Energy Company Common Stock,N,N,38.47999954223633,0.01752035660870699,0.19060220696857422,0.24258343211578892,0.4291406066207033,0.0,1.237088115399875,0.06640691529923859,0.1885816604006587,0.8891060939628125,123173033.77664241,0.5448640770459192
SMA,"SmartStop Self Storage REIT, Inc. Common Stock",N,N,32.404998779296875,-0.0029231144831730616,-0.04381610168346828,0.017463524108682238,0.03892728998851891,-0.12696638151269934,0.1160269705966106,-0.029814816687641077,-0.031990156054594654,1.0561865163226096,21786383.709949493,0.2350073545801524
SMBK,"SmartFinancial, Inc. Common Stock",N,N,50.70000076293945,0.014000015258789134,-0.023873659925972568,0.1171759047365677,0.354053469759845,-0.04752956605399561,0.5284266028801674,-0.011368274662517552,0.010098001561682723,0.7042354269236514,4959990.395072937,0.21150761679814978
SMG,Scotts Miracle-Gro Company (The) Common Stock,N,N,57.02000045776367,-0.035194552792894185,-0.07073439422376926,-0.06530978195992876,-0.09584640244587728,-0.2154302117702388,0.12885361565880493,-0.04974770329433542,-0.10759612465748114,0.7129324271375893,46500828.255638696,0.42592045233363934
SMP,"Standard Motor Products, Inc. Common Stock",N,N,39.599998474121094,0.05011931677364201,0.0037267126387703353,0.013662059396802428,0.14963490635054977,-0.10095813253878105,0.1608994287708061,0.028935702463716684,0.030855456420879834,1.3104075053999,6396871.481820297,0.34760910278999735
SMR,NuScale Power Corporation Class A Common Stock,N,N,10.885000228881836,0.18186755524399212,0.1006066583436327,0.1006066583436327,-0.09517868075684166,-0.7962754975349045,0.4341238484916867,0.13898554500484517,0.19090602239550436,0.9543462069291863,316655773.6106467,0.884751005046931
SMWB,Similarweb Ltd. Ordinary Shares,N,N,8.15999984741211,-0.07061502328192792,0.12551722033270485,0.863013615115781,1.9781021237265382,-0.19207925354308875,2.502145971933323,-0.06700208102398841,0.07323229686338006,0.7428906711990965,9695109.384243011,0.8736642016477213
SN,"SharkNinja, Inc. Ordinary Shares",N,N,168.88499450683594,-0.03450150769085025,-0.10014385604444176,0.26221966109751293,0.6450904781057343,-0.1243130043951104,0.996984688616144,-0.07280808905327185,0.005925861546621114,0.9468235136320868,264020501.62031022,0.40718063482787775
SNA,Snap-On Incorporated Common Stock,N,N,378.8800048828125,-0.006086063090047222,-0.07418833369649502,-0.01612802760104204,0.06031107801205238,-0.09081408899317456,0.20612777893224066,-0.03198946357948207,-0.053217009467819265,0.6477392347455838,95090472.52624512,0.19027774764846084
SNAP,Snap Inc. Class A Common Stock,N,N,5.445000171661377,0.01775705957425311,-0.011796743107150398,0.035171090252759996,0.17857149492168412,-0.40099009018044907,0.38549620335102475,0.007820129441464152,0.07977872917509665,0.7869617187912539,185499058.28195196,0.6688339396852933
SNDA,"Sonida Senior Living, Inc. Common Stock",N,N,38.56999969482422,0.020370382891667704,-0.008992766972953259,0.10042797530339898,0.07287896735139165,-0.10448107805630591,0.5107715886196511,-0.009679832235203634,-0.035185588401448475,0.859514816418279,18045871.80312729,0.3899842830257769
SNDR,"Schneider National, Inc. Common Stock",N,N,34.560001373291016,0.028265419389693847,-0.00945824081772062,-0.10093645660856132,0.4546988263270757,-0.10601329775686696,0.7243992380412911,-0.012938015369679312,-0.03622517959076399,0.6728136971226802,18727183.25175934,0.32547703790534344
SNN,"Smith & Nephew SNATS, Inc. Common Stock",N,N,27.895000457763672,-0.03710731380981669,-0.07047649966635694,-0.08750406489253082,-0.14005561262379518,-0.2621970192889008,0.0008970081728552071,-0.04337312970345797,-0.07049817717589912,1.3899475925164846,50158312.564485356,0.3080059998170435
SNOW,Snowflake Inc. Common Stock,N,N,334.70001220703125,0.0465916978824541,0.0016759368349910098,0.4378383622399047,0.9318904023493868,-0.061071026844116694,1.7636034226757622,0.019450933633083922,0.11301995170858659,1.1979865988588152,1691584778.5625458,0.5246194796642574
SNX,TD SYNNEX Corporation Common Stock,N,N,257.17498779296875,0.023012006911037552,0.012499951940821763,-0.08183582933373656,0.6874976220751525,-0.11186759991543516,0.8193757206864012,0.007057282739720172,0.019147900390077188,0.5524149960455962,133201055.52384949,0.3265582992810127
SO,Southern Company (The) Common Stock,N,N,88.91000366210938,0.009308745127805551,-0.024758926506184165,-0.046338727964670645,-0.06374152878407757,-0.0880194604063308,0.08344868717887222,-0.011596209749829667,-0.03936034429838475,0.9541321875442788,473246372.8267029,0.1671507701962317
SOBO,South Bow Corporation Common Shares,N,N,38.029998779296875,0.0058184976994279936,0.047658390594953026,0.01041260519455589,0.1739247010796705,-0.01655028238823142,0.5494318785835912,0.01734811938966141,0.029412530940114756,0.8098498917435265,19600311.229415894,0.23184277731205905
SOC,Sable Offshore Corp. Common Stock,N,N,4.849999904632568,0.016771472542126853,0.043010710787809936,-0.554227954630698,-0.7123369081223636,-0.8027653568712099,0.5746753327177798,0.04989715860096067,0.08278262058686603,0.5292374649183899,40973047.03792479,1.7365535444583735
SOLV,Solventum Corporation Common Stock,N,N,89.46499633789062,-0.016327659815059126,0.06379307920463795,0.13433489568082657,0.33330847052694335,-0.03218310282284287,0.4316689699933076,-0.0029838963023519627,0.05938797471463131,0.6630077674056369,84076926.28723755,0.31793292039889964
SON,Sonoco Products Company Common Stock,N,N,49.380001068115234,-0.08707707656102326,-0.14567471072813665,-0.01435822277227683,-0.03745635447014917,-0.17695006118509737,0.3117678753309523,-0.11688171132166525,-0.11839453495493235,0.9030220552434226,49878494.11904182,0.33126526930291855
SPB,"Spectrum Brands Holdings, Inc. Common Stock",N,N,85.80999755859375,-0.0029049501172688785,-0.018667096637744796,0.035641947590511425,0.19742826207538267,-0.05167661002166746,0.7487563150184033,-0.02363254827975214,-0.01676828460728863,0.7775468284399993,29137232.186001588,0.2907661162647815
SPCE,"Virgin Galactic Holdings, Inc. Common Stock",N,N,3.1050000190734863,0.06701028436125744,-0.05623098629926537,-0.2058823654951859,0.2034884150745604,-0.5871010602461557,0.4308755345190538,0.01362931187137284,0.08951191662050806,0.3856559996618275,21723559.356067467,0.7845258589371213
SPG,"Simon Property Group, Inc. Common Stock",N,N,210.44000244140625,-0.006749387401412399,-0.04140662500995684,-0.03926219461435232,0.12031965601300976,-0.11094209905113794,0.25671266310096486,-0.027813375388261674,-0.051756832780050166,0.6379757963180326,233975293.5748047,0.19133052639997436
SPGI,S&P Global Inc. Common Stock,N,N,423.4200134277344,-0.0381408381301066,0.03836819363157473,0.07077855140874645,0.05382513870800376,-0.1803385732817101,0.15326300747326216,-0.01513217164452596,-0.008943624589301202,0.819503935070361,768601994.893306,0.34783909927047485
SPH,"Suburban Propane Partners, L.P. Common Stock",N,N,17.420000076293945,-0.009101242781938468,-0.005707784181330444,-0.007496673035515267,-0.11844837364959848,-0.13277350198729776,0.07106404561912716,-0.010283498208746522,-0.017855363314025485,0.661150825438232,3181469.171844387,0.24007039573885183
SPHR,Sphere Entertainment Co. Class A Common Stock,N,N,139.52000427246094,0.04666167350564887,-0.14072791483571212,-0.08959214177839514,0.2647992689724392,-0.20898060772161486,1.6918772784774538,-0.09132056030930502,-0.07581590968262286,0.7682617930861216,103905564.74970627,0.5397563937547804
SPIR,"Spire Global, Inc. Class A Common Stock",N,N,12.03499984741211,0.0012478693075881342,-0.18792172096904636,-0.3398244569601486,0.12057729086516722,-0.5276687573144352,0.7143874473093241,-0.09287908784333376,-0.11029135200674689,0.5699668999408803,7131006.3831624985,0.7620544197557185
SPNT,SiriusPoint Ltd. Common Shares,N,N,24.049999237060547,-0.014748079172549833,0.06651884925719975,0.02865697606261053,0.17489008518776483,-0.08589890820056256,0.37585811595414254,0.006044612921301429,-0.0052611762097487524,0.7043857062406401,13112492.523960877,0.2870152733529646
SPOT,Spotify Technology S.A. Ordinary Shares,N,N,530.364990234375,-0.02533314997923808,0.058612754958832225,0.10034230339081951,0.026406990836221444,-0.2818640147384198,0.28495454932616604,-0.002464404828701361,0.04954705024248951,0.7591078096605999,811497182.7740479,0.38098632552491407
SPXC,"SPX Technologies, Inc. Common Stock",N,N,193.86500549316406,0.009030346985156257,-0.10574744454514995,-0.1572918803676463,-0.042452834810236206,-0.21324214677987596,0.07279618333547111,-0.047946415210332605,-0.08377350636654879,0.5364746757079869,72629618.85085678,0.47158150474716526
SPXX,Nuveen S&P 500 Dynamic Overwrite Fund,N,N,18.980100631713867,-0.0041919641378418415,-0.0062774736838321354,0.06761720810664928,0.17405653170359048,-0.014532689192196302,0.22745643123406123,-0.007576689943744053,0.007489712548790717,0.7053092215450514,3804790.4194553373,0.13128952424493698
SQM,Sociedad Quimica y Minera S.A. Common Stock,N,N,76.06999969482422,-0.03706908257470831,0.07346399101147982,-0.07839315101059607,0.045011609147419085,-0.1807505973887935,0.923159803051897,-0.001906645026497289,0.05527983246232582,0.8531732897572765,68377451.09743957,0.3813281035058681
SR,Spire Inc. Common Stock,N,N,82.94509887695312,0.001994444311317567,0.006004875039858915,0.04861062549944317,-0.08297892799484463,-0.11958656658860589,0.13876723019956172,0.00189452393569578,0.015920049092432942,0.8382840197580641,36881892.082084656,0.20859970302385006
SRE,DBA Sempra Common Stock,N,N,85.68000030517578,0.016852576939761832,0.0023396927981749194,-0.0649873501338254,-0.08571213873811212,-0.13491405604076578,0.09760577709010332,0.007857719061151291,-0.03111776441891445,1.0815020237741062,338366331.7144672,0.22742786264541365
SRV,NXG Cushing Midstream Energy Fund Common Shares of Beneficial Interest,N,N,47.999900817871094,0.06429938895483556,0.031502721173590764,0.013080148223591381,0.12455062923302229,-0.037673478268683724,0.42074897171754677,0.034022364044549835,0.019063462393710928,0.6293604326221318,2036855.3129123687,0.2664926672463418
SSB,SouthState Bank Corporation Common Stock,N,N,105.8949966430664,0.01831905777892695,-0.04063236747555443,0.07662484234433387,0.210244467330023,-0.05103503792203701,0.26374980504108003,-0.013873047318767928,0.009856737140771177,0.7495026830515238,71961737.49531326,0.20445871092102474
SSD,"Simpson Manufacturing Company, Inc. Common Stock",N,N,178.10000610351562,0.00706813659519101,-0.10900992222055728,-0.07617416769725449,0.02094831467317948,-0.1508946952497161,0.13283174889720328,-0.04146817857596308,-0.06262772561993668,0.645985770737998,39419287.81800385,0.29717505037901026
SST,"System1, Inc. Class A Common Stock",N,N,4.790800094604492,0.686901492743806,1.818117623662454,0.6076510281681149,1.818117623662454,-0.46291479219415443,2.4969343634524157,0.8783473760928895,1.1183083833047385,4.511720951317442,4520179.419567967,1.659243690394283
SSTK,"Shutterstock, Inc. Common Stock",N,N,5.070000171661377,-0.11826083971106482,-0.0628465222440574,-0.6452064251087699,-0.6896017700406778,-0.7951882527474763,0.0,-0.08525030260124933,-0.23369907060270034,0.842136343967557,4977501.733842755,1.0541948479632068
ST,Sensata Technologies Holding plc Ordinary Shares,N,N,42.21500015258789,0.030136667255906247,-0.08447192379540447,-0.16022097225454734,0.24784730052771642,-0.20961972800810325,0.49246555948767945,-0.016592023596866956,-0.05435331316366687,0.7678157325949253,56685792.57875061,0.358455937264441
STAG,"Stag Industrial, Inc. Common Stock",N,N,37.51750183105469,-0.0037838028925858413,0.021162224198905788,-0.0228739185903456,0.005638124437107761,-0.10757609386260225,0.1244606212495305,0.011434031430718639,-0.022471319561761294,0.917831792602818,52338788.58899231,0.21515311517367816
STC,Stewart Information Services Corporation Common Stock,N,N,66.0,-0.038041110437736614,0.007941304465607368,0.02017157912252343,0.044678778332033264,-0.1244788698439957,0.15935861815393748,-0.03587706165131088,-0.03466996888410301,0.9018155160631327,12957392.406922912,0.36676670646888576
STE,STERIS plc (Ireland) Ordinary Shares,N,N,216.60499572753906,-0.05392593984761962,-0.08799941458960658,0.04676190452312956,0.007827307234215652,-0.1867984592311508,0.08959829759105054,-0.06302797053013831,-0.03645739355530675,0.697287894924322,130737856.13433838,0.2845169792038848
STK,Columbia Seligman Premium Technology Growth Fund Inc,N,N,52.45500183105469,0.011668338953482404,0.013334221578899186,0.018208857613883467,0.350806725720328,-0.08258816388321588,0.7167380966901817,0.005421810606311084,0.031583841838400906,0.6697577948930178,2523893.738381958,0.3015872667165556
STLA,Stellantis N.V. Common Shares,N,N,5.364999771118164,0.002803713411771769,-0.015596337820502404,-0.21906843369888074,-0.1746154198279748,-0.5573432490283656,0.06237615217544423,0.0066137821994474155,-0.03383821911818119,0.8469802858050626,101487298.97000933,0.4222335660152442
STM,STMicroelectronics N.V. Common Stock,N,N,51.650001525878906,0.0455465572976006,-0.06159155765370061,-0.3310706880273664,0.5605070662717762,-0.3529190463122984,1.45436950577214,0.004942046583520376,-0.09592155443979311,0.6430094572190537,374802839.7791988,0.7036035912566899
STN,Stantec Inc Common Stock,N,N,71.73500061035156,-0.0009053264435016084,-0.03737246589065657,-0.00478499589898318,-0.19047345995850795,-0.3661913014357622,0.0746816570839186,-0.0269822893846432,0.0020380277675768887,0.6063489450299013,25985282.66971588,0.2510186895662808
STNG,Scorpio Tankers Inc. Common Shares,N,N,81.9000015258789,0.028765241778299533,0.11021367285795303,0.041957667279105326,0.20867304331162195,-0.043331529278841874,0.6833579164166803,0.036313107629691865,0.059747138386258,0.7995892078022889,52030972.13723564,0.3484902340959837
STT,State Street Corporation Common Stock,N,N,190.39999389648438,0.013898507394772386,0.01698532557978427,0.14148842384073967,0.5907688889124028,-0.0198702806522304,0.7676060049047384,-0.0022271994878836354,0.02737652998164175,0.5449756108165891,234886048.68262178,0.24148824451873263
STUB,"StubHub Holdings, Inc. Class A Common Stock",N,N,6.051300048828125,-0.017646071635805338,-0.261135487317703,-0.47196334828227526,-0.13056034257735138,-0.7249409068714489,0.0,-0.11122240123375715,-0.3048977675159503,0.7952568434525842,51928678.477200605,0.6789182670595815
STVN,Stevanato Group S.p.A. Ordinary Shares,N,N,20.25,-0.022211448807718304,-0.0380047157271185,0.18559719499144545,0.33440880399471773,-0.26392450576015747,0.5132572454733231,-0.0540035522608423,-0.00586173683045732,0.6807369261716535,8511067.242495347,0.3970628253036252
STWD,"STARWOOD PROPERTY TRUST, INC. Starwood Property Trust Inc.",N,N,16.014999389648438,0.031229856086060437,-0.0387155140258818,-0.03050258156321861,-0.03912441186012694,-0.13912747128091374,0.031229856086060437,-0.0050168812338851065,-0.019199592079118588,0.8853416756882515,58341211.86864281,0.18050593379927998
STZ,"Constellation Brands, Inc. Common Stock",N,N,122.18000030517578,-0.06468655180115146,-0.08807281533550493,-0.17081197415835825,-0.18492722946725604,-0.2562730226472397,0.009918969374647535,-0.07248973103675216,-0.0731676333893706,0.9689113833358212,243852134.65216446,0.3084932617140389
SU,Suncor Energy  Inc. Common Stock,N,N,68.77999877929688,0.003352025940082104,0.0938883417841998,0.12372162177018908,0.12424243350091135,-0.0007093031105253056,0.839665546966494,0.03215263222158904,0.0851975482266285,1.0920820116593979,278223939.6223968,0.3123201158393767
SUI,"Sun Communities, Inc. Common Stock",N,N,117.17009735107422,-0.03516061433210382,-0.012639258793412544,-0.06843093797582434,-0.09768881198259216,-0.13018189261338853,0.006600372798955423,-0.03495799495816332,-0.03346695069639183,0.6715064504582744,253999628.6145607,0.2185616226803802
SUNB,"Sunbelt Rentals Holdings, Inc. Common Stock",N,N,75.30000305175781,0.12270766951514833,-0.06517690628300266,-0.07634257668748401,0.07157276243713562,-0.11594624407647147,0.20592272578957926,0.003170754295222844,0.00705088939423848,2.326022052634112,482501923.6143929,0.5062474795817051
SVM,Silvercorp Metals Inc. Common Shares,N,N,12.53499984741211,0.05336136548214965,-0.005947645623084807,0.1092920031709248,0.24733679137250886,-0.2012598119725526,1.5660959220356965,0.004427166392852344,0.14828282999266085,0.6732647207116362,29200432.884073257,0.6385892155214801
SVV,"Savers Value Village, Inc. Common Stock",N,N,10.0600004196167,-0.008866916482367926,-0.14745760533837782,0.007007072082314991,0.2686003325834021,-0.266229001340222,0.4169014865835148,-0.047032594689170204,-0.024210406676602347,0.686618708790244,21064602.497358322,0.5466571872072159
SW,Smurfit WestRock plc Ordinary Shares,N,N,43.665000915527344,-0.038850965832975204,-0.11198767048429004,0.01715543486181148,0.15517160122083773,-0.14030631078691014,0.37117013461619663,-0.08105406325097386,-0.05761086389065262,0.7854294079444997,197310657.00844496,0.43808688935392465
SWK,"Stanley Black & Decker, Inc. Common Stock",N,N,93.16999816894531,-0.005598931073924951,-0.096338068440601,0.12390380757613029,0.36434074750858225,-0.096338068440601,0.5641850170863696,-0.0448359968641594,-0.013255544246058237,0.7824114195763796,137024055.587603,0.3616602038624395
SWX,"Southwest Gas Holdings, Inc. Common Stock (DE)",N,N,88.78500366210938,-0.0063233891624000504,-0.02297274594858989,0.004468792982235126,0.043770127520074364,-0.04246163750415932,0.18522358549743334,-0.012861906272552681,-0.016888617024441666,0.842496258075677,35266127.676676944,0.17035274540139428
SXC,"SunCoke Energy, Inc. Common Stock",N,N,10.270000457763672,0.005876632653528224,0.1234748436908113,0.08481510333060904,0.7460553797292617,-0.02838214245242099,0.863074956802685,0.04428362414285858,0.13535741703413784,0.6431101975131027,10610337.8607666,0.43644718354149226
SXI,Standex International Corporation Common Stock,N,N,271.0,-0.04952299157898077,-0.17259487372144222,-0.10518147877310458,0.0684751551221876,-0.24155462320882848,0.36952814497850395,-0.10140526301071418,-0.12205031200082772,0.6837333431388545,33211999.65250244,0.43454232914273444
SXT,Sensient Technologies Corporation Common Stock,N,N,133.42999267578125,-0.010383513581996962,0.011599688021954213,0.07867071804428627,0.5690235629821407,-0.029247030641802785,0.6193322815520721,-0.004962931248717828,0.05816813451543057,0.5394367041908941,40426073.96140442,0.37084375872511444
SYF,Synchrony Financial Common Stock,N,N,77.97000122070312,0.017619399970346672,-0.006371861758912356,0.06743014304946238,0.2064507682625638,-0.10766939089131045,0.23274379740013296,-0.015915478661619353,0.017093962943278695,0.8013875882942191,244945182.94806367,0.335956464263078
SYK,Stryker Corporation Common Stock,N,N,275.80999755859375,-0.13103338732720526,-0.20778399427288086,-0.11420148639626337,-0.19813021839109524,-0.29061485228661577,0.0,-0.14415421251050153,-0.15574140129457703,0.9668916331964704,771039436.3489288,0.4212156974636252
SYY,Sysco Corporation Common Stock,N,N,81.76000213623047,-0.0042625559800199,-0.029670068082339185,0.03929679511151307,0.004997770359710607,-0.09036455625503192,0.19657102239356927,-0.007357378634667233,-0.014771100209693966,0.6423480836639347,183530180.0003887,0.1847452950132789
T,AT&T Inc.,N,N,25.325000762939453,-0.025961509117713333,0.033673500528141,0.08838420497857147,-0.05389635181025698,-0.10884187043689497,0.2531298767548058,-0.0034725779566850967,0.0721743307799263,0.4674767436104292,745848769.852597,0.2912729310919275
TAC,TransAlta Corporation Ordinary Shares,N,N,12.420000076293945,0.05522511412491271,-0.000591818326507787,-0.0685128307243309,0.006230551739153656,-0.2913823440657055,0.0626067792890097,0.012198937630999218,-0.03641124331966372,1.1507798444195858,23444940.10583391,0.308013015179319
TALO,"Talos Energy, Inc. Common Stock",N,N,17.489999771118164,0.01273881340608729,0.12331407282764384,0.1691176287780658,0.2265076781481652,-0.014647900218694998,0.958566536776158,0.041164375224997496,0.1434062743181057,0.7865012127973535,27027616.144440748,0.4857351688733342
TAP,Molson Coors Beverage Company Class B Common Stock,N,N,38.86000061035156,-0.02263575827904951,-0.06353128927073981,-0.054522490939369894,-0.0505095432640148,-0.26088146434759396,0.022975720017862855,-0.05172108248024798,-0.042634026453656215,0.8913497763066742,100612239.00995712,0.3244831074037426
TBBB,BBB Foods Inc. Class A Common Shares,N,N,50.400001525878906,0.010020039773760203,0.21621629334212877,0.19658126315207936,0.5098861567749102,-0.010017645316475643,1.0895522293638842,0.024879794159242463,0.13823197542412524,0.7716059512018585,42516532.277721405,0.41977464308942675
TBI,"TrueBlue, Inc. Common Stock",N,N,9.324999809265137,-0.07306168784231193,-0.08488712529325015,0.33595985441027576,1.634180765466429,-0.14055304318782114,1.8172205348845285,-0.09106417783596843,0.029488052340364,0.6872446157827452,2164710.999902344,0.8902546381943558
TBN,Tamboran Resources Corporation Common stock,N,N,40.400001525878906,0.01431081266935319,0.1154058576559771,0.0007431903588792643,0.2700409369429093,-0.19183836428472822,0.9707317817501906,0.06248687519033869,0.15998625569883673,0.8844640678956085,4714295.674322128,0.4194442287246807
TCBX,"Third Coast Bancshares, Inc. Common Stock",N,N,45.09000015258789,0.027575183569261252,0.004008022840956471,0.12499995241146333,0.23601975653489116,-0.022545000898475664,0.25076286010663584,-0.003524903503954069,0.04237946749197352,0.8656109763350998,4217553.502929878,0.267929744989328
TCI,"Transcontinental Realty Investors, Inc. Common Stock",N,N,38.47999954223633,0.05107891015320054,0.06268987890521882,-0.07210035183153296,0.12317575678486703,-0.34680020977921056,0.16253780411263574,0.028011153369077002,-0.05564991680455689,2.970369656483733,2906358.170344734,0.6859907579536982
TD,Toronto Dominion Bank (The) Common Stock,N,N,118.9800033569336,-0.004351436343651982,-0.019691845889125537,0.020805788011398763,0.27989183379454463,-0.04663461179893169,0.6023281357241788,-0.013902959551900906,-0.013754887020827278,0.7543316683273119,218278924.42557526,0.19899296475414793
TDAY,"USA TODAY Co., Inc. Common Stock",N,N,6.269999980926514,0.014563131891232706,-0.08333335657101104,-0.18992245912938654,-0.015698572437853553,-0.3056478221109027,0.7965615942100766,-0.039816231485820586,-0.18267852002187113,1.0463639907888047,16526782.205550408,0.4241533121228916
TDC,Teradata Corporation Common Stock,N,N,27.43000030517578,-0.04258287363345792,0.021221134842586142,-0.1687878695401278,0.027725730847172114,-0.27587118448461556,0.34329090120914874,-0.01758531924257134,-0.08190245797273443,0.5243942513428165,54894146.347221375,0.6717539798612078
TDG,Transdigm Group Incorporated Common Stock,N,N,1135.509033203125,-0.017521783407791314,-0.08577099168218871,-0.09596832207240702,-0.0536951108799798,-0.21689032192887936,0.0023206591245155117,-0.04846618032493122,-0.08027171401758526,0.7115276035551978,385052316.4043579,0.25632443855097853
TDOC,"Teladoc Health, Inc. Common Stock",N,N,6.114999771118164,-0.023163011575412007,-0.102055826358452,-0.16689378147190148,0.12822872417733278,-0.37088481449318045,0.3680089615520954,-0.050429008869074976,-0.20368275189442508,0.6761670242817535,21525504.28904743,0.7735800552821535
TDS,"Telephone and Data Systems, Inc. Common Shares",N,N,37.73500061035156,0.12239743632365752,0.13216317243621,-0.0592046497260168,-0.09265109137280492,-0.20555169120163308,0.1441783242606074,0.08345957351863342,0.08986043269689281,1.0269836146946585,36653610.60924606,0.3689157908267585
TDW,Tidewater Inc. Common Stock,N,N,93.7300033569336,-0.02476326332643508,0.027741299269200992,0.2186971641390103,0.24525053191386914,-0.06838283681224921,0.9820258308804135,-0.0007462328685117203,0.12974810087110566,0.8005997842602045,54423384.77632942,0.6054309793148241
TDY,Teledyne Technologies Incorporated Common Stock,N,N,603.2100219726562,-0.01195719591194122,-0.11519049694403427,-0.03643653053727158,-0.04836949750060804,-0.12742654039608314,0.24509261760845424,-0.04943274933680131,-0.06537028247467402,0.5819723439117538,139758576.85923156,0.22819470076605838
TE,T1 Energy Inc. Common Stock,N,N,5.014999866485596,0.17172888332876002,-0.08318097644572542,-0.41000001570757694,-0.31582538626412326,-0.5834717705668699,1.8657142094203403,0.07727830172162409,-0.09569579175126308,0.5950871935191437,100387671.46661277,1.15007280769345
TECK,Teck Resources Ltd Ordinary Shares,N,N,70.58000183105469,0.056745034639552605,0.06713036713606546,0.0900219416847472,0.44563339132913304,-0.019313594081871277,0.8520166346054325,0.0390337228596096,0.11553661816112992,0.9087315863783257,191400766.41147462,0.45678334327561343
TEL,TE Connectivity plc Ordinary Shares,N,N,205.0449981689453,-0.01420673957237828,-0.05873319061217652,-0.02155326136801672,0.05294942424763849,-0.16757207828514942,0.055153806446303966,-0.006442450204429018,-0.0010807970535281486,0.7898067904996209,392579634.7364441,0.3225947361196012
TEN,Tsakos Energy Navigation Ltd Common Shares,N,N,43.779998779296875,0.02241940895176353,0.14517392894365422,0.1585921557471266,0.2557624299719887,0.0,1.1349152668489686,0.035061556444820674,0.09818793150458838,1.022270500847925,9910986.462075043,0.3636178639536022
TEO,Telecom Argentina SA,N,N,13.109999656677246,0.0007633034287284346,-0.028888914320204018,-0.14089125425669335,0.1591511202721556,-0.17959949735752234,1.0107361495443241,-0.008957960120740793,-0.02120355489511605,0.7908190730472326,3121432.2400818826,0.3254195139178073
TEX,Terex Corporation Common Stock,N,N,62.64500045776367,0.056586262277450894,-0.07507755274087646,-0.015580753016078197,0.0724188514416162,-0.15787150138970085,0.5114084942720307,-0.028951623566578433,-0.04468171970364265,0.682612341890757,57910594.17995949,0.4386575732214346
TFC,Truist Financial Corporation Common Stock,N,N,50.25149917602539,0.016413846518151143,-0.029831523162849316,-0.017624565931601333,0.16957073631805186,-0.07179709188484651,0.2753506744344214,-0.01533740305530873,-0.018509968208110905,0.6538847457967841,274272723.0541342,0.24623050586289
TFII,TFI International Inc. Common Shares,N,N,133.09500122070312,0.041187509303229675,-0.062182899253822366,-0.1675196812442986,0.3325088010747437,-0.18260388949665718,0.661880103997613,-0.03149927923564777,-0.06226814623848498,0.5773144270519431,26481919.983776856,0.3729787331255534
TFIN,"Triumph Financial, Inc. Common Stock",N,N,68.0,-0.021582733812949617,-0.10924805787226832,-0.10147991905664067,0.22544598924364023,-0.16132216990213333,0.44834928423849174,-0.06843572782670859,-0.10184544547796626,0.7236262124262572,11626042.137998963,0.31764559260761277
TFPM,Triple Flag Precious Metals Corp. Common Shares,N,N,34.494998931884766,0.05650834057522136,0.08054971392367949,0.18504731490370485,0.016124437770158817,-0.1617994252597612,0.28700110181322036,0.03260926878995485,0.11569199924514018,0.7844115938236559,18582162.244737245,0.4179258645526647
TFX,Teleflex Incorporated Common Stock,N,N,136.14999389648438,-0.03082290691019618,0.02207441544207933,0.0460439963929542,0.269275102595657,-0.0415347344492748,0.3677241523927246,-0.011400926018819812,0.00641712754515944,0.9551831832372044,75789893.18537903,0.2940561317170109
TGB,Trekor Metals Limited Common Shares,N,N,8.96500015258789,0.06220386235857456,0.016439961766524958,0.19533335367838545,0.44363930716866684,-0.07386364979819149,1.652366819245147,0.01629590362105926,0.13227328661047433,0.9392635622961436,46398742.3041666,0.7361484314920581
TGLS,Tecnoglass Holdings Inc. Common Stock,N,N,39.885101318359375,0.05739925841963944,-0.06745146384211986,-0.08620704572958815,-0.0779653196848219,-0.454272733355763,0.05739925841963944,-0.012042073092647487,-0.07470544402645563,0.9064615298989702,8795063.003601074,0.42723984117701347
TGS,Transportadora de Gas del Sur SA TGS Common Stock,N,N,29.359600067138672,0.004433818916592003,0.047061309148552555,-0.11192985942044986,-0.08990695614694266,-0.16875423780252696,0.4592245945580844,0.029169069129205916,-0.002649402146186808,0.802436261299844,5571166.130666924,0.3421450834982171
TGT,Target Corporation Common Stock,N,N,161.05999755859375,-0.01642749582538172,0.06570507917901591,0.20014958623306378,0.4239860170426737,-0.051974818192816574,0.9777223894230207,0.0013397978611360273,0.09275940164438068,0.7258389436936853,730566236.8331085,0.33264151561236255
THC,Tenet Healthcare Corporation Common Stock,N,N,259.4150085449219,-0.024168627300168888,-0.0001349148601367256,0.4852570886622465,0.2765857978155326,-0.07605862914255457,0.6075789576403823,-0.031112553590146197,0.07847693701527758,0.6388344681815527,191565741.09414825,0.5241245778388687
THG,Hanover Insurance Group Inc,N,N,222.32000732421875,-0.01593480379737988,0.0017121964433284287,0.12481666678246817,0.3109701842174095,-0.044319293909602986,0.34085835577228996,-0.012887222747104743,0.000965339679217303,0.6579499348978903,57379653.57936096,0.2286951884372184
THO,"Thor Industries, Inc. Common Stock",N,N,73.58360290527344,-0.010840119518635394,-0.0950239193864506,-0.03983097401393709,-0.0436195174898214,-0.38010905093167624,0.03025921438268453,-0.04880579699302112,-0.04089448890291325,0.7798849765921863,39966505.8987236,0.33886470397608587
THQ,abrdn Healthcare Opportunities Fund Shares of Beneficial Interest,N,N,19.399999618530273,-0.011213109647946418,0.0018929330957440094,0.07120265062753361,0.16986868865088356,-0.026593109810834625,0.2859854689221677,-0.010026569460090395,0.02065848447503038,0.5287876364049549,2457475.690207958,0.18344770461619928
TIC,"TIC Solutions, Inc. Common Stock",N,N,9.588000297546387,0.03096775278547237,-0.09032254912259696,0.13333336339398927,0.2500652154072984,-0.3383022464460329,0.46605509991925853,0.004620777314560343,0.12983967326668777,0.5390601814806066,14059887.779705573,0.5630340151269392
TJX,"TJX Companies, Inc. (The) Common Stock",N,N,127.0999984741211,-0.04629703309475186,-0.18132126535484783,-0.24291301088400108,-0.16321947148253335,-0.24291301088400108,0.0,-0.08908806745574427,-0.14546813339256182,1.2378897108949853,1061462798.595507,0.23852961838055084
TK,Teekay Corporation Ltd. Common Stock,N,N,13.364999771118164,0.028076905470628022,0.18274332261307769,0.08394159398348289,0.2640474034755982,-0.019442431481859423,0.8288686351428594,0.028769343356007226,0.13325134567177677,0.8855085809415209,6743684.854674911,0.43851158704959636
TKC,Turkcell Iletisim Hizmetleri AS Common Stock,N,N,5.324999809265137,0.060756938146906414,-0.017527724297333847,-0.1095318073109024,-0.12990197567974615,-0.25524479185458104,0.060756938146906414,0.0012691762989018862,-0.03646072325328009,1.1813690125837928,10542320.171507979,0.2710451311240264
TKO,"TKO Group Holdings, Inc. Class A Common Stock",N,N,190.88999938964844,0.04729245029424667,-0.019719593396712476,-0.05765911789634359,-0.04673707256329518,-0.14471122048694884,0.0942747539401676,-0.0041344387028152685,0.010868602616183942,0.6552404134803956,188032915.8076233,0.33856279867111355
TKR,Timken Company (The) Common Stock,N,N,122.96499633789062,0.03253841732437013,-0.040793310315612286,-0.10042007233803951,0.25920209306737063,-0.15155233282642455,0.7607034394158543,-0.01605297198953226,-0.06897894200902877,0.8020831101545169,99679122.3859909,0.3344135905967227
TLK,"PT Telekomunikasi Indonesia, Tbk",N,N,15.145000457763672,0.027476302098665917,0.035201663656476034,0.034619698519072095,-0.09241876554837436,-0.2996556288680453,0.16624512050619322,0.023224422077873674,0.03870187584422369,0.5894630249797701,7521532.961190986,0.2475878263156092
TLYS,"Tilly's, Inc. Common Stock",N,N,4.099999904632568,0.03535350129721371,-0.014423063697193705,-0.24770641318877384,0.14845937851554702,-0.24770641318877384,2.474576344814704,0.038500472520799134,0.023669208676292852,4.44375454268787,5109057.46403203,0.7057112475353469
TM,Toyota Motor Corporation Common Stock,N,N,193.91000366210938,-0.020903808764731524,0.021546708355693944,0.10837386135809068,-0.07268900054457628,-0.2190180478250494,0.16462464661927556,0.0036360077553656556,0.042369987891381244,0.7903482599047613,62324615.99745331,0.24828543409445306
TMO,Thermo Fisher Scientific Inc Common Stock,N,N,602.3200073242188,0.0030308198571502576,-0.004429739959968981,0.284620499491927,0.29747530735032934,-0.056189125394991546,0.37547062921745633,-0.015758282376244326,0.04851342447904328,0.7428574580092493,967672734.3547211,0.30073743643405976
TMP,Tompkins Financial Corporation Common Stock,N,N,97.16999816894531,0.01695442245365464,-0.01947528087681838,0.0634182655806601,0.3400320207936305,-0.03991701365549316,0.6172235279776621,-0.012339427375262169,0.004897708859772143,1.0223043117776787,10181194.449609375,0.2724571758710337
TMQ,Trilogy Metals Inc. Common Stock,N,N,3.470900058746338,0.03608959927031097,-0.11681933847642034,-0.11681933847642034,-0.03047482326389983,-0.6725566100154153,0.8172251934045931,-0.04331394140742861,0.016304096484993646,0.7692781571864262,4037939.742819667,0.5927802418272554
TNC,Tennant Company Common Stock,N,N,72.5999984741211,0.0488297774315416,0.09959144743577686,-0.16062495589584358,0.14403955496100318,-0.19994620809982588,0.2015139401383661,0.04782724621919199,-0.07062871787867298,0.8348118813886521,15241831.758997727,0.42465150750778
TNET,"TriNet Group, Inc. Common Stock",N,N,65.19000244140625,-0.026142813507241902,-0.0205828600877197,0.38400703229663535,0.7692838813911245,-0.0904143420272453,0.9527458211318867,-0.05180936702930061,0.012084817087956168,0.8866133750019014,21448385.261915587,0.4943562327954786
TNK,Teekay Tankers Ltd.,N,N,93.31999969482422,0.056851602146875235,0.2045953043032267,0.24168411525263922,0.44318546105838696,-0.0005355365779898813,0.9555220708170244,0.04712159270353866,0.171530317948269,1.3762252062074214,43524446.06446495,0.45308995760907567
TNL,Travel   Leisure Co. Common  Stock,N,N,64.0999984741211,-0.031136715144531868,-0.13167165078415233,-0.1353028348970351,-0.07067613867327383,-0.18291904438936546,0.13091780013546717,-0.09294808856076431,-0.12681484134129173,0.6913200660694513,38921337.281578064,0.29867126139424044
TOL,"Toll Brothers, Inc. Common Stock",N,N,136.55999755859375,-0.02603244405174432,-0.10692567988975277,-0.07002111511060494,0.0008325737286252188,-0.1749697190999997,0.10198086616281499,-0.05621193412928771,-0.0824327448461124,0.7067058176511967,124334421.60943909,0.36503705167943473
TOST,"Toast, Inc. Class A Common Stock",N,N,32.79999923706055,-0.023518931584954994,-0.05963307819265162,0.32151489284266255,0.17773783798165943,-0.20925748314769177,0.46887592248664967,-0.058702011315557634,0.006882385655117673,0.745372854782874,287408989.16113377,0.38219688692527987
TPB,"Turning Point Brands, Inc. Common Stock",N,N,73.26609802246094,-0.05730703973606932,-0.16818691531147034,-0.11157066157318718,-0.17276796693530017,-0.48658153616210864,0.038955247326969866,-0.11255326714251035,-0.1115720276123372,0.6833291508187493,19192484.237161256,0.5113827098974072
TPC,Tutor Perini Corporation Common Stock,N,N,89.23500061035156,0.031141664736690222,-0.0841521147789871,0.1922403022380912,0.2553336770699217,-0.09875248501286815,0.5239132231951429,-0.014047281113912402,0.03653452191837059,0.5355467966879985,35309701.41676712,0.5280976755472283
TPL,Texas Pacific Land Corporation Common Stock,N,N,386.135009765625,0.04380563190518694,0.05968961240746351,0.020703888652526592,-0.2692683126285781,-0.28241304933699807,0.4175515109797774,0.050575915385279835,-0.0007232537042839438,0.6983611788355409,123967918.61369629,0.44235062585910995
TPR,"Tapestry, Inc. Common Stock",N,N,115.0199966430664,-0.05472397834152498,-0.2808270848137313,-0.21682256031300706,-0.1746686992417369,-0.29933237220958075,0.17904211505715328,-0.09542564316058122,-0.17293397489881357,1.0905501781493496,481415947.8938511,0.4650093185172707
TR,"Tootsie Roll Industries, Inc. Common Stock",N,N,38.380001068115234,-0.04787894416829708,-0.029828115880007555,-0.010464729386917337,-0.08003035754698218,-0.14141639724333988,0.13958240289762447,-0.05037606189119792,-0.030416305089248197,0.5801614705289394,5678265.603702927,0.2759467812766593
TRC,Tejon Ranch Co Common Stock,N,N,16.510000228881836,0.026741312637809767,-0.0024168586116390944,-0.14278296818897052,-0.09534245321195423,-0.1938476270552194,0.06310370333297821,0.012572840311886324,-0.03716057439327014,1.1657180096360311,3029044.069489956,0.1771398226042906
TREX,"Trex Company, Inc. Common Stock",N,N,45.220001220703125,0.04337796634739921,-0.09087254333005879,-0.00898531312326889,0.22084233539386022,-0.27380759774725194,0.5008298201211296,-0.03142200281287655,-0.021233284742408265,0.6296462930036952,60470776.923864745,0.4071739671702535
TRGP,"Targa Resources, Inc. Common Stock",N,N,296.8450012207031,0.002651501954275437,0.1182708139760269,0.09403610211600633,0.28101590296746215,-0.017882543521246852,1.0726458214163155,0.024423867372485475,0.0672450077773683,0.7426647665220283,338459364.3190155,0.3342023032730738
TRIN,Trinity Capital Inc. Common Stock,N,N,18.02910041809082,-0.016952002830447066,0.00038216371762422874,0.08785829776073006,0.30176928799626945,-0.03742120348508149,0.42017251015649415,-0.01671178577338106,0.011906457410805649,0.8261533328714379,15434661.65991583,0.20615546826873463
TRLV,Trulieve Cannabis Corp. Subordinate Voting Shares,N,N,12.21500015258789,0.04045999921041621,0.3134408496848311,0.18019320795941152,0.966988740346735,-0.06038460364708531,1.5661763792514138,0.11356749029725433,0.26223225056223654,1.187963971795707,14550732.034175301,0.6207341261202116
TRN,"Trinity Industries, Inc. Common Stock",N,N,28.061599731445312,0.007236149198749375,-0.023604733649114307,-0.18573706592246897,-0.05307399403319912,-0.2628946688628314,0.15993113116850743,-0.03434256101609301,-0.12996530920909644,0.5668913844357468,14202020.044706345,0.37642663654643793
TRNO,Terreno Realty Corporation Common Stock,N,N,65.58499908447266,-0.013017274695185876,-0.03918844078585215,-0.017228202458588027,0.07121195071981679,-0.1264651373870198,0.2020426605345833,-0.02665801753791819,-0.0536716917306399,0.7179778342890292,39926184.0021534,0.2048090627007071
TROX,Tronox Holdings plc Ordinary Shares (UK),N,N,4.739999771118164,-0.05952384781855513,-0.2582159827610305,-0.40440315660035797,-0.3670724479037367,-0.5416106658973737,0.680292721343132,-0.1245729480491442,-0.18828916902387938,0.7818569535335678,11979042.113034725,0.6275161446304323
TRP,TC Energy Corporation Common Stock,N,N,63.720001220703125,0.00918596510391767,0.0012570998086416374,-0.07335190570186656,0.01801567520066638,-0.09732250281333266,0.30446669184415076,0.013850571959533431,-0.027531879438510987,0.6603331578935446,103950376.59330216,0.19840000989181625
TRTX,"TPG RE Finance Trust, Inc. Common Stock",N,N,7.75,0.00911460588880253,-0.03125,-0.0716685559330027,0.029962974273498366,-0.11717463344089729,0.04969409351509246,-0.010406691650705291,-0.04879965235577244,0.698617968875577,5821812.956344223,0.18785670352206266
TRU,TransUnion Common Stock,N,N,76.0999984741211,-0.09047448142091485,-0.05171034940933561,0.15248819126357427,0.04516453994211167,-0.18272198904121173,0.1828967143493978,-0.07533283756412223,-0.04594931854338491,0.8156039920201226,149944654.16298828,0.42526623919799483
TRV,"The Travelers Companies, Inc. Common Stock",N,N,363.8349914550781,-0.00023362818619243608,-0.031348990590501113,0.19501741334299605,0.22090578597030208,-0.08404664836370024,0.40741301698366317,-0.010384133295469056,-0.0019561421699850756,0.6574635529235976,547046543.6996841,0.28178023171692507
TSLX,"Sixth Street Specialty Lending, Inc. Common Stock",N,N,17.81999969482422,-0.03414639794382657,-0.050106637664665166,0.08131069112918521,0.00407419659014141,-0.20753977924156897,0.09999992935746138,-0.04255321710923887,-0.005702446863224631,0.5279003375907572,6954478.213275147,0.25384684004223446
TSM,Taiwan Semiconductor Manufacturing Company Ltd.,N,N,436.6499938964844,0.0547101301847448,0.03456853627988066,0.030004957045894454,0.2889023030559408,-0.08568380090911798,0.7594416228112189,0.03547137267504441,0.03921923717576892,0.6631902276278736,3737886248.439218,0.4545596871306329
TSN,"Tyson Foods, Inc. Common Stock",N,N,52.70000076293945,-0.04286234201760064,-0.05738107708233997,-0.07379447030387609,-0.12381074576100692,-0.2197774350531263,0.07557427654044901,-0.05174189404181573,-0.07360033962676804,1.0409744410642412,170473352.51245156,0.2833758130139972
TT,Trane Technologies plc,N,N,441.7250061035156,0.0059509405150584005,-0.08511176096476336,-0.0337822051570974,0.04001416629052268,-0.12054719312558093,0.18174545965782696,-0.02875511108283646,-0.052037398540879076,0.7626427241067776,393650176.1306534,0.2896022551853136
TTAM,Titan America SA Common Shares,N,N,15.204999923706055,0.03788398086193667,-0.050281092671289995,-0.08250123926455077,0.020464594477344944,-0.21299170994399974,0.07579977851892705,-0.003881626427291951,-0.06392174139595697,0.7728835584492989,3499253.238341904,0.3655757995837659
TTC,Toro Company (The) Common Stock,N,N,94.30999755859375,-0.037260122090563175,-0.04554195032068009,0.04392598051845997,0.006430328876556812,-0.06517502841969558,0.4062047102067523,-0.03224650183325273,-0.018283211254051746,1.3195883467073137,75298531.22817993,0.28639593692346466
TTE,TotalEnergies SE Ordinary Shares,N,N,91.68000030517578,0.014720551782141378,0.04241050012916614,0.04158150195064425,0.06635065454477362,-0.0205128012846727,0.6394146928171416,0.031085526949444553,0.07668819895344914,0.9862319143089404,137964921.6252529,0.27488516429498244
TTI,"Tetra Technologies, Inc. Common Stock",N,N,7.139999866485596,0.09341495207932748,-0.1904761776040067,-0.31346152611738076,-0.07031249660455308,-0.4204545419359713,0.5159235262542892,-0.024123574084839894,-0.1320837424496002,0.9920460636858645,12919973.019502282,0.5865443714275803
TU,Telus Corporation Ordinary Shares,N,N,9.5649995803833,-0.00880829445669118,-0.007780161853562895,-0.19486536294251233,-0.2622329320506843,-0.3872884593192444,0.004726798367213458,-0.01688212088425456,-0.046313416292200316,0.7040311440349778,50420908.19161005,0.3276962145359104
TWI,"Titan International, Inc. (DE) Common Stock",N,N,7.869999885559082,0.06207827903095353,0.10224090094175331,0.019430064694821336,0.08551722559435615,-0.3096491097449958,0.22585666542580074,0.09870164358305722,0.06688716574543352,1.1166904437086067,4364815.603010559,0.4804127618099584
TWLO,Twilio Inc. Class A Common Stock,N,N,227.47000122070312,-0.005160694105749486,-0.11127171739446529,0.11461191287626304,0.7974713214955036,-0.11127171739446529,1.2726547061985536,-0.01825635748936527,0.04914134849763818,0.7210517701216054,433951231.13828737,0.6596258138701461
TWN,"Taiwan Fund, Inc. (The) Common Stock",N,N,102.30999755859375,-0.012165705705736718,0.09095754841468362,0.07933322682176036,0.5706171095674295,-0.020582055760313467,1.1807885036300192,0.023780798565110173,0.0939858929148989,0.7440032018274807,2762889.3467208864,0.3799191342384747
TWOD,Two Harbors Investments Corp 9.375% Senior Notes due 2030,N,N,26.100000381469727,0.00038329738686648795,0.03243669590789988,0.03284526745827798,0.026750602011599955,-0.003170002723743015,0.03942651322397972,0.013649325785032085,0.01791611517245295,2.30214080424602,2691406.7480313303,0.07318661986977032
TXNM,"TXNM Energy, Inc. Common Stock",N,N,58.125,0.004753699794856958,0.01422087955295015,0.02615872625052562,0.012451520718514075,-0.015591418030137527,0.057959431251821236,0.008733676751141228,0.01424480668646888,1.068198353307116,63724315.56277847,0.05820479741917798
TXT,Textron Inc. Common Stock,N,N,79.1500015258789,-0.007025436771116889,-0.10270941676257828,-0.14727427509038848,-0.11148272733937514,-0.21420865050367277,0.0010117848914057426,-0.048443406126339794,-0.09453239939141922,0.9015657648026181,113209673.89823952,0.28579099969327976
TYG,Tortoise Energy Infrastructure Corporation Common Stock,N,N,43.0,-0.016018323815067292,0.01520448159392318,0.024125968982739998,-0.09562749922718061,-0.10639292356428365,0.15939305285248828,-0.010060862348326038,0.002655543836245,0.7107519568542843,4697608.804557038,0.12937827803850294
TYL,"Tyler Technologies, Inc. Common Stock",N,N,340.80499267578125,-0.09463911137039438,0.055352554440325274,0.14042630455142247,-0.009143827357554923,-0.38968677304126176,0.23807536701305443,-0.031177162597745833,0.041169875258027844,1.3426433580380845,339806696.77335817,0.4541331190221882
U,Unity Software Inc. Common Stock,N,N,42.310001373291016,0.03396879928016694,-0.035559553147377465,0.5532306067840413,1.1466262475183178,-0.14473417567686775,1.469935986348149,-0.04303079427229317,0.139614214988524,0.9100935601048993,416947653.9080488,0.5422326748618979
UA,"Under Armour, Inc. Class C Common Stock",N,N,4.940000057220459,0.029166637692187747,-0.049999954150271586,-0.15986395219821115,-0.16835016672843872,-0.37309644854352275,0.24747474990734197,-0.024486558008497417,-0.17385776965993882,0.6799483332152662,11354843.181536604,0.49348608057033894
UAA,"Under Armour, Inc. Class A Common Stock",N,N,5.063799858093262,0.02922759747346082,-0.0517229001127979,-0.16300831430582363,-0.17258170706147535,-0.37791159158278176,0.21434047133008072,-0.02369336937059896,-0.17302439964418503,0.6748003610370672,36072856.045693494,0.4954852936889358
UAMY,United States Antimony Corporation Common Stock,N,N,5.235000133514404,0.11858981314809225,-0.20440726531712572,-0.25639202246011394,-0.43950748950856167,-0.7003434264869923,0.16592436533926813,0.003306061869506882,-0.09034037748318469,1.0126265760045117,40543911.07540226,1.0500601742617015
UBER,"Uber Technologies, Inc. Common Stock",N,N,72.61499786376953,-0.03488835824733616,-0.07543930459245052,0.054684088207548776,-0.05276553098234671,-0.2745754348583459,0.10122831627576345,-0.05136405737087846,-0.018324902037823443,0.7371885677097428,1114490169.5085254,0.4264084894380932
UBS,UBS Group AG Registered Ordinary Shares,N,N,55.099998474121094,0.017731789717312152,0.026261871549214,0.12517862161756255,0.5116720744408911,-0.011127112939682826,0.5523596798196511,0.015640086424797417,0.03674320047291024,0.946473599113558,83614501.23753166,0.22541443792578922
UCB,"United Community Banks, Inc. Common Stock",N,N,35.3650016784668,0.036792760060355256,-0.0214443199853408,0.028650394989809147,0.19899579323682026,-0.04650845152398131,0.25083313224194614,-0.006161399183459593,-0.0065034059047464066,0.63012980618013,24077923.237326812,0.20775080371082746
UDR,"UDR, Inc. Common Stock",N,N,35.974998474121094,-0.024274491014147692,-0.03182257439761671,-0.08013830362303753,0.03840086819047772,-0.12117964665022207,0.10639786084110647,-0.03281666630874036,-0.06331311567020004,0.7770508159414578,96209976.64385986,0.19944519164120636
UE,Urban Edge Properties Common Shares of Beneficial Interest,N,N,20.934999465942383,-0.02081383125780545,-0.03213128625935591,-0.11703921238645609,0.01981765133175961,-0.11703921238645609,0.16464047724928466,-0.02458913233883442,-0.059173025394080425,0.846223634616278,15852210.697730731,0.19340744086084458
UEC,Uranium Energy Corp. Common Stock,N,N,11.71679973602295,0.010940429833104615,0.022408350525407128,0.06226654756833372,-0.1340133061887403,-0.4182323688626747,0.2961061709585704,-0.01732234852036707,0.07981612936804994,0.8962680863896689,93618126.3456831,0.6370414919999464
UGI,UGI Corporation Common Stock,N,N,38.75,0.00806455214271562,0.10210466917428396,0.11816480637562465,0.07815329227934553,-0.02611511481789941,0.25861823936331607,0.03055771298907639,0.0593625801522506,0.8222162174357897,91127240.97592926,0.2675342182207406
UHAL,U-Haul Holding Company Common Stock,N,N,63.52000045776367,-0.05896295618127889,-0.13366065572627583,0.018275078071954942,0.4459367178806921,-0.15610464606530705,0.5055701001504993,-0.08888792866830764,-0.09510770719964523,0.7469474436374772,9447732.741473962,0.25163976996736237
UHS,"Universal Health Services, Inc. Common Stock",N,N,170.8000030517578,0.000292843641334084,0.013518256106118676,0.16787862170163237,-0.09675751610090155,-0.29746959616619095,0.21131109743753118,-0.007588991874371787,0.0407054969649856,0.6683757010284316,102586226.59107132,0.3133031108071819
UHT,Universal Health Realty Income Trust Common Stock,N,N,40.9900016784668,-0.0029189717855306885,0.005889611741516587,0.03870884109826278,-0.014962368794976366,-0.10541244104161385,0.22794729873565323,-0.005845074541961148,-0.03659025820921025,0.48492546293201133,3690328.835046768,0.2701440393736965
UI,Ubiquiti Inc. Common Stock,N,N,560.1950073242188,-0.045306623684027714,-0.021157515057929732,-0.046878503174411446,-0.28415502349951727,-0.481924902822483,0.09125671079536524,-0.03587048248462443,0.0038968839799191635,1.2424500078896243,101849363.65971375,0.32937764627190114
ULS,UL Solutions Inc. Class A Common Stock,N,N,72.55999755859375,-0.012251586402063253,-0.05643576458337307,-0.24995743316336305,-0.1576113379437183,-0.3058665563322577,0.11697379994054913,-0.031211881298757516,-0.11797437296224711,0.4212898206878521,37354584.81556702,0.4171341569161108
UMAC,"Unusual Machines, Inc. Common Stock",N,N,25.549999237060547,0.12803530540273145,-0.01617251010391707,0.04584522791215351,0.27051210649435586,-0.24985325288048277,2.2925255777656246,-0.02393370428743946,0.10432043750022602,0.6413870195068234,124334362.3289936,1.2591578677966029
UMC,United Microelectronics Corporation (NEW) Common Stock,N,N,22.219999313354492,0.08549096525168487,0.17317838895510218,0.045350154393050346,1.4312820921122338,-0.19275531635508936,2.34481099287349,0.1341363522285317,0.07305439561166316,0.6709400675229846,200623618.49737158,0.8023822650091351
UMH,"UMH Properties, Inc. Common Stock",N,N,15.789999961853027,-0.025308690233174502,-0.007503511229640658,0.04770737572795092,0.11527134270545702,-0.0522208819644272,0.18477796757201892,-0.030352225977096303,0.007573572612396884,1.0818042781595478,11448115.421571732,0.20785100781391383
UNF,Unifirst Corporation Common Stock,N,N,274.8999938964844,-0.007981806089841226,-0.05562914004485375,0.03940351482472315,0.02956763390237005,-0.08607449916038468,0.8436666602536209,-0.029493108633784626,-0.03227514387193242,1.47284860226072,60257778.36773529,0.16958324396527225
UNFI,"United Natural Foods, Inc. Common Stock",N,N,44.75,0.0024641714125352987,-0.05331077709667731,-0.1119269588800006,0.13867686688909675,-0.1939841565015269,0.5982142857142858,-0.0363702909447815,-0.05983444140039107,1.140290851034822,26140076.63627701,0.34363998859995104
UNH,UnitedHealth Group Incorporated Common Stock (DE),N,N,380.6600036621094,-0.03946501290085802,-0.053531909417448786,-0.06287544996897909,0.34644302135121996,-0.12762690881731042,0.4780099595159162,-0.0373772949922504,-0.07249796680323772,0.8056633126975267,1654715393.503923,0.2552536889714067
UNM,Unum Group Common Stock,N,N,93.87999725341797,0.023884772098367257,0.04485251917347122,0.018350274473701633,0.2795471509291012,-0.027855467017780522,0.3443754590036161,0.022808337521459165,0.045745279876855616,0.8580571602578041,109483707.73303643,0.27631968286262365
UNP,Union Pacific Corporation Common Stock,N,N,285.2049865722656,-0.01863260834044944,-0.02165280597594288,0.05070966434865731,0.21747113852790112,-0.07755932558052314,0.35506003206698056,-0.04262180340623345,-0.026812798855340825,0.7458946386044762,671837287.9025528,0.2284878089568372
UPS,"United Parcel Service, Inc. Common Stock",N,N,100.08899688720703,-0.025043899115418378,-0.026287321305110578,-0.05934491184897739,0.06772927400498885,-0.13621460971826838,0.2916372445891273,-0.02882881987203545,-0.05822553314642409,0.6941568430133794,405763993.4946327,0.2877078041670095
URI,"United Rentals, Inc. Common Stock",N,N,1039.8699951171875,0.050214583120924194,-0.08912773114976436,-0.030324364841721962,0.4391506887083989,-0.10726975578495745,0.46919078577923234,-0.024721714277601947,-0.03960407594983306,0.8140594396478953,432360432.55163574,0.3868838204399211
USA,Liberty All-Star Equity Fund Common Stock,N,N,5.901000022888184,-0.003209468439341001,-0.026237610790872168,0.058077724927872776,0.10684310623509496,-0.029440773530267084,0.15185339279082566,-0.015195122553588458,0.004546005329832958,0.6660624787424517,6114307.754502868,0.13314344383204038
USAS,"Americas Gold and Silver Corporation Common Shares, no par value",N,N,5.320000171661377,0.05346534073837805,0.03501951553529015,0.00757575004991895,-0.1877862569856642,-0.46959119508516367,0.9630996667066671,-0.0023440760476090006,0.12840965977861862,0.9190221536780608,24803977.862439536,0.772998439560295
USB,U.S. Bancorp Common Stock,N,N,62.003501892089844,0.012963614106938914,-0.03556539105422951,0.06097969027768113,0.231095957696676,-0.05222403504250284,0.4088034669340188,-0.016889096859884045,-0.01738135608681335,0.7500022406056042,363042744.21369094,0.20202393335415253
USFD,US Foods Holding Corp. Common Stock,N,N,103.2300033569336,-0.032158261648309705,-0.06596085330762769,0.10619378155290549,0.16040922233947796,-0.06949701563730126,0.47366165395681836,-0.0369886348853804,-0.0020937988785907358,0.6131991949332821,180195204.96815223,0.27378170498042775
USNA,"USANA Health Sciences, Inc. Common Stock",N,N,15.149999618530273,0.08524352271715752,0.10101739582321145,-0.23907585461385816,-0.11351670665514002,-0.5090732560307074,0.17807154144549298,0.08883136273883974,-0.16105526595673236,1.2180777895612522,2935658.465053654,0.8332756498621711
USPH,"U.S. Physical Therapy, Inc. Common Stock",N,N,78.13009643554688,0.004888700135651236,-0.037668678910531606,0.1988041304068655,0.052553421567324454,-0.1396875639784133,0.34191640812327995,-0.007253060479641804,0.024705445619571442,0.6071072188225226,12146392.883222962,0.3205768223567169
UTF,"Cohen & Steers Infrastructure Fund, Inc Common Stock",N,N,26.709999084472656,-0.0027611170514092453,-0.0046078638620958845,-0.006897739216595866,0.06764276068852526,-0.036699003400509356,0.21273160464678043,-0.0059349601263967156,-0.013677656516595693,0.8574062838821895,5834094.420718765,0.08432508572306599
UTG,Reaves Utility Income Fund Common Shares of Beneficial Interest,N,N,38.79999923706055,0.033564152658612345,-0.01110207346819403,-0.03373394969542898,-0.021399034020936014,-0.0934017062203123,0.12009829725283083,0.0034183519336621337,-0.006871017810053837,1.0258845091478,9882469.391365241,0.18383241061896152
UTI,Universal Technical Institute Inc Common Stock,N,N,21.549999237060547,0.03357308598483,-0.1545704421120433,-0.4494123767728011,-0.40105615588562316,-0.5791015836730363,0.03357308598483,-0.05647989566235134,-0.3582680935966147,1.0395907795774415,37133164.38377724,0.921833015962604
UTL,UNITIL Corporation Common Stock,N,N,53.91999816894531,0.005782457658355167,0.011596629357664145,0.04784340680521271,0.05872591000008387,-0.028513172918599228,0.2434575937253214,0.0034321084021282644,0.007224515817825017,0.8099507708452228,5795667.493919373,0.16844949675296494
UTZ,Utz Brands Inc Class A Common Stock ,N,N,14.220000267028809,0.0007037458729761692,0.007795932886469403,1.009554404092007,0.9038094764462046,-0.002105244419030927,1.1100319892191428,0.0026794738138595786,0.15080202585536528,0.45613336296098406,28186452.920400716,1.838834935955525
UUUU,Energy Fuels Inc Ordinary Shares (Canada),N,N,14.4399995803833,0.015471118792071525,-0.02300407027947493,-0.039893642486140135,-0.2282201877622222,-0.4790764813104944,0.3445065072734095,-0.02108334951533497,0.06694248293948957,0.6699253031588727,89722670.40474443,0.6648115361551133
UVE,UNIVERSAL INSURANCE HOLDINGS INC Common Stock,N,N,43.380001068115234,-0.007549714556609244,0.010953186259017755,0.1472557855834149,0.3114585969000061,-0.03771075186089179,0.803397905441162,0.003504661851112756,0.02277101055991393,0.6524088734188151,7359157.3605999,0.40169007222563874
UVV,Universal Corporation Common Stock,N,N,45.4900016784668,-0.013873821262293418,-0.01579401823791693,-0.1427147695248111,-0.09714448429313804,-0.2008415706325103,0.026398961906563656,-0.00012085401643524563,-0.07669434165379863,0.8933884983917327,13481708.05258522,0.25384669889746525
V,Visa Inc.,N,N,368.8363952636719,-0.010286897324530475,0.01658229374896858,0.14619430987965565,0.23833743942679653,-0.039838649453823205,0.25300366061499036,-0.00955153807601794,0.013290364834603885,0.6462361497083435,2338893421.1905136,0.2075764909376748
VAC,Marriott Vacations Worldwide Corporation Common Stock,N,N,101.18499755859375,0.02124541470163055,-0.11905800956895851,0.08358321412233805,0.44876033274520033,-0.1888978151615731,1.3048987605702584,-0.08654510134488735,-0.03747097595627824,1.0336594995621968,53496655.11551666,0.6572446090671175
VAL,Valaris Limited Common Shares,N,N,86.78500366210938,-0.014254852798356032,-0.00017280402213226687,-0.03518614111742513,-0.06218929324056588,-0.2348350814391802,0.8563637146975267,2.5965317606013727e-05,0.06976759836852331,0.8830425321309449,88373614.40142517,0.42558740787552723
VEEV,Veeva Systems Inc. Class A Common Stock,N,N,261.2049865722656,-0.06455260432212295,0.10408734698884659,0.6372382948756807,0.41936091020422706,-0.1470022025634885,0.7249224011488782,0.00491574724954158,0.1683171422791243,1.0571496421278936,489083502.7918167,0.5223546734490006
VET,Vermilion Energy Inc. Common (Canada),N,N,13.15999984741211,-0.0015174853794061027,0.15947131322545416,0.19062701953682115,0.05277484752446937,-0.0793696012222358,0.856733613800361,0.05482525034218311,0.17828234320846414,0.8204167823122586,14681370.475194931,0.4763341316461402
VFC,V.F. Corporation Common Stock,N,N,13.074999809265137,-0.0011459391251258388,-0.11535858961502854,-0.25878683323890295,-0.19752454784657092,-0.39004416554123256,0.0,-0.05811588607444107,-0.1443118953863769,0.7844882502436934,77583834.25129986,0.5127187223650058
VG,"Venture Global, Inc. Class A common stock",N,N,15.121000289916992,0.0007280366306881003,0.14379727568004297,0.15763282590442818,0.01965237774458717,-0.1362328956003086,1.5612622030545307,0.056891557043496466,0.12013881552923844,0.7644914582336633,177683585.1564061,0.678726960608563
VIA,"Via Transportation, Inc. Class A Common Stock",N,N,26.15999984741211,-0.04872727827592327,0.052292807930150786,0.7324502772539587,0.8474576362508315,-0.5149267624813739,0.9654394457310966,-0.029133421468956255,0.16202625934557124,0.5107132701596983,14775519.66159439,0.579570328959522
VICI,VICI Properties Inc. Common Stock,N,N,25.165000915527344,-0.014682849904363748,-0.03137023252768045,-0.10280989784291528,-0.0745800868570069,-0.1970730309094776,0.0,-0.030446608669644548,-0.04328318344926407,0.8767690766963285,225559501.60275307,0.21401939104313947
VIK,Viking Holdings Ltd Ordinary Shares,N,N,85.40499877929688,0.004410208225138934,-0.15898575861422848,-0.07420055523797431,0.1979940760625689,-0.2111121642892052,0.49623328730924854,-0.06908683877310728,-0.12600635364468893,1.114687183686093,361259725.1708252,0.34363920629813094
VIRT,"Virtu Financial, Inc. Class A Common Stock",N,N,62.53499984741211,-0.04263625015957839,0.13951495815509118,0.08928304571265411,0.5814016685524372,-0.07604169508269831,0.9721928943585756,-0.006771208803457496,0.02827618420394984,0.6910979654218989,93026062.28717327,0.45802306210641647
VLO,Valero Energy Corporation Common Stock,N,N,381.55499267578125,0.054048462579693535,0.1779296642962911,0.48076524953964417,0.6138949310368997,-0.00338256081256072,1.4914937491431175,0.07861974289519247,0.19503148589470753,0.8479176748492183,794219600.7813752,0.35587979352523874
VLTO,Veralto Corp Common Stock ,N,N,94.73999786376953,-0.02380221654147019,-0.03296931016319127,0.13819166662312887,0.05593160887261517,-0.12699340810391802,0.15383259497652246,-0.030341505138303138,-0.00690576537775045,0.7740281179210325,137442052.25151712,0.2491568808479318
VMC,Vulcan Materials Company (Holding Company) Common Stock,N,N,253.07000732421875,-0.025491913646853437,-0.11900968190808825,-0.11495020086150587,-0.014797641767666736,-0.22957422645242476,0.0,-0.0647387358092345,-0.09626183262904608,0.9352103079775758,230775317.6256256,0.31328215806344617
VMI,"Valmont Industries, Inc. Common Stock",N,N,482.3800048828125,0.030814628795287957,-0.022275351851838154,-0.11666321862705875,0.20667859301644387,-0.1722776499651717,0.33177709939923283,0.0009368703371110954,-0.03943343783585762,0.7861312786599439,73593773.85531616,0.3076196560887804
VMRK,Vivmark Residential Common Shares of Beneficial Interest,N,N,65.66999816894531,0.005974255467849687,0.008910767609262349,-0.014669550483158322,0.1220673314860119,-0.0638631968565373,0.1582568052733362,0.001479237243566578,-0.021509824571682046,1.189321041884117,389576177.40991974,0.21662706750154115
VNO,Vornado Realty Trust Common Stock,N,N,35.23500061035156,-0.03860848176304166,-0.09188140971157055,-0.07930493365845814,0.3336487701969053,-0.16187444291811048,0.4259409921424335,-0.06954941916798951,-0.09371036142351696,0.6304438982307886,38604642.28380356,0.29194969264349285
VNT,Vontier Corporation Common Stock ,N,N,32.209999084472656,0.012399761589623193,-0.05414298567759446,0.10129170289040124,-0.09245743975356491,-0.2576656119359263,0.16054455989883998,-0.017831780373963935,0.015275347309535725,0.6933414893042832,38860244.550813675,0.2796224596019504
VOYA,"Voya Financial, Inc. Common Stock",N,N,102.70999908447266,0.016427471376369907,0.05062408876983593,0.12803130439882948,0.5364078445515199,-0.02050354294644796,0.5842520294750038,0.019288434965429646,0.037746656198655026,0.7802758529856162,80858304.54764938,0.1922274296333655
VOYG,"Voyager Technologies, Inc. Class A Common Stock",N,N,34.68199920654297,0.052245150785867,-0.19156181881202328,-0.15718109549201986,0.24665706639081653,-0.33007535445478453,0.9278487853136486,-0.065026530194784,0.045878462395889885,0.5092595136289113,46597536.81993179,0.9100843868603903
VPG,"Vishay Precision Group, Inc. Common Stock",N,N,64.9999008178711,0.07526716290334745,-0.0318751651955973,-0.534117697624662,0.5815061613396104,-0.5664071827762873,1.2199419157635911,-0.007256114084084553,-0.25281628168258763,0.5247975606823672,32790257.094029617,1.0480256522171831
VRT,"Vertiv Holdings, LLC Class A Common Stock",N,N,279.07000732421875,0.09024497399442621,-0.009722828352834778,-0.07838986210969545,0.05446741218187334,-0.2580919279491536,1.224696765765048,0.03104174885607569,-0.009958918577286813,0.6470492316782929,1061075498.5720398,0.7445177488366108
VRTS,"Virtus Investment Partners, Inc. Common Stock",N,N,156.18499755859375,-0.023843765258789062,-0.06318980077359282,0.0918293865514479,0.2385101999096504,-0.17644681035605014,0.28531738106289883,-0.05196916405998653,-0.03484875884470051,0.7315662184184781,15750735.451141357,0.3398813081654917
VSH,"Vishay Intertechnology, Inc. Common Stock",N,N,31.760000228881836,0.07188663950202168,-0.04595976703418703,-0.464251740425496,0.8189096888798395,-0.5106317491191812,1.726304898950108,-0.0033264217633255377,-0.12354290591850803,0.7653843756695178,116018638.25150509,0.8716175433826162
VST,Vistra Corp. Common Stock,N,N,149.63009643554688,0.08364784509942358,0.03250136852134511,0.01229318701324944,-0.1180105531224136,-0.3105119222352104,0.11231261220354916,0.04963428739246245,0.003206762278048725,0.8960035976392491,558781160.7994461,0.4226667682970941
VSTS,Vestis Corporation Common Stock,N,N,13.65999984741211,0.12613352997002103,-0.01585016319992083,0.03563307672335436,0.8610353628665735,-0.17212122136896302,2.364532029539945,0.05157812837002562,-0.03006377395145321,0.8294099211737579,15440364.481734848,0.36815818385185145
VSXY,Victorias Secret & Co. Common Stock ,N,N,75.5999984741211,-0.10181774838134827,-0.1971113473464844,-0.04158213607385419,0.585238009039929,-0.24377315643700492,1.9600624809750569,-0.11185255231688085,-0.1126573251556292,1.3015447238488815,150167620.98578605,0.5523908599361728
VTEX,VTEX Class A Common Shares,N,N,3.5450000762939453,-0.018005490496047383,-0.09796437249960033,-0.0207181800099846,-0.07922073659576656,-0.23763440783030176,0.23519171346704493,-0.023886528524333595,-0.10086994063960908,0.5538664857256318,2535365.5653782366,0.45828289296755165
VTOL,"Bristow Group, Inc. Common Stock",N,N,44.13999938964844,-0.026681347854138115,-0.04138993801405211,0.006802223885283842,0.025865817062211693,-0.11239318029201417,0.2470211848528836,-0.025468830908006668,-0.011812482352354658,1.0537245050734154,10801800.55331955,0.3013369774063757
VTR,"Ventas, Inc. Common Stock",N,N,89.80000305175781,-0.024655117308466923,0.03265873961804422,0.06768294723905877,0.04093810016198285,-0.10673426696339317,0.3719761838709603,-0.020522094861997187,-0.033002782102320105,0.7397217270222449,253896349.220195,0.2714868197860856
VTS,"Vitesse Energy, Inc. Common Stock",N,N,18.229999542236328,0.03344672182551878,0.11158536379710315,0.09083291399891413,-0.02207085112680962,-0.22336478518913372,0.21533330281575513,0.06474313150072342,0.12151484512807409,0.8522974831575091,7358663.641874313,0.2702129470701789
VVV,Valvoline Inc. Common Stock,N,N,30.25,-0.04993719048266587,-0.08388856509274789,-0.19569264799016883,-0.0940401152155127,-0.25620847401222124,0.04780045447353176,-0.0748528158746894,-0.16147381214277234,0.7820026627053515,58126523.58130951,0.2966310373874237
VVX,"V2X, Inc. Common Stock",N,N,74.47000122070312,-0.038476382762552164,-0.07536627298018794,-0.17993609489249784,0.08922039240997459,-0.17993609489249784,0.4277224202177201,-0.04941824229742087,-0.060355758007135774,0.6993070006187,34337600.576704405,0.48885391615534246
VXX,iPath Series B S&P 500 VIX Short-Term Futures ETN,N,N,18.174999237060547,-0.02021563425462558,-0.09351621303477353,-0.24896699735256866,-0.4759227486411516,-0.5452839959472779,0.031498204959863996,-0.026695628690135087,-0.10925205666421844,0.8045641402631167,125570048.12295055,0.41947626186180137
VYX,NCR Voyix Corporation Common Stock,N,N,8.324999809265137,-0.04748283440743539,0.03416144248627262,0.060509542726523424,0.19784173204824684,-0.3669201482307274,0.35365848458052085,-0.004216397769634561,0.0027100029753144295,1.1429101153764334,20121331.756048918,0.6277167440707719
VZ,Verizon Communications Inc. Common Stock,N,N,49.86949920654297,-0.008558648847859063,0.05499256872446989,0.054242950082570296,0.03816269283710083,-0.014241963705708072,0.36395040738046625,0.007516022873351735,0.07233591353973257,0.6241953234796931,798903623.9769878,0.26837118710736607
VZLA,Vizsla Silver Corp. Common Shares,N,N,4.0,0.036269458214764905,0.0443864437807735,0.114206154772446,0.19047622764462102,-0.4169096323397905,0.35135133393582363,0.01651842378054158,0.12733216787802437,0.9434398225572664,20446788.643627882,0.569687822181787
W,Wayfair Inc. Class A Common Stock,N,N,99.36499786376953,0.058425657976378664,-0.037160844940683724,0.28064186819976955,0.29448925349716193,-0.16535073232572783,0.7310974777408432,-0.019597708079863163,0.03162513141310863,0.6279682404355851,218112837.92250213,0.8551119437683085
WAB,Westinghouse Air Brake Technologies Corporation Common Stock,N,N,282.45001220703125,0.009471138419145708,-0.0513302183607085,0.06614450633870272,0.1904852219360913,-0.07537347168448505,0.5285203215941112,-0.03096810352188173,-0.004789074388317882,0.7310352158522206,229585088.97033387,0.3150289212238123
WAL,Western Alliance Bancorporation Common Stock (DE),N,N,78.75980377197266,0.019412394437908764,-0.028684339876011267,-0.05387559613910453,0.19352655061143453,-0.16760362818593122,0.19352655061143453,-0.014251663189306263,-0.025236108611405017,0.8515497057669473,75438983.8931942,0.2618710579792859
WAT,Waters Corporation Common Stock,N,N,408.68499755859375,0.007010154855053852,-0.015216873352786098,0.1495091805524238,0.3851381612168059,-0.02985095170564034,0.44248548282336064,-0.006184535220052911,0.03972176919712567,0.5739297351842461,252178596.05352783,0.2704310754198758
WBI,WaterBridge Infrastructure LLC Class A Shares Representing Limited Liability Company Interests,N,N,32.900001525878906,0.00827460769002264,0.020189598642418538,0.01578682056416003,0.27935145199705214,-0.08997164674573843,0.7630708554295422,0.028643436958033286,-0.002907670047824218,0.32110371009856564,14160121.58156166,0.5054526248063752
WCC,"WESCO International, Inc. Common Stock",N,N,356.8500061035156,0.07484941597444461,-0.025452677670062984,0.029068308703745105,0.42016027547069457,-0.04611066484512916,0.7267733457890184,0.02520862295272508,0.044335323866635745,0.6895687529634447,162385996.68384856,0.486567551741902
WCN,"Waste Connections, Inc. Common Shares",N,N,161.24000549316406,-0.016169344721174927,-0.033623017111974574,0.03506376739790951,-0.010791585785238866,-0.09103534330430885,0.08430945238141163,-0.027925101286501386,-0.037213516530287816,0.6430402655184758,151830285.40912628,0.22245722989292263
WD,"Walker & Dunlop, Inc Common Stock",N,N,41.58000183105469,0.032530453399546966,-0.01808020251066378,-0.20631531364383981,-0.04463503920258027,-0.4976210630702431,0.06450886110192822,0.018237034577686995,-0.08704526682499969,1.12686658539879,16855142.406526186,0.457062341503102
WDI,Western Asset Diversified Income Fund Common Shares of Beneficial Interest,N,N,12.564900398254395,-0.014517615823184782,-0.036321109633539184,-0.019794999361670063,-0.009072211563946553,-0.06720960279184651,0.024160074661584652,-0.02202418623211677,-0.035195745109085186,1.1832205860962592,2929517.2738453867,0.08913316206821545
WEAV,"Weave Communications, Inc. Common Stock",N,N,7.3109002113342285,0.001493153467749142,0.45345922592173893,0.3244384486586751,0.5294769645266089,-0.0849936895165766,0.6729749205471429,0.05824021814393343,0.08699049196566988,1.1963920493423823,41276393.988827325,0.9211651744279422
WEC,"WEC Energy Group, Inc. Common Stock",N,N,107.0,0.007532985637915823,0.011742739663828772,-0.04854800612497001,-0.06035974409086131,-0.09185764067859126,0.0608307164362718,-0.005799853645687469,-0.02884008488076628,0.8053615559535583,248981567.53498992,0.17677179616360308
WELL,Welltower Inc. Common Stock,N,N,237.77999877929688,-0.01098078117359147,0.056049009202033595,0.11411867112081064,0.144746652954032,-0.05312959440091014,0.4606254487375361,0.0009092237897472266,0.0034183622628560784,0.8122316601684378,605877427.4217606,0.23191760417537471
WEX,WEX Inc. common stock,N,N,186.05999755859375,-0.013990458041038267,-0.015867978624458767,0.37313651334755527,0.24956350023723362,-0.08457565776829645,0.46665613009158036,-0.04249982105217409,0.039850300241672576,0.7344232803004382,94096178.8380951,0.3886261080714599
WFC,Wells Fargo & Company Common Stock,N,N,88.30999755859375,0.014590953925873063,0.009834198288886764,0.0607547957933694,0.17239500958429232,-0.06874371852827788,0.20971132811307913,0.015752121222079918,0.020219394049702633,0.8607670410724584,1022600989.166481,0.2333283393681551
WFG,West Fraser Timber Co. Ltd Common stock,N,N,68.08999633789062,0.02637925982218481,-0.04782555860961302,-0.009189707917918732,0.08253757505398007,-0.10396979676630869,0.18722846615829813,-0.00706536591337914,-0.002712606932020356,0.8422369642236766,12878016.910812378,0.3852961701625989
WGO,"Winnebago Industries, Inc. Common Stock",N,N,29.375,0.0015342678626322215,-0.10414763099046476,0.004616970928131847,-0.08098576631163501,-0.3971561164211562,0.07719103435647523,-0.055094047023350634,-0.05073210705872211,0.6597206977214319,13906700.339542389,0.4622425598007287
WH,"Wyndham Hotels & Resorts, Inc. Common Stock ",N,N,69.69999694824219,-0.01844817840555868,-0.03822277115775197,-0.11727459781659788,-0.10238518826961229,-0.22055873910222423,0.022092010363545356,-0.05311138923828396,-0.07886115678190231,0.6808695456797228,75863161.84800339,0.3109774245405682
WHD,"Cactus, Inc. Class A Common Stock",N,N,70.65499877929688,-0.0004951713240975986,-0.01710862270381386,0.1980963745939026,0.5343430690947046,-0.03963797631597887,1.137606842637548,0.002694981258203999,0.13029628662583015,0.8667792879402837,46282424.730659485,0.549037086643252
WHR,Whirlpool Corporation Common Stock,N,N,37.16999816894531,-0.020295215752106244,-0.14728153157075474,-0.1333644509699773,-0.31609937051527404,-0.5982620186914132,0.041468187144416246,-0.06958702512121395,-0.05991556585923352,0.8493255822410251,77909332.00774078,0.556630970637706
WK,Workiva Inc. Class A Common Stock,N,N,72.93000030517578,-0.04915250056151155,0.05619112356171274,0.4904966247764624,0.18239299520651864,-0.21841172207319381,0.6459038150501208,-0.022968867967601114,0.14277745703675837,0.9421582871273398,57677293.61830254,0.500372414394736
WKC,World Kinect Corporation Common Stock,N,N,35.34000015258789,0.0017007192564366669,-0.04071661220920575,0.12180260606072357,0.5762347138094714,-0.12198757384874803,0.5887944358909387,-0.012849157748941575,-0.02627996574258118,0.6666499704102589,28424633.499859236,0.2641242428704518
WLK,Westlake Corporation Common Stock,N,N,71.5,-0.03677762674758911,-0.10933038079647217,-0.18642116127549158,-0.35671230574858037,-0.41296544452781747,0.30254602272814135,-0.06148516987974273,-0.05236094936387503,0.5618639196933222,50477143.17702637,0.4188077512089663
WLY,"John Wiley & Sons, Inc. Common Stock",N,N,47.61000061035156,-0.09123876379050577,-0.03973378676781747,0.08526692555141713,0.3208397969488137,-0.14554918220888768,0.680526579562295,-0.0751837961533316,-0.07391417380054344,1.1136833061789069,25378233.127197646,0.4094090151641673
WM,"Waste Management, Inc. Common Stock",N,N,216.10499572753906,-0.016676564015433937,-0.04736614541272455,-0.015242657859284692,-0.07163904284014666,-0.11604192146170245,0.11168903037065436,-0.02574549317612873,-0.052311982029499604,1.0168979615931497,438895462.3052368,0.218984492368854
WMB,"Williams Companies, Inc. (The) Common Stock",N,N,76.3499984741211,0.014887612218672963,0.05587057187014399,0.05923968555209913,0.05650830148979713,-0.03131229836443905,0.3821990345936248,0.03446170495757328,0.04081179731401985,1.0826269063295448,508123634.92422676,0.27441247260776297
WMK,"Weis Markets, Inc. Common Stock",N,N,70.08000183105469,0.0014289578354411692,-0.014207266266204832,-0.1479327583515201,0.07206802392704792,-0.1479327583515201,0.14847018715241145,-0.010428042176018004,-0.06059060441698394,0.8008207028602077,9862919.448283385,0.26868819290164225
WMS,"Advanced Drainage Systems, Inc. Common Stock",N,N,132.6300048828125,0.014378622430688326,-0.07535168281602411,-0.015741161499350453,-0.01752797975203657,-0.24075276588511385,0.025681206956427838,-0.051814085553291256,-0.07568260281068528,0.7733296412950186,85661042.07693481,0.4043036628137414
WNC,Wabash National Corporation Common Stock,N,N,13.539999961853027,0.060297531439885255,0.09281675437160364,0.4029090732306746,0.7651420682782102,-0.05380855591786882,1.012148812106465,0.05026372197949702,0.04989156700804953,0.5755815958537149,8867762.790351724,0.6368440641032095
WOLF,"Wolfspeed, Inc. Common Stock New",N,N,29.110000610351562,0.10642345880826443,-0.034173815532678065,-0.3252201895641058,0.7348033026911005,-0.6039455699271896,0.9668919077835609,0.028712803997147596,-0.026968105871487458,0.5373622856113435,98732806.26352958,1.2332690706912013
WOR,"Worthington Enterprises, Inc. Common Shares",N,N,62.25,0.09710959038664058,0.09114813028010449,0.046394389566978944,0.3040053673821579,-0.03656793195545649,0.3343762945363431,0.06562357374947347,0.09738426013612966,1.021638991354569,14735357.424841309,0.30406822013807444
WPC,W. P. Carey Inc. REIT,N,N,70.53500366210938,0.005344925604707784,0.0076429094587053825,-0.06858591988832496,0.035164513779144535,-0.08025816381997775,0.1450262403900624,-0.006104789560559265,-0.022826749063694862,0.8153259434792445,73561300.83538361,0.19233130155154285
WPM,Wheaton Precious Metals Corp Common Shares (Canada),N,N,158.16099548339844,0.09129237201588691,0.17826399166174367,0.36408675970800397,0.233851118255207,-0.04140534042828081,0.6833560847778017,0.058839839033087094,0.2379025360359719,0.9706495486140447,351272323.1543869,0.5095399489626992
WRB,W.R. Berkley Corporation Common Stock,N,N,69.22000122070312,0.022150029134102134,-0.012412543339186621,0.023058036484483235,0.03842055945443801,-0.09444621939348241,0.09921565458416026,0.0012439784393403208,-0.025259860451884886,0.9478246576963902,112465696.31577758,0.21684938129040124
WRBY,Warby Parker Inc. Class A Common Stock,N,N,23.90999984741211,-0.011575059134508403,-0.045127836533525034,-0.09637185658698477,-0.005821180627428091,-0.21193145263143076,0.44996968946536287,-0.059938279804605865,-0.09598923946375792,0.6795207816488948,53944500.48430443,0.5815368462711924
WS,"Worthington Steel, Inc. Common Shares",N,N,35.279998779296875,0.03734197355015989,-0.06567795689816203,-0.188032263295405,0.11739481547672836,-0.2691628005442771,0.26015095067175675,-0.007343665219222695,-0.0013474192884417313,0.8792449278103126,8398889.826461792,0.4643891253358218
WSM,"Williams-Sonoma, Inc. Common Stock (DE)",N,N,227.64500427246094,0.0248739837778158,-0.09156387884890305,0.02176387980000216,0.24560099287778003,-0.09585747328560434,0.35439454093121414,-0.02876540745892986,-0.019281007738754963,1.1928051658494867,255968561.79165572,0.2907202154706214
WSO,"Watsco, Inc. Common Stock",N,N,312.1600036621094,-0.008952972334302034,-0.021165845920442572,-0.17246740306675878,-0.16033242067786058,-0.310854418229213,0.03265074874520968,-0.000977705585780697,-0.08658389126794797,0.9865088345373816,146037505.78116304,0.41156305302918006
WST,"West Pharmaceutical Services, Inc. Common Stock",N,N,339.6099853515625,0.0028347599952167624,-0.0334690210577111,0.03348892153785288,0.4229621194582909,-0.07083769421491404,0.47256089411673785,-0.018246930719296284,-0.028194918952212156,0.5751934146434634,148201347.98779297,0.24103902340043154
WT,"WisdomTree, Inc. Common Stock",N,N,24.440000534057617,-0.000817602255256622,0.11242609457897124,0.3619016755719868,0.7189800846155321,-0.023961675700166052,1.2887254861684423,0.026610399648445027,0.14288907767930903,0.9493712592718769,51133573.265123464,0.42482689159578085
WTI,"W&T Offshore, Inc. Common Stock",N,N,4.034999847412109,0.048051934379774286,0.061827488456621005,-0.0035559664944538882,0.35605788480329603,-0.17421322707738807,1.712115769606592,0.06750876738211509,0.1283153963845176,0.6595846008291067,10542047.014463758,0.7289759009670359
WTM,"White Mountains Insurance Group, Ltd. Common Stock",N,N,2042.375,-0.026958570906815416,-0.03297096578313685,0.00905360575569003,-0.06527888161982598,-0.1194419799031673,0.23799207028535374,-0.03434318902063305,-0.045138381591665944,1.0093266507234768,43561844.312597655,0.1977875256872332
WTRG,"Essential Utilities, Inc. Common Stock",N,N,42.3650016784668,0.030527877632753553,0.05701097163228308,0.13977563343697885,0.06090229126437663,0.0,0.1865985903431442,0.03492716365251103,0.06565965678161101,1.0454968379274634,83017357.79685345,0.21657850782691523
WTS,"Watts Water Technologies, Inc. Class A Common Stock",N,N,359.29998779296875,0.010007302120428774,-0.06455987673384744,0.08048385240607447,0.21629347057233206,-0.08237526123393613,0.37319886020294146,-0.028841029527284623,-0.0065733130678106155,0.6086405468336668,61896694.06019898,0.3610993548947088
WTTR,"Select Water Solutions, Inc. Class A common stock",N,N,20.94029998779297,0.04336324395626123,-0.008038873408434566,0.11112395312951162,0.45505028613619625,-0.05609376860569237,1.5390035887751217,0.040459330454786446,0.059010890063088794,0.6722416752457079,22766107.43439598,0.5955057448335296
WU,Western Union Company (The) Common Stock,N,N,6.875,-0.026203958113164783,-0.024822721418482963,-0.05990844586772437,-0.21049040547221132,-0.29203171330552713,0.08097482007457413,-0.04814647795853533,-0.09174978967100156,0.7042843995557985,54281196.18958044,0.5346771476672224
WWW,"Wolverine World Wide, Inc. Common Stock",N,N,20.09000015258789,0.03931713563794603,0.10384611595715043,0.12165797083546526,0.22437633846013272,-0.34905308461302664,0.3958744297632222,0.0010463996508780493,0.05139208709334708,0.7861293866195759,16285028.495056342,0.5394158909715171
WY,Weyerhaeuser Company Common Stock,N,N,22.56999969482422,-0.025765247986848205,-0.08962401035718692,-0.08339605696661456,-0.01950820048394941,-0.14494658327788656,0.09567364107470122,-0.04621988972049962,-0.05313296093279618,0.8699611617174678,105992954.53978157,0.2990605776520335
XHR,"Xenia Hotels & Resorts, Inc. Common Stock",N,N,17.579999923706055,-0.038819079074978724,-0.057372638965691336,-0.08996830631306652,0.22486492340925568,-0.19431713246650073,0.4671132904998707,-0.06949663511412807,-0.11392915550111515,0.8276362332955965,11562981.744155407,0.2847252569483275
XOM,ExxonMobil Holdings Corporation Common Stock,N,N,164.72999572753906,0.0010938479030269121,0.037525959183979385,0.1277916532253347,0.05921688115268586,-0.026523619848674795,0.5320347721640475,0.0196268929337291,0.07399969835773201,0.8243213703987574,2111484430.5423927,0.2622793616900261
XPER,Xperi Inc. Common Stock ,N,N,5.801700115203857,0.00029309041605030117,-0.12361023935064863,-0.2475097164074408,-0.013316326141688428,-0.3285069577934008,0.13536202810502407,-0.056953849695494774,-0.17709112960162166,0.9330448138693489,2744717.041714811,0.43221459378765065
XPO,"XPO, Inc. Common Stock",N,N,188.72999572753906,0.01966610547121861,-0.0721238869673283,-0.17343321414597257,-0.005218245239269059,-0.17357796662082192,0.5262007936149509,-0.03588425722774191,-0.06609716197670135,0.8147816621285283,168516432.46561813,0.35203352019019235
XPOF,"Xponential Fitness, Inc. Class A Common Stock",N,N,4.567699909210205,-0.09190860463517925,-0.06207391857344413,-0.29401853827959656,-0.1944091979279533,-0.49247778786553276,0.07222996802728665,-0.10117998990427879,-0.2276402709853913,0.5217960783589894,2600938.649420881,0.6273027174401248
XPRO,Expro Ltd Ordinary Shares,N,N,18.6200008392334,0.05675368628662936,0.019715257712984657,0.13122733140358145,0.1298544512402744,-0.01793239776671196,0.5686605744525994,0.023555003333312285,0.11153566470841403,0.7136027304680047,14058823.092876721,0.46960414142855
XRN,Chiron Real Estate Inc. Common Stock,N,N,36.970001220703125,0.0008121980267874473,0.05786718164317728,0.010229293662441075,0.12175694539292592,-0.021297845776811042,0.29711732788688816,0.003885392210151828,0.009308028072020802,0.8209298164967447,3172232.3550590514,0.2339349109245647
XXI,"Twenty One Capital, Inc. Class A Common Stock",N,N,5.795000076293945,0.0008635776293368647,0.28777779473198795,0.004332772175055899,-0.17450141139044428,-0.76452661793692,0.35714288107245706,0.0011661616616640558,0.10244460572352443,0.8828412098139363,8597356.35064373,0.7442997204927174
XYL,Xylem Inc. Common Stock New,N,N,107.41000366210938,0.004864854293481269,-0.12470556578434122,-0.020541746195570365,-0.09512199495718998,-0.28790018818103336,0.017881410071950876,-0.045023406465288796,-0.08052949052220182,1.003836662114457,197854308.3638687,0.27970047477170357
XYZ,"Block, Inc. Class A Common Stock,",N,N,78.5999984741211,0.00924500829603625,-0.005944115625611812,0.13060992907801428,0.35892113185971963,-0.07365940026394024,0.6011407258057937,-0.03549999164907425,-0.022307810643097503,0.7747187180791064,326138027.694553,0.4163140043818786
XZO,"Exzeo Group, Inc. Common Stock",N,N,15.640000343322754,-0.0549848299509299,-0.04634142029788835,0.1938931212128756,0.03166230215975774,-0.35505153223411323,0.24621514785865162,-0.04201883193698319,-0.04885848779015134,0.9835504685512473,3242407.074584198,0.5174071966082331
YELP,Yelp Inc. Common Stock,N,N,20.575000762939453,-0.07941832609550725,-0.1285472159658244,-0.10930734098843431,-0.1539884448551937,-0.39181201154850764,0.040192115707593956,-0.10247878401477561,-0.16819279438319534,0.9123342518265766,23062182.900855444,0.45957196376313125
YETI,"YETI Holdings, Inc. Common Stock",N,N,40.435298919677734,0.006855056606365206,-0.20387284522934523,-0.1980305357372535,0.1133066976715853,-0.23243548433113836,0.25927431177445315,-0.055123424266538934,-0.14426824508664982,0.9169422178305738,85085187.72819194,0.3849992059651213
YEXT,"Yext, Inc. Common Stock",N,N,6.229000091552734,-0.04609496302978666,0.09089317862319835,0.534236497374988,0.11232146386285269,-0.3071189933102768,0.8649701352168877,-0.020435759622798755,0.08508200467238236,1.1397851391020712,6459406.911680222,0.4887848553825347
YOU,"Clear Secure, Inc. Class A Common Stock",N,N,43.349998474121094,0.008843314931880508,-0.10211268495909398,-0.13731346320157023,-0.10439650249444654,-0.3028769233477856,0.48463743842557605,-0.01927518568913944,-0.13948145942157164,0.9082692185721207,70642429.86413956,0.44041413839967813
YUM,"Yum! Brands, Inc.",N,N,145.27000427246094,-0.044464872466712824,0.0035924302069840763,-0.05858332855394022,-0.08245816475923629,-0.1326646396319452,0.06611816979229856,-0.03725522345656951,-0.0495002827793104,0.6509967683501875,328256870.49754715,0.28963992231125313
YUMC,"Yum China Holdings, Inc. Common Stock",N,N,42.95249938964844,-0.042947897339427166,-0.09186497898054413,-0.03163462988926147,-0.17544763206305647,-0.24511429843519839,0.0756134553370813,-0.0681652179397747,-0.04605914442454484,0.9351657340317715,66205358.28406525,0.2516904305033565
ZBH,"Zimmer Biomet Holdings, Inc. Common Stock",N,N,94.55000305175781,-0.0487927404393288,-0.027563511392028173,0.07035388068401516,0.067115928797159,-0.08359217055008761,0.19126965153641717,-0.04679810368720305,-0.004919072279556347,0.6319024530859197,153920282.60817337,0.3255634194818635
ZETA,Zeta Global Holdings Corp. Class A Common Stock,N,N,30.44059944152832,-0.03546894940926881,0.04427443704588008,0.5062147857748216,0.7677468440966173,-0.06852511758675806,1.0921373912360672,0.02569474877366873,0.2030805628033745,0.912598788148575,204160861.08413658,0.6282871176452188
ZGN,Ermenegildo Zegna N.V. Ordinary Shares,N,N,11.9399995803833,-0.08435585772144538,-0.15618375248949445,-0.17921696886720706,0.26871823453559274,-0.21704920784371795,0.3884361868698043,-0.10498109913716047,-0.13440934463355847,0.974698850831805,13230571.416332101,0.36141295497270515
ZIM,ZIM Integrated Shipping Services Ltd. Ordinary Shares,N,N,29.639999389648438,0.09737131205035454,0.20831628862468343,0.13000380888002794,0.12896548146776965,-0.014627677366144343,1.4630324332347717,0.06211812787372706,0.13314879237636412,0.8592662910884995,58022522.69983788,0.43458886404609004
ZIP,"ZipRecruiter, Inc. Class A Common Stock",N,N,3.9210000038146973,-0.050605352260265746,-0.20304879207070214,0.08614961710701574,0.5256809749668834,-0.285792319256127,1.3201182668973166,-0.12371076040748874,-0.08251084366541139,1.1272014927615301,4875890.0147281885,0.8421316415688525
ZTS,Zoetis Inc. Class A Common Stock,N,N,73.73500061035156,-0.04550161022198629,-0.021433283297599526,-0.06687193449967177,-0.36453383031308195,-0.5010215934296678,0.033245164364512636,-0.025819366068034477,-0.022093155986310342,0.6686654217575259,349982355.41468585,0.33028877739720036
ZWS,Zurn Elkay Water Solutions Corporation Common Stock,N,N,47.035099029541016,0.008471261686600062,-0.09031907452238497,-0.025838724943726854,0.06566878446902691,-0.11358288470186151,0.08127584205335237,-0.03361695701932421,-0.03903276953880652,0.771918468966167,34740050.7564558,0.2693074853285392
