ticker,retrieved_at,market_cap,avg_volume,revenue_growth,earnings_growth,earnings_q_growth,forward_pe,target_upside,recommendation,sector,industry
AAL,2026-09-09T13:51:54.991673+00:00,,,,,,,,,,
AAOI,2026-09-09T13:51:55.522870+00:00,,,,,,,,,,
AAON,2026-09-09T13:51:56.236812+00:00,,,,,,,,,,
AAPL,2026-09-09T13:51:56.708051+00:00,,,,,,,,,,
ABCL,2026-09-09T13:51:57.326401+00:00,,,,,,,,,,
ABEO,2026-09-09T13:51:58.062132+00:00,334812416.0,,,,,-31.36551,,,,
ABNB,2026-09-09T13:51:58.414407+00:00,102074990592.0,4437788.0,0.165,0.334,0.271,27.720682,0.05926655716548379,2.08696,Consumer Cyclical,Travel Services
ABSI,2026-09-09T13:51:58.937526+00:00,1529938944.0,4647850.0,-0.464,,,-13.204278,0.5953135165451489,1.4,Healthcare,Biotechnology
ABTC,2026-09-09T13:51:59.583852+00:00,1048928640.0,1628660.0,1.213,,,430.52502,0.7420591138725974,,Financial Services,Capital Markets
ABUS,2026-09-09T13:52:00.111914+00:00,1029159360.0,3017875.0,-0.906,,,-31.430897,0.0656498556304137,,Healthcare,Biotechnology
ACAD,2026-09-09T13:52:00.703898+00:00,4779755008.0,1662727.0,0.164,0.133,0.181,31.16994,0.22566690699351133,1.7619,Healthcare,Biotechnology
ACB,2026-09-09T13:52:01.358188+00:00,244060288.0,1467811.0,-0.088,,,-35.045456,,,Healthcare,Drug Manufacturers - Specialty & Generic
ACDC,2026-09-09T13:52:01.929163+00:00,1023529920.0,1604559.0,-0.008,,,-8.028571,-0.14768683274021355,,Energy,Oil & Gas Equipment & Services
ACGL,2026-09-09T13:52:02.523956+00:00,32399704064.0,2121396.0,-0.105,-0.071,-0.146,9.731166,0.17818241179568184,2.25,Financial Services,Insurance - Diversified
ACHC,2026-09-09T13:52:03.167029+00:00,2501613568.0,2659440.0,-0.004,-0.636,-0.637,14.746452,0.2427516086653938,2.0,Healthcare,Medical Care Facilities
ACHV,2026-09-09T13:52:03.740311+00:00,777428288.0,1852177.0,,,,-11.8722105,0.8310165453342158,1.27273,Healthcare,Biotechnology
ACIC,2026-09-09T13:52:04.491918+00:00,436335424.0,290009.0,-0.045,-0.166,-0.172,8.468623,0.40832863890453686,,Financial Services,Insurance - Property & Casualty
ACIW,2026-09-09T13:52:04.946734+00:00,5187585024.0,1042617.0,0.073,1.652,1.606,13.209511,0.3103693684927509,1.5,Technology,Software - Infrastructure
ACLS,2026-09-09T13:52:05.526820+00:00,3648647936.0,488911.0,0.106,-0.235,-0.258,22.427866,0.36267456622936933,2.8,Technology,Semiconductor Equipment & Materials
ACMR,2026-09-09T13:52:06.179856+00:00,5257121792.0,1260090.0,0.36,1.806,1.99,26.09282,0.5600158982511922,1.44444,Technology,Semiconductor Equipment & Materials
ACNB,2026-09-09T13:52:06.778896+00:00,657079168.0,76290.0,0.053,0.342,0.306,11.350021,0.047309549605324186,,Financial Services,Banks - Regional
ACRS,2026-09-09T13:52:07.345136+00:00,868473472.0,1941075.0,-0.083,,,-7.494252,0.7257322033898304,1.25,Healthcare,Biotechnology
ACT,2026-09-09T13:52:08.381110+00:00,6757322240.0,354256.0,0.041,0.126,0.042,9.814101,0.021363173957273718,,Financial Services,Insurance - Specialty
ADAM,2026-09-09T13:52:08.575466+00:00,870935040.0,878783.0,1.298,,5.457,7.764112,0.25128998968008265,2.57143,Real Estate,REIT - Mortgage
ADBE,2026-09-09T13:52:09.246950+00:00,101942845440.0,6209211.0,0.127,0.079,0.012,9.326442,0.08015924510644923,2.725,Technology,Software - Application
ADEA,2026-09-09T13:52:09.763320+00:00,2976461312.0,1324084.0,0.121,0.0,0.039,16.75617,0.5931826602445351,,Technology,Software - Application
ADI,2026-09-09T13:52:10.405181+00:00,176219504640.0,4306046.0,0.396,1.635,1.584,22.260506,0.29308566950352644,1.38235,Technology,Semiconductors
ADMA,2026-09-09T13:52:11.048471+00:00,2124494592.0,2765882.0,0.159,,,9.653943,0.7923036373220875,,Healthcare,Biotechnology
ADP,2026-09-09T13:52:11.606905+00:00,105834774528.0,2490295.0,0.068,0.098,0.075,19.883657,0.07953905634172886,2.72222,Technology,Software - Application
ADPT,2026-09-09T13:52:12.187301+00:00,3905310208.0,2899593.0,0.215,,,-132.4636,0.024578259092766785,,Healthcare,Diagnostics & Research
ADSK,2026-09-09T13:52:12.775034+00:00,43265089536.0,2543337.0,0.161,0.596,0.572,14.5634,0.5234416211777211,1.47222,Technology,Software - Application
ADTN,2026-09-09T13:52:13.338462+00:00,600517952.0,2091922.0,0.061,,,12.644546,0.9900502035278154,,Technology,Communication Equipment
ADUR,2026-09-09T13:52:13.987551+00:00,474587456.0,514432.0,-1.0,,,-44.815285,1.3039460791635546,,Industrials,Pollution & Treatment Controls
ADUS,2026-09-09T13:52:14.654679+00:00,2200766208.0,235401.0,0.08,0.242,0.252,15.67198,0.14291302503182002,1.57143,Healthcare,Medical Care Facilities
ADV,2026-09-09T13:52:15.150840+00:00,416142240.0,132320.0,0.018,,,4.086162,0.34185303514376986,,Communication Services,Advertising Agencies
ADVB,2026-09-09T13:52:16.149765+00:00,14406600.0,1799661.0,,,,,,,Healthcare,Diagnostics & Research
AEBI,2026-09-09T13:52:16.700873+00:00,935507200.0,359859.0,0.787,,,9.721774,0.41020323517212787,,Industrials,Farm & Heavy Construction Machinery
AEHL,2026-09-09T13:52:17.000194+00:00,8747203.0,1552786.0,-0.386,,,,,,Industrials,Building Products & Equipment
AEHR,2026-09-09T13:52:17.630557+00:00,3116495872.0,2616551.0,0.337,,,69.06386,0.36071368386015634,,Technology,Semiconductor Equipment & Materials
AEIS,2026-09-09T13:52:18.150743+00:00,11593801728.0,772012.0,0.3,0.934,1.147,19.057615,0.4822555616968356,,Industrials,Electrical Equipment & Parts
AEP,2026-09-09T13:52:18.783096+00:00,68425306112.0,4455674.0,0.07,-0.432,-0.418,18.3306,0.14567586920200504,2.0,Utilities,Utilities - Regulated Electric
AEVA,2026-09-09T13:52:19.436572+00:00,1128884736.0,1876275.0,0.113,,,-10.071517,0.8524235875270145,,Technology,Software - Infrastructure
AFRM,2026-09-09T13:52:19.998564+00:00,23484518400.0,4401359.0,0.33,21.869,22.347,14.175095,0.42843893678160927,1.74286,Financial Services,Credit Services
AFYA,2026-09-09T13:52:20.666021+00:00,1260814592.0,131383.0,0.057,0.176,0.144,7.1532373,0.206777192982456,3.55556,Consumer Defensive,Education & Training Services
AGEN,2026-09-09T13:52:21.175113+00:00,337022784.0,4283762.0,0.344,,,-124.76667,1.6048624098316857,1.0,Healthcare,Biotechnology
AGIO,2026-09-09T13:52:21.769058+00:00,2089565824.0,1141724.0,2.593,,,-8.86718,0.30714285714285716,,Healthcare,Biotechnology
AGMB,2026-09-09T13:52:22.339472+00:00,757950976.0,122074.0,,,,-7.433229,1.4473974204866642,1.42857,Healthcare,Biotechnology
AGNC,2026-09-09T13:52:22.984403+00:00,12696506368.0,17537217.0,,,,7.1341977,0.032265172735760794,2.71429,Real Estate,REIT - Mortgage
AGNT,2026-09-09T13:52:23.594268+00:00,635883776.0,1438429.0,0.107,,,12.683333,0.41261498028909327,,Real Estate,Real Estate Services
AGPU,2026-09-09T13:52:24.175760+00:00,127082768.0,416287.0,1197.729,,,,,,Technology,Software - Infrastructure
AGYS,2026-09-09T13:52:24.777185+00:00,2983890432.0,317790.0,0.143,0.882,0.839,33.046467,0.271386709518858,,Technology,Software - Application
AHCO,2026-09-09T13:52:25.509443+00:00,759098112.0,2581200.0,0.127,,,-44.453125,0.606829525483304,1.14286,Healthcare,Medical Devices
AIP,2026-09-09T13:52:25.996244+00:00,1142786432.0,839012.0,0.462,,,188.51862,0.7634408602150538,1.0,Technology,Semiconductors
AIRJ,2026-09-09T13:52:26.589888+00:00,330063264.0,1537641.0,,,,-16.071428,1.1222222222222222,1.33333,Industrials,Building Products & Equipment
AIRO,2026-09-09T13:52:27.147914+00:00,227991488.0,482530.0,0.759,,,-11.2015505,1.2837370242214532,,Industrials,Aerospace & Defense
AKAM,2026-09-09T13:52:27.774818+00:00,15818887168.0,3565101.0,0.054,-0.268,-0.234,15.3149605,0.39287253565912605,2.08,Technology,Software - Infrastructure
AKAN,2026-09-09T13:52:28.409860+00:00,1740426.0,1091604.0,,,,,,,Healthcare,Drug Manufacturers - Specialty & Generic
AKTS,2026-09-09T13:52:28.996191+00:00,1390487552.0,399283.0,1.114,,,-12.043027,0.39250000000000007,,Healthcare,Biotechnology
ALAB,2026-09-09T13:52:29.553640+00:00,51610083328.0,4889712.0,1.045,1.862,1.989,46.530216,0.3108094389727385,,Technology,Semiconductors
ALGM,2026-09-09T13:52:30.189083+00:00,6717929984.0,2776737.0,0.275,,,24.414368,0.5210371809101,1.33333,Technology,Semiconductors
ALGN,2026-09-09T13:52:30.747284+00:00,10799549440.0,960943.0,0.043,-0.121,-0.131,12.114627,0.37217884371238186,1.94118,Healthcare,Medical Instruments & Supplies
ALGT,2026-09-09T13:52:31.452078+00:00,2055662592.0,564606.0,0.369,,,6.4134603,0.761135314848062,1.71429,Industrials,Airlines
ALHC,2026-09-09T13:52:31.985145+00:00,2666578688.0,5228754.0,0.316,1.429,1.334,17.083055,0.8729614935822638,,Healthcare,Healthcare Plans
ALKS,2026-09-09T13:52:32.572196+00:00,7586254848.0,1906988.0,0.27,-0.994,-0.994,24.73417,0.23839009287925705,1.66667,Healthcare,Drug Manufacturers - Specialty & Generic
ALKT,2026-09-09T13:52:33.179162+00:00,2024946432.0,1616270.0,0.159,,,17.424473,0.16186955373646694,1.625,Technology,Software - Application
ALM,2026-09-09T13:52:33.795225+00:00,5411898880.0,6508191.0,4.977,,,14.975516,0.39569717484008504,1.0,Basic Materials,Other Industrial Metals & Mining
ALMS,2026-09-09T13:52:34.773652+00:00,1353245440.0,2051135.0,-0.377,,,-3.6386352,2.0726924916307987,1.3,Healthcare,Biotechnology
ALMU,2026-09-09T13:52:35.016537+00:00,243277920.0,553177.0,-0.026,,,-43.57377,1.2949586155003763,,Technology,Semiconductors
ALNT,2026-09-09T13:52:35.589304+00:00,1621977088.0,273756.0,0.102,0.812,0.85,28.756275,0.23650843550246248,,Technology,Electronic Components
ALNY,2026-09-09T13:52:36.215988+00:00,34692689920.0,1825306.0,0.669,,,20.78903,0.43230551162880415,1.68966,Healthcare,Biotechnology
ALOY,2026-09-09T13:52:36.786291+00:00,690718336.0,2832572.0,0.827,,,-71.07143,0.7085427135678393,,Basic Materials,Other Industrial Metals & Mining
ALRM,2026-09-09T13:52:37.335396+00:00,2724507648.0,472412.0,0.092,-0.234,-0.298,18.078176,0.1351351351351351,,Technology,Software - Application
ALRS,2026-09-09T13:52:38.012811+00:00,818121408.0,218575.0,0.072,0.038,0.03,11.638298,0.07861060329067637,2.8,Financial Services,Banks - Regional
ALT,2026-09-09T13:52:38.547800+00:00,664277952.0,4511627.0,,,,-5.109751,4.0431098096632505,,Healthcare,Biotechnology
ALTO,2026-09-09T13:52:39.202637+00:00,316479328.0,2282956.0,0.125,,,12.363636,1.2058823529411766,,Basic Materials,Specialty Chemicals
ALVO,2026-09-09T13:52:39.798993+00:00,1830471424.0,942775.0,-0.389,,,22.468466,0.16959064327485374,1.85714,Healthcare,Drug Manufacturers - Specialty & Generic
AMAL,2026-09-09T13:52:40.358765+00:00,1428030976.0,171112.0,0.235,0.369,0.338,10.2636175,0.1306532663316584,2.33333,Financial Services,Banks - Regional
AMAT,2026-09-09T13:52:41.012306+00:00,370673483776.0,9266077.0,0.248,0.428,0.427,25.286043,0.37211120150723653,1.46154,Technology,Semiconductor Equipment & Materials
AMBA,2026-09-09T13:52:41.592453+00:00,2968038912.0,1717938.0,0.132,,,60.004642,0.3290249851279001,2.28571,Technology,Semiconductor Equipment & Materials
AMCX,2026-09-09T13:52:42.206057+00:00,480974656.0,619082.0,-0.088,,,4.230877,-0.1566612349914237,3.625,Communication Services,Entertainment
AMD,2026-09-09T13:52:42.787956+00:00,854290464768.0,26011540.0,0.501,1.595,1.634,33.73349,0.17592918155586568,1.48148,Technology,Semiconductors
AMGN,2026-09-09T13:52:43.379148+00:00,213009006592.0,2715672.0,0.095,0.649,0.659,16.14176,-0.013390482233502476,2.52941,Healthcare,Drug Manufacturers - General
AMIX,2026-09-09T13:52:44.002441+00:00,4447377.0,4577172.0,,,,-0.6189189,11.838441048034936,,Healthcare,Medical Devices
AMKR,2026-09-09T13:52:44.559939+00:00,12877292544.0,5558919.0,0.256,2.182,2.193,18.46883,0.47404977812077953,1.90909,Technology,Semiconductor Equipment & Materials
AMLX,2026-09-09T13:52:45.158613+00:00,3795069184.0,2477370.0,,,,-29.497095,0.24379448032883122,1.16667,Healthcare,Drug Manufacturers - Specialty & Generic
AMPG,2026-09-09T13:52:45.743404+00:00,105123568.0,3210172.0,-0.268,,,6.4796295,1.000571591883395,,Technology,Communication Equipment
AMPH,2026-09-09T13:52:46.434429+00:00,970928576.0,480406.0,0.054,0.047,-0.022,7.174154,-0.014238773274917849,3.14286,Healthcare,Drug Manufacturers - Specialty & Generic
AMPL,2026-09-09T13:52:47.034775+00:00,1630553728.0,2179553.0,0.212,,,71.14339,0.12018950793005279,1.75,Technology,Software - Application
AMRX,2026-09-09T13:52:47.617133+00:00,5983726080.0,2014235.0,0.099,1.571,1.572,14.797588,0.22235157159487784,1.6,Healthcare,Drug Manufacturers - Specialty & Generic
AMSC,2026-09-09T13:52:48.165746+00:00,1450357760.0,818951.0,0.3,0.176,0.411,22.095942,1.062458249832999,,Industrials,Specialty Industrial Machinery
AMSF,2026-09-09T13:52:48.800945+00:00,457840640.0,313525.0,0.134,0.068,0.046,12.247914,0.44399473684210555,,Financial Services,Insurance - Specialty
AMZN,2026-09-09T13:52:49.587293+00:00,2719391416320.0,47808843.0,0.196,2.423,2.449,24.241081,0.30167066616425053,1.31148,Consumer Cyclical,Internet Retail
ANAB,2026-09-09T13:52:50.197485+00:00,1701007232.0,603067.0,-0.08,,,10.973269,0.5600522193211488,1.375,Healthcare,Biotechnology
ANDE,2026-09-09T13:52:50.965182+00:00,2402072576.0,355974.0,-0.012,6.182,6.199,11.269931,0.24941060820367755,,Consumer Defensive,Food Distribution
ANGI,2026-09-09T13:52:51.306176+00:00,186558752.0,819772.0,-0.109,,,4.848229,0.7391304347826089,,Communication Services,Internet Content & Information
ANGO,2026-09-09T13:52:51.978355+00:00,620605824.0,451561.0,0.08,,,-333.66666,0.332001332001332,,Healthcare,Medical Instruments & Supplies
ANIK,2026-09-09T13:52:52.391733+00:00,285057152.0,97829.0,0.156,,,22.421053,-0.014084507042253502,,Healthcare,Drug Manufacturers - Specialty & Generic
ANIP,2026-09-09T13:52:53.110223+00:00,1621247488.0,342550.0,0.259,1.911,1.891,6.731323,0.5354916406914141,,Healthcare,Drug Manufacturers - Specialty & Generic
ANNX,2026-09-09T13:52:53.624987+00:00,880595072.0,3485903.0,,,,-4.291588,2.2907879440258343,1.6,Healthcare,Biotechnology
AOSL,2026-09-09T13:52:54.216512+00:00,776452480.0,669203.0,-0.035,,,81.46032,0.7049883086515978,,Technology,Semiconductors
AOUT,2026-09-09T13:52:54.831549+00:00,186163072.0,189061.0,0.254,,,19.155844,0.11864406779661008,1.0,Consumer Cyclical,Leisure
APA,2026-09-09T13:52:55.382390+00:00,15587139584.0,5546440.0,0.092,0.263,0.239,10.247138,-0.0007118453585076567,2.61538,Energy,Oil & Gas E&P
APC,2026-09-09T13:52:56.015593+00:00,1547778944.0,171658.0,0.274,-0.102,0.22,17.683964,0.21365697519338478,1.5,Energy,Oil & Gas Refining & Marketing
APEI,2026-09-09T13:52:56.618688+00:00,826223232.0,308743.0,0.055,,1.174,12.006649,0.391811496289733,,Consumer Defensive,Education & Training Services
APLD,2026-09-09T13:52:57.174913+00:00,8074228224.0,18653761.0,4.066,,,-113.6,1.6136362676056342,1.36364,Technology,Information Technology Services
APOG,2026-09-09T13:52:57.780008+00:00,799255616.0,247296.0,-0.011,,,9.820513,0.14882506527415162,,Industrials,Building Products & Equipment
APP,2026-09-09T13:52:58.431935+00:00,104141217792.0,6007887.0,0.528,0.57,0.545,14.7782345,0.6399589161157793,1.60606,Communication Services,Advertising Agencies
APPF,2026-09-09T13:52:59.026809+00:00,7103589376.0,395183.0,0.193,0.182,0.155,23.789034,0.15189776541967115,,Technology,Software - Application
APPN,2026-09-09T13:52:59.772437+00:00,2458975744.0,854991.0,0.191,,,24.213402,-0.009612583745994718,,Technology,Software - Infrastructure
APPS,2026-09-09T13:53:00.364572+00:00,,,,,,,,,,
AQST,2026-09-09T13:53:01.067234+00:00,,,,,,,,,,
ARCB,2026-09-09T13:53:01.561760+00:00,,,,,,,,,,
ARCC,2026-09-09T13:53:02.308245+00:00,,,,,,,,,,
ARCT,2026-09-09T13:53:02.994107+00:00,,,,,,,,,,
ARDX,2026-09-09T13:53:03.485817+00:00,,,,,,,,,,
ARHS,2026-09-09T13:53:04.062783+00:00,,,,,,,,,,
ARKO,2026-09-09T13:53:04.581406+00:00,,,,,,,,,,
AROW,2026-09-09T13:53:05.162513+00:00,,,,,,,,,,
ARQQ,2026-09-09T13:53:05.933080+00:00,,,,,,,,,,
ARQT,2026-09-09T13:53:06.425860+00:00,,,,,,,,,,
ARRY,2026-09-09T13:53:06.989921+00:00,,,,,,,,,,
ARTV,2026-09-09T13:53:07.572988+00:00,,,,,,,,,,
ARVN,2026-09-09T13:53:08.376533+00:00,,,,,,,,,,
ARWR,2026-09-09T13:53:09.126882+00:00,,,,,,,,,,
ASLE,2026-09-09T13:53:09.667622+00:00,,,,,,,,,,
ASMB,2026-09-09T13:53:10.163527+00:00,,,,,,,,,,
ASML,2026-09-09T13:53:10.762357+00:00,,,,,,,,,,
ASND,2026-09-09T13:53:11.657896+00:00,,,,,,,,,,
ASO,2026-09-09T13:53:12.072609+00:00,,,,,,,,,,
ASPI,2026-09-09T13:53:12.832489+00:00,,,,,,,,,,
ASST,2026-09-09T13:53:13.240487+00:00,,,,,,,,,,
ASTE,2026-09-09T13:53:13.768798+00:00,982705024.0,233854.0,0.236,-0.375,-0.371,10.966004,0.5734674777725783,,Industrials,Farm & Heavy Construction Machinery
ASTH,2026-09-09T13:53:14.240537+00:00,1864097408.0,585987.0,0.485,1.105,1.095,10.615622,0.3704353194444814,1.4,Healthcare,Medical Care Facilities
ASTL,2026-09-09T13:53:14.883796+00:00,465967072.0,1083122.0,-0.546,,,-14.730286,,2.66667,Basic Materials,Steel
ASYS,2026-09-09T13:53:15.474633+00:00,272163424.0,465214.0,0.145,12.504,14.642,12.436,0.4152460598263108,,Technology,Semiconductor Equipment & Materials
ATAI,2026-09-09T13:53:16.077848+00:00,2716212736.0,14256748.0,1.37,,,-14.947854,0.10595303113052967,,Healthcare,Biotechnology
ATEC,2026-09-09T13:53:16.683179+00:00,1425583360.0,2434758.0,0.151,,,15.399244,0.7102611050920908,,Healthcare,Medical Devices
ATEX,2026-09-09T13:53:17.226678+00:00,1665949440.0,434982.0,0.381,-0.993,-0.99,41.24029,0.3222686127950092,,Communication Services,Telecom Services
ATLC,2026-09-09T13:53:17.813363+00:00,1429472768.0,172153.0,0.833,0.66,0.626,7.058427,0.3859704977183487,1.25,Financial Services,Credit Services
ATNI,2026-09-09T13:53:18.409250+00:00,462327136.0,83237.0,0.018,,,27.791388,1.2988735519595398,,Communication Services,Telecom Services
ATRC,2026-09-09T13:53:19.045051+00:00,2682434048.0,927896.0,0.128,,,122.13961,-0.020258462121930276,1.7,Healthcare,Medical Instruments & Supplies
ATRO,2026-09-09T13:53:19.824242+00:00,3269118976.0,706461.0,0.27,24.0,25.682,24.149324,0.32219444809893427,1.25,Industrials,Aerospace & Defense
AUGO,2026-09-09T13:53:20.427994+00:00,,,,,,,,,,
AUPH,2026-09-09T13:53:21.056843+00:00,,,,,,,,,,
AUR,2026-09-09T13:53:21.603588+00:00,,,,,,,,,,
AURA,2026-09-09T13:53:22.416038+00:00,,,,,,,,,,
AVAH,2026-09-09T13:53:22.872045+00:00,,,,,,,,,,
AVAV,2026-09-09T13:53:23.463435+00:00,,,,,,,,,,
AVBP,2026-09-09T13:53:24.059615+00:00,,,,,,,,,,
AVGO,2026-09-09T13:53:24.678552+00:00,,,,,,,,,,
AVNW,2026-09-09T13:53:25.173901+00:00,,,,,,,,,,
AVO,2026-09-09T13:53:26.382731+00:00,,,,,,,,,,
AVPT,2026-09-09T13:53:26.786150+00:00,,,,,,,,,,
AVR,2026-09-09T13:53:27.439197+00:00,,,,,,,,,,
AVT,2026-09-09T13:53:28.008361+00:00,,,,,,,,,,
AVTX,2026-09-09T13:53:28.528075+00:00,1054901888.0,1227022.0,,,,-7.173021,1.2411453990849006,1.14286,Healthcare,Biotechnology
AXGN,2026-09-09T13:53:28.978498+00:00,2533242368.0,1224698.0,0.231,,,67.920715,0.14388794567062813,1.2,Healthcare,Medical Devices
AXON,2026-09-09T13:53:29.777895+00:00,39562620928.0,958254.0,0.353,-0.182,-0.185,46.05693,0.4501242299794661,1.71429,Industrials,Aerospace & Defense
AXSM,2026-09-09T13:53:30.907938+00:00,10931352576.0,838782.0,0.455,,,41.456264,0.36767228904116167,1.2381,Healthcare,Biotechnology
AXTI,2026-09-09T13:53:31.077730+00:00,4728484352.0,10434548.0,1.648,,,32.39443,0.2702815143530717,1.6,Technology,Semiconductor Equipment & Materials
AYA,2026-09-09T13:53:31.703595+00:00,4279314176.0,777170.0,1.507,2.833,2.92,12.917391,,,Basic Materials,Silver
AZ,2026-09-09T13:53:32.277070+00:00,266360144.0,402525.0,4.09,,,11.0,2.71900826446281,,Technology,Software - Application
AZTA,2026-09-09T13:53:32.877322+00:00,1329584768.0,721922.0,0.12,,,51.659576,0.1614497528830312,2.16667,Healthcare,Medical Instruments & Supplies
BAND,2026-09-09T13:53:33.541650+00:00,1434458624.0,1222564.0,0.222,,,23.143822,0.5872125630959057,,Technology,Software - Infrastructure
BANF,2026-09-09T13:53:34.073953+00:00,3704597504.0,162253.0,0.087,0.059,0.07,14.039905,0.1276376745873391,,Financial Services,Banks - Regional
BANR,2026-09-09T13:53:34.700176+00:00,2547908864.0,347393.0,0.069,0.092,0.075,10.309859,0.10008628127696273,,Financial Services,Banks - Regional
BATRA,2026-09-09T13:53:35.349159+00:00,3557468160.0,67648.0,-0.023,,,-120.521736,,,Communication Services,Entertainment
BATRK,2026-09-09T13:53:35.874927+00:00,3205828096.0,582850.0,-0.023,,,-85.15861,0.2690152121697358,2.2,Communication Services,Entertainment
BBCP,2026-09-09T13:53:36.489216+00:00,522831744.0,233909.0,0.126,0.419,0.333,30.072464,0.15662650602409633,3.0,Industrials,Engineering & Construction
BBIO,2026-09-09T13:53:37.064180+00:00,14716711936.0,3039198.0,1.204,,,2740.444,0.449192879914984,1.5,Healthcare,Biotechnology
BBNX,2026-09-09T13:53:37.702464+00:00,852554624.0,1156248.0,0.378,,,-8.185745,0.07171978891820596,1.75,Healthcare,Medical Devices
BBOT,2026-09-09T13:53:38.310347+00:00,673463808.0,370524.0,,,,-3.0852292,2.1818178571428573,1.33333,Healthcare,Biotechnology
BBSI,2026-09-09T13:53:39.039439+00:00,779161088.0,241611.0,0.038,-0.257,-0.303,15.876543,0.2674961119751167,,Industrials,Staffing & Employment Services
BCAL,2026-09-09T13:53:39.545427+00:00,695255424.0,217075.0,-0.016,0.023,0.014,11.689189,0.13294797687861282,,Financial Services,Banks - Regional
BCAX,2026-09-09T13:53:40.081890+00:00,1541829376.0,723556.0,,,,-6.7163033,0.4823373390557939,1.46667,Healthcare,Biotechnology
BCPC,2026-09-09T13:53:40.685169+00:00,5397905408.0,212591.0,0.112,0.188,0.166,26.996262,0.23575267229669872,,Basic Materials,Specialty Chemicals
BCRX,2026-09-09T13:53:41.583425+00:00,2347089920.0,4342682.0,0.336,14.0,14.417,9.771277,1.266541099618944,1.45455,Healthcare,Drug Manufacturers - Specialty & Generic
BCTX,2026-09-09T13:53:41.873926+00:00,31406230.0,296670.0,,,,-9.256411,,,Healthcare,Biotechnology
BDSX,2026-09-09T13:53:42.498631+00:00,284985696.0,100314.0,0.342,,,-122.77273,0.25879303961495737,,Healthcare,Diagnostics & Research
BEAM,2026-09-09T13:53:43.145802+00:00,2692709376.0,2141653.0,-0.942,,,-5.4984107,1.000531261986958,1.33333,Healthcare,Biotechnology
BELFA,2026-09-09T13:53:43.705863+00:00,2985067520.0,182900.0,0.252,-0.117,-0.051,25.808987,0.5140521453103082,,Technology,Electronic Components
BELFB,2026-09-09T13:53:44.364710+00:00,3571525888.0,259803.0,0.252,-0.117,-0.051,23.163527,0.33282120115627967,,Technology,Electronic Components
BETR,2026-09-09T13:53:45.029825+00:00,261515456.0,536267.0,0.282,,,-28.381443,0.8646327642571738,1.71429,Financial Services,Mortgage Finance
BFC,2026-09-09T13:53:45.603564+00:00,1709733120.0,89867.0,0.57,0.297,0.463,12.927912,0.05686312649938419,,Financial Services,Banks - Regional
BFST,2026-09-09T13:53:46.160421+00:00,1013277888.0,251256.0,0.127,0.0,0.094,9.456257,0.1211050433665275,1.2,Financial Services,Banks - Regional
BGC,2026-09-09T13:53:46.659985+00:00,5658051584.0,3077296.0,0.083,0.277,0.26,7.555555,0.3025210084033614,,Financial Services,Capital Markets
BHRB,2026-09-09T13:53:47.344880+00:00,1431462528.0,150285.0,0.223,-0.746,-0.683,8.100917,0.12819066422225367,,Financial Services,Banks - Regional
BIAF,2026-09-09T13:53:47.900906+00:00,6877766.0,2387252.0,0.19,,,-19.0815,,,Healthcare,Diagnostics & Research
BIIB,2026-09-09T13:53:48.465624+00:00,31367759872.0,1113824.0,0.034,-0.848,-0.846,12.832501,0.1157243713058862,1.82857,Healthcare,Drug Manufacturers - General
BIOA,2026-09-09T13:53:49.091278+00:00,420645152.0,875333.0,0.016,,,-3.883376,2.887070376432079,1.66667,Healthcare,Drug Manufacturers - Specialty & Generic
BJRI,2026-09-09T13:53:49.764622+00:00,1280467840.0,530527.0,0.064,-0.113,-0.154,22.01037,0.2522844326300051,,Consumer Cyclical,Restaurants
BKNG,2026-09-09T13:53:50.327762+00:00,128467279872.0,6716179.0,0.081,1.3,1.179,13.8138075,0.3959682409709022,1.53846,Consumer Cyclical,Travel Services
BKR,2026-09-09T13:53:50.874143+00:00,64781910016.0,8250550.0,-0.024,-0.042,-0.029,20.646738,0.10527781182960472,1.70833,Energy,Oil & Gas Equipment & Services
BL,2026-09-09T13:53:51.499833+00:00,1728645632.0,1098869.0,0.092,1.016,0.988,10.69638,0.304640215198386,,Technology,Software - Application
BLBD,2026-09-09T13:53:52.106954+00:00,2016678784.0,520306.0,0.299,3.705,4.082,13.295902,0.3985876814437035,,Industrials,Farm & Heavy Construction Machinery
BLFS,2026-09-09T13:53:52.697612+00:00,1729195264.0,1111490.0,0.215,,,107.106064,-0.1148476446456358,,Healthcare,Medical Instruments & Supplies
BLKB,2026-09-09T13:53:53.275201+00:00,2008511744.0,720248.0,0.03,0.436,0.336,7.4120607,0.14124293785310726,,Technology,Software - Application
BLLN,2026-09-09T13:53:53.876696+00:00,4665854464.0,732274.0,0.644,,,66.58585,0.2110639158576053,1.66667,Healthcare,Diagnostics & Research
BLMN,2026-09-09T13:53:54.478014+00:00,807405312.0,2098353.0,0.013,0.224,0.233,9.084254,0.20071367974549315,,Consumer Cyclical,Restaurants
BLZE,2026-09-09T13:53:55.088018+00:00,862267008.0,3589162.0,0.177,,,49.397163,0.6391478822684853,,Technology,Software - Infrastructure
BMRC,2026-09-09T13:53:55.718796+00:00,444855968.0,160203.0,2.754,,,11.453803,0.15762650163815084,,Financial Services,Banks - Regional
BMRN,2026-09-09T13:53:56.367255+00:00,12561001472.0,1954696.0,0.199,-0.813,-0.814,9.924916,0.40889320388349515,1.74074,Healthcare,Biotechnology
BNC,2026-09-09T13:53:56.915433+00:00,197202160.0,1482611.0,0.101,,,1.0147246,,,Industrials,Farm & Heavy Construction Machinery
BNTC,2026-09-09T13:53:57.556876+00:00,435956512.0,143209.0,,,,-1.3471338,0.9043869188337275,1.14286,Healthcare,Biotechnology
BOKF,2026-09-09T13:53:58.077827+00:00,8182258176.0,255485.0,0.101,0.332,0.261,12.51187,0.1288525807649461,2.8,Financial Services,Banks - Regional
BOXL,2026-09-09T13:53:58.711035+00:00,4319936.0,1763753.0,-0.16,,,-0.065202944,,,Technology,Consumer Electronics
BPOP,2026-09-09T13:53:59.295101+00:00,10597084160.0,507843.0,0.076,0.409,0.322,9.581228,0.18865272983879455,1.4,Financial Services,Banks - Regional
BRCB,2026-09-09T13:53:59.937331+00:00,209640256.0,402479.0,0.25,,,33.714283,0.2560529661016948,,Consumer Cyclical,Restaurants
BRKR,2026-09-09T13:54:00.482345+00:00,8492508160.0,2155159.0,0.052,,,23.163136,0.05400071761750991,2.07692,Healthcare,Medical Devices
BRUN,2026-09-09T13:54:01.114847+00:00,1491136640.0,1944674.0,2.697,,,19.541042,1.3987974029020118,,Technology,Software - Infrastructure
BRZE,2026-09-09T13:54:01.732059+00:00,2857465600.0,2457043.0,0.262,,,25.865849,0.4505321245565628,1.28571,Technology,Software - Application
BSRR,2026-09-09T13:54:02.282960+00:00,527480608.0,65125.0,-0.032,-0.013,-0.067,10.753171,0.056770705333005766,,Financial Services,Banks - Regional
BSVN,2026-09-09T13:54:02.927018+00:00,516968224.0,35611.0,-0.063,-0.25,-0.248,12.122851,0.05644610281923712,,Financial Services,Banks - Regional
BSY,2026-09-09T13:54:03.487240+00:00,9739475968.0,2931940.0,0.128,0.148,0.115,20.509037,0.37923914392059555,1.70588,Technology,Software - Application
BTDR,2026-09-09T13:54:04.205606+00:00,3463864576.0,11924119.0,0.471,,,-34.214764,0.7080604158493529,1.38462,Technology,Software - Application
BULL,2026-09-09T13:54:04.713566+00:00,5231619584.0,13038051.0,0.533,,,30.777777,0.34089736977823626,1.5,Technology,Software - Application
BUSE,2026-09-09T13:54:05.500440+00:00,2498778880.0,806446.0,-0.009,0.327,0.333,11.101695,0.0999904163912757,,Financial Services,Banks - Regional
BUUU,2026-09-09T13:54:06.092968+00:00,,,,,,,,,,
BVS,2026-09-09T13:54:06.882934+00:00,,,,,,,,,,
BWB,2026-09-09T13:54:07.407913+00:00,,,,,,,,,,
BWFG,2026-09-09T13:54:07.932514+00:00,,,,,,,,,,
BWIN,2026-09-09T13:54:08.557257+00:00,,,,,,,,,,
BWMN,2026-09-09T13:54:09.194704+00:00,,,,,,,,,,
BYND,2026-09-09T13:54:09.750927+00:00,,,,,,,,,,
BZ,2026-09-09T13:54:10.408293+00:00,,,,,,,,,,
CABA,2026-09-09T13:54:10.961533+00:00,,,,,,,,,,
CAC,2026-09-09T13:54:11.575228+00:00,,,,,,,,,,
CACC,2026-09-09T13:54:12.125909+00:00,,,,,,,,,,
CADL,2026-09-09T13:54:12.729984+00:00,,,,,,,,,,
CAE,2026-09-09T13:54:13.341133+00:00,,,,,,,,,,
CAI,2026-09-09T13:54:14.035489+00:00,,,,,,,,,,
CAKE,2026-09-09T13:54:14.610570+00:00,,,,,,,,,,
CALM,2026-09-09T13:54:15.120951+00:00,,,,,,,,,,
CAMT,2026-09-09T13:54:15.703803+00:00,,,,,,,,,,
CAPR,2026-09-09T13:54:16.546738+00:00,,,,,,,,,,
CAR,2026-09-09T13:54:16.955209+00:00,,,,,,,,,,
CARE,2026-09-09T13:54:17.529909+00:00,,,,,,,,,,
CARG,2026-09-09T13:54:18.215725+00:00,,,,,,,,,,
CARL,2026-09-09T13:54:18.733039+00:00,,,,,,,,,,
CART,2026-09-09T13:54:19.440566+00:00,10753178624.0,4156833.0,0.141,0.081,-0.043,9.485419,0.23712142088266952,2.03125,Consumer Cyclical,Internet Retail
CASH,2026-09-09T13:54:19.938353+00:00,,,,,,,,,,
CASS,2026-09-09T13:54:20.582095+00:00,,,,,,,,,,
CASY,2026-09-09T13:54:21.231662+00:00,22043828224.0,450754.0,0.243,0.277,0.271,25.376822,0.5725441375618368,1.65,Consumer Cyclical,Specialty Retail
CATY,2026-09-09T13:54:22.078474+00:00,,,,,,,,,,
CBC,2026-09-09T13:54:23.190242+00:00,,,,,,,,,,
CBIO,2026-09-09T13:54:24.314919+00:00,,,,,,,,,,
CBLL,2026-09-09T13:54:25.198957+00:00,,,,,,,,,,
CBRL,2026-09-09T13:54:25.592135+00:00,,,,,,,,,,
CBSH,2026-09-09T13:54:26.421856+00:00,,,,,,,,,,
CCAP,2026-09-09T13:54:27.195495+00:00,,,,,,,,,,
CCB,2026-09-09T13:54:27.724195+00:00,,,,,,,,,,
CCBG,2026-09-09T13:54:28.383524+00:00,,,,,,,,,,
CCC,2026-09-09T13:54:28.846508+00:00,,,,,,,,,,
CCCC,2026-09-09T13:54:29.314459+00:00,,,,,,,,,,
CCEP,2026-09-09T13:54:30.067190+00:00,,,,,,,,,,
CCNE,2026-09-09T13:54:31.132980+00:00,,,,,,,,,,
CCOI,2026-09-09T13:54:31.750283+00:00,,,,,,,,,,
CCSI,2026-09-09T13:54:32.387896+00:00,,,,,,,,,,
CCXI,2026-09-09T13:54:32.875715+00:00,,,,,,,,,,
CDNA,2026-09-09T13:54:33.367405+00:00,,,,,,,,,,
CDNL,2026-09-09T13:54:34.039730+00:00,,,,,,,,,,
CDNS,2026-09-09T13:54:34.546900+00:00,,,,,,,,,,
CDW,2026-09-09T13:54:35.326794+00:00,,,,,,,,,,
CDZI,2026-09-09T13:54:35.865287+00:00,,,,,,,,,,
CECO,2026-09-09T13:54:36.391057+00:00,,,,,,,,,,
CEG,2026-09-09T13:54:37.061598+00:00,,,,,,,,,,
CELC,2026-09-09T13:54:37.571512+00:00,,,,,,,,,,
CELH,2026-09-09T13:54:38.256521+00:00,,,,,,,,,,
CENT,2026-09-09T13:54:38.761493+00:00,,,,,,,,,,
CENTA,2026-09-09T13:54:39.316545+00:00,,,,,,,,,,
CENX,2026-09-09T13:54:40.157774+00:00,,,,,,,,,,
CEPO,2026-09-09T13:54:40.590585+00:00,,,,,,,,,,
CERT,2026-09-09T13:54:41.191772+00:00,,,,,,,,,,
CEVA,2026-09-09T13:54:41.782974+00:00,,,,,,,,,,
CFFI,2026-09-09T13:54:42.288850+00:00,,,,,,,,,,
CFFN,2026-09-09T13:54:43.272265+00:00,,,,,,,,,,
CG,2026-09-09T13:54:43.654265+00:00,,,,,,,,,,
CGBD,2026-09-09T13:54:44.246718+00:00,,,,,,,,,,
CGEM,2026-09-09T13:54:44.979072+00:00,,,,,,,,,,
CGNT,2026-09-09T13:54:45.693811+00:00,,,,,,,,,,
CGNX,2026-09-09T13:54:46.179633+00:00,10530811904.0,2167893.0,0.169,0.792,0.796,30.925798,0.2787960063897763,1.85,Technology,Scientific & Technical Instruments
CGON,2026-09-09T13:54:46.597447+00:00,6585093632.0,946040.0,,,,-24.594046,0.22596473280387652,,Healthcare,Biotechnology
CGTL,2026-09-09T13:54:47.115458+00:00,7238063.0,472732.0,0.503,,,,,,Consumer Cyclical,Specialty Retail
CHCO,2026-09-09T13:54:47.747150+00:00,2016602496.0,131938.0,0.009,0.028,-0.003,14.980166,-0.021670963695909595,,Financial Services,Banks - Regional
CHDN,2026-09-09T13:54:49.195769+00:00,5892109824.0,1026553.0,0.049,0.144,0.111,11.415966,0.5447250251375169,1.25,Consumer Cyclical,Gambling
CHEF,2026-09-09T13:54:49.405779+00:00,4536524288.0,669572.0,0.129,0.555,0.59,36.170834,0.07414064748201432,1.44444,Consumer Defensive,Food Distribution
CHKP,2026-09-09T13:54:49.972665+00:00,13653916672.0,1146935.0,0.013,0.016,-0.044,11.834607,0.09647498691393097,2.28947,Technology,Software - Infrastructure
CHMG,2026-09-09T13:54:50.581590+00:00,402882176.0,58064.0,2.417,,,10.2318325,0.013244016275729908,2.0,Financial Services,Banks - Regional
CHRD,2026-09-09T13:54:51.164306+00:00,8239140864.0,797614.0,0.841,,,10.643516,0.11708597224988382,1.5,Energy,Oil & Gas E&P
CHRN,2026-09-09T13:54:51.798220+00:00,3036540928.0,279767.0,,,,,,,Technology,Information Technology Services
CHRW,2026-09-09T13:54:52.362494+00:00,17788266496.0,1731209.0,0.193,0.238,0.225,20.299444,0.3098600801418907,1.72,Industrials,Integrated Freight & Logistics
CHTR,2026-09-09T13:54:53.000983+00:00,19205791744.0,3228695.0,-0.017,0.161,-0.007,3.231094,0.2941176140350876,2.95238,Communication Services,Telecom Services
CHYM,2026-09-09T13:54:53.573682+00:00,13095789568.0,7058167.0,0.268,,,21.485342,0.06687673814878847,1.54545,Technology,Software - Application
CIFR,2026-09-09T13:54:54.169208+00:00,7495454720.0,29860361.0,-0.43,,,83.35256,0.7816428571428573,1.29412,Technology,Information Technology Services
CIGI,2026-09-09T13:54:54.857423+00:00,4761317376.0,227187.0,0.167,6.05,6.111,10.9344,0.4942895475450657,1.92308,Real Estate,Real Estate Services
CINF,2026-09-09T13:54:55.392823+00:00,25857980416.0,761035.0,0.316,0.855,0.832,18.655285,0.1376226851851854,2.5,Financial Services,Insurance - Property & Casualty
CIVB,2026-09-09T13:54:55.989339+00:00,567474752.0,151841.0,0.135,-0.03,0.3,9.388751,0.1420545987541224,,Financial Services,Banks - Regional
CLBK,2026-09-09T13:54:56.558473+00:00,1208116096.0,5009521.0,0.131,0.167,0.177,18.322706,0.22021274763135223,,Financial Services,Banks - Regional
CLBT,2026-09-09T13:54:57.188139+00:00,2842667520.0,2798801.0,0.158,-0.679,-0.673,17.314493,0.35783731211317416,,Technology,Software - Infrastructure
CLDX,2026-09-09T13:54:57.784642+00:00,3090922496.0,1006103.0,-0.97,,,-9.358862,0.4935393800813008,1.26667,Healthcare,Biotechnology
CLFD,2026-09-09T13:54:58.361221+00:00,390067328.0,205445.0,0.132,1.041,0.868,32.084133,0.4016917810365903,,Technology,Communication Equipment
CLGN,2026-09-09T13:54:59.194652+00:00,,,,,,,,,,
CLMB,2026-09-09T13:55:01.577717+00:00,,,,,,,,,,
CLMT,2026-09-09T13:55:05.197308+00:00,,,,,,,,,,
CLOV,2026-09-09T13:55:05.567831+00:00,,,,,,,,,,
CLPT,2026-09-09T13:55:06.154963+00:00,,,,,,,,,,
CLSK,2026-09-09T13:55:06.827315+00:00,,,,,,,,,,
CLYM,2026-09-09T13:55:07.384733+00:00,,,,,,,,,,
CMCO,2026-09-09T13:55:08.025896+00:00,,,,,,,,,,
CMCSA,2026-09-09T13:55:08.641665+00:00,,,,,,,,,,
CME,2026-09-09T13:55:09.306080+00:00,,,,,,,,,,
CMPR,2026-09-09T13:55:09.867145+00:00,,,,,,,,,,
CMPS,2026-09-09T13:55:10.454934+00:00,,,,,,,,,,
CNOB,2026-09-09T13:55:11.222291+00:00,,,,,,,,,,
CNXC,2026-09-09T13:55:11.636911+00:00,,,,,,,,,,
CNXN,2026-09-09T13:55:12.301158+00:00,,,,,,,,,,
COCO,2026-09-09T13:55:12.822749+00:00,,,,,,,,,,
COFS,2026-09-09T13:55:13.341334+00:00,,,,,,,,,,
COGT,2026-09-09T13:55:14.003230+00:00,,,,,,,,,,
COHU,2026-09-09T13:55:14.663521+00:00,,,,,,,,,,
COIN,2026-09-09T13:55:15.165743+00:00,,,,,,,,,,
COKE,2026-09-09T13:55:15.871508+00:00,,,,,,,,,,
COLB,2026-09-09T13:55:16.559233+00:00,,,,,,,,,,
COLL,2026-09-09T13:55:17.067619+00:00,,,,,,,,,,
COLM,2026-09-09T13:55:17.693115+00:00,,,,,,,,,,
COO,2026-09-09T13:55:18.310208+00:00,,,,,,,,,,
CORT,2026-09-09T13:55:18.879019+00:00,,,,,,,,,,
CORZ,2026-09-09T13:55:19.469837+00:00,,,,,,,,,,
COST,2026-09-09T13:55:20.039340+00:00,,,,,,,,,,
CPB,2026-09-09T13:55:20.687786+00:00,,,,,,,,,,
CPRT,2026-09-09T13:55:21.277878+00:00,,,,,,,,,,
CRAI,2026-09-09T13:55:22.344967+00:00,,,,,,,,,,
CRBP,2026-09-09T13:55:22.745335+00:00,,,,,,,,,,
CRCT,2026-09-09T13:55:23.434938+00:00,,,,,,,,,,
CRDO,2026-09-09T13:55:24.272112+00:00,,,,,,,,,,
CRMD,2026-09-09T13:55:24.679270+00:00,,,,,,,,,,
CRML,2026-09-09T13:55:25.312859+00:00,,,,,,,,,,
CRNC,2026-09-09T13:55:25.932832+00:00,,,,,,,,,,
CRON,2026-09-09T13:55:26.471694+00:00,,,,,,,,,,
CROX,2026-09-09T13:55:27.279732+00:00,,,,,,,,,,
CRSP,2026-09-09T13:55:27.764990+00:00,,,,,,,,,,
CRSR,2026-09-09T13:55:28.327499+00:00,,,,,,,,,,
CRTO,2026-09-09T13:55:28.974191+00:00,,,,,,,,,,
CRUS,2026-09-09T13:55:29.697673+00:00,,,,,,,,,,
CRVL,2026-09-09T13:55:30.132694+00:00,,,,,,,,,,
CRVS,2026-09-09T13:55:30.702634+00:00,,,,,,,,,,
CRWD,2026-09-09T13:55:31.283571+00:00,,,,,,,,,,
CRWV,2026-09-09T13:55:31.955484+00:00,,,,,,,,,,
CSCO,2026-09-09T13:55:32.570504+00:00,,,,,,,,,,
CSGP,2026-09-09T13:55:33.096209+00:00,,,,,,,,,,
CSIQ,2026-09-09T13:55:33.724904+00:00,,,,,,,,,,
CSQ,2026-09-09T13:55:34.303867+00:00,,,,,,,,,,
CSTL,2026-09-09T13:55:34.891220+00:00,,,,,,,,,,
CSWC,2026-09-09T13:55:35.475861+00:00,,,,,,,,,,
CSX,2026-09-09T13:55:36.005930+00:00,,,,,,,,,,
CTAS,2026-09-09T13:55:36.738825+00:00,,,,,,,,,,
CTBI,2026-09-09T13:55:37.274073+00:00,,,,,,,,,,
CTKB,2026-09-09T13:55:38.030504+00:00,,,,,,,,,,
CTMX,2026-09-09T13:55:38.465462+00:00,,,,,,,,,,
CTNM,2026-09-09T13:55:39.066001+00:00,,,,,,,,,,
CTRN,2026-09-09T13:55:39.683592+00:00,,,,,,,,,,
CTSH,2026-09-09T13:55:40.365736+00:00,,,,,,,,,,
CUE,2026-09-09T13:55:40.865447+00:00,,,,,,,,,,
CURR,2026-09-09T13:55:41.500727+00:00,,,,,,,,,,
CVBF,2026-09-09T13:55:42.192066+00:00,,,,,,,,,,
CVCO,2026-09-09T13:55:42.639814+00:00,,,,,,,,,,
CVLT,2026-09-09T13:55:43.315616+00:00,,,,,,,,,,
CWBC,2026-09-09T13:55:43.832599+00:00,,,,,,,,,,
CWCO,2026-09-09T13:55:44.463162+00:00,,,,,,,,,,
CWST,2026-09-09T13:55:45.119089+00:00,,,,,,,,,,
CYCU,2026-09-09T13:55:45.627126+00:00,,,,,,,,,,
CYRX,2026-09-09T13:55:46.213843+00:00,,,,,,,,,,
CYTK,2026-09-09T13:55:46.824960+00:00,,,,,,,,,,
CZFS,2026-09-09T13:55:47.440143+00:00,,,,,,,,,,
CZR,2026-09-09T13:55:48.141559+00:00,,,,,,,,,,
DAKT,2026-09-09T13:55:48.649829+00:00,,,,,,,,,,
DASH,2026-09-09T13:55:49.252135+00:00,,,,,,,,,,
DAVE,2026-09-09T13:55:49.987495+00:00,,,,,,,,,,
DBX,2026-09-09T13:55:50.467085+00:00,,,,,,,,,,
DCTH,2026-09-09T13:55:51.069990+00:00,,,,,,,,,,
DDOG,2026-09-09T13:55:51.678769+00:00,,,,,,,,,,
DFDV,2026-09-09T13:55:52.412852+00:00,,,,,,,,,,
DFNS,2026-09-09T13:55:52.985352+00:00,,,,,,,,,,
DFTX,2026-09-09T13:55:53.565269+00:00,,,,,,,,,,
DGICA,2026-09-09T13:55:54.041706+00:00,,,,,,,,,,
DGII,2026-09-09T13:55:54.780552+00:00,,,,,,,,,,
DGXX,2026-09-09T13:55:55.281012+00:00,,,,,,,,,,
DHC,2026-09-09T13:55:55.866495+00:00,,,,,,,,,,
DIOD,2026-09-09T13:55:56.489859+00:00,,,,,,,,,,
DJCO,2026-09-09T13:55:57.111826+00:00,,,,,,,,,,
DJT,2026-09-09T13:55:57.654897+00:00,,,,,,,,,,
DKNG,2026-09-09T13:55:58.453220+00:00,,,,,,,,,,
DLO,2026-09-09T13:55:58.925049+00:00,,,,,,,,,,
DLTR,2026-09-09T13:55:59.449498+00:00,,,,,,,,,,
DMRA,2026-09-09T13:56:00.154170+00:00,,,,,,,,,,
DNLI,2026-09-09T13:56:00.828517+00:00,,,,,,,,,,
DNTH,2026-09-09T13:57:41.398491+00:00,,,,,,,,,,
DNUT,2026-09-09T13:57:41.874717+00:00,568212544.0,2896420.0,-0.128,,,69.32684,0.2977099236641221,2.85714,Consumer Defensive,Grocery Stores
DOCU,2026-09-09T13:57:42.525483+00:00,11974839296.0,3623633.0,0.094,0.333,0.234,12.3494625,0.0373672545653192,2.75,Technology,Software - Application
DOMO,2026-09-09T13:57:43.133992+00:00,180383680.0,2345779.0,-0.037,,,35.50926,0.025207301173402863,2.83333,Technology,Software - Application
DOO,2026-09-09T13:57:43.707614+00:00,4504881152.0,242683.0,0.185,,,16.051369,0.15168348732527837,2.2,Consumer Cyclical,Recreational Vehicles
DORM,2026-09-09T13:57:44.316262+00:00,3806194688.0,286322.0,0.007,0.534,0.495,13.809958,0.2659831592078592,,Consumer Cyclical,Auto Parts
DOX,2026-09-09T13:57:44.910305+00:00,6161528832.0,1397200.0,0.027,-0.574,-0.596,7.350221,0.34299271309947477,2.0,Technology,Software - Infrastructure
DPRO,2026-09-09T13:57:45.484448+00:00,221475792.0,1215962.0,0.26,,,-8.485599,0.8410219896341771,1.33333,Technology,Computer Hardware
DPZ,2026-09-09T13:57:46.317075+00:00,10692678656.0,937209.0,0.043,0.068,0.036,15.488237,0.17765871542602563,2.16667,Consumer Cyclical,Restaurants
DRH,2026-09-09T13:57:46.721893+00:00,2450291968.0,2517156.0,0.041,1.444,1.216,20.22034,0.14933277451802174,2.0,Real Estate,REIT - Hotel & Motel
DRS,2026-09-09T13:57:47.543856+00:00,9720188928.0,982406.0,0.101,0.6,0.593,24.771633,0.48544755628775405,1.5,Industrials,Aerospace & Defense
DRTS,2026-09-09T13:57:47.903497+00:00,1359891200.0,685574.0,,,,-27.507576,0.21047262835770142,1.6,Healthcare,Biotechnology
DRVN,2026-09-09T13:57:48.495789+00:00,2137148544.0,920177.0,0.068,-0.37,-0.366,8.964705,0.2822294272039523,2.0,Consumer Cyclical,Auto & Truck Dealerships
DSGN,2026-09-09T13:57:49.111786+00:00,960628352.0,688477.0,,,,-9.636754,0.3680781758957654,,Healthcare,Biotechnology
DSGR,2026-09-09T13:57:49.706653+00:00,1607607296.0,207932.0,0.11,0.669,0.698,19.80342,0.007049345417925457,,Industrials,Industrial Distribution
DSGX,2026-09-09T13:57:50.273919+00:00,6321411584.0,546200.0,0.147,0.341,0.337,23.001299,0.35869282906330513,1.57143,Technology,Software - Application
DSP,2026-09-09T13:57:50.869316+00:00,886409600.0,273096.0,0.339,,,16.92112,0.46616541353383445,,Technology,Software - Application
DTIL,2026-09-09T13:57:51.469548+00:00,205631568.0,400662.0,,,,-4.0053763,2.9463087248322144,,Healthcare,Biotechnology
DUOL,2026-09-09T13:57:52.100302+00:00,6632995840.0,1292440.0,0.183,-0.275,-0.26,18.635826,-0.056679544815959604,2.70833,Technology,Software - Application
DUOT,2026-09-09T13:57:52.694634+00:00,279790528.0,969179.0,0.295,,,22.794874,1.7559055118110236,,Technology,Software - Application
DXCM,2026-09-09T13:57:53.321979+00:00,31509624832.0,4801429.0,0.131,0.436,0.385,26.72804,0.12718562874251504,1.32143,Healthcare,Medical Devices
DXPE,2026-09-09T13:57:53.963794+00:00,2940034048.0,146561.0,0.156,0.23,0.216,24.734987,0.055576080646012604,,Industrials,Industrial Distribution
DYN,2026-09-09T13:57:54.501305+00:00,3703181824.0,2478922.0,,,,-5.9031386,1.0099415027735756,1.35294,Healthcare,Biotechnology
EBAY,2026-09-09T13:57:55.229866+00:00,45674799104.0,3972346.0,0.148,0.55,0.511,15.244568,0.13160707326578325,2.5625,Consumer Cyclical,Internet Retail
EBC,2026-09-09T13:57:55.716913+00:00,4939277312.0,3189801.0,0.276,-0.04,0.05,10.140746,0.16238723108952136,,Financial Services,Banks - Regional
ECHO,2026-09-09T13:57:56.310562+00:00,26704812032.0,7093769.0,-0.04,,,5.879129,0.4263570107690633,1.14286,Communication Services,Telecom Services
ECPG,2026-09-09T13:57:56.940751+00:00,2081911424.0,369741.0,0.113,0.129,0.09,7.3500566,0.17834830888345565,,Financial Services,Credit Services
EDRY,2026-09-09T13:57:57.526054+00:00,166735264.0,98917.0,0.57,,,9.488581,-0.22060809765322797,,Industrials,Marine Shipping
EEFT,2026-09-09T13:57:58.161642+00:00,2642190080.0,689056.0,0.032,-0.247,-0.207,5.9181066,0.22687811438278582,,Technology,Software - Infrastructure
EFSC,2026-09-09T13:57:58.728981+00:00,2291710464.0,241774.0,0.012,-0.199,-0.204,10.7213,0.13392293114339848,,Financial Services,Banks - Regional
EGBN,2026-09-09T13:57:59.884241+00:00,835565696.0,285251.0,,,,10.920319,0.13097409704487406,,Financial Services,Banks - Regional
EH,2026-09-09T13:58:00.106945+00:00,356093984.0,943050.0,-0.471,,,178.4673,1.187867305644302,2.09091,Industrials,Aerospace & Defense
EIKN,2026-09-09T13:58:00.674003+00:00,612335680.0,419014.0,,,,-1.7847304,1.176028306059266,2.0,Healthcare,Biotechnology
ELE,2026-09-09T13:58:01.365737+00:00,1358145024.0,384559.0,1.616,6.68,21.488,50.36126,0.29419176136363623,1.33333,Basic Materials,Gold
ELVA,2026-09-09T13:58:02.160152+00:00,350512960.0,1044820.0,0.034,-0.693,-0.664,25.839417,1.0621468926553672,1.0,Industrials,Electrical Equipment & Parts
ELVN,2026-09-09T13:58:02.488673+00:00,4330301952.0,1422611.0,,,,-25.274446,0.2504230118443318,,Healthcare,Biotechnology
ELVR,2026-09-09T13:58:03.066865+00:00,1100218752.0,98572.0,0.775,,,814.2857,,,Basic Materials,Other Industrial Metals & Mining
EMAT,2026-09-09T13:58:03.677887+00:00,2020852096.0,500777.0,,,,,2.6923076923076925,,Basic Materials,Other Industrial Metals & Mining
EMBC,2026-09-09T13:58:04.284510+00:00,316069920.0,1844951.0,-0.081,-0.537,-0.536,3.1650496,-0.2829485157034275,,Healthcare,Medical Instruments & Supplies
ENLT,2026-09-09T13:58:04.881153+00:00,10858156032.0,218990.0,0.43,19.002,20.643,99.53847,0.13182637815558995,,Utilities,Utilities - Renewable
ENPH,2026-09-09T13:58:05.502233+00:00,4989121536.0,5128956.0,-0.196,-0.035,-0.026,16.600859,0.4099676863991524,2.4,Technology,Solar
ENSG,2026-09-09T13:58:06.099594+00:00,9814178816.0,675270.0,0.173,0.167,0.182,19.688795,0.30649088425678506,,Healthcare,Medical Care Facilities
ENTA,2026-09-09T13:58:06.691359+00:00,392901664.0,217006.0,-0.216,,,-5.332016,0.4677538917716828,,Healthcare,Biotechnology
ENTG,2026-09-09T13:58:07.450210+00:00,21518823424.0,2937429.0,0.115,0.751,0.773,28.07806,0.23101363345878,1.75,Technology,Semiconductor Equipment & Materials
ENVX,2026-09-09T13:58:07.884542+00:00,732958080.0,6633327.0,0.208,,,-5.283556,2.3982035928143715,,Industrials,Electrical Equipment & Parts
EOLS,2026-09-09T13:58:08.444597+00:00,592472448.0,913012.0,0.212,,,32.5,0.6722408026755851,1.42857,Healthcare,Drug Manufacturers - Specialty & Generic
EOSE,2026-09-09T13:58:09.086413+00:00,1499193984.0,26365090.0,3.514,,,-27.716482,0.6083642943305188,2.36364,Industrials,Electrical Equipment & Parts
EPRX,2026-09-09T13:58:09.730532+00:00,550060800.0,430054.0,,,,-7.997118,0.9639639639639643,1.0,Healthcare,Biotechnology
EQIX,2026-09-09T13:58:10.516903+00:00,102850428928.0,600535.0,0.167,0.288,0.302,55.761932,0.18455806590876378,1.53125,Real Estate,REIT - Specialty
EQPT,2026-09-09T13:58:11.075232+00:00,4991506944.0,2884685.0,0.263,0.0,0.231,21.620317,0.685279187817259,,Industrials,Rental & Leasing Services
ERAS,2026-09-09T13:58:11.504738+00:00,5764078592.0,4534585.0,,,,-26.44501,0.46305279126213583,1.66667,Healthcare,Biotechnology
ERIE,2026-09-09T13:58:12.107155+00:00,12382763008.0,288717.0,0.028,0.032,0.032,16.902925,,,Financial Services,Insurance Brokers
ERII,2026-09-09T13:58:12.684223+00:00,383347040.0,997759.0,-0.572,,,15.484536,0.242786950732357,,Industrials,Pollution & Treatment Controls
ESEA,2026-09-09T13:58:13.439866+00:00,516736096.0,49504.0,-0.013,0.105,0.112,4.762028,0.21518296013107596,1.33333,Industrials,Marine Shipping
ESLT,2026-09-09T13:58:13.898807+00:00,33582135296.0,87432.0,0.159,0.342,0.381,39.0275,0.13912800189777164,2.66667,Industrials,Aerospace & Defense
ESQ,2026-09-09T13:58:14.499728+00:00,1400137088.0,143167.0,0.214,0.08,0.092,13.449999,0.12388691968531163,,Financial Services,Banks - Regional
ESTA,2026-09-09T13:58:15.080233+00:00,2205638144.0,593072.0,0.317,,,1233.5001,0.3841972706391028,1.22222,Healthcare,Medical Devices
ETON,2026-09-09T13:58:15.681629+00:00,1704412416.0,553117.0,0.986,,,23.112404,0.19067583431158797,,Healthcare,Drug Manufacturers - Specialty & Generic
ETOR,2026-09-09T13:58:16.291034+00:00,2452217600.0,1003061.0,-0.246,0.871,0.772,10.173277,0.5718070374574347,1.8,Financial Services,Capital Markets
EVER,2026-09-09T13:58:16.940712+00:00,825843584.0,662511.0,0.246,0.359,0.305,7.6170015,0.25880093876680177,,Communication Services,Internet Content & Information
EVLV,2026-09-09T13:58:17.479899+00:00,904753216.0,2111312.0,0.344,,,-137.16936,0.9582504970178924,1.0,Industrials,Security & Protection Services
EVRG,2026-09-09T13:58:18.118073+00:00,18920341504.0,2039306.0,0.044,0.23,0.255,17.975784,0.11226821837679735,1.92308,Utilities,Utilities - Regulated Electric
EWBC,2026-09-09T13:58:18.693114+00:00,17538875392.0,854522.0,0.163,0.174,0.172,11.250423,0.17227261329006605,1.5625,Financial Services,Banks - Regional
EWTX,2026-09-09T13:58:19.284955+00:00,4760119296.0,1316479.0,,,,-24.133602,0.17938193018480497,1.53846,Healthcare,Biotechnology
EXC,2026-09-09T13:58:19.872811+00:00,45233299456.0,8204541.0,0.099,-0.002,0.013,14.450515,0.11336635918460325,2.80952,Utilities,Utilities - Regulated Electric
EXE,2026-09-09T13:58:20.498564+00:00,22587824128.0,3440182.0,-0.106,-0.455,-0.461,11.201154,0.27955467869222095,1.55556,Energy,Oil & Gas E&P
EXEL,2026-09-09T13:58:21.085026+00:00,14304437248.0,2563459.0,0.106,0.262,0.147,13.548749,-0.07002425082279573,2.36842,Healthcare,Biotechnology
EXLS,2026-09-09T13:58:21.682668+00:00,5284453376.0,2548424.0,0.156,0.05,-0.023,13.421152,0.2803041170563765,1.33333,Technology,Information Technology Services
EXPE,2026-09-09T13:58:22.323250+00:00,32203724800.0,1612298.0,0.14,1.887,1.661,11.005669,0.26644268863090015,2.15385,Consumer Cyclical,Travel Services
EXPO,2026-09-09T13:58:22.909987+00:00,3189153536.0,517658.0,0.12,0.157,0.107,23.635765,0.25232948192322024,,Industrials,Engineering & Construction
EXTR,2026-09-09T13:58:23.501606+00:00,2830342400.0,1866959.0,0.103,,,14.266733,0.5444905486399261,,Technology,Communication Equipment
EYE,2026-09-09T13:58:24.053741+00:00,1314131968.0,2140708.0,0.025,0.364,0.423,13.774813,0.7284759326113117,1.58333,Consumer Cyclical,Specialty Retail
EYPT,2026-09-09T13:58:24.700197+00:00,376866624.0,3355664.0,1.617,,,-1.6256957,4.763979977753059,2.0,Healthcare,Biotechnology
EZPW,2026-09-09T13:58:25.360632+00:00,2019336704.0,1098974.0,0.347,0.412,0.441,15.034309,0.24144226380648082,1.83333,Financial Services,Credit Services
FA,2026-09-09T13:58:25.909820+00:00,3459978240.0,2231616.0,0.149,54.987,53.916,13.37907,0.3030528667163068,,Industrials,Specialty Business Services
FANG,2026-09-09T13:58:26.495695+00:00,56995221504.0,2103345.0,0.525,1.795,1.692,11.246359,0.14245701090694696,1.53333,Energy,Oil & Gas E&P
FAST,2026-09-09T13:58:27.096034+00:00,56296235008.0,7680741.0,0.147,0.146,0.159,35.021095,-0.010787403179779997,2.72222,Industrials,Industrial Distribution
FBIZ,2026-09-09T13:58:27.712977+00:00,600845376.0,61496.0,0.165,0.363,0.364,10.3667345,0.10306406685236769,,Financial Services,Banks - Regional
FBNC,2026-09-09T13:58:28.326035+00:00,2635123968.0,241582.0,0.16,0.312,0.31,12.605641,0.08965300675145249,,Financial Services,Banks - Regional
FCBC,2026-09-09T13:58:28.926423+00:00,900320704.0,89612.0,0.374,0.778,0.838,15.358066,0.05019953791220333,,Financial Services,Banks - Regional
FCEL,2026-09-09T13:58:29.837778+00:00,1364818048.0,10855588.0,-0.294,,,-17.353558,0.18838371411833643,2.375,Industrials,Electrical Equipment & Parts
FCFS,2026-09-09T13:58:30.178928+00:00,9667357696.0,477975.0,0.294,0.582,0.563,17.017485,0.11823952982345953,1.4,Financial Services,Credit Services
FCNCA,2026-09-09T13:58:30.655721+00:00,24015611904.0,75119.0,0.085,0.31,0.169,10.777069,0.10161748731525422,,Financial Services,Banks - Regional
FCUV,2026-09-09T13:58:31.247695+00:00,3928344.0,3785486.0,18.11,,,,,,Technology,Scientific & Technical Instruments
FDMT,2026-09-09T13:58:31.867225+00:00,794964224.0,951467.0,251.067,,,-3.5212045,1.02223766504517,,Healthcare,Biotechnology
FDUS,2026-09-09T13:58:32.490926+00:00,743905536.0,384035.0,0.088,-0.269,-0.21,9.929078,0.09693877551020402,,Financial Services,Asset Management
FEIM,2026-09-09T13:58:33.088106+00:00,728774912.0,299474.0,-0.23,,,41.794872,0.24233128834355822,,Technology,Communication Equipment
FELE,2026-09-09T13:58:33.739242+00:00,4380692992.0,275812.0,0.06,0.114,0.093,19.19322,0.19594287732754712,2.2,Industrials,Specialty Industrial Machinery
FENC,2026-09-09T13:58:34.278736+00:00,429923392.0,231822.0,0.852,,,12.878151,0.4410008156606853,,Healthcare,Biotechnology
FER,2026-09-09T13:58:34.873244+00:00,40853770240.0,1488796.0,0.052,-0.52,-0.522,41.172062,0.3682212030340448,2.33333,Industrials,Engineering & Construction
FFBC,2026-09-09T13:58:35.502469+00:00,3394291712.0,960033.0,0.165,0.0,0.092,9.297565,0.1617634508348793,2.28571,Financial Services,Banks - Regional
FFIN,2026-09-09T13:58:36.104916+00:00,4689676288.0,836958.0,0.098,0.073,0.079,15.218604,0.12061949877750622,2.66667,Financial Services,Banks - Regional
FFIV,2026-09-09T13:58:36.720927+00:00,22556872704.0,602551.0,0.109,0.114,0.096,22.03603,0.09479339257920372,,Technology,Software - Infrastructure
FGI,2026-09-09T13:58:37.272026+00:00,14330031.0,1765662.0,0.029,,,18.55,0.34770889487870615,,Consumer Cyclical,"Furnishings, Fixtures & Appliances"
FGL,2026-09-09T13:58:37.863865+00:00,91304.0,50468.0,0.089,,,,,,Industrials,Engineering & Construction
FHB,2026-09-09T13:58:38.492949+00:00,3113807360.0,2133225.0,0.059,0.034,0.002,10.134011,0.20272684642438454,,Financial Services,Banks - Regional
FHTX,2026-09-09T13:58:39.087493+00:00,286237248.0,331137.0,1.127,,,-4.4169536,1.3743651452282157,1.1,Healthcare,Biotechnology
FIBK,2026-09-09T13:58:39.691019+00:00,3517693184.0,1084683.0,0.074,0.259,0.17,12.956515,0.015984827959902637,,Financial Services,Banks - Regional
FIEE,2026-09-09T13:58:40.290432+00:00,33218890.0,417695.0,106.246,,,,,,Technology,Communication Equipment
FIGR,2026-09-09T13:58:40.855176+00:00,8811319296.0,4078229.0,1.208,3.375,1.921,26.41474,0.32416603004838285,,Financial Services,Capital Markets
FIP,2026-09-09T13:58:41.459010+00:00,404181536.0,1175627.0,0.527,,,-2.590909,1.905701754385965,,Industrials,Conglomerates
FISI,2026-09-09T13:58:42.092587+00:00,807369600.0,175579.0,0.07,0.224,0.208,9.527906,0.09836465706614606,,Financial Services,Banks - Regional
FISV,2026-09-09T13:58:42.652027+00:00,26572384256.0,8020659.0,,,,6.176082,0.23431198719231539,2.67568,,
FIVE,2026-09-09T13:58:43.286907+00:00,13962254336.0,1150150.0,0.229,4.182,4.177,22.924162,0.22610464887031267,1.72,Consumer Cyclical,Specialty Retail
FIVN,2026-09-09T13:58:43.864666+00:00,2319418368.0,2634364.0,0.103,3.0,1.918,8.087314,0.12757731958762886,1.75,Technology,Software - Infrastructure
FIZZ,2026-09-09T13:58:44.457759+00:00,2898329600.0,470275.0,-0.053,-0.085,-0.099,15.071341,0.03359173126614978,5.0,Consumer Defensive,Beverages - Non-Alcoholic
FLEX,2026-09-09T13:58:45.135258+00:00,41966026752.0,5730714.0,0.206,0.52,0.484,15.975705,0.41278993002068565,1.27273,Technology,Electronic Components
FLGT,2026-09-09T13:58:46.238605+00:00,547691904.0,285040.0,0.044,,,-14.423914,-0.045465963325797554,,Healthcare,Diagnostics & Research
FLNC,2026-09-09T13:58:46.633696+00:00,1954837120.0,8207370.0,0.079,,,82.18054,0.4715815501664289,2.68182,Utilities,Utilities - Renewable
FLXS,2026-09-09T13:58:47.025527+00:00,344046912.0,63701.0,0.007,0.366,0.188,13.952892,-0.05822424924480252,,Consumer Cyclical,"Furnishings, Fixtures & Appliances"
FLYW,2026-09-09T13:58:47.695017+00:00,2163251200.0,2102927.0,0.272,,,13.213535,0.1897553430821146,2.07143,Technology,Software - Infrastructure
FMBH,2026-09-09T13:58:48.191223+00:00,1342066432.0,149051.0,0.26,0.061,0.186,10.209595,0.11992071357779976,,Financial Services,Banks - Regional
FMNB,2026-09-09T13:58:48.793646+00:00,933445504.0,449298.0,0.564,0.054,0.656,8.951705,0.07902253252935565,,Financial Services,Banks - Regional
FNKO,2026-09-09T13:58:49.404136+00:00,316376096.0,986022.0,0.074,,,17.65625,0.3421823008849556,,Consumer Cyclical,Leisure
FORM,2026-09-09T13:58:50.043126+00:00,8944041984.0,1525166.0,0.319,5.025,5.186,32.946762,0.21080443706873964,,Technology,Semiconductor Equipment & Materials
FOSL,2026-09-09T13:58:50.706592+00:00,300716992.0,928143.0,-0.049,,,-63.5625,0.47492625368731556,,Consumer Cyclical,Footwear & Accessories
FOX,2026-09-09T13:58:51.494126+00:00,24040613888.0,1745741.0,0.281,0.031,-0.036,9.953003,,,Communication Services,Entertainment
FOXA,2026-09-09T13:58:51.835773+00:00,26914304000.0,6897727.0,0.281,0.031,-0.036,11.004057,0.17674623135202672,2.0,Communication Services,Entertainment
FOXF,2026-09-09T13:58:52.465101+00:00,838728576.0,563972.0,-0.045,0.469,0.477,10.85496,0.05236782761212733,,Consumer Cyclical,Auto Parts
FRD,2026-09-09T13:58:52.997121+00:00,327840832.0,93587.0,0.781,1.521,1.543,,,,Basic Materials,Steel
FRHC,2026-09-09T13:58:53.631258+00:00,10397070336.0,152745.0,0.278,-0.148,-0.152,36.22111,,,Financial Services,Financial Conglomerates
FRME,2026-09-09T13:58:54.307184+00:00,2559472128.0,435912.0,0.028,-0.287,-0.226,9.093709,0.1777695988222303,,Financial Services,Banks - Regional
FRMI,2026-09-09T13:58:54.831963+00:00,3589883392.0,20291883.0,,,,48.365696,2.0552532515030952,,Real Estate,REIT - Specialty
FRNM,2026-09-09T13:58:55.406753+00:00,1712702208.0,586832.0,1.065,,,-6.6416664,0.12923462986198242,,Healthcare,Diagnostics & Research
FROG,2026-09-09T13:58:56.027704+00:00,10855447552.0,2675856.0,0.287,,,76.89016,0.27214902317128575,1.3913,Technology,Software - Application
FRPH,2026-09-09T13:58:56.670602+00:00,431767872.0,83872.0,0.023,,,53.547382,,,Real Estate,Real Estate Services
FRPT,2026-09-09T13:58:57.226898+00:00,3319611136.0,1342274.0,0.155,0.176,0.191,35.195297,0.21968874411871142,1.64706,Consumer Defensive,Packaged Foods
FRSH,2026-09-09T13:58:57.810012+00:00,3097129472.0,15257861.0,0.16,,,14.246449,0.22480707666385857,2.125,Technology,Software - Application
FRST,2026-09-09T13:58:58.412095+00:00,396661152.0,206090.0,0.442,2.852,2.868,8.244845,0.19959362300718975,,Financial Services,Banks - Regional
FSBC,2026-09-09T13:58:59.036104+00:00,1133591552.0,182414.0,0.276,0.338,0.337,12.333156,0.1255411255411254,,Financial Services,Banks - Regional
FSLR,2026-09-09T13:58:59.620347+00:00,22761025536.0,2125945.0,-0.037,0.233,0.236,9.140462,0.29756348269512256,1.91667,Technology,Solar
FSLY,2026-09-09T13:59:00.255936+00:00,3813641984.0,5439220.0,0.233,,,41.004383,0.1278195488721805,,Technology,Software - Application
FSUN,2026-09-09T13:59:00.838157+00:00,1770101120.0,302008.0,0.422,,,8.564594,0.13594040968342647,,Financial Services,Banks - Regional
FSV,2026-09-09T13:59:01.498426+00:00,5991055360.0,209740.0,0.024,-0.011,-0.018,20.463171,0.267402871929441,,Real Estate,Real Estate Services
FTAI,2026-09-09T13:59:02.007605+00:00,19583674368.0,1374275.0,0.409,-0.28,-0.244,15.871952,0.9305100301560247,,Industrials,Aerospace & Defense
FTDR,2026-09-09T13:59:02.618059+00:00,5451527680.0,579585.0,0.045,0.189,0.126,15.234973,0.23088588398837362,1.85714,Consumer Cyclical,Personal Services
FTH,2026-09-09T13:59:03.209707+00:00,1035813376.0,249104.0,,,,-8.081653,0.36301259822876397,,Healthcare,Biotechnology
FTNT,2026-09-09T13:59:03.835827+00:00,115222388736.0,5428479.0,0.256,0.439,0.378,41.64302,0.03344160723382594,2.72727,Technology,Software - Infrastructure
FTRE,2026-09-09T13:59:04.408157+00:00,1609091968.0,1414088.0,-0.045,,,14.86166,0.21427009456264767,2.33333,Healthcare,Biotechnology
FULC,2026-09-09T13:59:05.036019+00:00,290692544.0,2144435.0,,,,-7.808497,-0.0813648293963255,,Healthcare,Biotechnology
FULT,2026-09-09T13:59:05.872769+00:00,4475037184.0,1872464.0,0.137,-0.019,0.032,9.932204,0.13054607508532423,,Financial Services,Banks - Regional
FWDI,2026-09-09T13:59:06.209535+00:00,491820224.0,1551625.0,3.321,,,34.153847,0.27627627627627627,1.0,Consumer Cyclical,Footwear & Accessories
FWONA,2026-09-09T13:59:06.827479+00:00,22036021248.0,159885.0,0.183,-0.497,-0.436,36.35089,0.2628704704476934,,Communication Services,Entertainment
FWONK,2026-09-09T13:59:07.433785+00:00,24055478272.0,2011964.0,0.183,-0.497,-0.436,51.03533,0.2532569046378321,,Communication Services,Entertainment
FWRD,2026-09-09T13:59:07.997793+00:00,571234432.0,880895.0,0.088,,,39.32558,0.6558249556475457,,Industrials,Integrated Freight & Logistics
FWRG,2026-09-09T13:59:08.708908+00:00,725121152.0,1113737.0,0.152,0.264,0.111,46.219807,0.6402323404255319,,Consumer Cyclical,Restaurants
FXHO,2026-09-09T13:59:09.200569+00:00,315053216.0,372297.0,,,,,,,Technology,Consumer Electronics
GABC,2026-09-09T13:59:09.847800+00:00,1849628928.0,168785.0,0.11,0.214,0.217,11.961119,0.14181227143437636,,Financial Services,Banks - Regional
GAIN,2026-09-09T13:59:10.636832+00:00,,200740.0,0.204,,,15.896552,0.053610164239231484,,Financial Services,Asset Management
GBDC,2026-09-09T13:59:11.068317+00:00,3309259520.0,1133267.0,-0.14,-0.351,-0.367,10.035433,0.06904668497449995,,Financial Services,Asset Management
GCMG,2026-09-09T13:59:11.612655+00:00,790362688.0,518701.0,0.118,1.363,-0.38,11.972222,0.19876256767208056,,Financial Services,Asset Management
GCT,2026-09-09T13:59:12.256554+00:00,1839077120.0,651322.0,0.276,0.277,0.225,10.662526,0.10679611650485432,,Technology,Software - Infrastructure
GDRX,2026-09-09T13:59:12.839899+00:00,1154777088.0,1387480.0,-0.013,-0.445,-0.335,9.498289,0.19077400295421,,Healthcare,Health Information Services
GDYN,2026-09-09T13:59:13.685640+00:00,638468544.0,2013430.0,0.07,-0.5,-0.459,14.959702,0.16899618805590833,,Technology,Information Technology Services
GEHC,2026-09-09T13:59:14.037799+00:00,29793224704.0,4400748.0,0.058,0.168,0.154,12.19174,0.25075803517283224,1.73684,Healthcare,Medical Devices
GEN,2026-09-09T13:59:14.648018+00:00,17790005248.0,5559917.0,0.063,0.64,0.593,8.986481,0.11036339165545095,2.2,Technology,Software - Infrastructure
GENB,2026-09-09T13:59:15.263885+00:00,2052175616.0,1006309.0,-0.377,,,-7.0125437,0.6887032010307343,1.33333,Healthcare,Biotechnology
GFS,2026-09-09T13:59:15.823949+00:00,25081169920.0,3766353.0,0.058,-0.268,-0.272,17.473213,0.6626522365954133,1.95455,Technology,Semiconductors
GH,2026-09-09T13:59:16.411778+00:00,22239660032.0,2530400.0,0.443,,,-402.09875,0.17237393271986745,1.33333,Healthcare,Diagnostics & Research
GHRS,2026-09-09T13:59:17.063480+00:00,1916492672.0,276867.0,,,,-15.091891,0.5361350286532951,,Healthcare,Biotechnology
GIII,2026-09-09T13:59:17.670639+00:00,1180914048.0,581141.0,-0.096,0.84,0.848,11.695002,0.33380957484816,1.66667,Consumer Cyclical,Apparel Manufacturing
GILD,2026-09-09T13:59:18.260022+00:00,182050226176.0,7001141.0,0.102,,,14.848212,0.07211149707124376,1.75,Healthcare,Drug Manufacturers - General
GILT,2026-09-09T13:59:18.861273+00:00,783391616.0,641738.0,0.169,-0.421,-0.171,13.26516,0.887905604719764,,Technology,Communication Equipment
GLAD,2026-09-09T13:59:19.442095+00:00,446777920.0,169493.0,0.131,0.688,0.782,10.038071,0.11251580278128959,,Financial Services,Asset Management
GLBE,2026-09-09T13:59:20.035511+00:00,6116532736.0,1522703.0,0.391,3.5,3.549,18.19231,0.38995963201977224,1.46154,Consumer Cyclical,Internet Retail
GLIBK,2026-09-09T13:59:20.632103+00:00,1023163968.0,619495.0,0.0,-0.54,-0.407,,,,Communication Services,Telecom Services
GLNG,2026-09-09T13:59:21.207244+00:00,5228897792.0,1227345.0,0.724,1.208,1.447,101.435936,0.24854905789319526,1.33333,Energy,Oil & Gas Midstream
GLPI,2026-09-09T13:59:21.836000+00:00,12396355584.0,3011493.0,0.09,0.479,0.508,12.43462,0.28575477168398167,1.95833,Real Estate,REIT - Specialty
GLUE,2026-09-09T13:59:22.399261+00:00,1257092864.0,1430312.0,-0.613,,,-7.8617697,0.9341703427214116,1.25,Healthcare,Biotechnology
GLXY,2026-09-09T13:59:23.054205+00:00,15539771392.0,6694430.0,-0.038,,,-77.3972,0.5334660599165717,1.5625,Financial Services,Capital Markets
GNTX,2026-09-09T13:59:23.616753+00:00,4810953728.0,2640383.0,-0.01,0.258,0.194,10.318246,0.2140232099846726,2.33333,Consumer Cyclical,Auto Parts
GO,2026-09-09T13:59:24.208196+00:00,1135012864.0,2648795.0,0.011,0.136,0.134,17.021814,-0.06322391968572683,3.14286,Consumer Defensive,Grocery Stores
GOOD,2026-09-09T13:59:24.866720+00:00,636199360.0,468035.0,0.113,2.36,0.784,86.86666,0.08403683806600148,,Real Estate,REIT - Diversified
GOOG,2026-09-09T13:59:25.432966+00:00,4003958620160.0,20052974.0,0.242,2.94,2.979,22.040485,0.29000885793701703,1.37097,Communication Services,Internet Content & Information
GOOGL,2026-09-09T13:59:26.081321+00:00,4030986715136.0,30030769.0,0.242,2.94,2.979,22.189266,0.29874599514563105,1.36508,Communication Services,Internet Content & Information
GPRE,2026-09-09T13:59:26.669532+00:00,1096991872.0,1492454.0,-0.193,,,10.016,0.14103130990415336,,Basic Materials,Chemicals
GRAB,2026-09-09T13:59:27.216561+00:00,12662579200.0,45020209.0,0.219,,6.229,22.266188,0.8931179321486269,1.19231,Technology,Software - Application
GRAL,2026-09-09T13:59:27.861769+00:00,3496472576.0,628964.0,0.257,,,-7.931104,-0.06106285130301481,2.11111,Healthcare,Diagnostics & Research
GRML,2026-09-09T13:59:28.513892+00:00,13788237.0,310816.0,,,,,24.34562211981567,1.0,Basic Materials,Other Precious Metals & Mining
GRPN,2026-09-09T13:59:29.207326+00:00,743971584.0,1466845.0,-0.008,,,7.7851067,0.6762323039081715,,Communication Services,Internet Content & Information
GRRR,2026-09-09T13:59:29.619664+00:00,400057312.0,1280719.0,1.38,,,13.3417425,1.3654804882241702,1.0,Technology,Software - Infrastructure
GSAT,2026-09-09T13:59:30.242818+00:00,10611241984.0,1098195.0,-0.035,,,332.52133,0.09890109890109877,,Communication Services,Telecom Services
GSBC,2026-09-09T13:59:31.059543+00:00,859595328.0,103311.0,-0.041,-0.169,-0.202,13.9610615,-0.03651115618661249,,Financial Services,Banks - Regional
GSHD,2026-09-09T13:59:31.651497+00:00,2046726272.0,507527.0,0.207,1.222,0.954,21.209776,0.20336423956696348,,Financial Services,Insurance Brokers
GSIT,2026-09-09T13:59:32.032699+00:00,218681456.0,797579.0,0.005,,,-10.345454,,,Technology,Semiconductors
GSM,2026-09-09T13:59:32.616238+00:00,,1716645.0,-0.021,,,10.795181,0.3392857142857142,,Basic Materials,Other Industrial Metals & Mining
GT,2026-09-09T13:59:33.224588+00:00,1661147008.0,9756941.0,-0.048,,,10.227599,0.2924210124958839,,Consumer Cyclical,Auto Parts
GTLB,2026-09-09T13:59:33.876042+00:00,7747597824.0,4955470.0,0.213,,,44.78259,0.1846658064516129,2.48148,Technology,Software - Infrastructure
GTM,2026-09-09T13:59:34.408247+00:00,1119318144.0,8739488.0,0.012,,,3.408537,0.1956358907672302,3.33333,Technology,Software - Application
GTX,2026-09-09T13:59:35.110021+00:00,5233005056.0,2647317.0,0.069,0.262,0.161,12.206209,0.32454276550249483,1.83333,Consumer Cyclical,Auto Parts
HAFC,2026-09-09T13:59:35.876848+00:00,932617344.0,249211.0,0.233,0.58,0.555,9.333828,0.08885709744078851,,Financial Services,Banks - Regional
HALO,2026-09-09T13:59:36.343003+00:00,12282185728.0,1977500.0,0.477,0.429,0.392,10.412236,-0.08002069953333646,1.66667,Healthcare,Biotechnology
HAPN,2026-09-09T13:59:36.818337+00:00,1972890496.0,1713745.0,0.065,0.515,0.523,7.296637,0.4494167885346594,,Financial Services,Banks - Regional
HAS,2026-09-09T13:59:37.684883+00:00,12703875072.0,1978004.0,0.162,,,13.802329,0.21730720550682814,1.46667,Consumer Cyclical,Leisure
HBAN,2026-09-09T13:59:38.153470+00:00,33528782848.0,23128972.0,0.476,-0.029,0.356,8.838364,0.22326001807773443,1.8,Financial Services,Banks - Regional
HBCP,2026-09-09T13:59:38.713918+00:00,544183680.0,96201.0,0.038,0.021,0.025,10.931226,0.05582875325426673,,Financial Services,Banks - Regional
HBNC,2026-09-09T13:59:39.327223+00:00,1003271936.0,663741.0,0.169,0.037,0.207,8.762332,0.17195496417604916,,Financial Services,Banks - Regional
HBT,2026-09-09T13:59:39.843078+00:00,1318980736.0,170677.0,0.377,0.246,0.448,10.513043,0.11386821064240404,,Financial Services,Banks - Regional
HCKT,2026-09-09T13:59:40.419960+00:00,268183456.0,328738.0,-0.12,1.932,1.654,6.765704,0.5460732838589981,,Technology,Information Technology Services
HCSG,2026-09-09T13:59:41.065107+00:00,1472846976.0,739574.0,0.027,,,17.435389,0.2581547064305685,,Healthcare,Medical Care Facilities
HDSN,2026-09-09T13:59:41.645879+00:00,223140864.0,580220.0,0.075,-0.489,-0.513,18.602457,0.3792745723069957,,Basic Materials,Specialty Chemicals
HELE,2026-09-09T13:59:42.297971+00:00,639017664.0,474095.0,0.082,,,6.856658,0.12994350282485878,,Consumer Defensive,Household & Personal Products
HELP,2026-09-09T13:59:42.864337+00:00,928507200.0,1681337.0,,,,-6.9078097,2.2759574468085106,,Healthcare,Biotechnology
HFWA,2026-09-09T13:59:43.450970+00:00,1171617024.0,374167.0,0.531,0.17,0.436,10.80566,0.1524358302776323,,Financial Services,Banks - Regional
HIFS,2026-09-09T13:59:44.207735+00:00,668172736.0,41516.0,1.08,1.685,1.703,,,,Financial Services,Banks - Regional
HIVE,2026-09-09T13:59:44.712567+00:00,872201984.0,23098230.0,0.735,,,-15.142858,1.240566037735849,,Financial Services,Capital Markets
HLIT,2026-09-09T13:59:45.303921+00:00,1318613376.0,1802233.0,0.535,,,14.968244,0.33522415219189394,,Technology,Communication Equipment
HLMN,2026-09-09T13:59:45.850977+00:00,1448387456.0,1411483.0,0.098,0.348,0.334,10.943219,0.6693848220282068,,Industrials,Tools & Accessories
HLNE,2026-09-09T13:59:46.472522+00:00,5472757248.0,779775.0,0.565,0.505,0.497,13.523851,0.3454529595643845,1.57143,Financial Services,Asset Management
HNRG,2026-09-09T13:59:47.000126+00:00,788236864.0,777909.0,-0.013,,,25.4618,0.694577153110048,1.0,Utilities,Utilities - Independent Power Producers
HNST,2026-09-09T13:59:47.670451+00:00,604011072.0,2091108.0,-0.109,2.0,1.762,48.078568,-0.07637655417406741,,Consumer Defensive,Household & Personal Products
HON,2026-09-09T13:59:48.263632+00:00,65521004544.0,4034161.0,0.043,2.639,2.619,20.77442,0.27416968993373025,1.95652,Industrials,Conglomerates
HOOD,2026-09-09T13:59:48.805644+00:00,106271522816.0,24599111.0,0.323,0.476,0.453,34.9789,0.08671429780033857,1.65517,Financial Services,Capital Markets
HOPE,2026-09-09T13:59:49.462958+00:00,1771779328.0,1056750.0,0.71,,,8.792393,0.117519826964672,,Financial Services,Banks - Regional
HPK,2026-09-09T13:59:50.012224+00:00,1053402496.0,513161.0,0.258,2.152,2.143,-37.865456,-0.054667242869489985,,Energy,Oil & Gas E&P
HQY,2026-09-09T13:59:50.636560+00:00,7624282624.0,868011.0,0.076,0.147,0.097,16.758757,0.29102251152698666,1.33333,Healthcare,Health Information Services
HRMY,2026-09-09T13:59:51.289947+00:00,2457575680.0,833116.0,0.303,0.882,0.896,6.3113565,0.12236113744075805,2.0,Healthcare,Biotechnology
HROW,2026-09-09T13:59:51.809918+00:00,1414228992.0,631196.0,0.109,,,13.318623,0.7892644135188867,,Healthcare,Drug Manufacturers - Specialty & Generic
HRZN,2026-09-09T13:59:52.436522+00:00,322097920.0,705800.0,0.021,,,6.5147243,0.057925078043704614,2.5,Financial Services,Asset Management
HSAI,2026-09-09T13:59:53.066254+00:00,23458189312.0,1763764.0,0.219,0.25,0.6,20.255184,0.5222321543408361,1.25,Consumer Cyclical,Auto Parts
HSIC,2026-09-09T13:59:53.694033+00:00,9781662720.0,1227688.0,0.067,0.171,0.093,14.632357,0.1186908966617295,2.29412,Healthcare,Medical Distribution
HST,2026-09-09T13:59:54.307807+00:00,15301350400.0,9597230.0,0.036,0.084,0.072,20.962017,0.1414451759364359,1.90476,Real Estate,REIT - Hotel & Motel
HSTM,2026-09-09T13:59:54.928808+00:00,829976128.0,200390.0,0.125,0.284,0.238,32.07345,0.21543068522106745,,Healthcare,Health Information Services
HTFL,2026-09-09T13:59:55.447777+00:00,4025952768.0,1888130.0,0.476,,,-179.94559,-0.06047516198704095,,Healthcare,Health Information Services
HTLD,2026-09-09T13:59:56.024429+00:00,959697664.0,696525.0,-0.125,,,24.740828,0.06365834004834814,,Industrials,Trucking
HTO,2026-09-09T13:59:56.605179+00:00,2693694720.0,446920.0,0.062,-0.126,0.078,23.75749,0.04332002175433125,,Utilities,Utilities - Regulated Water
HUBG,2026-09-09T13:59:57.323175+00:00,2188684288.0,982837.0,-0.053,0.205,0.21,16.865131,0.14557138865604924,2.5,Industrials,Integrated Freight & Logistics
HURN,2026-09-09T13:59:58.060801+00:00,2295425536.0,309325.0,0.157,0.752,0.608,13.623701,0.3221278807832264,,Industrials,Consulting Services
HUT,2026-09-09T13:59:58.443800+00:00,12237200384.0,4602008.0,0.814,,,-19.119884,0.6295103746978243,1.33333,Financial Services,Capital Markets
HWC,2026-09-09T13:59:59.349668+00:00,5914444800.0,844711.0,0.076,0.174,0.118,10.119471,0.13665649372668698,1.8,Financial Services,Banks - Regional
HWKN,2026-09-09T13:59:59.947457+00:00,2608032512.0,169127.0,-0.016,0.082,0.075,24.987,0.39472525713370943,,Basic Materials,Specialty Chemicals
HYMC,2026-09-09T14:00:00.405583+00:00,2166473984.0,2000664.0,,,,-32.068966,0.07526881720430101,2.0,Basic Materials,Gold
HYPD,2026-09-09T14:00:01.084581+00:00,57262812.0,504372.0,,,,,1.1099050203527816,,Healthcare,Biotechnology
IA,2026-09-09T14:00:01.564640+00:00,332477120.0,335117.0,0.107,0.801,0.837,17.093506,0.7900403768506057,,Industrials,Aerospace & Defense
IART,2026-09-09T14:00:02.166801+00:00,1266914176.0,848550.0,0.008,,,6.2450647,0.20046408839779017,2.75,Healthcare,Medical Devices
IBCP,2026-09-09T14:00:02.632698+00:00,755907008.0,194956.0,0.112,0.111,0.114,9.456185,0.1011174707004634,,Financial Services,Banks - Regional
IBEX,2026-09-09T14:00:03.342021+00:00,488702720.0,107985.0,0.168,0.219,0.273,10.068966,0.027397260273972712,,Technology,Information Technology Services
IBKR,2026-09-09T14:00:03.875324+00:00,154570145792.0,4434166.0,0.263,0.353,0.393,28.523907,0.1655473985890652,1.92857,Financial Services,Capital Markets
IBOC,2026-09-09T14:00:04.482445+00:00,4387611136.0,355866.0,-0.0,-0.043,-0.043,,0.2331679659815733,,Financial Services,Banks - Regional
IBRX,2026-09-09T14:00:05.167254+00:00,8695956480.0,9999650.0,0.939,,,-64.77461,0.5539305301645339,1.25,Healthcare,Biotechnology
ICFI,2026-09-09T14:00:05.699431+00:00,1547335552.0,242758.0,-0.003,0.164,0.139,11.190661,0.24304589707927682,,Industrials,Consulting Services
ICHR,2026-09-09T14:00:06.387655+00:00,2192570624.0,1031283.0,0.227,,,17.909973,0.6374639562692177,,Technology,Semiconductor Equipment & Materials
ICLR,2026-09-09T14:00:06.818054+00:00,12249001984.0,795029.0,0.012,-0.633,-0.643,13.369026,0.16882401108591583,1.94118,Healthcare,Diagnostics & Research
ICUI,2026-09-09T14:00:07.469478+00:00,4032134912.0,299767.0,0.005,-0.469,-0.46,16.715305,0.19929918134457947,,Healthcare,Medical Instruments & Supplies
IDCC,2026-09-09T14:00:08.013017+00:00,8808881152.0,296900.0,-0.134,-0.364,-0.356,29.45847,0.3554025487036765,1.0,Technology,Software - Application
IDXX,2026-09-09T14:00:08.693412+00:00,40883462144.0,624854.0,0.097,0.176,0.151,31.001154,0.3468023894402157,2.21429,Healthcare,Diagnostics & Research
IDYA,2026-09-09T14:00:09.361115+00:00,3750546176.0,994595.0,,,,-9.461702,0.3417507074864934,1.33333,Healthcare,Biotechnology
IESC,2026-09-09T14:00:09.915615+00:00,13595185152.0,466585.0,0.396,0.987,0.981,,0.28967963185508694,,Industrials,Engineering & Construction
IIIV,2026-09-09T14:00:10.526586+00:00,539138240.0,446791.0,0.022,-0.661,-0.73,12.704918,0.6451612903225807,,Technology,Software - Infrastructure
ILMN,2026-09-09T14:00:11.041543+00:00,31249448960.0,1940359.0,0.094,-0.094,-0.119,33.898945,-0.03536322783280976,2.45,Healthcare,Diagnostics & Research
ILPT,2026-09-09T14:00:11.696334+00:00,528627360.0,437746.0,0.018,,,-9.0,0.4099330808080808,,Real Estate,REIT - Industrial
IMKTA,2026-09-09T14:00:12.424123+00:00,1543862912.0,128629.0,0.034,,0.295,17.293617,,,Consumer Defensive,Grocery Stores
IMMR,2026-09-09T14:00:12.906975+00:00,251594592.0,580016.0,-0.052,,,13.781817,0.7810026385224274,,Technology,Software - Application
IMMX,2026-09-09T14:00:13.472092+00:00,924408640.0,1840300.0,,,,-14.210779,0.5614049949557569,1.42857,Healthcare,Biotechnology
IMNM,2026-09-09T14:00:14.158546+00:00,3027411968.0,1339830.0,,,,-10.751929,0.36213430876008257,1.21429,Healthcare,Biotechnology
IMRX,2026-09-09T14:00:15.730066+00:00,306018688.0,990259.0,,,,-3.7667933,2.629317124735729,1.28571,Healthcare,Biotechnology
IMSR,2026-09-09T14:00:16.019049+00:00,715514752.0,1766658.0,,,,-7.012785,1.4367791195104784,,Utilities,Utilities - Regulated Electric
IMTX,2026-09-09T14:00:16.580715+00:00,1421782144.0,470159.0,0.93,,,-4.51832,0.8879368308351179,,Healthcare,Biotechnology
IMUX,2026-09-09T14:00:17.188599+00:00,175536064.0,200009.0,,,,-5.3007827,2.3494683249125536,1.0,Healthcare,Biotechnology
IMVT,2026-09-09T14:00:17.791593+00:00,8169158656.0,1264138.0,,,,-14.380772,0.23577749683944393,,Healthcare,Biotechnology
IMXI,2026-09-09T14:00:18.303447+00:00,433174336.0,534469.0,-0.186,-0.621,-0.618,14.011121,0.11591574836099872,,Technology,Software - Infrastructure
INBX,2026-09-09T14:00:18.963465+00:00,1873852416.0,316612.0,,,,-14.534246,1.0944601005340875,1.5,Healthcare,Biotechnology
INCY,2026-09-09T14:00:19.544425+00:00,25357488128.0,1750143.0,0.377,0.377,0.446,14.079149,0.021096163069544538,2.28571,Healthcare,Biotechnology
INDB,2026-09-09T14:00:20.135742+00:00,3874792448.0,366404.0,0.415,0.418,0.602,9.841702,0.14215855745721262,,Financial Services,Banks - Regional
INDI,2026-09-09T14:00:20.758675+00:00,799740672.0,6201870.0,0.24,,,41.78779,0.6576086956521738,,Technology,Semiconductors
INDV,2026-09-09T14:00:21.449649+00:00,4027787008.0,2053143.0,0.136,6.0,5.778,6.9880595,0.4358974358974359,,Healthcare,Drug Manufacturers - Specialty & Generic
INHD,2026-09-09T14:00:21.924874+00:00,10183400.0,317698.0,0.903,,,,,,Basic Materials,Steel
INMD,2026-09-09T14:00:22.517932+00:00,854893504.0,613635.0,-0.0,-0.31,-0.362,10.828207,0.08820298459239528,,Healthcare,Medical Devices
INNV,2026-09-09T14:00:23.249871+00:00,1588115840.0,316893.0,0.183,,,23.4,-0.10256410256410253,,Healthcare,Medical Care Facilities
INOD,2026-09-09T14:00:23.771891+00:00,1895859456.0,1270182.0,0.578,1.05,0.996,26.412218,1.226151614073268,,Technology,Information Technology Services
INSM,2026-09-09T14:00:24.335189+00:00,27964841984.0,3204543.0,2.961,,,159.6218,0.5632487602983092,,Healthcare,Biotechnology
INTA,2026-09-09T14:00:24.936050+00:00,2999237120.0,782464.0,0.13,,,20.044077,0.005830867346938717,,Technology,Software - Application
INTC,2026-09-09T14:00:25.527910+00:00,557155483648.0,113243461.0,0.254,,,51.600143,0.099439753320683,2.5,Technology,Semiconductors
INTG,2026-09-09T14:00:26.245287+00:00,80795328.0,108353.0,0.211,,,,,,Consumer Cyclical,Lodging
INTR,2026-09-09T14:00:26.745766+00:00,2432739328.0,4970293.0,0.238,0.324,0.336,5.8030543,0.6094010889292198,2.0,Financial Services,Banks - Regional
INTU,2026-09-09T14:00:27.336856+00:00,87079133184.0,4562617.0,0.137,-0.008,-0.047,11.64977,0.2740894312773876,2.05882,Technology,Software - Application
INVA,2026-09-09T14:00:27.901623+00:00,1536661504.0,754187.0,0.193,,,9.624434,0.6455101081335215,,Healthcare,Biotechnology
IONS,2026-09-09T14:00:28.513718+00:00,9304659968.0,3156895.0,-0.407,,,-50.350723,0.504327022682622,1.79167,Healthcare,Biotechnology
IOSP,2026-09-09T14:00:29.204630+00:00,2302387200.0,177975.0,0.118,0.33,0.311,15.199186,0.08050280823749678,,Basic Materials,Specialty Chemicals
IOVA,2026-09-09T14:00:29.792910+00:00,3909143552.0,16232401.0,0.657,,,-30.039333,0.15874855156431034,,Healthcare,Biotechnology
IPAR,2026-09-09T14:00:30.350648+00:00,3555181824.0,285932.0,0.021,-0.04,-0.047,21.331669,0.1410383749211781,2.66667,Consumer Defensive,Household & Personal Products
IPGP,2026-09-09T14:00:30.919054+00:00,3384260864.0,462362.0,0.111,-0.228,-0.206,34.809753,0.5863041538364859,,Technology,Semiconductor Equipment & Materials
IPST,2026-09-09T14:00:31.557199+00:00,2785291.0,2443116.0,0.607,,,17.545454,,,Financial Services,Capital Markets
IPX,2026-09-09T14:00:32.271090+00:00,815525952.0,297829.0,,,,-32.01911,1.0204262877442276,1.0,Basic Materials,Other Industrial Metals & Mining
IRD,2026-09-09T14:00:32.763727+00:00,567902976.0,1128759.0,-0.738,,,-9.255729,0.568374327947144,1.16667,Healthcare,Biotechnology
IRDM,2026-09-09T14:00:33.327002+00:00,5072276992.0,1954362.0,0.038,-0.55,-0.559,27.906706,-0.1224404513163393,2.125,Communication Services,Telecom Services
IREN,2026-09-09T14:00:33.922963+00:00,18393870336.0,44121622.0,-0.267,,,-176.14342,0.6679612170559246,1.58824,Financial Services,Capital Markets
IRMD,2026-09-09T14:00:34.534123+00:00,1081459712.0,127769.0,0.003,-0.093,-0.096,35.093357,0.395211350872007,,Healthcare,Medical Devices
IRON,2026-09-09T14:00:35.091509+00:00,2954137344.0,525175.0,,,,-10.598484,0.33320332705179045,1.07692,Healthcare,Biotechnology
IRTC,2026-09-09T14:00:35.719437+00:00,4007312384.0,594561.0,0.201,,,100.17469,0.4489006333799459,1.13333,Healthcare,Medical Devices
IRWD,2026-09-09T14:00:36.302838+00:00,684093376.0,2220256.0,0.326,1.257,1.173,2.76,0.47342995169082136,,Healthcare,Drug Manufacturers - Specialty & Generic
ISBA,2026-09-09T14:00:36.955873+00:00,301187904.0,77561.0,0.083,0.011,0.002,9.994937,0.0891590678824723,,Financial Services,Banks - Regional
ISRG,2026-09-09T14:00:37.505902+00:00,127867641856.0,3012514.0,0.185,0.265,0.243,29.564184,0.3393556648313931,1.81818,Healthcare,Medical Instruments & Supplies
ISTR,2026-09-09T14:00:38.243765+00:00,420199296.0,173180.0,0.662,0.335,1.108,9.2517605,0.12295081967213117,,Financial Services,Banks - Regional
ITIC,2026-09-09T14:00:38.718668+00:00,547707648.0,61864.0,0.175,0.193,0.192,,,,Financial Services,Insurance - Specialty
ITRI,2026-09-09T14:00:39.310539+00:00,4202652672.0,764869.0,-0.072,-0.19,-0.22,13.876901,0.3502813086059595,,Technology,Scientific & Technical Instruments
ITRN,2026-09-09T14:00:39.960100+00:00,1024116864.0,143037.0,0.207,0.296,0.288,13.660951,0.43891839690970547,,Technology,Scientific & Technical Instruments
IVA,2026-09-09T14:00:40.595214+00:00,1075985024.0,1065929.0,-0.899,,,-5.469303,2.210537870472009,1.15385,Healthcare,Biotechnology
JACK,2026-09-09T14:00:41.113573+00:00,285292544.0,941669.0,-0.018,-0.1,-0.086,4.6518683,0.34453781512605053,,Consumer Cyclical,Restaurants
JAKK,2026-09-09T14:00:41.753706+00:00,278342688.0,92359.0,0.169,,,7.448698,0.171875,,Consumer Cyclical,Leisure
JANX,2026-09-09T14:00:42.828449+00:00,1229460480.0,1026859.0,,,,-7.663784,0.8018543013426156,,Healthcare,Biotechnology
JAZZ,2026-09-09T14:00:43.066196+00:00,15530163200.0,893424.0,0.155,,,9.283257,0.20987293094800186,1.55,Healthcare,Biotechnology
JBHT,2026-09-09T14:00:43.784646+00:00,25647228928.0,958053.0,0.194,0.458,0.407,26.997395,0.1185124317990407,2.08333,Industrials,Integrated Freight & Logistics
JBIO,2026-09-09T14:00:44.230763+00:00,1251596672.0,995451.0,,,,-7.391244,1.547002032520325,1.0,Healthcare,Biotechnology
JBLU,2026-09-09T14:00:44.789834+00:00,1666814336.0,29510445.0,0.145,,,-9.342103,0.23822890257153184,3.64706,Industrials,Airlines
JBSS,2026-09-09T14:00:45.459347+00:00,834401856.0,134127.0,0.042,-0.385,-0.379,14.995797,0.4009526478005043,,Consumer Defensive,Packaged Foods
JCAP,2026-09-09T14:00:46.173222+00:00,1233213440.0,362119.0,0.115,-0.96,-0.133,6.98374,0.3131548311990686,,Financial Services,Credit Services
JEM,2026-09-09T14:00:46.702034+00:00,2728255.0,1504839.0,-0.225,,,,,,Consumer Cyclical,Apparel Retail
JJSF,2026-09-09T14:00:47.246753+00:00,1545716224.0,235553.0,-0.062,-0.168,-0.201,19.152777,0.3355088228184675,1.0,Consumer Defensive,Packaged Foods
JKHY,2026-09-09T14:00:47.805216+00:00,11150008320.0,1235220.0,0.047,-0.104,-0.128,20.305159,0.20438489593158526,1.76471,Technology,Information Technology Services
JLHL,2026-09-09T14:00:48.492871+00:00,130032328.0,2933396.0,0.216,-0.06,0.008,,,,Industrials,Building Products & Equipment
JOUT,2026-09-09T14:00:48.992266+00:00,475043456.0,55929.0,0.05,0.893,0.931,28.689875,0.2574454003970881,,Consumer Cyclical,Leisure
JUNS,2026-09-09T14:00:49.664824+00:00,4132508.0,997890.0,,,,52.236668,,,Healthcare,Biotechnology
KALU,2026-09-09T14:00:50.307605+00:00,2754004480.0,274637.0,0.527,3.057,3.172,14.539212,0.012169783318492167,2.75,Basic Materials,Aluminum
KARO,2026-09-09T14:00:50.810985+00:00,1988447232.0,107174.0,0.225,0.114,0.114,22.179728,0.17758510059815125,,Technology,Software - Application
KDK,2026-09-09T14:00:51.387610+00:00,804478912.0,1170956.0,5.956,,,-5.161872,1.7609551122194516,,Technology,Software - Infrastructure
KDP,2026-09-09T14:00:52.015607+00:00,44267667456.0,13621843.0,0.756,-0.9,-0.74,12.833967,0.11299969259145404,1.83333,Consumer Defensive,Beverages - Non-Alcoholic
KE,2026-09-09T14:00:52.628014+00:00,604229184.0,209725.0,-0.023,0.307,0.294,13.74829,0.36318407960199006,,Industrials,Electrical Equipment & Parts
KEEL,2026-09-09T14:00:53.194676+00:00,2331338752.0,41683877.0,-0.5,,,-15.9504795,0.7086092715231789,1.36364,Technology,Information Technology Services
KELYA,2026-09-09T14:00:53.801315+00:00,545986176.0,373522.0,-0.058,-0.404,-0.4,8.6373625,0.27226463104325704,,Industrials,Staffing & Employment Services
KHC,2026-09-09T14:00:54.392323+00:00,29337278464.0,14536891.0,-0.014,,,11.821991,0.0164535165723525,3.10526,Consumer Defensive,Packaged Foods
KIDS,2026-09-09T14:00:55.007817+00:00,575981888.0,196608.0,0.154,,,-31.070423,0.23400815956482335,,Healthcare,Medical Devices
KLAC,2026-09-09T14:00:55.652205+00:00,241423712256.0,12473291.0,0.152,0.138,0.133,27.556936,0.26512192878017093,1.86207,Technology,Semiconductor Equipment & Materials
KLIC,2026-09-09T14:00:56.210782+00:00,4381517312.0,1045156.0,1.226,,,14.183521,0.27393610414427316,,Technology,Semiconductor Equipment & Materials
KMB,2026-09-09T14:00:56.824140+00:00,33460776960.0,3905796.0,0.006,-0.323,-0.322,13.409267,0.17880926349269455,,Consumer Defensive,Household & Personal Products
KMTS,2026-09-09T14:00:57.457043+00:00,1474161536.0,358733.0,0.662,,,-12.4529705,0.19260584376863443,1.5,Healthcare,Medical Instruments & Supplies
KNSA,2026-09-09T14:00:58.060866+00:00,6115522048.0,740808.0,0.554,0.304,0.426,48.457497,0.2503189589180914,,Healthcare,Drug Manufacturers - Specialty & Generic
KOD,2026-09-09T14:00:58.671315+00:00,2240451072.0,674345.0,,,,-9.518138,0.9524291753511425,1.16667,Healthcare,Biotechnology
KOPN,2026-09-09T14:00:59.235459+00:00,824345024.0,4825975.0,0.506,,,-110.875,0.954153325817362,,Technology,Electronic Components
KRNT,2026-09-09T14:00:59.839928+00:00,696917184.0,244508.0,0.112,,,56.713284,0.5413070283600494,,Industrials,Specialty Industrial Machinery
KRNY,2026-09-09T14:01:00.435000+00:00,642151616.0,653159.0,0.149,0.053,0.06,9.939699,0.07853083923154691,2.33333,Financial Services,Banks - Regional
KRT,2026-09-09T14:01:01.012875+00:00,951540352.0,141112.0,0.099,1.704,1.683,20.489271,-0.1307080016757437,,Consumer Cyclical,Packaging & Containers
KRUS,2026-09-09T14:01:01.607234+00:00,528882336.0,288485.0,0.162,-0.254,-0.251,186.3362,0.490670572019297,,Consumer Cyclical,Restaurants
KRYS,2026-09-09T14:01:02.230881+00:00,10435810304.0,413419.0,0.241,0.388,0.429,37.51724,0.09196624831596112,,Healthcare,Biotechnology
KSPI,2026-09-09T14:01:02.847706+00:00,19865450496.0,469135.0,0.136,0.002,-0.002,0.015365756,0.030846470250621705,1.85714,Technology,Software - Infrastructure
KTOS,2026-09-09T14:01:03.419817+00:00,8792116224.0,4288106.0,0.305,0.074,0.517,41.91553,1.2247843539157914,1.4,Industrials,Aerospace & Defense
KURA,2026-09-09T14:01:04.049832+00:00,1109338880.0,1784917.0,0.365,,,-5.4296002,1.566158781074579,1.26667,Healthcare,Biotechnology
KYIV,2026-09-09T14:01:04.643162+00:00,3218517504.0,531767.0,0.194,-0.158,-0.061,0.22254078,0.29505731707317073,,Communication Services,Telecom Services
KYMR,2026-09-09T14:01:05.243120+00:00,9671846912.0,855017.0,4.664,,,-23.740442,0.14572461302942696,1.43478,Healthcare,Biotechnology
KYTX,2026-09-09T14:01:05.921304+00:00,500931904.0,987869.0,,,,-2.6374142,2.753086419753086,1.33333,Healthcare,Biotechnology
LAMR,2026-09-09T14:01:06.428466+00:00,15194625024.0,625112.0,0.065,0.039,0.041,23.090664,0.08402532956842812,,Real Estate,REIT - Specialty
LAND,2026-09-09T14:01:07.041706+00:00,413248352.0,744062.0,0.042,,,-31.409836,-0.025748434237995776,,Real Estate,REIT - Specialty
LASR,2026-09-09T14:01:07.657501+00:00,2358952192.0,1358703.0,0.338,,,64.90476,1.1730775250672538,,Technology,Semiconductors
LAUR,2026-09-09T14:01:08.231754+00:00,4968619520.0,1154082.0,0.175,0.508,0.442,14.842583,0.14261962850013865,,Consumer Defensive,Education & Training Services
LBRX,2026-09-09T14:01:08.892877+00:00,1596184064.0,341291.0,,,,-9.825824,0.0787186742118029,,Healthcare,Biotechnology
LBTYA,2026-09-09T14:01:09.426517+00:00,3627466240.0,2248896.0,-0.077,,,-8.21794,0.3778890456041373,,Communication Services,Telecom Services
LBTYK,2026-09-09T14:01:10.029757+00:00,3550721280.0,1282804.0,-0.077,,,-3.1167665,,,Communication Services,Telecom Services
LCID,2026-09-09T14:01:10.629893+00:00,1791048960.0,16912346.0,0.562,,,-0.8799613,0.7846226622662267,3.18182,Consumer Cyclical,Auto Manufacturers
LE,2026-09-09T14:01:11.306094+00:00,320849504.0,249209.0,0.027,,,12.77647,0.7495395948434624,1.0,Consumer Cyclical,Apparel Retail
LECO,2026-09-09T14:01:11.840805+00:00,14783050752.0,418782.0,0.12,0.125,0.105,21.670763,0.12421318486837252,2.0,Industrials,Tools & Accessories
LEGH,2026-09-09T14:01:12.421421+00:00,652804928.0,106137.0,0.323,0.646,0.598,12.309418,-0.12568306010928965,,Consumer Cyclical,Residential Construction
LENZ,2026-09-09T14:01:13.039518+00:00,166370720.0,868582.0,0.097,,,-1.7219512,3.5325779036827196,,Healthcare,Biotechnology
LFST,2026-09-09T14:01:13.661969+00:00,4747041280.0,3904025.0,0.261,,,23.41027,0.11066398390342047,1.54545,Healthcare,Medical Care Facilities
LFUS,2026-09-09T14:01:14.225742+00:00,10797515776.0,315020.0,0.204,0.517,0.559,21.158142,0.14967538577342876,,Technology,Electronic Components
LGCL,2026-09-09T14:01:14.859679+00:00,150279904.0,294102.0,0.431,,,,,,Technology,Software - Application
LGIH,2026-09-09T14:01:15.460495+00:00,1238551680.0,335395.0,0.057,-0.146,-0.144,15.577485,0.7456593148756452,2.5,Consumer Cyclical,Residential Construction
LGN,2026-09-09T14:01:16.036765+00:00,9360956416.0,1374006.0,1.107,,,23.401949,0.7993929448929449,1.23529,Industrials,Engineering & Construction
LGND,2026-09-09T14:01:16.637149+00:00,5812675072.0,359364.0,0.337,8.25,9.008,24.43016,0.175756218436238,,Healthcare,Biotechnology
LIF,2026-09-09T14:01:17.255595+00:00,3489804288.0,780388.0,0.378,-0.251,-0.278,23.997221,0.43539061405556856,,Technology,Software - Application
LIFE,2026-09-09T14:01:17.894819+00:00,3907333888.0,990962.0,1.134,-0.053,0.058,15.494066,-0.14459161147902877,1.33333,Financial Services,Insurance Brokers
LILA,2026-09-09T14:01:18.485517+00:00,1681076608.0,732802.0,0.015,,,42.74407,0.22941745423187632,2.5,Communication Services,Telecom Services
LILAK,2026-09-09T14:01:19.025092+00:00,1673965568.0,1668448.0,0.015,,,20.841463,-0.15740198946752482,,Communication Services,Telecom Services
LIMN,2026-09-09T14:01:19.732622+00:00,4768519.0,695763.0,,,,,,,Healthcare,Biotechnology
LIN,2026-09-09T14:01:20.264650+00:00,214125281280.0,2195746.0,0.093,0.113,0.092,23.752628,0.17231797631862222,1.7037,Basic Materials,Specialty Chemicals
LINC,2026-09-09T14:01:20.830156+00:00,768928640.0,816919.0,0.224,0.2,0.252,23.173996,1.1947194719471952,1.2,Consumer Defensive,Education & Training Services
LIND,2026-09-09T14:01:21.455051+00:00,1693644160.0,899509.0,0.186,,,59.061783,0.3689783029833398,,Consumer Cyclical,Travel Services
LINE,2026-09-09T14:01:22.038760+00:00,9596120064.0,938270.0,0.008,,,-59.333336,0.18166239874575374,2.6,Real Estate,REIT - Industrial
LITE,2026-09-09T14:01:22.664144+00:00,90287529984.0,4830620.0,1.093,,,30.225636,0.1409602106204364,1.5,Technology,Communication Equipment
LIVN,2026-09-09T14:01:23.325545+00:00,4391387136.0,695220.0,0.108,2.878,2.997,17.093359,0.11458593945459095,1.6,Healthcare,Medical Devices
LKFN,2026-09-09T14:01:23.785975+00:00,1470962688.0,190564.0,0.092,0.087,0.055,13.126664,0.1237853823405155,,Financial Services,Banks - Regional
LKQ,2026-09-09T14:01:24.482196+00:00,6259271168.0,3100256.0,-0.03,-0.29,-0.292,8.000491,0.3136620856911885,,Consumer Cyclical,Auto Parts
LLYVA,2026-09-09T14:01:25.060719+00:00,8727629824.0,209579.0,0.061,,,51.0,,,Communication Services,Entertainment
LLYVK,2026-09-09T14:01:25.671019+00:00,9018826752.0,357730.0,0.061,,,-29.001478,0.24458046416730417,,Communication Services,Entertainment
LMAT,2026-09-09T14:01:26.393976+00:00,1806927360.0,365493.0,0.096,0.226,0.237,24.85606,0.35423838645660366,2.25,Healthcare,Medical Instruments & Supplies
LMB,2026-09-09T14:01:26.801771+00:00,574426880.0,333169.0,0.219,-0.391,-0.388,10.255876,0.602657255553249,1.8,Industrials,Building Products & Equipment
LMRI,2026-09-09T14:01:27.529116+00:00,1065951872.0,538582.0,0.051,,,12.19003,0.5837251013970255,1.25,Healthcare,Medical Devices
LNT,2026-09-09T14:01:28.014464+00:00,17761001472.0,2448709.0,0.01,-0.04,-0.023,18.585394,0.13929445255474437,1.92308,Utilities,Utilities - Regulated Electric
LNTH,2026-09-09T14:01:28.620755+00:00,6575697408.0,1352735.0,0.027,-0.009,-0.047,15.790332,0.06988579940417083,2.5,Healthcare,Drug Manufacturers - Specialty & Generic
LOCO,2026-09-09T14:01:29.301212+00:00,459494304.0,269775.0,0.03,0.792,0.802,13.633242,0.3454846727423364,,Consumer Cyclical,Restaurants
LOGI,2026-09-09T14:01:30.072663+00:00,14265853952.0,998366.0,0.069,0.663,0.614,16.38716,0.07196627521830767,,Technology,Computer Hardware
LOPE,2026-09-09T14:01:30.463633+00:00,3928261632.0,360583.0,0.067,0.182,0.104,13.325376,0.2938756552319022,1.33333,Consumer Defensive,Education & Training Services
LOVE,2026-09-09T14:01:31.139643+00:00,234383024.0,222143.0,-0.001,,,6.2301555,0.509332042594385,,Consumer Cyclical,"Furnishings, Fixtures & Appliances"
LPLA,2026-09-09T14:01:31.643197+00:00,27277115392.0,788919.0,0.364,0.394,0.388,11.613943,0.23937917496608052,1.82353,Financial Services,Capital Markets
LPTH,2026-09-09T14:01:32.433420+00:00,664311936.0,3167572.0,1.089,,,529.0,0.47258979206049156,1.2,Technology,Electronic Components
LQDA,2026-09-09T14:01:32.873695+00:00,6118380544.0,1790606.0,18.427,,,12.09823,0.5763294565137882,1.625,Healthcare,Drug Manufacturers - Specialty & Generic
LQDT,2026-09-09T14:01:33.626003+00:00,1286632832.0,222119.0,0.081,0.391,0.407,22.317934,0.24193352002922208,,Consumer Cyclical,Internet Retail
LRCX,2026-09-09T14:01:34.123301+00:00,396161974272.0,11094772.0,0.3,0.348,0.324,27.171246,0.17143659880920414,1.45714,Technology,Semiconductor Equipment & Materials
LRMR,2026-09-09T14:01:34.673949+00:00,413973504.0,1833038.0,,,,-3.7581577,2.588456712672522,,Healthcare,Biotechnology
LSCC,2026-09-09T14:01:35.236325+00:00,16796499968.0,1773477.0,0.622,6.0,5.646,36.80844,0.39132817520717045,1.46154,Technology,Semiconductors
LSTR,2026-09-09T14:01:35.798981+00:00,5992073216.0,461535.0,0.181,0.201,0.168,23.102407,0.11219664146348363,2.77778,Industrials,Integrated Freight & Logistics
LTBR,2026-09-09T14:01:36.448700+00:00,275200352.0,835138.0,,,,,,,Industrials,Electrical Equipment & Parts
LTRX,2026-09-09T14:01:37.082984+00:00,246604064.0,1106850.0,0.08,,,16.500002,0.9412878787878787,1.16667,Technology,Communication Equipment
LULU,2026-09-09T14:01:37.781660+00:00,10919329792.0,4106424.0,-0.043,-0.059,-0.112,10.766973,0.08921859474804839,3.2,Consumer Cyclical,Apparel Retail
LUNR,2026-09-09T14:01:38.218115+00:00,2474174464.0,10480648.0,3.098,,,-99.48387,0.913099870298314,1.33333,Industrials,Aerospace & Defense
LWAY,2026-09-09T14:01:38.884988+00:00,377442080.0,178132.0,0.241,-0.97,-0.97,18.507408,0.3207924754852911,,Consumer Defensive,Packaged Foods
LWLG,2026-09-09T14:01:39.421930+00:00,844836544.0,3640737.0,0.279,,,,,,Basic Materials,Specialty Chemicals
LXEO,2026-09-09T14:01:40.095614+00:00,392591328.0,928033.0,,,,-3.4963503,3.242424242424242,,Healthcare,Biotechnology
LYFT,2026-09-09T14:01:40.701826+00:00,5814340608.0,11863662.0,0.161,0.345,0.248,7.246296,0.29188601488290944,2.44444,Technology,Software - Application
LYTS,2026-09-09T14:01:41.213699+00:00,721006848.0,385735.0,0.513,-0.282,-0.158,11.120689,0.5503875968992247,,Technology,Electronic Components
LZ,2026-09-09T14:01:41.891753+00:00,1001899136.0,2834588.0,0.066,,,7.260857,0.2991452991452992,,Industrials,Specialty Business Services
MAAS,2026-09-09T14:01:42.479780+00:00,6734333952.0,149762.0,,,,,,,Financial Services,Asset Management
MAMA,2026-09-09T14:01:43.260483+00:00,727013952.0,654688.0,0.55,1.0,1.009,42.833332,0.4452470817120624,1.125,Consumer Defensive,Packaged Foods
MANH,2026-09-09T14:01:43.674653+00:00,11986919424.0,792146.0,0.093,-0.086,-0.113,33.451405,0.0589036431733061,1.54545,Technology,Software - Application
MAR,2026-09-09T14:01:44.284849+00:00,84192305152.0,1606001.0,0.111,0.043,0.004,24.553646,0.17894476019388894,2.21429,Consumer Cyclical,Lodging
MARA,2026-09-09T14:01:44.897849+00:00,4598893056.0,46981967.0,-0.267,,,-10.352174,0.511359092818144,2.15385,Financial Services,Capital Markets
MASS,2026-09-09T14:01:45.494309+00:00,398456928.0,386532.0,0.233,,,-32.13333,0.3485477178423235,,Healthcare,Medical Devices
MAT,2026-09-09T14:01:46.053788+00:00,4011227904.0,4333185.0,0.105,,,8.828079,0.2984878917378917,,Consumer Cyclical,Leisure
MATW,2026-09-09T14:01:46.707838+00:00,634875904.0,530430.0,-0.296,,,25.966068,0.5404783677482792,2.0,Industrials,Conglomerates
MAZE,2026-09-09T14:01:47.219222+00:00,1455110400.0,543877.0,,,,-8.249121,1.3876865814086656,1.08333,Healthcare,Biotechnology
MBIN,2026-09-09T14:01:47.805069+00:00,2404398848.0,179372.0,0.371,1.467,1.062,8.718494,0.23232709209017943,2.66667,Financial Services,Banks - Regional
MBLY,2026-09-09T14:01:48.439097+00:00,7213841408.0,6014166.0,0.004,,,17.475748,0.4091043017088982,2.32,Consumer Cyclical,Auto Parts
MBUU,2026-09-09T14:01:49.063261+00:00,516921728.0,248854.0,0.427,0.52,0.547,8.333809,0.31540007613247045,2.18182,Consumer Cyclical,Recreational Vehicles
MBWM,2026-09-09T14:01:49.647031+00:00,1040440000.0,130930.0,0.189,0.079,0.146,10.461766,0.049454560558232386,2.66667,Financial Services,Banks - Regional
MBX,2026-09-09T14:01:50.234056+00:00,3051905280.0,740725.0,,,,-16.022472,0.39440807953290213,1.25,Healthcare,Biotechnology
MCBS,2026-09-09T14:01:50.870533+00:00,1008494272.0,85930.0,0.339,0.169,0.315,10.715596,0.08447488584474883,,Financial Services,Banks - Regional
MCFT,2026-09-09T14:01:51.511598+00:00,562198848.0,163825.0,0.03,,,11.751898,0.18914261094355878,,Consumer Cyclical,Recreational Vehicles
MCHB,2026-09-09T14:01:52.057404+00:00,3421039616.0,571680.0,0.357,0.239,0.358,12.910827,0.1326860841423949,2.0,Financial Services,Banks - Regional
MCHP,2026-09-09T14:01:52.665351+00:00,40133775360.0,10857088.0,0.38,,,16.19005,0.4698958192396159,1.53846,Technology,Semiconductors
MCRI,2026-09-09T14:01:53.213179+00:00,2179199232.0,163466.0,0.042,0.236,0.204,17.634518,0.04449379060778025,,Consumer Cyclical,Resorts & Casinos
MDB,2026-09-09T14:01:53.885980+00:00,28867018752.0,1656377.0,0.305,,,46.110775,0.2669824463638899,1.63415,Technology,Software - Infrastructure
MDGL,2026-09-09T14:01:54.436587+00:00,12340606976.0,349641.0,0.712,,,55.494026,0.26947091532024037,,Healthcare,Biotechnology
MDLN,2026-09-09T14:01:54.996593+00:00,46000361472.0,7722316.0,0.116,2.62,-0.82,21.558056,0.30447499268792066,1.55556,Healthcare,Medical Instruments & Supplies
MDLZ,2026-09-09T14:01:55.602232+00:00,79328927744.0,9018530.0,0.041,1.449,1.415,18.488333,0.112226369559971,1.95833,Consumer Defensive,Confectioners
MDXG,2026-09-09T14:01:56.206741+00:00,680783552.0,1268225.0,-0.347,,,23.324999,0.5862808145766345,1.2,Healthcare,Biotechnology
MEDP,2026-09-09T14:01:56.827169+00:00,16180386816.0,299324.0,0.172,0.371,0.345,30.020496,0.0036800069001206026,,Healthcare,Diagnostics & Research
MELI,2026-09-09T14:01:57.441710+00:00,94574878720.0,433533.0,0.498,-0.109,-0.109,32.825348,0.21408469579201284,1.54167,Consumer Cyclical,Internet Retail
MEOH,2026-09-09T14:01:58.100244+00:00,4721541120.0,873582.0,0.752,1.647,2.071,10.570968,0.14697689660822544,1.8,Basic Materials,Chemicals
META,2026-09-09T14:01:58.647584+00:00,1647217475584.0,17855329.0,0.28,-0.134,-0.136,18.495604,0.16633614290133014,1.35484,Communication Services,Internet Content & Information
METC,2026-09-09T14:01:59.204745+00:00,796156352.0,1944872.0,-0.053,,,56.239647,0.5027866242038217,1.75,Basic Materials,Coking Coal
MF,2026-09-09T14:01:59.808135+00:00,24179826.0,1313493.0,-0.326,,,,,,Communication Services,Advertising Agencies
MFIC,2026-09-09T14:02:00.438941+00:00,758240000.0,553950.0,-0.16,,,7.379645,0.13049972840847368,2.5,Financial Services,Asset Management
MGEE,2026-09-09T14:02:01.033142+00:00,2911388928.0,218198.0,0.011,0.236,0.259,18.191038,0.008038376766498212,3.0,Utilities,Utilities - Regulated Electric
MGNI,2026-09-09T14:02:01.743965+00:00,3383375872.0,2930662.0,0.112,0.653,0.739,18.301008,0.17281348028825771,1.46667,Communication Services,Advertising Agencies
MGPI,2026-09-09T14:02:02.273335+00:00,348407040.0,203074.0,-0.145,-0.177,-0.168,8.284114,0.7086662569145668,,Consumer Defensive,Beverages - Wineries & Distilleries
MGRC,2026-09-09T14:02:03.076863+00:00,2695860480.0,174900.0,-0.062,-0.062,-0.064,15.892009,0.31738697109721836,,Industrials,Rental & Leasing Services
MGRT,2026-09-09T14:02:03.414413+00:00,1540000000.0,17625.0,3.088,1.443,1.83,,,,Technology,Information Technology Services
MGTX,2026-09-09T14:02:04.293351+00:00,1318670208.0,849738.0,86.086,,,-9.877698,1.143377276037873,,Healthcare,Biotechnology
MIDD,2026-09-09T14:02:04.664687+00:00,4877682688.0,693498.0,0.099,-0.393,-0.483,13.852304,0.43910819580938254,1.63636,Industrials,Specialty Industrial Machinery
MIRM,2026-09-09T14:02:05.259445+00:00,6141724160.0,776541.0,0.379,,,-290.52124,0.37224544506776547,1.28571,Healthcare,Biotechnology
MITK,2026-09-09T14:02:05.912281+00:00,797537984.0,850237.0,0.182,2.4,2.492,14.828019,0.28005657708627996,,Technology,Software - Application
MKSI,2026-09-09T14:02:06.467747+00:00,17916962816.0,1456690.0,0.283,1.62,1.823,15.050353,0.5758899518822529,1.64286,Technology,Scientific & Technical Instruments
MKTX,2026-09-09T14:02:07.645079+00:00,5747527168.0,1042212.0,-0.005,0.01,-0.043,18.521648,-0.0325444692771637,3.0,Financial Services,Capital Markets
MLAB,2026-09-09T14:02:07.817643+00:00,694727168.0,186225.0,0.01,-0.424,-0.403,12.088607,-0.053564236810310195,,Technology,Scientific & Technical Instruments
MLKN,2026-09-09T14:02:08.467226+00:00,1499068032.0,764177.0,0.044,,,9.221987,0.6047684548372307,,Consumer Cyclical,"Furnishings, Fixtures & Appliances"
MLTX,2026-09-09T14:02:09.050445+00:00,1241706624.0,1281246.0,,,,-4.3862157,0.9560287868403017,1.86667,Healthcare,Biotechnology
MLYS,2026-09-09T14:02:09.686552+00:00,2808686848.0,1112301.0,,,,-12.708,0.5265974189486937,,Healthcare,Biotechnology
MMSI,2026-09-09T14:02:10.248756+00:00,5219288064.0,890603.0,0.095,0.204,0.191,18.954788,0.16067440796247578,1.81818,Healthcare,Medical Instruments & Supplies
MMYT,2026-09-09T14:02:10.899213+00:00,4905159680.0,882625.0,0.062,-0.608,-0.678,21.00722,0.4458293384467882,,Consumer Cyclical,Travel Services
MNDY,2026-09-09T14:02:12.520746+00:00,3479794176.0,1390306.0,0.219,1.639,1.2,12.316779,0.32418149790439177,,Technology,Software - Application
MNKD,2026-09-09T14:02:12.723478+00:00,1323155456.0,4541061.0,0.429,,,32.27451,0.936512758201701,,Healthcare,Biotechnology
MNPR,2026-09-09T14:02:13.653530+00:00,777269568.0,220769.0,,,,-58.484848,0.09073998272884287,,Healthcare,Biotechnology
MNRO,2026-09-09T14:02:14.308858+00:00,391269728.0,1110300.0,-0.046,,,30.67402,0.7578905313623652,,Consumer Cyclical,Auto Parts
MNST,2026-09-09T14:02:14.502712+00:00,83191136256.0,11182632.0,0.202,0.18,0.196,32.437325,0.18307147062286577,2.04,Consumer Defensive,Beverages - Non-Alcoholic
MNTS,2026-09-09T14:02:15.116686+00:00,92046408.0,2118538.0,-0.869,,,-2.7038064,0.9088978501037963,,Industrials,Aerospace & Defense
MORN,2026-09-09T14:02:15.778507+00:00,7326025216.0,398491.0,0.096,0.354,0.211,14.011355,0.2118729581647807,1.66667,Financial Services,Financial Data & Stock Exchanges
MOVE,2026-09-09T14:02:16.335043+00:00,462871904.0,322619.0,35.903,,,-4.956081,,,Technology,Software - Infrastructure
MPB,2026-09-09T14:02:16.932863+00:00,930055744.0,163246.0,0.447,2.864,3.555,9.518575,0.09870144374829737,,Financial Services,Banks - Regional
MPLT,2026-09-09T14:02:17.628317+00:00,653463680.0,874646.0,,,,-4.2727914,0.8834960965223564,1.35714,Healthcare,Biotechnology
MPWR,2026-09-09T14:02:18.142033+00:00,59723980800.0,902759.0,0.476,0.858,0.906,34.8519,0.5138524327126412,1.29412,Technology,Semiconductors
MQ,2026-09-09T14:02:18.698935+00:00,1671306752.0,1069518.0,0.17,,,32.11,0.2768607910308316,,Technology,Software - Infrastructure
MRAM,2026-09-09T14:02:19.376075+00:00,420037632.0,1426432.0,0.419,,,35.6899,0.4879228985507247,1.33333,Technology,Semiconductors
MRCY,2026-09-09T14:02:20.048298+00:00,4851783168.0,747237.0,0.061,-0.967,-0.951,36.07148,0.43502454139811597,2.0,Industrials,Aerospace & Defense
MRLN,2026-09-09T14:02:20.558812+00:00,320384896.0,1742922.0,-0.294,,,-3.1078432,1.9179810725552051,,Industrials,Aerospace & Defense
MRNA,2026-09-09T14:02:21.159321+00:00,55417933824.0,16012327.0,0.021,,,-30.224907,-0.160723290829191,2.73913,Healthcare,Biotechnology
MRTN,2026-09-09T14:02:21.709920+00:00,1162862208.0,685254.0,-0.028,-0.258,-0.257,21.68517,0.228932584269663,,Industrials,Trucking
MRVI,2026-09-09T14:02:22.288578+00:00,2601762816.0,3480974.0,0.085,,,-69.97709,0.039145907473309594,1.75,Healthcare,Biotechnology
MRVL,2026-09-09T14:02:22.982785+00:00,216165433344.0,32845903.0,0.365,0.5,0.581,35.788628,0.18610746374751796,1.40909,Technology,Semiconductors
MRX,2026-09-09T14:02:23.541949+00:00,,826308.0,0.321,1.053,1.029,11.893102,0.05071033938437264,,Financial Services,Capital Markets
MSBI,2026-09-09T14:02:24.114812+00:00,677660224.0,179835.0,0.18,0.86,0.654,9.649822,0.018220793140407254,,Financial Services,Banks - Regional
MSEX,2026-09-09T14:02:24.730171+00:00,1098413568.0,167293.0,0.143,0.316,0.371,19.494984,0.046491679533367636,,Utilities,Utilities - Regulated Water
MSFT,2026-09-09T14:02:25.380998+00:00,3650101182464.0,36594466.0,0.177,0.317,0.313,20.852423,0.16550402799251374,1.36364,Technology,Software - Infrastructure
MSTR,2026-09-09T14:02:25.921449+00:00,54201135104.0,23386819.0,0.069,,,2.7567184,0.6579931100197902,1.25,Technology,Software - Application
MTCH,2026-09-09T14:02:26.494905+00:00,9572091904.0,3330637.0,-0.012,0.504,0.359,8.964422,0.020649445595223748,2.4,Communication Services,Internet Content & Information
MTRX,2026-09-09T14:02:27.123171+00:00,307816096.0,249067.0,0.13,,,15.654676,0.47058823529411753,1.0,Industrials,Engineering & Construction
MTSI,2026-09-09T14:02:27.703854+00:00,21500706816.0,1542470.0,0.358,1.667,1.757,33.208298,0.40423166270024535,1.6875,Technology,Semiconductors
MU,2026-09-09T14:02:28.323796+00:00,1166279180288.0,42284593.0,3.457,13.685,13.983,6.661238,0.46525584413069154,1.34694,Technology,Semiconductors
MWH,2026-09-09T14:02:28.910445+00:00,5222589440.0,2009700.0,0.775,,-0.165,14.2614765,0.7614628947878317,,Utilities,Utilities - Renewable
MXL,2026-09-09T14:02:29.509813+00:00,6277783040.0,3270454.0,0.552,,,26.79778,0.3658689685062122,1.81818,Technology,Semiconductors
MYGN,2026-09-09T14:02:30.503824+00:00,299383424.0,1835658.0,-0.208,,,-5.355554,0.06629392971246006,3.22222,Healthcare,Diagnostics & Research
MYRG,2026-09-09T14:02:30.765757+00:00,4482853888.0,306277.0,0.201,0.865,0.884,19.759575,0.43090334456291446,,Industrials,Engineering & Construction
MZTI,2026-09-09T14:02:31.385870+00:00,2812610304.0,342793.0,-0.022,0.495,0.485,14.246613,0.42247234620609353,2.2,Consumer Defensive,Packaged Foods
NAMS,2026-09-09T14:02:31.979613+00:00,2882852096.0,1118727.0,-0.807,,,-15.72207,1.093707096512571,1.3125,Healthcare,Biotechnology
NATH,2026-09-09T14:02:32.552309+00:00,402800096.0,25895.0,0.15,-0.009,-0.011,,,,Consumer Cyclical,Restaurants
NATR,2026-09-09T14:02:33.205630+00:00,240724304.0,166175.0,0.019,-0.321,-0.337,11.122764,1.2293691981580297,,Consumer Defensive,Packaged Foods
NAVI,2026-09-09T14:02:33.772744+00:00,870782784.0,1121637.0,0.042,1.0,0.786,9.609414,-0.023001615508885354,3.28571,Financial Services,Credit Services
NAVN,2026-09-09T14:02:34.325766+00:00,6810991616.0,3937359.0,0.399,,,69.60183,0.1501120238984317,1.26667,Technology,Software - Application
NB,2026-09-09T14:02:34.917598+00:00,601274496.0,3275438.0,,,,-18.355556,1.6916876513317192,1.5,Basic Materials,Other Industrial Metals & Mining
NBBK,2026-09-09T14:02:35.566845+00:00,999937856.0,313180.0,0.486,0.359,0.449,8.7600765,0.11744084136722166,,Financial Services,Banks - Regional
NBIS,2026-09-09T14:02:36.102075+00:00,67110182912.0,21089790.0,4.54,,,-82.3553,0.16133638499554404,1.75,Communication Services,Internet Content & Information
NBIX,2026-09-09T14:02:36.810786+00:00,15689551872.0,1230908.0,0.395,0.311,0.343,12.890796,0.371687722708131,1.44444,Healthcare,Drug Manufacturers - Specialty & Generic
NBN,2026-09-09T14:02:37.336287+00:00,1101160448.0,124901.0,0.113,0.353,0.362,8.172064,0.11490948644238985,,Financial Services,Banks - Regional
NBTB,2026-09-09T14:02:37.899006+00:00,2648923904.0,351582.0,0.178,1.318,1.356,11.222005,0.11481620243232649,,Financial Services,Banks - Regional
NBTX,2026-09-09T14:02:38.527844+00:00,1856138368.0,132443.0,,,,-107.162766,0.24401735559813842,,Healthcare,Biotechnology
NCI,2026-09-09T14:02:39.123307+00:00,33685424.0,485680.0,-0.508,,,,,,Consumer Cyclical,Apparel Manufacturing
NCNO,2026-09-09T14:02:39.692233+00:00,2318265600.0,2922041.0,0.082,,,13.855973,0.10708004561003404,2.0,Technology,Software - Application
NDAQ,2026-09-09T14:02:40.297769+00:00,52566228992.0,3820317.0,0.149,0.141,0.122,20.100588,0.16829721395150998,1.76471,Financial Services,Financial Data & Stock Exchanges
NDSN,2026-09-09T14:02:40.893792+00:00,17566466048.0,400929.0,0.103,0.23,0.215,24.36778,0.10886644682605096,,Industrials,Specialty Industrial Machinery
NEO,2026-09-09T14:02:41.520801+00:00,2263737344.0,2861230.0,0.112,,,51.274593,0.11930874006810432,1.83333,Healthcare,Diagnostics & Research
NEOG,2026-09-09T14:02:42.263310+00:00,2636901632.0,1968120.0,-0.001,,,31.81579,0.10283953680727875,2.0,Healthcare,Medical Devices
NEOV,2026-09-09T14:02:42.999997+00:00,239573424.0,2763782.0,0.005,,,-25.437502,1.3955773955773956,1.75,Industrials,Electrical Equipment & Parts
NESR,2026-09-09T14:02:43.331990+00:00,3533593088.0,2232006.0,0.591,1.728,1.896,12.676833,0.22725651088119858,,Energy,Oil & Gas Equipment & Services
NEWT,2026-09-09T14:02:44.031032+00:00,349794080.0,261222.0,0.147,-0.096,0.066,5.5486827,0.3047068538398019,2.42857,Financial Services,Banks - Regional
NEXN,2026-09-09T14:02:44.653463+00:00,528794048.0,473235.0,0.105,-0.571,-0.58,7.4812064,0.5767366720516964,,Communication Services,Advertising Agencies
NEXT,2026-09-09T14:02:45.460003+00:00,1985743360.0,2747372.0,,,,49.73333,0.16621983914209104,2.2,Energy,Oil & Gas Equipment & Services
NFLX,2026-09-09T14:02:46.195613+00:00,318645469184.0,41545174.0,0.134,0.111,0.088,20.027952,0.22391375367526933,,Communication Services,Entertainment
NGNE,2026-09-09T14:02:46.411988+00:00,777742400.0,237698.0,,,,-7.5065193,1.0694344525923065,,Healthcare,Biotechnology
NHIC,2026-09-09T14:02:47.008444+00:00,293799808.0,129991.0,,,,,,,,
NKTR,2026-09-09T14:02:47.572922+00:00,2508485632.0,841324.0,-0.093,,,-6.7751756,0.965428065877229,1.41667,Healthcare,Biotechnology
NMFC,2026-09-09T14:02:48.162097+00:00,685724416.0,599801.0,-0.264,1.571,1.22,6.914286,0.14210330578512398,,Financial Services,Asset Management
NMIH,2026-09-09T14:02:48.826501+00:00,3328765952.0,526780.0,0.081,0.141,0.1,8.102404,0.11098565133883187,,Financial Services,Insurance - Specialty
NMRK,2026-09-09T14:02:49.412672+00:00,3590276096.0,1405932.0,0.17,-0.054,-0.054,6.648328,0.34628493524199055,,Real Estate,Real Estate Services
NN,2026-09-09T14:02:50.010888+00:00,2574351104.0,2630909.0,-0.043,,,-26.754387,1.207650491803279,,Technology,Software - Infrastructure
NNBR,2026-09-09T14:02:50.569504+00:00,307199264.0,3729672.0,0.193,,,22.775974,0.7921155913978493,1.0,Industrials,Conglomerates
NNE,2026-09-09T14:02:51.367873+00:00,1012747008.0,2223301.0,,,,-19.114801,1.1650758218451749,,Industrials,Specialty Industrial Machinery
NOVT,2026-09-09T14:02:51.755411+00:00,5633334784.0,469579.0,0.103,1.5,1.789,34.112953,0.305719656283566,1.33333,Technology,Scientific & Technical Instruments
NRC,2026-09-09T14:02:52.379053+00:00,461635360.0,126414.0,0.04,,,19.876192,0.24580737901293714,,Healthcare,Health Information Services
NRDS,2026-09-09T14:02:53.009627+00:00,598320896.0,684393.0,0.056,-0.397,-0.476,4.1482186,0.26068376068376087,,Communication Services,Internet Content & Information
NRIM,2026-09-09T14:02:53.589645+00:00,575805760.0,165267.0,0.083,0.308,0.303,9.367321,0.17184971991500864,,Financial Services,Banks - Regional
NRIX,2026-09-09T14:02:54.281250+00:00,2755403520.0,1620248.0,-0.795,,,-24.922089,0.277912241054614,1.5,Healthcare,Biotechnology
NRXP,2026-09-09T14:02:54.766213+00:00,150019840.0,938670.0,,,,6.93,10.03896103896104,1.0,Healthcare,Biotechnology
NSIT,2026-09-09T14:02:55.387671+00:00,4614519808.0,396951.0,0.147,0.76,0.653,11.864337,0.041467913248107946,,Technology,Electronics & Computer Distribution
NSSC,2026-09-09T14:02:55.994926+00:00,1314847616.0,433311.0,0.076,0.214,0.206,20.36565,0.3783098476605007,1.16667,Industrials,Security & Protection Services
NTAP,2026-09-09T14:02:56.580669+00:00,37028913152.0,2730183.0,0.299,0.635,0.609,17.129337,0.03503607044345425,2.3,Technology,Software - Infrastructure
NTCT,2026-09-09T14:02:57.204432+00:00,2729069056.0,626306.0,0.127,,,13.421319,0.1556326095644065,,Technology,Software - Infrastructure
NTGR,2026-09-09T14:02:57.755653+00:00,578505408.0,353504.0,-0.012,,,39.661243,0.6443504815597838,,Technology,Communication Equipment
NTLA,2026-09-09T14:02:58.399901+00:00,1766997504.0,4596077.0,-0.462,,,-4.85181,0.9032513877874704,2.26316,Healthcare,Biotechnology
NTNX,2026-09-09T14:02:59.007637+00:00,18111473664.0,3136608.0,0.159,31.478,31.849,25.192137,0.14038373134328364,2.06667,Technology,Software - Infrastructure
NTRA,2026-09-09T14:02:59.560075+00:00,46896099328.0,1386561.0,0.377,,,-3647.3276,0.03912761233116191,1.5,Healthcare,Diagnostics & Research
NTRS,2026-09-09T14:03:00.205923+00:00,33700429824.0,1062412.0,0.364,0.986,0.88,14.531225,0.0003758414766559248,3.0,Financial Services,Asset Management
NTSK,2026-09-09T14:03:00.802620+00:00,5883663360.0,5584541.0,0.292,,,521.3613,0.30594166666666656,1.5,Technology,Software - Infrastructure
NUAI,2026-09-09T14:03:01.406837+00:00,732062656.0,7565570.0,-0.825,,,-8.429448,0.6011644832605532,,Technology,Software - Infrastructure
NUTX,2026-09-09T14:03:01.984986+00:00,1265060352.0,144727.0,-0.136,,,9.086818,0.5319241075053454,1.2,Healthcare,Medical Care Facilities
NVAX,2026-09-09T14:03:02.584466+00:00,1640385152.0,4241248.0,-0.763,,,-16.199442,0.40796581196581183,,Healthcare,Biotechnology
NVCR,2026-09-09T14:03:03.230804+00:00,1906800640.0,1584545.0,0.156,,,-20.058306,0.6575792366412212,2.0,Healthcare,Medical Devices
NVCT,2026-09-09T14:03:03.771994+00:00,775296576.0,337474.0,,,,-24.739584,0.4905263157894737,1.33333,Healthcare,Biotechnology
NVDA,2026-09-09T14:03:04.370820+00:00,5410135212032.0,134578656.0,1.059,1.278,1.259,14.437086,0.462416424905155,1.28333,Technology,Semiconductors
NVEC,2026-09-09T14:03:05.009727+00:00,491117568.0,221425.0,0.807,0.786,0.788,35.876328,,,Technology,Semiconductors
NVMI,2026-09-09T14:03:05.627752+00:00,12024796160.0,543441.0,0.159,0.029,0.098,27.676388,0.4071654345152289,,Technology,Semiconductor Equipment & Materials
NVTS,2026-09-09T14:03:06.175722+00:00,3137038336.0,16666743.0,-0.273,,,-95.34201,0.17145235122763203,,Technology,Semiconductors
NWBI,2026-09-09T14:03:06.790920+00:00,2255238144.0,1092704.0,0.232,0.385,0.59,10.633305,0.07571762414800398,,Financial Services,Banks - Regional
NWE,2026-09-09T14:03:07.669069+00:00,4401294336.0,428129.0,0.146,0.157,0.177,18.01914,0.037808372353064446,2.28571,Utilities,Utilities - Regulated Electric
NWL,2026-09-09T14:03:07.966536+00:00,2689558528.0,10789248.0,0.03,1.266,1.304,9.201918,0.05403800475059373,,Consumer Defensive,Household & Personal Products
NWPX,2026-09-09T14:03:08.593338+00:00,1023470848.0,195890.0,0.197,0.78,0.747,20.284208,0.04519774011299438,,Basic Materials,Steel
NWS,2026-09-09T14:03:09.202125+00:00,17644132352.0,1499950.0,0.108,-0.749,-0.759,21.750061,,,Communication Services,Entertainment
NWSA,2026-09-09T14:03:09.765356+00:00,15784735744.0,4766198.0,0.108,-0.749,-0.759,19.45797,0.2293897671256162,,Communication Services,Entertainment
NXH,2026-09-09T14:03:10.367322+00:00,364801120.0,2489741.0,0.28,,,-48.153286,1.6832460732984296,2.5,Consumer Cyclical,Internet Retail
NXPI,2026-09-09T14:03:11.014674+00:00,56736940032.0,3981854.0,0.195,0.726,0.724,12.4342985,0.38268199999999997,,Technology,Semiconductors
NXST,2026-09-09T14:03:11.608646+00:00,5091533824.0,389574.0,0.622,0.18,0.237,7.091774,0.493056606056939,1.375,Communication Services,Broadcasting
NXT,2026-09-09T14:03:12.233215+00:00,12945752064.0,2996638.0,0.082,0.029,0.052,14.593843,0.6687057625573809,1.44828,Technology,Solar
NXTT,2026-09-09T14:03:12.788881+00:00,7232243.0,147919.0,,,,,,,Technology,Software - Application
OABI,2026-09-09T14:03:13.411604+00:00,614274432.0,1241279.0,2.442,,,-14.322034,0.9881656804733729,1.0,Healthcare,Biotechnology
OCC,2026-09-09T14:03:13.993880+00:00,107381576.0,348856.0,0.266,,,,,,Technology,Communication Equipment
OCFC,2026-09-09T14:03:14.571667+00:00,1811131264.0,1001646.0,0.322,,,8.09255,0.17840608324439722,,Financial Services,Banks - Regional
OCSL,2026-09-09T14:03:15.204899+00:00,1116924416.0,532750.0,-0.078,-0.193,-0.193,9.279792,-0.014195583596214534,,Financial Services,Asset Management
OCUL,2026-09-09T14:03:15.838601+00:00,2459697664.0,2657351.0,0.001,,,-7.7028885,1.4188312500000002,1.36364,Healthcare,Biotechnology
ODD,2026-09-09T14:03:16.380787+00:00,704801600.0,1055433.0,-0.262,,,15.405493,-0.23805266877830422,3.4,Consumer Defensive,Household & Personal Products
ODFL,2026-09-09T14:03:16.958580+00:00,38459572224.0,1767890.0,0.104,0.323,0.305,27.806387,0.2446970204942409,2.5,Industrials,Trucking
OESX,2026-09-09T14:03:17.634577+00:00,120449920.0,77546.0,0.315,,,17.960365,-0.08334747920556773,,Industrials,Electrical Equipment & Parts
OFIX,2026-09-09T14:03:18.157587+00:00,362178016.0,365732.0,0.038,,,24.216215,0.450892857142857,2.0,Healthcare,Medical Devices
OKTA,2026-09-09T14:03:18.974959+00:00,29996650496.0,3314561.0,0.106,0.757,0.731,39.18826,0.06282810268962913,1.61364,Technology,Software - Infrastructure
OLED,2026-09-09T14:03:19.357321+00:00,3748825344.0,747459.0,-0.114,-0.249,-0.265,17.129086,0.41466899638280896,,Technology,Electronic Components
OLLI,2026-09-09T14:03:20.018950+00:00,4444487680.0,1989290.0,0.091,0.434,0.394,15.140232,0.3356499599037692,1.6,Consumer Defensive,Discount Stores
OLMA,2026-09-09T14:03:20.578547+00:00,935786880.0,1294906.0,,,,-3.9781432,2.6746143057503504,,Healthcare,Biotechnology
OMCL,2026-09-09T14:03:21.192995+00:00,1503077888.0,776862.0,0.075,3.333,3.307,15.813397,0.7505942511346446,,Healthcare,Health Information Services
OMDA,2026-09-09T14:03:21.815721+00:00,1327178112.0,1290803.0,0.431,,,38.98299,0.3030442804428044,1.75,Healthcare,Health Information Services
OMER,2026-09-09T14:03:22.416150+00:00,1392027392.0,2060019.0,,,,16.79476,0.7160686427457097,,Healthcare,Biotechnology
ON,2026-09-09T14:03:22.960697+00:00,28011515904.0,10756080.0,0.092,0.366,0.332,15.886182,0.4882536646926132,2.17241,Technology,Semiconductors
ONB,2026-09-09T14:03:23.614973+00:00,9724929024.0,4164475.0,0.288,0.929,1.021,8.797888,0.17302045633359553,,Financial Services,Banks - Regional
ONDS,2026-09-09T14:03:24.212623+00:00,4300196352.0,81039245.0,12.354,,,-376.25,1.580288372093023,1.22222,Technology,Communication Equipment
OPCH,2026-09-09T14:03:24.786894+00:00,3489996288.0,2385893.0,0.019,0.129,0.067,11.191431,0.22675236051502146,,Healthcare,Medical Care Facilities
OPEN,2026-09-09T14:03:25.414336+00:00,2932695040.0,56171219.0,-0.437,,,-63.915344,0.5562913907284768,,Real Estate,Real Estate Services
OPRT,2026-09-09T14:03:26.020807+00:00,369737504.0,478627.0,0.094,0.214,0.241,4.060606,0.19402985074626877,,Financial Services,Credit Services
ORIC,2026-09-09T14:03:26.594497+00:00,1315352192.0,1547420.0,,,,-7.858266,0.6285791962174943,,Healthcare,Biotechnology
ORKA,2026-09-09T14:03:27.211181+00:00,6274031104.0,1165477.0,,,,-33.108326,0.635711270578303,1.15385,Healthcare,Biotechnology
ORLY,2026-09-09T14:03:27.768171+00:00,69469503488.0,7204446.0,0.081,0.103,0.07,23.519344,0.2553129548762736,1.53571,Consumer Cyclical,Auto Parts
ORRF,2026-09-09T14:03:28.398124+00:00,826124288.0,131483.0,0.0,0.079,0.088,9.545454,0.08928571428571419,2.0,Financial Services,Banks - Regional
OSBC,2026-09-09T14:03:29.002021+00:00,1285374976.0,427898.0,0.227,0.125,0.291,10.585878,0.08846229962398566,,Financial Services,Banks - Regional
OSIS,2026-09-09T14:03:29.626979+00:00,3205770240.0,247772.0,-0.041,0.078,0.047,15.531544,0.3838863195584068,1.42857,Technology,Electronic Components
OSPN,2026-09-09T14:03:30.194598+00:00,592951424.0,403424.0,0.01,-0.143,-0.187,12.338957,0.11870727159726546,,Technology,Software - Infrastructure
OSS,2026-09-09T14:03:30.778633+00:00,243215584.0,1072241.0,0.623,,,88.63637,0.9487179487179487,,Technology,Computer Hardware
OSW,2026-09-09T14:03:31.364218+00:00,2217746944.0,966530.0,0.085,0.197,0.164,16.937984,0.4279176201372996,1.0,Consumer Cyclical,Leisure
OTEX,2026-09-09T14:03:31.993761+00:00,5547261952.0,1783016.0,0.029,4.761,4.399,5.364598,0.2228587051618549,,Technology,Software - Application
OTTR,2026-09-09T14:03:32.681057+00:00,3757289472.0,247396.0,0.004,,,16.800364,0.011286177226505822,,Industrials,Conglomerates
OUST,2026-09-09T14:03:33.188596+00:00,2715036672.0,3774993.0,0.559,,,-301.2008,0.5776850526293422,1.33333,Technology,Electronic Components
OXLC,2026-09-09T14:03:33.839566+00:00,943050944.0,973672.0,-0.102,,,2.1377778,0.2993762993762994,,Financial Services,Asset Management
OZK,2026-09-09T14:03:34.565479+00:00,5329256960.0,1175814.0,-0.021,-0.057,-0.085,8.11,0.11849048805738693,2.9,Financial Services,Banks - Regional
PAGP,2026-09-09T14:03:34.978600+00:00,6589252608.0,1510338.0,0.663,12.098,11.967,13.858941,-0.1071428571428572,2.46154,Energy,Oil & Gas Midstream
PAHC,2026-09-09T14:03:35.600837+00:00,1494342016.0,249179.0,0.048,0.246,0.26,9.558648,0.19548974324140733,3.0,Healthcare,Drug Manufacturers - Specialty & Generic
PAL,2026-09-09T14:03:36.201673+00:00,142649120.0,486938.0,-0.053,,,8.960353,1.359882005899705,,Industrials,Integrated Freight & Logistics
PANL,2026-09-09T14:03:36.800593+00:00,533938592.0,444714.0,0.194,,,7.4136357,0.33047210300429186,,Industrials,Marine Shipping
PANW,2026-09-09T14:03:37.454818+00:00,273440653312.0,6681083.0,0.344,,,68.77122,0.16544961402044644,1.65455,Technology,Software - Infrastructure
PATK,2026-09-09T14:03:38.023635+00:00,2571548928.0,615488.0,-0.006,0.333,0.339,14.990639,0.34890401548741656,1.81818,Consumer Cyclical,Recreational Vehicles
PAX,2026-09-09T14:03:38.569596+00:00,1725300096.0,1003419.0,0.349,-0.187,-0.183,7.0501485,0.45663517305893353,2.28571,Financial Services,Asset Management
PAYO,2026-09-09T14:03:39.207439+00:00,2417700864.0,6009680.0,0.052,,,15.500761,0.03714085494043462,,Technology,Software - Infrastructure
PAYS,2026-09-09T14:03:39.801506+00:00,721021760.0,668575.0,0.481,4.5,3.869,21.107439,0.025841816758026548,,Technology,Software - Infrastructure
PAYX,2026-09-09T14:03:40.414020+00:00,41226809344.0,3087841.0,0.125,0.434,0.415,18.127064,0.003925931682381867,3.21053,Technology,Software - Application
PBAM,2026-09-09T14:03:45.547776+00:00,510102240.0,20090.0,0.137,0.282,0.255,10.266782,0.06633741160624074,,Financial Services,Banks - Regional
PBYI,2026-09-09T14:03:46.086946+00:00,486260992.0,335441.0,0.078,0.358,0.399,26.914286,,,Healthcare,Biotechnology
PCAR,2026-09-09T14:03:46.663096+00:00,63958605824.0,3233490.0,0.005,0.042,0.039,16.903412,0.1806984610320137,2.38889,Industrials,Farm & Heavy Construction Machinery
PCRX,2026-09-09T14:03:47.348087+00:00,1007309952.0,565051.0,0.062,,,7.3245525,0.187178472497032,,Healthcare,Drug Manufacturers - Specialty & Generic
PCT,2026-09-09T14:03:47.889757+00:00,1329989888.0,4964806.0,1.735,,,-9.457143,0.6012084592145015,,Industrials,Pollution & Treatment Controls
PCTY,2026-09-09T14:03:48.451827+00:00,7889101824.0,758646.0,0.11,0.276,0.241,14.710954,0.20710225278966932,1.45,Technology,Software - Application
PCVX,2026-09-09T14:03:49.093641+00:00,8959565824.0,1295680.0,,,,-8.34264,0.8103305098820794,1.27273,Healthcare,Biotechnology
PDEX,2026-09-09T14:03:49.737362+00:00,205253616.0,85158.0,0.166,1.434,1.387,31.104368,0.09246976199765888,,Healthcare,Medical Instruments & Supplies
PDFS,2026-09-09T14:03:50.274623+00:00,2033029376.0,644843.0,0.189,2.416,2.727,29.567102,0.2808530480839131,1.33333,Technology,Software - Application
PDYN,2026-09-09T14:03:50.881821+00:00,289592416.0,1407714.0,4.698,,,-8.040411,0.8315018315018314,,Technology,Software - Infrastructure
PEBO,2026-09-09T14:03:51.486541+00:00,1417564928.0,293267.0,0.108,0.322,0.318,10.161203,0.09026369168356996,,Financial Services,Banks - Regional
PECO,2026-09-09T14:03:52.087315+00:00,5507023360.0,963004.0,0.067,2.192,2.216,57.41572,0.17161988616516344,2.0,Real Estate,REIT - Retail
PEGA,2026-09-09T14:03:52.664846+00:00,5767325696.0,2688758.0,0.094,-0.529,-0.557,13.269533,0.23645952109464097,2.0,Technology,Software - Application
PENG,2026-09-09T14:03:53.263111+00:00,2695365888.0,3069703.0,0.476,,15.794,15.729006,0.4122758555133079,,Technology,Information Technology Services
PENN,2026-09-09T14:03:54.485724+00:00,2278467328.0,3073270.0,0.052,,,14.20155,0.43752150854449035,,Consumer Cyclical,Resorts & Casinos
PEP,2026-09-09T14:03:54.761991+00:00,188630941696.0,8355650.0,0.064,1.37,1.36,15.385403,0.1224563690346876,2.66667,Consumer Defensive,Beverages - Non-Alcoholic
PEPG,2026-09-09T14:03:55.302104+00:00,240017184.0,938679.0,,,,-3.3472562,1.935878962536023,,Healthcare,Biotechnology
PERI,2026-09-09T14:05:36.092269+00:00,,,,,,,,,,
PESI,2026-09-09T14:05:36.707178+00:00,402936512.0,450841.0,-0.117,,,210.99998,0.5797788309636651,,Industrials,Waste Management
PFG,2026-09-09T14:05:37.271634+00:00,24384376832.0,1423096.0,0.064,0.028,-0.007,10.990442,-0.034155764334006466,3.0,Financial Services,Asset Management
PFIS,2026-09-09T14:05:37.954586+00:00,707632896.0,65004.0,0.007,-0.12,-0.127,9.572105,0.039751025604753076,,Financial Services,Banks - Regional
PGC,2026-09-09T14:05:38.514055+00:00,809812864.0,193798.0,0.234,0.912,1.011,9.501821,0.22591943957968486,,Financial Services,Banks - Regional
PGEN,2026-09-09T14:05:39.153076+00:00,2443590400.0,5132145.0,63.227,,,-31.022726,1.1245421245421245,,Healthcare,Biotechnology
PGNY,2026-09-09T14:05:39.716145+00:00,2060114560.0,1204182.0,0.053,0.789,0.639,11.574423,0.2818126629422719,1.41667,Healthcare,Healthcare Plans
PGY,2026-09-09T14:05:40.319015+00:00,1822854656.0,3128990.0,0.186,1.433,1.718,5.2702036,0.32307048054919885,1.18182,Technology,Software - Infrastructure
PHAT,2026-09-09T14:05:40.913682+00:00,734580480.0,1267843.0,0.88,,,8.440231,1.3678414096916298,1.36364,Healthcare,Biotechnology
PHVS,2026-09-09T14:05:41.819682+00:00,2649518080.0,604711.0,,,,-11.978822,0.48815029146793854,1.38462,Healthcare,Biotechnology
PI,2026-09-09T14:05:42.150343+00:00,5281024512.0,403979.0,0.107,0.0,0.058,61.656128,0.04656844480444344,1.66667,Technology,Semiconductors
PICS,2026-09-09T14:05:42.696881+00:00,2279213312.0,434200.0,0.67,,1.596,3.2340105,0.8453914691943125,1.22222,Technology,Software - Infrastructure
PKOH,2026-09-09T14:05:43.344439+00:00,679509056.0,92466.0,0.1,0.302,0.315,12.743206,0.15150868962575958,,Industrials,Specialty Industrial Machinery
PLAB,2026-09-09T14:05:48.626296+00:00,1729405184.0,1344156.0,0.027,0.256,0.263,14.123573,0.4092509376065461,1.0,Technology,Semiconductor Equipment & Materials
PLAY,2026-09-09T14:05:49.121409+00:00,301478848.0,1700358.0,-0.015,-0.742,-0.737,-15.791105,0.9616893607200554,,Communication Services,Entertainment
PLBC,2026-09-09T14:05:49.738723+00:00,430815296.0,62872.0,0.431,0.343,0.576,10.552409,0.07149101482049836,,Financial Services,Banks - Regional
PLMR,2026-09-09T14:05:50.346544+00:00,3475982592.0,271490.0,0.547,0.155,0.13,11.5390835,0.24412253145253526,,Financial Services,Insurance - Property & Casualty
PLPC,2026-09-09T14:05:50.929514+00:00,2034481792.0,97756.0,0.254,0.754,0.693,,0.1534025374855823,,Industrials,Electrical Equipment & Parts
PLSE,2026-09-09T14:05:51.593802+00:00,3526546432.0,426258.0,,,,-42.809525,-0.08484174335119832,,Healthcare,Medical Instruments & Supplies
PLTR,2026-09-09T14:05:52.125700+00:00,407534665728.0,40822616.0,0.928,2.154,2.25,72.911514,0.14321469426263334,1.8125,Technology,Software - Infrastructure
PLUS,2026-09-09T14:05:52.819100+00:00,2317363968.0,245638.0,0.01,-0.28,-0.289,14.915282,0.24971149678283733,1.0,Technology,Software - Application
PLXS,2026-09-09T14:05:53.367605+00:00,6607588352.0,299462.0,0.281,-0.037,-0.047,24.624554,0.23326072926750574,1.8,Technology,Electronic Components
PMTS,2026-09-09T14:05:53.956429+00:00,332544480.0,71093.0,0.15,3.25,2.938,8.26361,0.1269070735090152,,Financial Services,Credit Services
PNRG,2026-09-09T14:05:54.525165+00:00,343076032.0,82056.0,-0.039,1.068,1.023,35.07767,-0.23424670172525142,,Energy,Oil & Gas E&P
PNTG,2026-09-09T14:05:55.105979+00:00,1343022848.0,286254.0,0.358,0.25,0.282,24.225967,0.21369752925877772,,Healthcare,Medical Care Facilities
PODD,2026-09-09T14:05:55.769507+00:00,9753974784.0,1622791.0,0.235,3.286,3.222,18.239212,0.2223342576791809,,Healthcare,Medical Devices
POET,2026-09-09T14:05:56.371211+00:00,1432920832.0,14297367.0,1.123,,,-48.70588,0.781400966183575,0.0,Technology,Semiconductors
POOL,2026-09-09T14:05:56.938313+00:00,6444850176.0,883143.0,0.022,0.0,-0.032,15.006664,0.23770052722095358,2.4,Industrials,Industrial Distribution
POWI,2026-09-09T14:05:57.577254+00:00,2853449216.0,828093.0,0.027,7.5,6.183,27.264671,0.5175249657333072,2.0,Technology,Semiconductors
POWL,2026-09-09T14:05:58.205549+00:00,6631819776.0,742032.0,0.089,0.076,0.081,26.042084,0.5382079876943362,2.25,Industrials,Electrical Equipment & Parts
PPC,2026-09-09T14:05:58.772172+00:00,7155161088.0,1598851.0,-0.028,-0.962,-0.962,10.397923,0.11956272878535756,,Consumer Defensive,Packaged Foods
PPIH,2026-09-09T14:05:59.381025+00:00,245396544.0,108845.0,0.075,-0.639,-0.636,,0.0596026490066226,,Industrials,Building Products & Equipment
PPLI,2026-09-09T14:05:59.940497+00:00,2833352448.0,941769.0,-0.015,1.603,1.397,13.911028,0.5213900131406046,,Communication Services,Internet Content & Information
PPTA,2026-09-09T14:06:00.566411+00:00,3126144000.0,1393656.0,,,,-249.9,0.4765906362545018,1.375,Basic Materials,Other Precious Metals & Mining
PRAA,2026-09-09T14:06:01.106029+00:00,708912000.0,550482.0,0.294,0.401,0.367,7.242308,0.3807753584705258,,Financial Services,Credit Services
PRAX,2026-09-09T14:06:01.795615+00:00,10030115840.0,449512.0,,,,-38.654263,0.7778513270887557,,Healthcare,Biotechnology
PRCH,2026-09-09T14:06:02.310395+00:00,1900322048.0,1797698.0,0.117,1.553,1.173,45.24324,0.22461170848267642,1.28571,Financial Services,Insurance - Property & Casualty
PRCT,2026-09-09T14:06:02.964929+00:00,1193303552.0,1602285.0,0.193,,,-18.182842,0.03202289530169322,2.57143,Healthcare,Medical Devices
PRDO,2026-09-09T14:06:03.674756+00:00,2066857600.0,707956.0,0.018,0.21,0.169,10.008788,0.33216264494837855,,Consumer Defensive,Education & Training Services
PRE,2026-09-09T14:06:04.142344+00:00,418309344.0,227180.0,2.107,,,-9.319627,0.41061652627356615,1.0,Consumer Defensive,Packaged Foods
PRGS,2026-09-09T14:06:04.764778+00:00,1714751232.0,670856.0,0.068,0.282,0.237,6.7115607,0.3346089452284142,,Technology,Software - Infrastructure
PRLD,2026-09-09T14:06:05.412127+00:00,419766368.0,495912.0,,,,-7.013334,0.5209125475285172,,Healthcare,Biotechnology
PRME,2026-09-09T14:06:05.975159+00:00,639353472.0,3241672.0,0.035,,,-3.9932935,1.0180539007092198,1.5,Healthcare,Biotechnology
PRPO,2026-09-09T14:06:06.583186+00:00,47762216.0,108969.0,0.242,,,68.41026,,,Healthcare,Diagnostics & Research
PRTA,2026-09-09T14:06:07.139820+00:00,483337632.0,511212.0,-0.771,,,-6.194079,1.2729686670207117,,Healthcare,Biotechnology
PRTH,2026-09-09T14:06:07.753038+00:00,449300000.0,487827.0,0.094,-0.129,-0.093,4.3168316,0.6697247706422018,1.8,Technology,Software - Infrastructure
PRVA,2026-09-09T14:06:08.321837+00:00,2581508352.0,1220961.0,0.214,2.5,2.367,19.005077,0.5668812469074715,1.36842,Healthcare,Health Information Services
PSIX,2026-09-09T14:06:08.925309+00:00,1003808384.0,437825.0,-0.205,-0.671,-0.671,13.349693,0.6036305147058825,,Industrials,Specialty Industrial Machinery
PSKY,2026-09-09T14:06:09.622056+00:00,11920673792.0,10481808.0,0.009,-0.541,-0.281,12.488247,-0.08773082352941175,,Communication Services,Entertainment
PSMT,2026-09-09T14:06:10.139991+00:00,5309090304.0,284053.0,0.125,0.123,0.129,26.817616,-0.03508007091580201,,Consumer Defensive,Discount Stores
PSNL,2026-09-09T14:06:10.730750+00:00,1779285888.0,4118570.0,0.3,,,-17.696484,-0.07337935174069632,,Healthcare,Diagnostics & Research
PSNY,2026-09-09T14:06:11.315972+00:00,1363525120.0,178366.0,-0.044,,,-1.3900007,1.108433734939759,4.0,Consumer Cyclical,Auto Manufacturers
PSNYW,2026-09-09T14:06:12.403055+00:00,716277760.0,267737.0,-0.044,,,,,,Consumer Cyclical,Auto Manufacturers
PSQL,2026-09-09T14:06:12.585335+00:00,1687734784.0,438775.0,,,,,,,Technology,Computer Hardware
PTC,2026-09-09T14:06:13.319342+00:00,14444353536.0,1706053.0,-0.068,-0.12,-0.16,14.941807,0.30220853365384603,1.95,Technology,Software - Application
PTCT,2026-09-09T14:06:13.782561+00:00,5735426048.0,1636345.0,1.015,,,27.488,0.4447862339930151,1.85714,Healthcare,Biotechnology
PTEN,2026-09-09T14:06:14.386850+00:00,4996142080.0,9104390.0,0.007,,,39.411533,0.07415496183206116,2.06667,Energy,Oil & Gas Drilling
PTGX,2026-09-09T14:06:15.024942+00:00,9761891328.0,667600.0,37.492,,,-757.5195,0.15797626938883713,1.23077,Healthcare,Biotechnology
PTLO,2026-09-09T14:06:15.603291+00:00,306391424.0,1266140.0,0.056,-0.25,-0.202,18.190037,0.47337278106508873,,Consumer Cyclical,Restaurants
PTON,2026-09-09T14:06:16.206242+00:00,2214108416.0,8471130.0,0.001,1.606,1.852,21.934782,0.5659068384539148,2.25,Consumer Cyclical,Leisure
PTRN,2026-09-09T14:06:16.767948+00:00,3917323776.0,2056637.0,0.466,-0.167,0.156,25.02703,0.4294790343074968,,Consumer Cyclical,Internet Retail
PUBM,2026-09-09T14:06:17.402098+00:00,735177920.0,627777.0,0.105,,,19.876846,0.2577447335811649,,Technology,Software - Application
PURR,2026-09-09T14:06:17.956819+00:00,2378008064.0,15857222.0,,,,40.745766,0.6528011647254575,1.33333,Financial Services,Capital Markets
PUSA,2026-09-09T14:06:18.572271+00:00,104271656.0,586500.0,0.176,,,,0.9379844961240309,1.0,Consumer Cyclical,Leisure
PVLA,2026-09-09T14:06:19.198967+00:00,2223937792.0,240253.0,,,,-20.58549,0.4935751862649822,1.0,Healthcare,Biotechnology
PWP,2026-09-09T14:06:19.810764+00:00,1575275392.0,1181338.0,0.008,0.522,0.937,11.066667,0.37472968798270023,,Financial Services,Capital Markets
PYPL,2026-09-09T14:06:20.439205+00:00,45489131520.0,15686112.0,0.048,-0.031,-0.125,9.187476,0.07331339915373758,2.88372,Financial Services,Credit Services
PYXS,2026-09-09T14:06:20.972110+00:00,331964032.0,1257930.0,,,,-3.5290573,0.8146281407035176,1.3,Healthcare,Biotechnology
PZZA,2026-09-09T14:06:21.564476+00:00,721972608.0,1248591.0,-0.088,-0.143,-0.105,16.468044,0.30718969448244415,,Consumer Cyclical,Restaurants
QBTS,2026-09-09T14:06:22.148505+00:00,6523285504.0,20212572.0,-0.006,,,-46.306576,1.0117756208963744,1.17647,Technology,Computer Hardware
QCOM,2026-09-09T14:06:22.770626+00:00,191471206400.0,14536622.0,-0.04,-0.23,-0.249,17.544409,0.08158950186868963,2.55556,Technology,Semiconductors
QCRH,2026-09-09T14:06:23.427335+00:00,1661305984.0,127953.0,0.156,0.281,0.249,11.3377285,0.09610645638245452,,Financial Services,Banks - Regional
QDEL,2026-09-09T14:06:24.124906+00:00,890451840.0,1511972.0,0.028,,,9.004292,0.12950866384289572,,Healthcare,Medical Devices
QLYS,2026-09-09T14:06:24.572467+00:00,5904674304.0,761761.0,0.11,0.161,0.108,20.282612,0.006220236700257731,,Technology,Software - Infrastructure
QMCO,2026-09-09T14:06:25.411421+00:00,994144832.0,1486779.0,0.257,,,30.030596,-0.048589335479292894,,Technology,Computer Hardware
QNST,2026-09-09T14:06:25.786936+00:00,1016423488.0,859282.0,0.427,5.592,4.961,9.521391,0.25807357483852855,1.16667,Communication Services,Advertising Agencies
QQQX,2026-09-09T14:06:26.413942+00:00,1491658240.0,109735.0,,,,,,,Financial Services,Asset Management
QRVO,2026-09-09T14:06:27.132492+00:00,9262389248.0,1185014.0,-0.042,2.556,2.352,13.279132,-0.1411880179064673,2.94737,Technology,Semiconductors
QS,2026-09-09T14:06:27.569852+00:00,3374070784.0,22209867.0,,,,-8.05954,0.21467639015496798,,Consumer Cyclical,Auto Parts
QTTB,2026-09-09T14:06:28.204308+00:00,354554336.0,1141385.0,,,,-11.676471,2.4424853064651555,1.16667,Healthcare,Biotechnology
QUBT,2026-09-09T14:06:28.787936+00:00,1874151936.0,10292006.0,90.0,,,-34.98542,1.2544287439613528,1.66667,Technology,Computer Hardware
QUIK,2026-09-09T14:06:29.370100+00:00,199480192.0,348700.0,0.487,,,103.714294,1.1120293847566574,,Technology,Semiconductors
QURE,2026-09-09T14:06:30.035041+00:00,3213746176.0,1854633.0,0.11,,,-15.144452,0.5092400172674294,1.30769,Healthcare,Biotechnology
RAPP,2026-09-09T14:06:30.588463+00:00,2176774912.0,362550.0,,,,-8.676794,0.36760700903680843,1.07692,Healthcare,Biotechnology
RARE,2026-09-09T14:06:31.238641+00:00,1492635520.0,3087090.0,0.281,,,75.02478,0.7833553500660502,2.0,Healthcare,Biotechnology
RBB,2026-09-09T14:06:31.824159+00:00,445566496.0,185975.0,0.173,0.135,0.086,10.494024,0.08200455580865595,,Financial Services,Banks - Regional
RBCAA,2026-09-09T14:06:32.373662+00:00,1877221248.0,114875.0,0.044,0.04,0.044,13.856522,0.02499738521075212,3.0,Financial Services,Banks - Regional
RCAT,2026-09-09T14:06:32.975675+00:00,1306471424.0,9193583.0,5.272,,,-15.414414,0.9579193454120398,1.375,Industrials,Aerospace & Defense
RCEL,2026-09-09T14:06:33.614240+00:00,321329952.0,465132.0,0.178,,,-24.027895,0.204141385948027,1.0,Healthcare,Medical Devices
RCKT,2026-09-09T14:06:34.208032+00:00,411654752.0,2022429.0,,,,-2.8801842,1.357576,2.35714,Healthcare,Biotechnology
RCMT,2026-09-09T14:06:34.768561+00:00,289706560.0,71182.0,0.2,0.36,0.295,12.478407,0.10451131510480582,,Industrials,Conglomerates
RDIB,2026-09-09T14:06:35.426046+00:00,335493728.0,160977.0,0.108,,,,,,Communication Services,Entertainment
RDNT,2026-09-09T14:06:36.036608+00:00,5541510656.0,822679.0,0.25,-0.491,-0.479,79.41523,0.34381688018621004,1.25,Healthcare,Diagnostics & Research
RDVT,2026-09-09T14:06:36.591152+00:00,1195499648.0,226140.0,0.227,0.889,0.847,42.57143,0.10961973154362403,1.33333,Technology,Software - Application
RDWR,2026-09-09T14:06:37.197753+00:00,1185253376.0,242106.0,0.109,-0.551,-0.594,20.658976,0.08290431386472585,,Technology,Software - Infrastructure
REAL,2026-09-09T14:06:37.774170+00:00,1177776384.0,3200154.0,0.166,,,33.09402,0.859504132231405,,Consumer Cyclical,Luxury Goods
REAX,2026-09-09T14:06:38.372629+00:00,445804736.0,622598.0,0.296,,,-511.375,,,Real Estate,Real Estate Services
REG,2026-09-09T14:06:38.982523+00:00,14233167872.0,1359137.0,0.089,0.089,0.092,30.244162,0.1435118875607515,2.1,Real Estate,REIT - Retail
REGN,2026-09-09T14:06:39.574470+00:00,82784567296.0,829630.0,0.167,-0.045,-0.068,13.336811,0.05072598046226462,1.89286,Healthcare,Biotechnology
RELL,2026-09-09T14:06:40.167016+00:00,262056144.0,238562.0,0.276,2.383,2.444,23.824324,0.16279069767441867,,Technology,Electronic Components
RELY,2026-09-09T14:06:40.820327+00:00,5241296896.0,3580577.0,0.202,30.0,30.504,15.33013,0.30586954765751195,,Technology,Software - Infrastructure
REPL,2026-09-09T14:06:41.364297+00:00,1385028608.0,4505204.0,,,,-7.212671,0.3265306122448981,1.75,Healthcare,Biotechnology
REYN,2026-09-09T14:06:42.065251+00:00,4584703488.0,1318601.0,0.006,0.21,0.219,12.725401,0.2479475862068965,2.42857,Consumer Cyclical,Packaging & Containers
RGEN,2026-09-09T14:06:42.667152+00:00,9402174464.0,1120258.0,0.119,-0.659,-0.663,62.869587,0.13731212484994004,1.5,Healthcare,Medical Instruments & Supplies
RGLD,2026-09-09T14:06:43.235255+00:00,22371119104.0,736946.0,1.155,0.383,0.786,20.44648,0.14631264794440102,,Basic Materials,Gold
RGNX,2026-09-09T14:06:43.948775+00:00,583556608.0,1951179.0,4.057,,,-2.9436054,1.6840803167420817,1.63636,Healthcare,Biotechnology
RGTI,2026-09-09T14:06:44.426070+00:00,5296909824.0,23253577.0,1.853,,,-77.414635,0.8155324511657216,,Technology,Computer Hardware
RIGL,2026-09-09T14:06:44.994032+00:00,887853888.0,345183.0,-0.226,-0.732,-0.71,9.623094,0.3254786450662739,,Healthcare,Biotechnology
RILY,2026-09-09T14:06:45.627825+00:00,280795296.0,685711.0,0.104,-0.9,-0.853,,,,Financial Services,Financial Conglomerates
RIOT,2026-09-09T14:06:46.207795+00:00,8229428736.0,18484043.0,0.139,,,-23.452288,0.47587611022546117,1.42857,Financial Services,Capital Markets
RIVN,2026-09-09T14:06:46.820456+00:00,23462580224.0,29658695.0,0.272,,,-9.075279,0.18671829682196872,2.56,Consumer Cyclical,Auto Manufacturers
RKLB,2026-09-09T14:06:47.396091+00:00,42130792448.0,21909116.0,0.62,,,1446.2247,0.6853906993764054,1.57895,Industrials,Aerospace & Defense
RLAY,2026-09-09T14:06:48.039618+00:00,4187796736.0,3080619.0,-0.483,,,-11.6732235,0.41689795918367367,1.21429,Healthcare,Biotechnology
RLMD,2026-09-09T14:06:48.592417+00:00,450680096.0,1719614.0,,,,-7.5446424,1.9349112426035506,1.2,Healthcare,Biotechnology
RMBS,2026-09-09T14:06:49.227722+00:00,9663386624.0,2840230.0,0.204,0.151,0.167,23.942225,0.6595448678377012,1.5,Technology,Semiconductors
RMNI,2026-09-09T14:06:49.812040+00:00,435505728.0,460585.0,0.067,-0.919,-0.921,9.71875,0.5005359056806002,,Technology,Software - Application
RNA,2026-09-09T14:06:50.483782+00:00,183885680.0,207112.0,-0.219,,,-1.3337468,1.3255813953488373,,Healthcare,Biotechnology
RNW,2026-09-09T14:06:50.970504+00:00,2504535040.0,2161332.0,0.143,0.183,0.16,9.692279,0.11971609898107705,2.0,Utilities,Utilities - Renewable
ROAD,2026-09-09T14:06:51.569343+00:00,5699393024.0,907100.0,0.282,0.342,0.352,25.848133,0.4197513443537142,1.33333,Industrials,Engineering & Construction
ROCK,2026-09-09T14:06:52.200920+00:00,1378389504.0,326485.0,0.646,-0.686,-0.685,9.661123,0.6193242952442437,,Industrials,Building Products & Equipment
ROIV,2026-09-09T14:06:52.816675+00:00,30203213824.0,6597504.0,-0.335,,,-24.342733,0.09032644568804704,1.33333,Healthcare,Biotechnology
ROKU,2026-09-09T14:06:53.423546+00:00,22702821376.0,4336816.0,0.219,14.429,14.635,38.967625,0.06185975011447642,,Communication Services,Entertainment
ROOT,2026-09-09T14:06:53.997947+00:00,809678912.0,251617.0,0.016,0.155,0.153,18.531952,0.1519304402402597,2.83333,Financial Services,Insurance - Property & Casualty
ROP,2026-09-09T14:06:54.593505+00:00,38626119680.0,945753.0,0.085,2.33,2.089,16.077198,0.13991948358472417,2.4,Technology,Software - Application
ROST,2026-09-09T14:06:55.214544+00:00,72838160384.0,2768725.0,0.133,0.705,0.676,25.392036,0.1888420936736177,1.75,Consumer Cyclical,Apparel Retail
RPD,2026-09-09T14:06:55.803502+00:00,715120768.0,2411645.0,-0.015,-0.304,-0.272,5.226601,0.1036757775683319,3.12,Technology,Software - Infrastructure
RPRX,2026-09-09T14:06:56.429531+00:00,34329204736.0,3082335.0,0.165,-0.463,-0.444,10.360932,0.09619592661168164,1.5,Healthcare,Biotechnology
RRBI,2026-09-09T14:06:57.088145+00:00,673257728.0,83635.0,0.095,0.179,0.154,13.297138,0.05618307173243364,,Financial Services,Banks - Regional
RRGB,2026-09-09T14:06:57.580639+00:00,157279216.0,336493.0,-0.021,-0.905,-0.903,29.714285,0.36217908653846154,,Consumer Cyclical,Restaurants
RRR,2026-09-09T14:06:58.288559+00:00,5629722624.0,766825.0,-0.03,-0.293,-0.306,14.093318,0.32950887681159413,1.38889,Consumer Cyclical,Resorts & Casinos
RUM,2026-09-09T14:06:58.790674+00:00,3888143616.0,3487087.0,0.609,,,-25.296774,1.8054067839836776,,Communication Services,Internet Content & Information
RUN,2026-09-09T14:06:59.428972+00:00,2168770816.0,9864935.0,0.528,-0.607,-0.588,8.95882,0.7569905956112852,2.0,Technology,Solar
RUSHA,2026-09-09T14:06:59.984639+00:00,5723292160.0,734694.0,-0.016,0.011,0.004,16.030315,0.2169418723230674,1.5,Consumer Cyclical,Auto & Truck Dealerships
RUSHB,2026-09-09T14:07:00.629840+00:00,5864536064.0,132520.0,-0.016,0.011,0.004,,,,Consumer Cyclical,Auto & Truck Dealerships
RVMD,2026-09-09T14:07:01.231031+00:00,45369663488.0,2296161.0,,,,-36.1837,0.1832408172906579,1.28571,Healthcare,Biotechnology
RWAY,2026-09-09T14:07:01.890217+00:00,274928960.0,600383.0,0.053,0.428,0.619,4.8946457,0.22495579268292687,2.375,Financial Services,Asset Management
RXRX,2026-09-09T14:07:02.397509+00:00,1817959040.0,19249011.0,-0.601,,,-3.7888103,1.1288112094395277,,Healthcare,Biotechnology
RXST,2026-09-09T14:07:02.974813+00:00,271396000.0,1121935.0,0.003,,,-9.362087,0.19348659003831403,,Healthcare,Medical Devices
RYTM,2026-09-09T14:07:03.821118+00:00,6985043456.0,761719.0,0.469,,,-165.1554,0.3818383440118285,1.52941,Healthcare,Biotechnology
RZLT,2026-09-09T14:07:04.257114+00:00,413575552.0,1627429.0,,,,-6.858283,0.7850221187427242,,Healthcare,Biotechnology
SAFT,2026-09-09T14:07:04.862918+00:00,1517888384.0,216359.0,0.03,0.21,0.193,16.5432,,,Financial Services,Insurance - Property & Casualty
SAIA,2026-09-09T14:07:05.475596+00:00,9452528640.0,452806.0,0.171,0.315,0.32,25.111265,0.21778451405893762,2.0,Industrials,Trucking
SAIC,2026-09-09T14:07:06.004863+00:00,5307802112.0,513858.0,0.063,-0.122,-0.197,11.031098,0.055373564352527715,2.81818,Technology,Information Technology Services
SAIL,2026-09-09T14:07:06.651591+00:00,9942718464.0,4002270.0,0.216,,,43.841442,0.14432401597261824,1.8,Technology,Software - Infrastructure
SANA,2026-09-09T14:07:07.226286+00:00,1041775040.0,2909388.0,,,,-6.269028,1.4220028735632186,,Healthcare,Biotechnology
SANM,2026-09-09T14:07:07.897238+00:00,10918853632.0,1014330.0,0.697,0.683,0.707,14.637844,0.2762615354408011,,Technology,Electronic Components
SATL,2026-09-09T14:07:08.432770+00:00,776401856.0,6211259.0,2.585,,,-168.33667,1.0197619849111899,1.0,Industrials,Aerospace & Defense
SBAC,2026-09-09T14:07:08.980273+00:00,19849615360.0,999670.0,0.023,-0.105,-0.12,22.86098,0.21001576654819498,2.14286,Real Estate,REIT - Specialty
SBCF,2026-09-09T14:07:09.597263+00:00,3302625792.0,1015596.0,0.383,0.097,0.395,12.305195,0.0859475227206099,,Financial Services,Banks - Regional
SBET,2026-09-09T14:07:10.212060+00:00,1895276032.0,9382856.0,15.539,,,72.708336,0.7568561604584527,,Financial Services,Capital Markets
SBGI,2026-09-09T14:07:10.807920+00:00,981451968.0,530269.0,0.071,,,-6.9211197,0.2920169117647058,,Communication Services,Broadcasting
SBLK,2026-09-09T14:07:11.418806+00:00,3439478528.0,1393464.0,0.445,3881.94,3715.641,8.652779,0.0512987012987014,,Industrials,Marine Shipping
SBRA,2026-09-09T14:07:12.050604+00:00,5316179968.0,2929541.0,0.253,,,25.691357,0.09494041326285463,2.3125,Real Estate,REIT - Healthcare Facilities
SBUX,2026-09-09T14:07:12.698217+00:00,114900598784.0,7033417.0,-0.014,0.857,0.872,32.290825,0.11346175215795196,2.33333,Consumer Cyclical,Restaurants
SCHL,2026-09-09T14:07:13.213864+00:00,681316224.0,349432.0,-0.063,-0.235,-0.39,14.864197,0.16279069767441867,3.0,Communication Services,Publishing
SCSC,2026-09-09T14:07:13.791311+00:00,1162156544.0,252612.0,0.173,0.413,0.275,10.044354,0.05806225953130473,,Technology,Electronics & Computer Distribution
SCZM,2026-09-09T14:07:14.397131+00:00,949430848.0,490612.0,0.548,-0.909,-0.904,,-0.020568070519099035,,Basic Materials,Other Industrial Metals & Mining
SDGR,2026-09-09T14:07:15.211950+00:00,1462450048.0,1171172.0,0.075,,,-14.481481,0.09609053708439896,1.57143,Healthcare,Health Information Services
SDOT,2026-09-09T14:07:15.945054+00:00,18665444.0,3072956.0,,6.301,102.021,5.3458333,,,Consumer Defensive,Farm Products
SEDG,2026-09-09T14:07:16.218041+00:00,2246305024.0,2939204.0,0.196,,,37.648098,0.053136127088469154,3.03846,Technology,Solar
SEIC,2026-09-09T14:07:18.906799+00:00,12851053568.0,698691.0,0.147,-0.107,-0.138,15.480738,0.08201858510389903,2.125,Financial Services,Asset Management
SENEA,2026-09-09T14:07:19.109886+00:00,1293157248.0,123725.0,0.362,0.331,0.311,,0.05759162303664911,,Consumer Defensive,Packaged Foods
SENS,2026-09-09T14:07:19.784490+00:00,494901120.0,736845.0,1.178,,,-4.808211,0.43162393162393164,,Healthcare,Medical Devices
SEPN,2026-09-09T14:07:20.488074+00:00,1800329856.0,442551.0,223.756,,,-19.871405,0.40581332641949697,,Healthcare,Biotechnology
SERV,2026-09-09T14:07:20.908941+00:00,413586112.0,4303111.0,4.044,,,-2.7178917,1.646806012704669,,Industrials,Integrated Freight & Logistics
SEZL,2026-09-09T14:07:21.656006+00:00,3950079488.0,683196.0,0.517,0.5,0.477,17.647936,0.4322250639386189,,Financial Services,Credit Services
SFD,2026-09-09T14:07:22.086451+00:00,8107671552.0,1397319.0,-0.023,0.255,0.266,8.406518,0.45297085964060213,1.5,Consumer Defensive,Packaged Foods
SFM,2026-09-09T14:07:22.809228+00:00,7049987072.0,1990914.0,0.047,0.015,-0.034,12.68085,0.2565306527346074,2.1875,Consumer Defensive,Grocery Stores
SFNC,2026-09-09T14:07:23.303719+00:00,3326707456.0,1446327.0,0.143,0.07,0.218,10.111259,0.12014378801042591,2.42857,Financial Services,Banks - Regional
SFST,2026-09-09T14:07:23.885029+00:00,587485632.0,126220.0,0.248,0.481,0.701,10.044535,0.1043933897621927,,Financial Services,Banks - Regional
SGML,2026-09-09T14:07:24.492641+00:00,1252885376.0,1835982.0,2.239,,,6.4584265,0.7744833782569631,,Basic Materials,Other Industrial Metals & Mining
SGMT,2026-09-09T14:07:25.117628+00:00,681258816.0,1261524.0,,,,-7.952921,1.6094890510948905,1.3,Healthcare,Biotechnology
SGP,2026-09-09T14:07:26.009750+00:00,944905408.0,118761.0,,,,-10.398913,0.5575221238938053,,Healthcare,Biotechnology
SGRY,2026-09-09T14:07:26.317473+00:00,1785725056.0,1872766.0,0.027,,,21.745024,0.372967008797654,1.58333,Healthcare,Medical Care Facilities
SHAZ,2026-09-09T14:07:26.914461+00:00,2087974400.0,1953200.0,4.123,,,-7.6733685,0.9505260847497154,1.0,Technology,Information Technology Services
SHBI,2026-09-09T14:07:27.484614+00:00,771233344.0,215356.0,0.106,0.217,0.217,10.180617,0.11423626135871912,,Financial Services,Banks - Regional
SHC,2026-09-09T14:07:28.110870+00:00,5228065792.0,2735985.0,0.092,5.695,5.737,17.04392,0.24029585152838417,1.7,Healthcare,Diagnostics & Research
SHEN,2026-09-09T14:07:28.693076+00:00,652749568.0,474546.0,0.055,,,-11.673267,1.3324851569126381,,Communication Services,Telecom Services
SHIP,2026-09-09T14:07:29.277573+00:00,393277792.0,271937.0,0.486,7.838,8.169,7.1456695,0.28099173553719026,,Industrials,Marine Shipping
SHLS,2026-09-09T14:07:29.912337+00:00,1228589696.0,5507795.0,0.474,-0.125,-0.124,13.243833,0.5501082191780822,2.0,Technology,Solar
SHMD,2026-09-09T14:07:30.511448+00:00,227558224.0,738929.0,-0.375,,,13.996255,,0.0,Industrials,Specialty Industrial Machinery
SHOE,2026-09-09T14:07:31.225993+00:00,364099040.0,707916.0,-0.025,,,7.2748775,0.4168530947054436,2.33333,Consumer Cyclical,Apparel Retail
SHOO,2026-09-09T14:07:31.684470+00:00,3219426304.0,1055856.0,0.191,,,15.8387,0.1910444368678259,1.9,Consumer Cyclical,Footwear & Accessories
SHOP,2026-09-09T14:07:32.433666+00:00,169499639808.0,9009950.0,0.337,0.681,0.658,53.104034,0.31158436686571744,1.69811,Technology,Software - Application
SIBN,2026-09-09T14:07:32.996650+00:00,834970048.0,561295.0,0.152,,,-56.312904,0.3419216317767042,,Healthcare,Medical Devices
SIGA,2026-09-09T14:07:33.517287+00:00,229200592.0,719501.0,-0.495,-0.653,-0.649,2.9537036,,,Healthcare,Drug Manufacturers - Specialty & Generic
SIGI,2026-09-09T14:07:34.086910+00:00,5350498304.0,515904.0,0.045,0.551,0.505,10.235898,0.14514740592295716,,Financial Services,Insurance - Property & Casualty
SILC,2026-09-09T14:07:34.696543+00:00,252550016.0,187611.0,0.585,,,183.08333,0.3654984069185254,2.0,Technology,Communication Equipment
SION,2026-09-09T14:07:35.290589+00:00,339078976.0,1905830.0,,,,-2.9813418,1.0195299600532626,,Healthcare,Biotechnology
SIRI,2026-09-09T14:07:35.873505+00:00,9685616640.0,4621300.0,0.01,0.237,0.166,8.616012,0.15110214024708557,2.71429,Communication Services,Entertainment
SITM,2026-09-09T14:07:36.520934+00:00,18127583232.0,508590.0,1.265,,,40.546825,0.425725522597703,,Technology,Semiconductors
SKK,2026-09-09T14:07:37.096134+00:00,17624256.0,143609.0,-0.046,,,,,,Industrials,Engineering & Construction
SKWD,2026-09-09T14:07:37.802924+00:00,2464005376.0,558690.0,0.53,0.151,0.263,10.042068,0.27108918918918934,,Financial Services,Insurance - Property & Casualty
SKYW,2026-09-09T14:07:38.309493+00:00,3638602240.0,398353.0,0.065,-0.127,-0.163,7.66771,0.3499092946323765,,Industrials,Airlines
SLAB,2026-09-09T14:07:38.915198+00:00,7334013952.0,370198.0,0.183,,,50.39909,0.013908780709736002,,Technology,Semiconductors
SLDB,2026-09-09T14:07:39.552997+00:00,1064746688.0,1592856.0,,,,-5.6858525,0.8798257804632428,1.30769,Healthcare,Biotechnology
SLDE,2026-09-09T14:07:40.098181+00:00,2836772608.0,1167596.0,0.479,0.893,0.924,6.5734625,0.06238418777022847,,Financial Services,Insurance - Property & Casualty
SLE,2026-09-09T14:07:40.704830+00:00,209960896.0,1295503.0,0.003,,,-1.4501609,1.3651152993348115,1.33333,Communication Services,Internet Content & Information
SLGL,2026-09-09T14:07:41.326005+00:00,226888144.0,50487.0,-0.966,,,-8.99708,1.8379028860028863,,Healthcare,Biotechnology
SLM,2026-09-09T14:07:41.872509+00:00,4932179968.0,2676341.0,0.081,-0.094,-0.179,7.7972913,0.08806746712407088,,Financial Services,Credit Services
SLN,2026-09-09T14:07:42.480169+00:00,870157248.0,1032209.0,,,,-18.300653,1.3571428571428572,1.71429,Healthcare,Biotechnology
SLP,2026-09-09T14:07:43.068954+00:00,372844864.0,420108.0,0.075,,,20.889519,-0.06427990235964187,,Healthcare,Health Information Services
SLRC,2026-09-09T14:07:43.729723+00:00,677017536.0,402130.0,-0.094,-0.659,-0.659,9.3809,0.1986397956470236,2.375,Financial Services,Asset Management
SLS,2026-09-09T14:07:44.258733+00:00,2845031424.0,8269088.0,,,,-140.881,1.306911506874596,,Healthcare,Biotechnology
SMBC,2026-09-09T14:07:44.873480+00:00,804912064.0,106848.0,0.077,0.317,0.285,10.3687935,0.1445508891928864,3.0,Financial Services,Banks - Regional
SMCI,2026-09-09T14:07:45.594595+00:00,26265081856.0,56844872.0,0.932,4.347,5.037,7.506572,0.0603027649193042,,Technology,Computer Hardware
SMMT,2026-09-09T14:07:46.142969+00:00,14052359168.0,5362630.0,,,,-14.70856,0.6165504399659383,1.88235,Healthcare,Biotechnology
SMPL,2026-09-09T14:07:46.793982+00:00,945436480.0,2312238.0,-0.063,,,6.288124,0.3447146866230122,2.4,Consumer Defensive,Packaged Foods
SMTC,2026-09-09T14:07:47.287811+00:00,15620376576.0,3315727.0,0.327,,,28.681664,0.25039999999999996,1.2,Technology,Semiconductors
SMTI,2026-09-09T14:07:47.911165+00:00,322132512.0,247482.0,0.09,,,64.92593,-0.0017113519680548306,3.0,Healthcare,Medical Instruments & Supplies
SNDK,2026-09-09T14:07:48.512293+00:00,263461961728.0,14038430.0,3.716,,,6.797216,0.18101724492461257,1.54167,Technology,Computer Hardware
SNDX,2026-09-09T14:07:49.202095+00:00,1777011968.0,1677588.0,0.918,,,-24.389048,0.8867060301507541,1.16667,Healthcare,Biotechnology
SNEX,2026-09-09T14:07:49.688734+00:00,8316523520.0,1247479.0,0.152,0.852,1.017,14.577167,0.08774474256707765,,Financial Services,Capital Markets
SNPS,2026-09-09T14:07:50.364304+00:00,75098570752.0,1922535.0,0.424,0.893,1.251,22.377748,0.3906611717872819,1.56,Technology,Software - Infrastructure
SOFI,2026-09-09T14:07:50.905722+00:00,22789758976.0,69156091.0,0.426,0.404,0.61,21.460194,0.15278605837347703,2.69231,Financial Services,Credit Services
SOLS,2026-09-09T14:07:51.538271+00:00,10175762432.0,3368462.0,0.111,0.228,0.227,18.949018,0.2527318139244459,1.5,Basic Materials,Specialty Chemicals
SONO,2026-09-09T14:07:52.142592+00:00,1695152640.0,1965185.0,0.088,,,10.980844,0.29972086531751563,,Technology,Consumer Electronics
SOPH,2026-09-09T14:07:52.816614+00:00,687832832.0,435072.0,0.272,,,-16.16,0.20668316831683176,,Healthcare,Health Information Services
SOUN,2026-09-09T14:07:53.437046+00:00,2891081216.0,30436029.0,0.45,,,-44.13424,0.9530999416264707,1.5,Technology,Software - Application
SPAI,2026-09-09T14:07:53.945886+00:00,97538112.0,259427.0,13.362,,,,1.2268622129436326,1.0,Industrials,Aerospace & Defense
SPFI,2026-09-09T14:07:54.482724+00:00,844086080.0,150914.0,0.23,0.116,0.3,10.75105,0.1326860841423949,,Financial Services,Banks - Regional
SPRB,2026-09-09T14:07:55.215505+00:00,169552400.0,76012.0,,,,7.2171407,1.5065683532502754,1.0,Healthcare,Biotechnology
SPRY,2026-09-09T14:07:55.711685+00:00,533027808.0,2006614.0,1.142,,,-5.9775615,3.1978395119311926,1.0,Healthcare,Biotechnology
SPSC,2026-09-09T14:07:56.319926+00:00,2812873728.0,628483.0,0.056,-0.639,-0.652,14.672936,-0.034305368912779244,2.75,Technology,Software - Application
SPT,2026-09-09T14:07:56.877292+00:00,633188608.0,1297950.0,0.108,,,6.7865953,-0.0005320574162678282,,Technology,Software - Application
SRAD,2026-09-09T14:07:57.527181+00:00,3684598016.0,2356053.0,0.189,,,27.455751,0.5061625702811245,1.69565,Technology,Software - Application
SRCE,2026-09-09T14:07:58.084684+00:00,2079465600.0,134638.0,0.16,0.293,0.274,11.674172,0.03840961204400695,,Financial Services,Banks - Regional
SRPT,2026-09-09T14:07:58.780574+00:00,2424140288.0,3416211.0,-0.343,,,8.932395,-0.030027450980392056,2.66667,Healthcare,Biotechnology
SRRK,2026-09-09T14:07:59.310323+00:00,6842506240.0,1323945.0,,,,-24.129995,0.08124944380172638,1.16667,Healthcare,Biotechnology
SRTA,2026-09-09T14:07:59.882282+00:00,464893088.0,1141206.0,0.607,,,,0.8196955280685063,,Healthcare,Medical Care Facilities
SRZN,2026-09-09T14:08:00.507226+00:00,238362160.0,213293.0,4.086,,0.262,-4.8439455,1.2090729783037473,1.0,Healthcare,Biotechnology
SSNC,2026-09-09T14:08:01.076141+00:00,18599927808.0,1850140.0,0.103,0.347,0.299,10.254469,0.17748476629029208,1.8,Technology,Software - Application
SSRM,2026-09-09T14:08:01.754576+00:00,7662912512.0,3189761.0,0.095,0.111,0.08,8.073178,0.1016498137307078,1.4,Basic Materials,Gold
SSYS,2026-09-09T14:08:02.353416+00:00,680113024.0,757846.0,-0.003,,,41.413334,0.5453960077269802,,Technology,Computer Hardware
STAA,2026-09-09T14:08:02.902132+00:00,1202452736.0,878133.0,1.11,,,23.423689,0.16346955796497076,,Healthcare,Medical Instruments & Supplies
STBA,2026-09-09T14:08:03.519190+00:00,1747581440.0,261658.0,0.061,0.229,0.149,12.410903,0.07624518212087583,,Financial Services,Banks - Regional
STEP,2026-09-09T14:08:04.212118+00:00,6479368192.0,1382125.0,0.04,,,14.6786175,0.39705149915330207,1.5,Financial Services,Asset Management
STGW,2026-09-09T14:08:04.720063+00:00,2087820416.0,1389516.0,0.112,,,6.9010105,0.15423185011709606,,Communication Services,Advertising Agencies
STLD,2026-09-09T14:08:05.395043+00:00,34822995968.0,1256512.0,0.334,0.836,0.788,12.709978,0.11629198221929515,,Basic Materials,Steel
STLN,2026-09-09T14:08:05.893320+00:00,625764928.0,1730230.0,0.346,,,,0.46579804560260585,,Healthcare,Medical Care Facilities
STNE,2026-09-09T14:08:06.543665+00:00,2286355712.0,4792895.0,0.016,-0.166,-0.257,4.2262635,0.5395168935955623,2.17647,Technology,Software - Infrastructure
STOK,2026-09-09T14:08:07.096138+00:00,1960307072.0,888409.0,-0.325,,,-8.642663,0.529346280447663,1.14286,Healthcare,Biotechnology
STRA,2026-09-09T14:08:07.738762+00:00,1791483776.0,289359.0,0.049,0.248,0.149,9.550509,0.21895785298128168,,Consumer Defensive,Education & Training Services
STRL,2026-09-09T14:08:08.312027+00:00,15375471616.0,772479.0,0.901,1.165,1.195,19.79249,0.7427460186410162,,Industrials,Engineering & Construction
STRO,2026-09-09T14:08:08.920009+00:00,322735936.0,328388.0,-0.846,,,-3.1330383,1.426570591861899,1.42857,Healthcare,Biotechnology
STRT,2026-09-09T14:08:09.488953+00:00,286511712.0,94687.0,-0.001,-0.524,-0.53,12.505208,0.1384145494932667,3.0,Consumer Cyclical,Auto Parts
STRZ,2026-09-09T14:08:10.093648+00:00,438378816.0,176153.0,-0.037,,,-5.6543345,0.35416679687499997,,Communication Services,Entertainment
STTK,2026-09-09T14:08:10.777259+00:00,650353920.0,1269024.0,,,,-12.35062,1.263375,1.27273,Healthcare,Biotechnology
STX,2026-09-09T14:08:11.289820+00:00,204977307648.0,4803530.0,0.485,1.488,1.652,16.333342,0.24391862007961085,1.44,Technology,Computer Hardware
SUNE,2026-09-09T14:08:11.935896+00:00,20582072.0,2517679.0,-0.375,,,,,,Technology,Solar
SUPN,2026-09-09T14:08:12.574272+00:00,2445382656.0,847188.0,0.324,,,9.426009,0.4688392007611799,,Healthcare,Drug Manufacturers - Specialty & Generic
SUPX,2026-09-09T14:08:13.122694+00:00,330887008.0,305904.0,2.838,,,,,,Technology,Software - Infrastructure
SVC,2026-09-09T14:08:13.671655+00:00,936353600.0,1785075.0,-0.164,,,-6.5135136,0.6856846473029046,,Real Estate,REIT - Hotel & Motel
SVCO,2026-09-09T14:08:14.546593+00:00,233134032.0,444125.0,0.478,,,33.560978,1.2044578488372095,,Technology,Software - Application
SVRA,2026-09-09T14:08:14.908673+00:00,1123660800.0,1767740.0,,,,-17.528845,0.9999085756079722,1.25,Healthcare,Biotechnology
SWBI,2026-09-09T14:08:15.535798+00:00,591435392.0,718774.0,0.323,,,21.983332,0.307808946171342,1.0,Industrials,Aerospace & Defense
SWIM,2026-09-09T14:08:16.076534+00:00,780581824.0,857262.0,0.144,-0.165,-0.202,23.617144,0.2974122079879429,,Industrials,Building Products & Equipment
SWKS,2026-09-09T14:08:16.762564+00:00,11431417856.0,5663875.0,-0.031,-0.686,-0.677,15.308354,-0.1002640515993155,3.0,Technology,Semiconductors
SWVL,2026-09-09T14:08:17.419088+00:00,120551640.0,1436558.0,,,,-0.5916279,,,Industrials,Railroads
SYBT,2026-09-09T14:08:17.914660+00:00,2424440832.0,190345.0,0.198,0.139,0.177,13.735398,0.15581752947206562,,Financial Services,Banks - Regional
SYM,2026-09-09T14:08:18.671254+00:00,26157811712.0,1771182.0,0.217,,,56.000515,0.47925642212450814,,Industrials,Specialty Industrial Machinery
SYNA,2026-09-09T14:08:19.083112+00:00,3762287360.0,945212.0,0.089,,,14.626801,0.3547459071773815,,Technology,Semiconductors
SYRE,2026-09-09T14:08:19.673577+00:00,7828066304.0,1310674.0,,,,-25.19861,0.35252218968236093,1.125,Healthcare,Biotechnology
TANH,2026-09-09T14:08:20.311354+00:00,12051492.0,52923.0,-0.169,,,,,,Consumer Defensive,Household & Personal Products
TARS,2026-09-09T14:08:20.915145+00:00,3761430784.0,1003830.0,0.694,,,35.47806,0.12144898792510062,1.0,Healthcare,Biotechnology
TASK,2026-09-09T14:08:21.517035+00:00,690403328.0,717008.0,0.05,0.09,0.096,5.0839906,0.1288180610889773,,Technology,Information Technology Services
TATT,2026-09-09T14:08:22.095993+00:00,511866656.0,190051.0,0.228,1.033,1.345,19.303923,0.541754443880142,,Industrials,Aerospace & Defense
TAYD,2026-09-09T14:08:22.678004+00:00,196822656.0,44466.0,-0.425,-0.475,-0.494,13.683856,0.14697689660822544,,Industrials,Specialty Industrial Machinery
TBBK,2026-09-09T14:08:23.546045+00:00,2033018496.0,396261.0,0.004,0.142,0.014,6.1537037,0.6919115257297623,1.66667,Financial Services,Banks - Regional
TBCH,2026-09-09T14:08:23.910337+00:00,219573072.0,345795.0,-0.007,,,12.26,0.33768352365415977,,Technology,Consumer Electronics
TBLA,2026-09-09T14:08:24.493312+00:00,1011731904.0,3102351.0,0.024,,,4.959739,0.548731642189586,1.71429,Communication Services,Internet Content & Information
TBPH,2026-09-09T14:08:25.130009+00:00,886512704.0,648020.0,-0.209,,,13.392158,0.03465124450951684,,Healthcare,Biotechnology
TCBI,2026-09-09T14:08:25.694117+00:00,4216578816.0,496830.0,0.086,0.158,0.099,11.811858,0.126999587586349,,Financial Services,Banks - Regional
TCBK,2026-09-09T14:08:26.291737+00:00,1709415552.0,341314.0,0.104,0.262,0.241,12.203332,0.1745301542776998,,Financial Services,Banks - Regional
TCMD,2026-09-09T14:08:26.897101+00:00,491101568.0,294646.0,0.086,1.441,1.42,14.900343,0.7988929889298892,1.25,Healthcare,Medical Devices
TCPC,2026-09-09T14:08:27.481663+00:00,339806272.0,797429.0,-0.222,,,9.759037,0.06995802469135803,,Financial Services,Asset Management
TEAM,2026-09-09T14:08:28.164557+00:00,45534633984.0,4597646.0,0.276,,,26.674986,0.09086641601822532,1.54545,Technology,Software - Application
TECH,2026-09-09T14:08:28.790329+00:00,11333254144.0,4695840.0,0.013,,,31.335497,-0.021346755223467406,2.85714,Healthcare,Biotechnology
TECX,2026-09-09T14:08:29.386749+00:00,597330880.0,198106.0,,,,-6.5288463,1.5382281132384223,1.1,Healthcare,Biotechnology
TEM,2026-09-09T14:08:29.996066+00:00,11282584576.0,6420174.0,0.216,,,-2602.1638,0.07894882456420915,2.05882,Healthcare,Health Information Services
TENB,2026-09-09T14:08:30.550352+00:00,3716123136.0,3605946.0,0.086,,,15.444475,0.047717842323651505,2.3913,Technology,Software - Infrastructure
TER,2026-09-09T14:08:31.179919+00:00,59550973952.0,3893656.0,1.039,3.858,3.779,32.688778,0.17212079127341484,,Technology,Semiconductor Equipment & Materials
TFSL,2026-09-09T14:08:31.730604+00:00,4798375424.0,900119.0,0.152,0.425,0.42,43.8718,0.1104617182933958,,Financial Services,Banks - Regional
TGTX,2026-09-09T14:08:32.313085+00:00,8521397760.0,2432274.0,0.703,-0.706,-0.724,18.77403,0.2523900116769964,1.5,Healthcare,Biotechnology
TH,2026-09-09T14:08:32.920355+00:00,1933690624.0,1256033.0,0.387,,,22.318554,0.26738794435857804,1.2,Industrials,Specialty Business Services
THFF,2026-09-09T14:08:33.561728+00:00,922335424.0,112133.0,0.155,0.219,0.224,9.435522,0.10881897885507996,3.0,Financial Services,Banks - Regional
THRM,2026-09-09T14:08:34.100424+00:00,1197438592.0,407493.0,0.11,7.981,8.266,11.89128,0.22485662944423046,,Consumer Cyclical,Auto Parts
TIGO,2026-09-09T14:08:34.716561+00:00,15867881472.0,1410608.0,0.594,-0.84,-0.839,13.423461,0.039872113301273604,2.875,Communication Services,Telecom Services
TILE,2026-09-09T14:08:35.347900+00:00,2006832000.0,516083.0,0.054,0.6,0.579,14.347108,0.3032834101382489,,Consumer Cyclical,"Furnishings, Fixtures & Appliances"
TIPT,2026-09-09T14:08:36.113518+00:00,664728512.0,231677.0,,19.586,19.529,,,,Financial Services,Asset Management
TITN,2026-09-09T14:08:36.543954+00:00,571143424.0,242640.0,-0.092,,,-42.76652,0.04037906880922959,1.5,Industrials,Industrial Distribution
TJGC,2026-09-09T14:08:37.117652+00:00,106201744.0,850882.0,-0.251,,,,,,Communication Services,Advertising Agencies
TLN,2026-09-09T14:08:37.958138+00:00,15502419968.0,860553.0,1.112,,,10.515613,0.421567942635491,,Utilities,Utilities - Independent Power Producers
TLRY,2026-09-09T14:08:38.280779+00:00,595175040.0,3993345.0,-0.078,,,9.613334,0.8131645862228387,,Healthcare,Drug Manufacturers - Specialty & Generic
TLS,2026-09-09T14:08:38.881072+00:00,343789248.0,598122.0,0.327,,,17.424242,0.48550652173913056,,Technology,Software - Infrastructure
TMC,2026-09-09T14:08:39.543521+00:00,2450073856.0,5540729.0,,,,-18.041666,1.463434180138568,1.5,Basic Materials,Other Industrial Metals & Mining
TMDX,2026-09-09T14:08:40.434839+00:00,3002000384.0,922643.0,0.207,-0.558,-0.579,37.551506,0.12388102801039547,1.83333,Healthcare,Medical Devices
TMUS,2026-09-09T14:08:40.684154+00:00,191718588416.0,5089290.0,0.079,0.053,0.005,12.3786745,0.3616908185531249,1.7037,Communication Services,Telecom Services
TNDM,2026-09-09T14:08:41.346057+00:00,1353305856.0,1930185.0,0.058,,,113.9426,0.47557840616966573,,Healthcare,Medical Devices
TNGX,2026-09-09T14:08:41.970817+00:00,4200084224.0,3313582.0,,,,-14.940233,0.8138024889602571,1.25,Healthcare,Biotechnology
TNMG,2026-09-09T14:08:42.504799+00:00,20202026.0,1789602.0,0.057,,,-23.715714,32.732907656165295,,Communication Services,Publishing
TNON,2026-09-09T14:08:43.166993+00:00,2348005.0,1399157.0,1.268,,,-0.292845,11.606545454545454,,Healthcare,Medical Devices
TNXP,2026-09-09T14:08:43.874921+00:00,223906624.0,523880.0,5.779,,,-1.6577778,2.2477977786288776,1.0,Healthcare,Biotechnology
TOWN,2026-09-09T14:08:44.354582+00:00,3408162048.0,641243.0,1.178,2.857,3.725,10.738845,0.08489286682940067,,Financial Services,Banks - Regional
TOYO,2026-09-09T14:08:44.907419+00:00,191808064.0,932017.0,0.35,1.813,1.591,1.1059113,2.1180400890868594,1.0,Technology,Solar
TPG,2026-09-09T14:08:45.501343+00:00,19520557056.0,2537577.0,1.102,,5.253,13.780478,0.20923369347739107,1.75,Financial Services,Asset Management
TREE,2026-09-09T14:08:46.089450+00:00,378506560.0,379943.0,0.253,0.046,0.08,4.0718803,1.0771513353115725,,Financial Services,Insurance Brokers
TRI,2026-09-09T14:08:46.684789+00:00,42319540224.0,2071122.0,0.095,0.472,0.431,19.21677,0.251898141986999,1.83333,Industrials,Specialty Business Services
TRIP,2026-09-09T14:08:51.224035+00:00,1026305472.0,3617200.0,-0.072,-0.321,-0.378,8.205414,0.5721848072562357,,Consumer Cyclical,Travel Services
TRMB,2026-09-09T14:08:51.818055+00:00,13523264512.0,3311225.0,0.11,,,14.064848,0.38256435899646535,,Technology,Scientific & Technical Instruments
TRMD,2026-09-09T14:08:52.343074+00:00,3615383296.0,732785.0,1.103,4.603,4.773,8.173611,0.03370150099122049,2.0,Energy,Oil & Gas Midstream
TRMK,2026-09-09T14:08:52.910507+00:00,2645192960.0,410945.0,0.09,0.174,0.138,11.053528,0.08408540611930437,,Financial Services,Banks - Regional
TRNS,2026-09-09T14:08:53.589837+00:00,781169984.0,144819.0,0.216,-0.6,-0.592,38.505188,0.2500998082913972,,Industrials,Specialty Business Services
TROW,2026-09-09T14:08:54.082172+00:00,23227963392.0,1936420.0,0.107,0.286,0.251,10.552471,0.007897878593075669,3.38462,Financial Services,Asset Management
TRS,2026-09-09T14:08:54.857743+00:00,1384731392.0,454266.0,0.016,-0.097,-0.2,18.259222,0.16580310880829008,,Consumer Cyclical,Packaging & Containers
TRST,2026-09-09T14:09:00.263493+00:00,973901568.0,129803.0,0.107,0.241,0.128,19.928572,,,Financial Services,Banks - Regional
TRUP,2026-09-09T14:09:00.719287+00:00,1107523712.0,454388.0,0.111,-0.289,-0.274,5.9600935,0.34895628200078765,2.33333,Financial Services,Insurance - Property & Casualty
TRVI,2026-09-09T14:09:01.581041+00:00,2425651200.0,2184962.0,,,,-29.506063,0.6553198237885463,1.18182,Healthcare,Biotechnology
TSAT,2026-09-09T14:09:06.510392+00:00,2389869568.0,243033.0,-0.251,,,-6.3807955,,,Technology,Communication Equipment
TSCO,2026-09-09T14:09:07.012981+00:00,17480896512.0,11275127.0,0.023,-0.15,-0.161,16.355003,0.06198599105812219,2.1,Consumer Cyclical,Specialty Retail
TSEM,2026-09-09T14:09:07.602347+00:00,25227442176.0,1812911.0,0.237,0.927,0.95,34.171795,0.41093350956584085,1.28571,Technology,Semiconductors
TSHA,2026-09-09T14:09:08.176668+00:00,1767646976.0,3101109.0,,,,-11.72973,1.4577566820276497,1.25,Healthcare,Biotechnology
TSLA,2026-09-09T14:09:08.820471+00:00,1471640895488.0,41548746.0,0.255,-0.03,-0.049,172.6181,0.0469480139559848,2.36957,Consumer Cyclical,Auto Manufacturers
TSSI,2026-09-09T14:09:09.388587+00:00,241273056.0,862474.0,-0.201,-0.167,-0.034,35.625,0.9298245614035086,,Technology,Information Technology Services
TTAN,2026-09-09T14:09:09.997316+00:00,5402364928.0,1499843.0,0.209,,,34.792492,0.9612691153099064,1.41176,Technology,Software - Application
TTD,2026-09-09T14:09:10.561403+00:00,6503141888.0,21996156.0,0.03,-0.236,-0.286,13.75978,-0.022158236994219704,3.11111,Communication Services,Advertising Agencies
TTEK,2026-09-09T14:09:11.200441+00:00,9107500032.0,3063370.0,-0.039,-0.023,-0.037,20.468409,0.13391425358448128,2.0,Industrials,Engineering & Construction
TTMI,2026-09-09T14:09:11.867959+00:00,13483600896.0,2822422.0,0.374,0.925,1.0,18.56946,0.6739589030393001,,Technology,Electronic Components
TTWO,2026-09-09T14:09:12.406835+00:00,39332270080.0,2536151.0,0.02,,,20.420794,0.363837322621283,1.2069,Communication Services,Electronic Gaming & Multimedia
TVA,2026-09-09T14:09:12.960788+00:00,316500000.0,170017.0,,-0.659,-0.539,,,,Financial Services,Shell Companies
TVTX,2026-09-09T14:09:13.641040+00:00,6333402112.0,1701075.0,0.482,,,11.845075,0.1045436820955501,1.26667,Healthcare,Biotechnology
TW,2026-09-09T14:09:14.226806+00:00,22041362432.0,1521135.0,0.09,0.197,0.179,22.193558,0.21252857002842296,2.2,Financial Services,Capital Markets
TWFG,2026-09-09T14:09:14.779790+00:00,353719712.0,155801.0,0.451,0.381,0.212,23.729576,0.1288325686403029,1.875,Financial Services,Insurance Brokers
TWIN,2026-09-09T14:09:15.475584+00:00,347480096.0,129859.0,0.183,-0.297,-0.275,20.964912,0.2552301255230127,1.0,Industrials,Specialty Industrial Machinery
TWST,2026-09-09T14:09:16.074748+00:00,7965096960.0,1771940.0,0.232,,,-200.55894,-0.1450165328294757,1.54545,Healthcare,Biotechnology
TXG,2026-09-09T14:09:16.572692+00:00,8338634752.0,3137872.0,-0.127,,,314.75928,-0.203125,2.35294,Healthcare,Medical Devices
TXN,2026-09-09T14:09:17.246664+00:00,238485520384.0,7831243.0,0.228,0.518,0.529,24.532053,0.24343149268591557,,Technology,Semiconductors
TXRH,2026-09-09T14:09:17.775312+00:00,11792064512.0,922480.0,0.111,-0.005,-0.017,23.060326,0.213988477274625,2.14286,Consumer Cyclical,Restaurants
TYRA,2026-09-09T14:09:18.442941+00:00,1219796736.0,740662.0,,,,-6.898903,1.486212328767123,1.26667,Healthcare,Biotechnology
UAL,2026-09-09T14:09:18.993070+00:00,34719223808.0,4336069.0,0.16,-0.172,-0.173,7.064545,0.5028593063475741,1.36,Industrials,Airlines
UBSI,2026-09-09T14:09:19.610678+00:00,6417849856.0,982954.0,0.062,0.122,0.088,12.21513,0.06796796095904933,,Financial Services,Banks - Regional
UCTT,2026-09-09T14:09:20.186913+00:00,3370874624.0,1344872.0,0.243,,,12.683134,0.840161182001343,,Technology,Semiconductor Equipment & Materials
UFCS,2026-09-09T14:09:20.855917+00:00,1351078016.0,158714.0,0.144,0.483,0.454,10.859504,0.11301369863013688,,Financial Services,Insurance - Property & Casualty
UFPI,2026-09-09T14:09:21.478612+00:00,4542548992.0,458462.0,0.026,-0.13,-0.177,14.8915,0.24590163934426235,1.8,Basic Materials,Lumber & Wood Production
UFPT,2026-09-09T14:09:21.996854+00:00,2187333632.0,189898.0,0.151,0.213,0.214,23.78522,0.2571266687913878,,Healthcare,Medical Devices
ULCC,2026-09-09T14:09:22.646943+00:00,1299568000.0,3684295.0,0.377,,,14.497034,0.20066961913197523,,Industrials,Airlines
ULTA,2026-09-09T14:09:23.194205+00:00,23266904064.0,682345.0,0.089,0.133,0.081,16.984241,0.15341076154072342,1.85714,Consumer Cyclical,Specialty Retail
UMBF,2026-09-09T14:09:23.854020+00:00,10756803584.0,631301.0,0.122,0.262,0.277,10.1537,0.20078140224528696,1.73333,Financial Services,Banks - Regional
UNCY,2026-09-09T14:09:24.407545+00:00,138745696.0,1502959.0,,,,3.584927,4.572007897334649,,Healthcare,Biotechnology
UNIT,2026-09-09T14:09:25.029173+00:00,2432105984.0,2351975.0,2.025,,,-14.112678,0.039587824351297485,2.77778,Real Estate,REIT - Specialty
UNTY,2026-09-09T14:09:25.671483+00:00,590503552.0,61804.0,-0.057,-0.118,-0.122,9.248192,0.1658163265306123,,Financial Services,Banks - Regional
UPB,2026-09-09T14:09:26.171643+00:00,336294176.0,620291.0,-0.175,,,-2.1919568,4.072127035830619,1.71429,Healthcare,Biotechnology
UPBD,2026-09-09T14:09:26.848001+00:00,1065421568.0,1009350.0,0.005,0.423,0.394,3.9679005,0.5458276333789331,1.71429,Technology,Software - Application
UPST,2026-09-09T14:09:27.487639+00:00,2576314368.0,4317145.0,0.423,2.112,1.95,7.616457,0.5108878354643147,2.2,Financial Services,Credit Services
UPWK,2026-09-09T14:09:28.025907+00:00,1041069568.0,3416233.0,-0.017,-0.159,-0.224,6.1081514,0.18476304739052174,,Communication Services,Internet Content & Information
URBN,2026-09-09T14:09:28.614877+00:00,6702142976.0,1178422.0,0.104,0.759,0.673,11.333188,0.14285712460063893,2.21429,Consumer Cyclical,Apparel Retail
URGN,2026-09-09T14:09:29.208282+00:00,2268058368.0,816616.0,1.992,,,16.605291,0.2931034482758621,,Healthcare,Biotechnology
UROY,2026-09-09T14:09:29.770694+00:00,1872945920.0,2856793.0,43.426,,,161.56369,-0.12738616480162757,1.4,Energy,Uranium
USAR,2026-09-09T14:09:30.437262+00:00,4236104704.0,12445551.0,,,,577.0,1.054047371461583,1.11111,Basic Materials,Other Industrial Metals & Mining
USAU,2026-09-09T14:09:30.961703+00:00,266401760.0,238974.0,,,,-19.344078,0.7338709677419353,,Basic Materials,Gold
USLM,2026-09-09T14:09:31.698043+00:00,3360841984.0,205532.0,0.083,0.122,0.119,20.552633,0.12676056338028174,,Basic Materials,Building Materials
UTHR,2026-09-09T14:09:32.198901+00:00,21362137088.0,519690.0,-0.019,0.134,0.076,16.58325,0.3338419065975986,1.64286,Healthcare,Drug Manufacturers - Specialty & Generic
UTMD,2026-09-09T14:09:32.884620+00:00,222962768.0,28383.0,-0.143,-0.105,-0.119,,,,Healthcare,Medical Instruments & Supplies
UVSP,2026-09-09T14:09:33.431681+00:00,1154255104.0,239482.0,0.084,0.188,0.149,10.657886,0.08721624850657106,,Financial Services,Banks - Regional
VBNK,2026-09-09T14:09:33.967579+00:00,704790784.0,124724.0,0.295,-0.115,-0.118,10.965012,0.1729530818767251,1.66667,Financial Services,Banks - Regional
VC,2026-09-09T14:09:34.628742+00:00,2678352384.0,539843.0,-0.009,-0.3,-0.31,9.578811,0.31293989833549296,,Consumer Cyclical,Auto Parts
VCEL,2026-09-09T14:09:35.192259+00:00,1994497792.0,562825.0,0.225,,,46.040188,0.5551073170731706,1.25,Healthcare,Biotechnology
VCTR,2026-09-09T14:09:35.817261+00:00,6874617344.0,554253.0,0.24,1.48,1.373,13.057452,-0.012809645237775613,2.57143,Financial Services,Asset Management
VCYT,2026-09-09T14:09:36.391360+00:00,3470467584.0,1335812.0,0.155,,,22.159143,0.33931387537641866,,Healthcare,Diagnostics & Research
VECO,2026-09-09T14:09:36.995048+00:00,2778854400.0,1141520.0,0.165,-0.086,0.011,15.668662,0.34709707884911034,,Technology,Semiconductor Equipment & Materials
VELO,2026-09-09T14:09:37.594196+00:00,369714848.0,2710406.0,0.523,,,-18.25397,1.0521739130434784,,Technology,Computer Hardware
VERA,2026-09-09T14:09:38.213500+00:00,2533386496.0,2133493.0,,,,-7.5781417,1.2085865452993882,1.21429,Healthcare,Biotechnology
VERX,2026-09-09T14:09:38.778714+00:00,2045568768.0,2024300.0,0.105,,,12.333242,0.3603370340999206,2.26667,Technology,Software - Application
VFF,2026-09-09T14:09:39.359731+00:00,367470336.0,1004214.0,0.068,-0.746,-0.73,13.065218,0.9412079866888521,,Consumer Defensive,Farm Products
VIAV,2026-09-09T14:09:40.142837+00:00,9815707648.0,6116727.0,0.525,3.265,3.088,20.392574,0.5442073906485672,1.375,Technology,Communication Equipment
VICR,2026-09-09T14:09:40.588633+00:00,8868399104.0,853996.0,0.493,0.143,0.208,34.635975,1.008110426577244,,Technology,Electronic Components
VIR,2026-09-09T14:09:41.174960+00:00,1905371648.0,1930929.0,195.825,,,-4.5272884,0.8452735346358793,1.3,Healthcare,Biotechnology
VISN,2026-09-09T14:09:41.814605+00:00,1497918592.0,7680019.0,-0.014,16.967,8.283,9.333774,1.2581478060046187,,Technology,Communication Equipment
VITL,2026-09-09T14:09:42.397208+00:00,425022016.0,1791217.0,-0.101,,,37.78626,0.33557777777777775,,Consumer Defensive,Farm Products
VKTX,2026-09-09T14:09:42.977797+00:00,4022776576.0,2232196.0,,,,-7.9836373,1.6792733072350297,1.45,Healthcare,Biotechnology
VLGEA,2026-09-09T14:09:43.619147+00:00,628692480.0,56430.0,0.016,-0.19,-0.197,,,,Consumer Defensive,Grocery Stores
VLY,2026-09-09T14:09:44.244275+00:00,7667397632.0,6702251.0,0.15,0.318,0.283,8.997529,0.21235531531531526,1.69231,Financial Services,Banks - Regional
VMAR,2026-09-09T14:09:44.777506+00:00,5674969.0,500203.0,86.188,,,-0.09732332,,,Consumer Cyclical,Recreational Vehicles
VMD,2026-09-09T14:09:45.414675+00:00,329318432.0,382445.0,0.239,-0.124,-0.124,21.6155,0.4457218199902846,,Healthcare,Medical Devices
VMET,2026-09-09T14:09:45.994464+00:00,1139891072.0,283308.0,3.919,21.235,27.812,,,,Basic Materials,Other Precious Metals & Mining
VNDA,2026-09-09T14:09:46.589112+00:00,318336032.0,912230.0,-0.039,,,26.324999,1.3148148148148149,,Healthcare,Biotechnology
VNOM,2026-09-09T14:09:47.212420+00:00,23762706432.0,1690400.0,1.152,1.607,2.838,18.209047,0.22932745314222713,1.25,Energy,Oil & Gas Midstream
VOR,2026-09-09T14:09:47.836464+00:00,1419889280.0,1155017.0,,,,-6.295601,0.6250067708615452,1.33333,Healthcare,Biotechnology
VOXR,2026-09-09T14:09:48.515981+00:00,405157472.0,494016.0,1.226,,,17.846756,0.34305317324185247,1.33333,Basic Materials,Other Precious Metals & Mining
VRDN,2026-09-09T14:09:48.974961+00:00,2670298880.0,1909270.0,2.787,,,-8.500279,0.5538820534577853,1.17647,Healthcare,Biotechnology
VREX,2026-09-09T14:09:49.579754+00:00,779321216.0,797177.0,0.037,,,17.280373,0.02217414818820984,3.0,Healthcare,Medical Devices
VRNS,2026-09-09T14:09:50.215870+00:00,5208923136.0,2037404.0,0.183,,,109.86748,0.11757045203969119,1.75,Technology,Software - Infrastructure
VRRM,2026-09-09T14:09:50.855711+00:00,575254912.0,5219895.0,0.117,,,3.9916475,0.8494055482166445,3.0,Technology,Information Technology Services
VRSK,2026-09-09T14:09:51.415974+00:00,22697908224.0,2061033.0,0.044,-0.034,-0.098,20.05347,0.346205114972189,2.05263,Industrials,Consulting Services
VRSN,2026-09-09T14:09:52.001514+00:00,25578227712.0,806777.0,0.06,0.077,0.044,25.741627,0.1359098057926451,2.0,Technology,Software - Infrastructure
VRTX,2026-09-09T14:09:52.599874+00:00,132870545408.0,1488709.0,0.125,0.08,0.065,25.915218,0.08643893366398014,1.66667,Healthcare,Biotechnology
VSAT,2026-09-09T14:09:53.188428+00:00,10339950592.0,2405340.0,-0.012,,,450.35098,0.38475885957900346,1.63636,Technology,Communication Equipment
VSEC,2026-09-09T14:09:53.816093+00:00,5674179072.0,445129.0,0.65,4.884,7.922,25.236801,0.3354430035399132,1.3,Industrials,Aerospace & Defense
VSNT,2026-09-09T14:09:54.457738+00:00,5278721024.0,1876829.0,-0.037,-0.287,-0.301,6.3419185,0.20397231742683908,2.42857,Communication Services,Entertainment
VSTM,2026-09-09T14:09:54.972987+00:00,756204736.0,2475548.0,17.754,,,-11.133334,0.7964071856287427,1.11111,Healthcare,Biotechnology
VTRS,2026-09-09T14:09:55.641723+00:00,19238897664.0,9599814.0,0.049,,,6.277029,0.10447761194029859,,Healthcare,Drug Manufacturers - Specialty & Generic
WABC,2026-09-09T14:09:56.223120+00:00,1348073600.0,186540.0,-0.027,0.045,-0.058,12.477005,0.0972055546031203,,Financial Services,Banks - Regional
WAFD,2026-09-09T14:09:56.857626+00:00,2555987712.0,623383.0,0.056,0.151,0.067,10.360511,0.12928912697263661,3.0,Financial Services,Banks - Regional
WASH,2026-09-09T14:09:57.438851+00:00,749620736.0,168722.0,0.097,0.221,0.207,11.101068,-0.03307888040712459,,Financial Services,Banks - Regional
WATT,2026-09-09T14:09:57.962237+00:00,60853052.0,224095.0,2.168,,,13.592593,1.5658492279745686,,Technology,Communication Equipment
WAY,2026-09-09T14:09:58.622758+00:00,4521427456.0,2709662.0,0.181,0.167,0.27,12.555977,0.41239821882951655,1.29167,Healthcare,Health Information Services
WBD,2026-09-09T14:09:59.288835+00:00,70337724416.0,21304409.0,-0.112,-0.906,-0.906,400.7857,0.0628472643022635,,Communication Services,Entertainment
WBTN,2026-09-09T14:09:59.812744+00:00,1382895744.0,379401.0,-0.028,,,40.76,0.10752796859666347,,Communication Services,Internet Content & Information
WCT,2026-09-09T14:10:00.575062+00:00,397580352.0,495259.0,-0.879,,,,,,Technology,Software - Application
WDAY,2026-09-09T14:10:01.500026+00:00,44700680192.0,4824237.0,0.128,2.06,1.772,14.025758,0.11657801380202715,2.2619,Technology,Software - Application
WDC,2026-09-09T14:10:01.696433+00:00,175526035456.0,8411638.0,0.438,9.841,10.33,15.333795,0.36577850500615394,1.53846,Technology,Computer Hardware
WDFC,2026-09-09T14:10:02.338242+00:00,2686165248.0,152459.0,0.243,0.455,0.44,30.650076,0.3573492218141845,,Basic Materials,Specialty Chemicals
WEN,2026-09-09T14:10:03.010653+00:00,1459578368.0,16475669.0,0.017,-0.408,-0.408,14.466052,0.01928543435662955,3.04167,Consumer Cyclical,Restaurants
WERN,2026-09-09T14:10:03.725979+00:00,2372696320.0,1092475.0,0.24,-0.853,-0.856,17.936,0.09201213346814963,2.5625,Industrials,Trucking
WEST,2026-09-09T14:10:04.190592+00:00,758564800.0,572432.0,0.088,,,43.166664,0.287001287001287,1.0,Consumer Defensive,Packaged Foods
WFRD,2026-09-09T14:10:04.854455+00:00,6827260416.0,1246240.0,-0.082,-0.71,-0.713,13.525019,0.22464302922383994,1.66667,Energy,Oil & Gas Equipment & Services
WGS,2026-09-09T14:10:05.353682+00:00,2536705280.0,782308.0,0.114,,,72.7786,0.06330166940982829,,Healthcare,Diagnostics & Research
WINA,2026-09-09T14:10:05.983738+00:00,1116841216.0,48243.0,0.076,-0.028,-0.019,25.716295,0.7529188511144702,,Consumer Cyclical,Specialty Retail
WING,2026-09-09T14:10:06.536547+00:00,2895201536.0,1197648.0,0.064,0.198,0.169,19.817554,0.9090932956951305,,Consumer Cyclical,Restaurants
WIX,2026-09-09T14:10:07.076095+00:00,2993914112.0,1597916.0,0.149,,,10.466716,0.09658932065977077,2.18182,Technology,Software - Infrastructure
WLDN,2026-09-09T14:10:07.773691+00:00,1309045888.0,291396.0,0.332,0.534,0.577,15.841475,0.5999534558994648,,Industrials,Engineering & Construction
WLFC,2026-09-09T14:10:08.404011+00:00,1212826240.0,327932.0,0.004,-0.534,-0.5,8.349345,0.3162482566248257,1.0,Industrials,Rental & Leasing Services
WLTH,2026-09-09T14:10:08.892761+00:00,1448056960.0,1439266.0,0.071,-0.594,-0.505,12.6732025,0.2635379061371841,2.28571,Technology,Software - Application
WMG,2026-09-09T14:10:09.484741+00:00,14814468096.0,2026150.0,0.104,,,14.371476,0.3023428672316384,1.64706,Communication Services,Entertainment
WMT,2026-09-09T14:10:10.057598+00:00,841328099328.0,24412353.0,0.059,-0.091,-0.094,32.72579,0.2053064699205449,1.53488,Consumer Defensive,Discount Stores
WRLD,2026-09-09T14:10:10.721821+00:00,898151744.0,110351.0,0.048,3.433,2.854,12.721598,0.09031437397783026,,Financial Services,Credit Services
WSBC,2026-09-09T14:10:11.291202+00:00,3866445824.0,1324483.0,0.035,0.596,0.614,10.420678,0.10380751581297298,2.125,Financial Services,Banks - Regional
WSC,2026-09-09T14:10:11.866939+00:00,3564026112.0,2477320.0,0.039,-0.002,-0.02,14.838563,0.4954221770091556,,Industrials,Rental & Leasing Services
WSFS,2026-09-09T14:10:12.472747+00:00,4052200960.0,442775.0,0.088,0.283,0.167,11.450382,0.12759710861708196,,Financial Services,Banks - Regional
WSHP,2026-09-09T14:10:13.131534+00:00,60947840.0,494480.0,-0.807,,,,,,Communication Services,Internet Content & Information
WTFC,2026-09-09T14:10:13.713657+00:00,10201957376.0,583101.0,0.102,0.187,0.195,10.943988,0.19063362866966393,2.0,Financial Services,Banks - Regional
WTW,2026-09-09T14:10:14.314779+00:00,29641007104.0,576429.0,0.091,-0.268,-0.308,13.942146,0.1904604587040981,,Financial Services,Insurance Brokers
WULF,2026-09-09T14:10:14.874932+00:00,8856693760.0,32968364.0,-0.06,,,-73.958336,0.9985915492957746,1.25,Financial Services,Capital Markets
WVE,2026-09-09T14:10:15.532772+00:00,958639360.0,3119754.0,-0.739,,,-4.0863466,2.9182939362795475,1.125,Healthcare,Biotechnology
WW,2026-09-09T14:10:16.168564+00:00,167379248.0,186108.0,-0.142,-0.91,-0.988,-116.79342,0.6925525686977301,2.33333,Healthcare,Medical Care Facilities
WWD,2026-09-09T14:10:16.725067+00:00,19765587968.0,708353.0,0.212,0.364,0.352,31.196907,0.34537311426437634,,Industrials,Aerospace & Defense
WYFI,2026-09-09T14:10:17.405656+00:00,786868608.0,2816137.0,0.557,,,138.97084,0.999506294742039,1.4,Technology,Information Technology Services
WYNN,2026-09-09T14:10:17.894504+00:00,9419628544.0,1533222.0,0.069,1.061,1.115,17.677664,0.4468838240454589,1.19048,Consumer Cyclical,Resorts & Casinos
XAIR,2026-09-09T14:10:18.459576+00:00,3279847.0,204830.0,0.005,,,-2.0071084,5.002761270184285,1.5,Healthcare,Medical Devices
XEL,2026-09-09T14:10:19.218177+00:00,47921942528.0,5317829.0,-0.051,0.24,0.32,16.889229,0.1960989311783108,1.44444,Utilities,Utilities - Regulated Electric
XENE,2026-09-09T14:10:19.702115+00:00,5773626368.0,1132506.0,,,,-12.244236,0.3703921502851393,1.15789,Healthcare,Biotechnology
XERS,2026-09-09T14:10:20.317490+00:00,1553387136.0,1866545.0,0.287,,,21.84641,0.3749005293365102,,Healthcare,Drug Manufacturers - Specialty & Generic
XFOR,2026-09-09T14:10:20.899207+00:00,346517856.0,797143.0,3.463,,,-4.5537457,2.3190271816881256,1.0,Healthcare,Biotechnology
XHLD,2026-09-09T14:10:21.494911+00:00,137740592.0,3648495.0,-0.345,,,6.969697,,,Communication Services,Broadcasting
XLAB,2026-09-09T14:10:22.085525+00:00,319792000.0,482903.0,1.016,,,,,,Technology,Software - Infrastructure
XMAX,2026-09-09T14:10:22.662088+00:00,552320512.0,963474.0,0.071,,,,,,Consumer Cyclical,"Furnishings, Fixtures & Appliances"
XMTR,2026-09-09T14:10:23.265188+00:00,5145936896.0,704832.0,0.411,,,69.71669,0.22869555530800945,1.72727,Industrials,Industrial Distribution
XNCR,2026-09-09T14:10:23.940198+00:00,1942854272.0,1156819.0,0.175,,,-7.3647537,0.15063415567030036,1.5,Healthcare,Biotechnology
XP,2026-09-09T14:10:24.485356+00:00,9815470080.0,5289559.0,0.106,0.086,0.055,8.143472,0.20819448896241544,1.66667,Financial Services,Capital Markets
XPEL,2026-09-09T14:10:25.176590+00:00,1367509120.0,239251.0,0.147,0.104,0.107,18.370369,0.24327963709677425,,Consumer Cyclical,Auto Parts
XPON,2026-09-09T14:10:25.696008+00:00,5266380.0,2547475.0,-0.321,,,-0.46041667,,,Industrials,Electrical Equipment & Parts
XRAY,2026-09-09T14:10:26.332922+00:00,2169966848.0,5014301.0,-0.041,,,7.1712337,0.2603353238401471,,Healthcare,Medical Instruments & Supplies
XRX,2026-09-09T14:10:26.876098+00:00,407074976.0,3341911.0,0.22,,,10.268981,0.23118387096774184,,Industrials,Business Equipment & Supplies
YORW,2026-09-09T14:10:27.457226+00:00,551447168.0,147332.0,0.225,0.37,0.507,22.20915,-0.08769864626250723,,Utilities,Utilities - Regulated Water
Z,2026-09-09T14:10:28.250272+00:00,7249969152.0,3997650.0,0.179,,,11.556799,0.42679900744416854,2.57143,Communication Services,Internet Content & Information
ZBIO,2026-09-09T14:10:28.692011+00:00,2176250880.0,854408.0,,,,-7.165236,0.40760706798442636,,Healthcare,Biotechnology
ZBRA,2026-09-09T14:10:29.270313+00:00,16612073472.0,764195.0,0.204,1.215,1.08,15.829782,0.16851964030159983,1.88235,Technology,Communication Equipment
ZD,2026-09-09T14:10:29.908608+00:00,1896254080.0,623829.0,-0.027,26.32,22.705,9.219236,0.16445167706355668,,Communication Services,Advertising Agencies
ZG,2026-09-09T14:10:30.523590+00:00,7369152512.0,1255719.0,0.179,,,11.199781,0.44117393957888296,,Communication Services,Internet Content & Information
ZION,2026-09-09T14:10:31.096451+00:00,9940883456.0,1597806.0,0.352,0.871,0.857,10.020038,0.10046072529731331,2.72727,Financial Services,Banks - Regional
ZM,2026-09-09T14:10:31.752839+00:00,28158586880.0,3454535.0,0.049,3.423,3.301,15.228045,0.2252214911144501,1.9,Technology,Software - Application
ZNTL,2026-09-09T14:10:32.306996+00:00,378687648.0,1218522.0,,,,-2.2145329,0.7222225,2.11111,Healthcare,Biotechnology
ZS,2026-09-09T14:10:32.897811+00:00,26964355072.0,3000050.0,0.249,,,29.558172,0.2521164661063071,1.56522,Technology,Software - Infrastructure
ZSTK,2026-09-09T14:10:33.476787+00:00,74856464.0,472445.0,0.407,,,,1.570093457943925,,Financial Services,Asset Management
ZUMZ,2026-09-09T14:10:34.168189+00:00,297625888.0,229200.0,0.049,,,12.040955,,3.0,Consumer Cyclical,Apparel Retail
ZURA,2026-09-09T14:10:34.659528+00:00,575453952.0,1291191.0,,,,-10.294345,1.9975020815986677,,Healthcare,Biotechnology
ZVRA,2026-09-09T14:10:35.324054+00:00,746454080.0,1345554.0,0.533,-0.884,-0.883,11.674886,0.9888623707239459,1.22222,Healthcare,Biotechnology
ZYME,2026-09-09T14:10:35.926518+00:00,1996895488.0,611835.0,-0.906,,,23.939749,0.4950760966875558,1.16667,Healthcare,Biotechnology
A,2026-09-09T14:10:36.537431+00:00,40574881792.0,2209500.0,0.081,0.085,0.077,21.277538,0.21924947880472545,1.72727,Healthcare,Diagnostics & Research
AA,2026-09-09T14:10:37.077615+00:00,13493690368.0,5612737.0,0.314,1.468,1.482,8.816779,0.2316643849012321,1.84615,Basic Materials,Aluminum
AAMI,2026-09-09T14:10:37.686888+00:00,3263139840.0,478753.0,0.453,1.714,1.703,14.116435,-0.06828353907227147,,Financial Services,Asset Management
AAP,2026-09-09T14:10:38.273753+00:00,2560673280.0,1916643.0,-0.005,2.6,2.667,10.903771,0.18295511838850276,3.0,Consumer Cyclical,Auto Parts
AAT,2026-09-09T14:10:38.933790+00:00,1690981504.0,426846.0,0.014,-0.054,-0.052,,0.07822895159440235,,Real Estate,REIT - Diversified
AAUC,2026-09-09T14:10:39.771133+00:00,3221723392.0,716987.0,0.454,,,,,,Basic Materials,Gold
ABBV,2026-09-09T14:10:40.099136+00:00,440785666048.0,6425617.0,0.102,2.904,2.852,15.322178,0.10966826586358036,1.67742,Healthcare,Drug Manufacturers - General
ABCB,2026-09-09T14:10:40.912878+00:00,5673917440.0,,,,,12.029474,,,,
ABG,2026-09-09T14:10:41.334889+00:00,3784712704.0,246574.0,0.003,-0.194,-0.25,6.961937,0.22548867544171713,2.45455,Consumer Cyclical,Auto & Truck Dealerships
ABM,2026-09-09T14:10:41.877731+00:00,2901422336.0,502469.0,0.042,0.256,0.189,11.349957,0.09235212121212122,2.375,Industrials,Specialty Business Services
ABR,2026-09-09T14:10:42.566805+00:00,1022155840.0,3879556.0,-0.248,,,9.441948,0.165212217374058,,Real Estate,REIT - Mortgage
ABT,2026-09-09T14:10:43.119552+00:00,184147394560.0,11153003.0,0.13,-0.475,-0.478,17.546955,0.12956521330576964,1.53846,Healthcare,Medical Devices
ABX,2026-09-09T14:10:43.685744+00:00,927070464.0,608304.0,0.299,-0.619,-0.623,8.207792,0.48558333333333326,1.5,Financial Services,Insurance - Life
ACA,2026-09-09T14:10:44.276564+00:00,7153388544.0,788364.0,0.017,4.486,4.503,28.453949,0.006841971579597983,2.66667,Industrials,Engineering & Construction
ACCO,2026-09-09T14:10:44.888785+00:00,398768704.0,779933.0,0.051,-0.516,-0.517,4.484445,0.8518518518518516,1.5,Industrials,Business Equipment & Supplies
ACEL,2026-09-09T14:10:45.467653+00:00,949151680.0,306770.0,0.096,0.875,0.708,10.824073,0.3320299401197604,,Consumer Cyclical,Gambling
ACHR,2026-09-09T14:10:46.091921+00:00,4393003008.0,35999156.0,,,,-7.0664153,0.8599666958808063,1.88889,Industrials,Aerospace & Defense
ACI,2026-09-09T14:10:46.708760+00:00,5855454208.0,8548385.0,0.002,-0.585,-0.642,6.5230675,0.17592208868628267,2.63158,Consumer Defensive,Grocery Stores
ACM,2026-09-09T14:10:47.303976+00:00,8372988928.0,2060538.0,-0.142,,,10.17292,0.33594635720873023,1.46154,Industrials,Engineering & Construction
ACN,2026-09-09T14:10:47.945425+00:00,108760465408.0,8474969.0,0.056,0.09,0.064,12.127469,0.03633826590896305,2.07407,Technology,Information Technology Services
ACP,2026-09-09T14:10:48.559585+00:00,622961920.0,464245.0,-0.069,,,,,,Financial Services,Asset Management
ACVA,2026-09-09T14:10:49.109790+00:00,1172524160.0,3647683.0,0.104,,,20.150583,0.41531209268645886,2.23077,Consumer Cyclical,Auto & Truck Dealerships
AD,2026-09-09T14:10:49.766833+00:00,3297442560.0,271912.0,0.895,10.505,10.389,39.309277,0.13646289011277202,,Communication Services,Telecom Services
ADC,2026-09-09T14:10:50.307115+00:00,9108807680.0,1318974.0,0.168,0.021,0.111,37.87863,0.16200342325071881,1.85,Real Estate,REIT - Retail
ADM,2026-09-09T14:10:50.877925+00:00,40887042048.0,3676109.0,0.072,3.156,3.146,14.908966,-0.07231685035657442,,Consumer Defensive,Farm Products
ADNT,2026-09-09T14:10:51.544465+00:00,1485541504.0,994383.0,0.05,-0.256,-0.306,6.249835,0.5703351807864872,,Consumer Cyclical,Auto Parts
ADT,2026-09-09T14:10:52.076974+00:00,5234457088.0,7932629.0,0.02,0.017,-0.069,7.2724133,0.14863921842288907,,Industrials,Security & Protection Services
ADX,2026-09-09T14:10:52.698412+00:00,3246855936.0,279983.0,0.094,0.542,0.604,,,,Financial Services,Asset Management
AEE,2026-09-09T14:10:53.515533+00:00,29543327744.0,1614656.0,-0.062,0.119,0.142,18.371105,0.12823876680878987,,Utilities,Utilities - Regulated Electric
AEG,2026-09-09T14:10:53.934842+00:00,13505117184.0,4929822.0,-0.082,0.079,0.051,9.716881,0.0857614073666848,2.5,Financial Services,Insurance - Diversified
AEM,2026-09-09T14:10:54.515916+00:00,104027602944.0,3089433.0,0.35,0.494,0.498,16.445305,0.046009248442367756,1.72727,Basic Materials,Gold
AEO,2026-09-09T14:10:55.223890+00:00,2893991424.0,4729929.0,0.097,,,8.880182,0.13175738274464388,2.92857,Consumer Cyclical,Apparel Retail
AER,2026-09-09T14:10:55.948441+00:00,22379081728.0,1099066.0,0.149,-0.353,-0.424,7.818695,0.25935030728709396,,Industrials,Rental & Leasing Services
AES,2026-09-09T14:10:56.290183+00:00,10573160448.0,7594077.0,0.199,,,6.2518454,0.012145748987854255,3.0,Utilities,Utilities - Diversified
AESI,2026-09-09T14:10:56.917194+00:00,1747429120.0,3128820.0,0.016,,,174.875,0.29854681915654036,2.41667,Energy,Oil & Gas Equipment & Services
AFG,2026-09-09T14:10:57.499201+00:00,11611492352.0,433830.0,0.058,0.443,0.425,11.535955,0.11285674498321785,2.42857,Financial Services,Insurance - Property & Casualty
AFL,2026-09-09T14:10:58.221043+00:00,57468981248.0,2260245.0,-0.01,0.468,0.377,15.200014,0.03405155718398345,3.2,Financial Services,Insurance - Life
AG,2026-09-09T14:10:58.727157+00:00,10450354176.0,10762298.0,0.573,1.024,1.083,20.836855,0.16737023323821432,,Basic Materials,Silver
AGCO,2026-09-09T14:10:59.291785+00:00,8921692160.0,935332.0,-0.01,-0.744,-0.755,17.099861,-0.022986223949134632,2.5,Industrials,Farm & Heavy Construction Machinery
AGI,2026-09-09T14:10:59.885725+00:00,15578365952.0,4807658.0,0.356,0.688,0.696,12.176129,0.24277844954991257,,Basic Materials,Gold
AGL,2026-09-09T14:11:00.478719+00:00,1506759296.0,322066.0,0.072,,,43.658592,0.2824084248063743,2.5625,Healthcare,Medical Care Facilities
AGM,2026-09-09T14:11:01.118172+00:00,2460639744.0,117441.0,0.249,0.208,0.221,9.797753,0.1335568101623148,,Financial Services,Credit Services
AGO,2026-09-09T14:11:01.712865+00:00,3188272896.0,366841.0,-0.005,-0.577,-0.621,10.212031,0.2460629008897166,,Financial Services,Insurance - Specialty
AGRO,2026-09-09T14:11:02.309511+00:00,1769937280.0,862685.0,0.39,,,9.830246,0.07351569506726441,2.85714,Consumer Defensive,Farm Products
AGX,2026-09-09T14:11:02.895016+00:00,5846796288.0,340095.0,0.615,0.504,0.511,26.45125,0.3749580073906993,2.0,Industrials,Engineering & Construction
AHR,2026-09-09T14:11:03.629148+00:00,11794365440.0,3315925.0,0.247,1.575,2.089,54.649395,0.1903243633890237,1.4,Real Estate,REIT - Healthcare Facilities
AHRT,2026-09-09T14:11:04.326440+00:00,623889344.0,707016.0,0.039,,,,0.15295926210607225,2.25,Real Estate,REIT - Diversified
AI,2026-09-09T14:11:04.706355+00:00,1659303680.0,5507482.0,-0.255,,,-21.362326,-0.1492349252291365,3.5,Technology,Software - Infrastructure
AIG,2026-09-09T14:11:05.274326+00:00,38952927232.0,3662650.0,0.005,-0.101,-0.171,8.478337,0.18799919457681713,2.31818,Financial Services,Insurance - Diversified
AII,2026-09-09T14:11:05.918728+00:00,505608416.0,153340.0,0.546,0.074,0.242,7.964506,0.04630885487308656,2.0,Financial Services,Insurance - Property & Casualty
AIN,2026-09-09T14:11:06.568898+00:00,1744541952.0,280345.0,0.058,0.988,0.896,19.38708,0.06792437794763373,3.0,Consumer Cyclical,Textile Manufacturing
AIR,2026-09-09T14:11:07.136694+00:00,5092743168.0,449725.0,0.23,0.323,0.491,19.342508,0.14782608695652155,1.71429,Industrials,Aerospace & Defense
AIT,2026-09-09T14:11:07.677922+00:00,11843087360.0,293229.0,0.104,0.134,0.1,24.397562,0.23950295931331533,,Industrials,Industrial Distribution
AIZ,2026-09-09T14:11:08.317112+00:00,13789938688.0,364409.0,0.094,0.305,0.269,11.930802,0.180341941483654,1.42857,Financial Services,Insurance - Property & Casualty
AJG,2026-09-09T14:11:08.948884+00:00,63346982912.0,1578675.0,0.309,-0.107,-0.12,16.595537,0.17981373421819358,1.72727,Financial Services,Insurance Brokers
AKR,2026-09-09T14:11:09.565458+00:00,2969133824.0,1645898.0,0.134,4.001,4.623,59.897057,0.2135669040019641,1.33333,Real Estate,REIT - Retail
ALB,2026-09-09T14:11:10.091536+00:00,15106417664.0,2358490.0,0.311,,19.962,11.331519,0.34799828145139244,1.95455,Basic Materials,Specialty Chemicals
ALC,2026-09-09T14:11:10.666630+00:00,33429526528.0,1898993.0,0.087,,-1.0,17.382048,0.2325934494975055,1.61538,Healthcare,Medical Instruments & Supplies
ALG,2026-09-09T14:11:11.401462+00:00,2066629888.0,160877.0,0.076,-0.008,-0.005,13.945467,0.20612485276796222,1.75,Industrials,Farm & Heavy Construction Machinery
ALH,2026-09-09T14:11:11.867470+00:00,4367396352.0,1072725.0,0.066,0.889,1.213,14.728064,0.46791078743741465,1.375,Consumer Cyclical,"Furnishings, Fixtures & Appliances"
ALIT,2026-09-09T14:11:12.488682+00:00,489253024.0,909409.0,-0.032,,,2.503727,2.049034535524093,,Technology,Software - Application
ALK,2026-09-09T14:11:13.127666+00:00,4492025344.0,2869459.0,0.097,,,7.638542,0.48059006211180133,1.5,Industrials,Airlines
ALL,2026-09-09T14:11:13.683573+00:00,63773306880.0,1718790.0,0.118,0.612,0.551,9.135448,0.08946013242932471,2.6,Financial Services,Insurance - Property & Casualty
ALLE,2026-09-09T14:11:14.433977+00:00,13114373120.0,1345311.0,0.127,0.162,0.156,15.77829,0.13238458046945922,2.27273,Industrials,Security & Protection Services
ALLY,2026-09-09T14:11:14.958091+00:00,12812890112.0,3048001.0,0.11,0.135,0.165,6.549179,0.2766433998100666,1.63158,Financial Services,Credit Services
ALSN,2026-09-09T14:11:15.562195+00:00,10615407616.0,1060864.0,0.924,-0.061,-0.072,11.378472,0.08440295604823023,,Consumer Cyclical,Auto Parts
ALV,2026-09-09T14:11:16.102456+00:00,8819225600.0,675658.0,0.033,-0.375,-0.401,10.206322,0.11326042185683427,2.05556,Consumer Cyclical,Auto Parts
ALX,2026-09-09T14:11:16.744432+00:00,1329351040.0,33612.0,0.061,24.412,24.386,20.006533,-0.18550819294235177,,Real Estate,REIT - Retail
AM,2026-09-09T14:11:17.336294+00:00,10986329088.0,2380187.0,0.083,-0.08,-0.088,14.35901,0.04928537481097428,3.14286,Energy,Oil & Gas Midstream
AMBP,2026-09-09T14:11:18.281521+00:00,2937726464.0,2436761.0,0.177,,6.0,16.146519,0.05459409969481177,2.875,Consumer Cyclical,Packaging & Containers
AMBQ,2026-09-09T14:11:18.499267+00:00,1506817536.0,572335.0,0.897,,,-269.4853,0.37495658454377656,,Technology,Semiconductors
AMCR,2026-09-09T14:11:19.196755+00:00,20204507136.0,3591793.0,0.259,,,10.030597,0.14826475972540032,2.07143,Consumer Cyclical,Packaging & Containers
AME,2026-09-09T14:11:19.784469+00:00,54075850752.0,1244864.0,0.15,0.142,0.135,24.59536,0.17767316742273276,1.7,Industrials,Specialty Industrial Machinery
AMG,2026-09-09T14:11:20.316008+00:00,9180534784.0,282672.0,0.299,1.482,1.205,8.297975,0.23256088560885613,1.42857,Financial Services,Asset Management
AMH,2026-09-09T14:11:20.920124+00:00,13179834368.0,2174412.0,0.028,0.106,0.074,47.542553,0.15722852779341623,2.08333,Real Estate,REIT - Residential
AMN,2026-09-09T14:11:21.482983+00:00,1295905536.0,799319.0,0.023,,,35.72534,0.0631031081888822,2.55556,Healthcare,Medical Care Facilities
AMP,2026-09-09T14:13:00.586699+00:00,,,,,,,,,,
AMPX,2026-09-09T14:13:01.223757+00:00,1472507264.0,6174877.0,1.259,,,100.801,1.281723395601234,,Industrials,Electrical Equipment & Parts
AMPY,2026-09-09T14:13:01.931759+00:00,207244944.0,831635.0,-0.229,1.673,1.71,4.672056,0.5502790502290411,,Energy,Oil & Gas E&P
AMR,2026-09-09T14:13:02.339103+00:00,2861787392.0,301129.0,-0.104,,,12.362057,-0.20251650347791417,3.0,Basic Materials,Coking Coal
AMRC,2026-09-09T14:13:02.946812+00:00,1261484672.0,658148.0,0.091,-0.25,-0.245,14.447403,0.7962384159448763,1.75,Industrials,Engineering & Construction
AMRZ,2026-09-09T14:13:03.536507+00:00,22713821184.0,3405930.0,0.086,0.147,0.146,13.8512745,0.3509511196725257,2.19048,Basic Materials,Building Materials
AMT,2026-09-09T14:13:04.186264+00:00,81769005056.0,2913095.0,0.047,1.385,1.365,25.033382,0.22914009744422592,1.52,Real Estate,REIT - Specialty
AMTB,2026-09-09T14:13:04.764018+00:00,1142188416.0,380948.0,-0.079,-0.036,-0.085,10.540687,0.09366958311888829,,Financial Services,Banks - Regional
AMTM,2026-09-09T14:13:05.313916+00:00,4882792960.0,2103480.0,-0.02,5.75,5.6,7.5657406,0.48138858287431163,2.41667,Industrials,Specialty Business Services
AN,2026-09-09T14:13:06.007805+00:00,6828048384.0,416203.0,-0.006,1.385,1.108,8.333256,0.19446230571829748,1.78571,Consumer Cyclical,Auto & Truck Dealerships
ANDG,2026-09-09T14:13:06.544420+00:00,6086887424.0,456417.0,0.237,,,23.608427,0.06506991839762599,1.75,Consumer Cyclical,Personal Services
ANET,2026-09-09T14:13:07.144217+00:00,246695559168.0,7385312.0,0.377,0.357,0.365,37.90492,0.232290746421268,1.25806,Technology,Computer Hardware
ANF,2026-09-09T14:13:11.140722+00:00,6530650112.0,1534324.0,0.048,0.433,0.299,11.985244,0.0626735542560104,2.07143,Consumer Cyclical,Apparel Retail
ANGX,2026-09-09T14:13:11.655048+00:00,909503232.0,1362016.0,0.275,,,-20.291666,0.6427104722792607,,Communication Services,Entertainment
ANRO,2026-09-09T14:13:12.300029+00:00,1432140544.0,542225.0,,,,-11.107188,0.051705713111385165,1.18182,Healthcare,Biotechnology
AOD,2026-09-09T14:13:12.845716+00:00,1123216512.0,404543.0,0.161,19.574,19.576,,,,Financial Services,Asset Management
AON,2026-09-09T14:13:13.475416+00:00,65619943424.0,1415529.0,0.022,-0.03,-0.048,15.208186,0.25920709887019333,2.15,Financial Services,Insurance Brokers
AORT,2026-09-09T14:13:14.058465+00:00,1229144320.0,724551.0,0.113,,,33.688347,0.6719555731852438,,Healthcare,Medical Devices
AOS,2026-09-09T14:13:14.641593+00:00,7901724672.0,1660269.0,-0.007,-0.15,-0.179,14.213108,0.2024267285861714,2.53846,Industrials,Specialty Industrial Machinery
APAM,2026-09-09T14:13:15.272455+00:00,2883165184.0,847620.0,0.089,0.183,0.196,10.095712,-0.03348928835262255,,Financial Services,Asset Management
APD,2026-09-09T14:13:15.875680+00:00,65957228544.0,1228080.0,0.046,,,20.518465,0.16017286201424752,1.80952,Basic Materials,Specialty Chemicals
APG,2026-09-09T14:13:16.433646+00:00,17122190336.0,2914937.0,0.133,0.25,0.286,19.925468,0.3216466431095406,1.3,Industrials,Engineering & Construction
APH,2026-09-09T14:13:17.085523+00:00,202085974016.0,14357043.0,0.55,0.593,0.621,25.231298,0.20948932275777898,1.47059,Technology,Electronic Components
APLE,2026-09-09T14:13:17.735969+00:00,3606163200.0,2847735.0,0.047,0.046,0.054,21.011003,0.12384091653027829,2.45455,Real Estate,REIT - Hotel & Motel
APO,2026-09-09T14:13:18.268807+00:00,76575727616.0,3960077.0,0.638,0.637,1.16,12.078336,0.18032413048507756,1.7619,Financial Services,Asset Management
APTV,2026-09-09T14:13:18.879061+00:00,9407866880.0,3779464.0,0.023,-0.353,-0.369,6.92965,0.47011939969101735,1.57143,Consumer Cyclical,Auto Parts
AQN,2026-09-09T14:13:19.539818+00:00,4373042688.0,3935666.0,0.031,-0.954,-0.851,13.908955,0.18838028169014098,2.58333,Utilities,Utilities - Diversified
AR,2026-09-09T14:13:20.086920+00:00,12002418688.0,4392093.0,0.126,0.799,0.78,9.03413,0.27945696721311486,1.7,Energy,Oil & Gas E&P
ARCO,2026-09-09T14:13:20.661527+00:00,1696891008.0,1238241.0,0.143,0.993,0.993,9.370092,0.4014761018001243,1.66667,Consumer Cyclical,Restaurants
ARDT,2026-09-09T14:13:21.389488+00:00,1489444864.0,492669.0,-0.014,-0.771,-0.768,8.414343,0.20953882575757565,2.0,Healthcare,Medical Care Facilities
ARE,2026-09-09T14:13:21.877135+00:00,8671881216.0,1836541.0,-0.119,,,-62.209877,0.05179599126810874,2.9375,Real Estate,REIT - Office
ARES,2026-09-09T14:13:22.588588+00:00,44413845504.0,2238935.0,0.058,0.065,0.099,18.722374,0.09543260304493129,2.0,Financial Services,Asset Management
ARI,2026-09-09T14:13:23.046106+00:00,872816128.0,4409666.0,5.249,-0.1,0.243,29.91453,0.1782032400589102,,Real Estate,REIT - Mortgage
ARIS,2026-09-09T14:13:23.716098+00:00,4209121536.0,1559554.0,0.623,,,7.065142,0.8146150073565472,1.5,Basic Materials,Gold
ARLO,2026-09-09T14:13:24.292766+00:00,1447398912.0,1285887.0,0.205,-0.067,-0.031,13.112868,0.5613382899628254,,Industrials,Building Products & Equipment
ARMK,2026-09-09T14:13:24.904486+00:00,15108350976.0,2484638.0,0.093,0.333,0.36,20.44814,0.18598412144477394,,Industrials,Specialty Business Services
AROC,2026-09-09T14:13:25.453169+00:00,5872076288.0,1960543.0,-0.031,0.059,0.052,15.294194,0.2690355329949239,1.42857,Energy,Oil & Gas Equipment & Services
ARR,2026-09-09T14:13:26.075490+00:00,2308730112.0,3781593.0,,,,5.5591345,0.12660944206008584,,Real Estate,REIT - Mortgage
ARW,2026-09-09T14:13:26.769858+00:00,10984117248.0,571672.0,0.318,0.465,0.453,9.018808,0.0890974394624029,,Technology,Electronics & Computer Distribution
ARX,2026-09-09T14:13:27.307358+00:00,4310106624.0,3818240.0,0.572,8.0,7.943,21.111702,0.1841773746535651,,Financial Services,Insurance Brokers
AS,2026-09-09T14:13:27.883002+00:00,16558654464.0,5344267.0,0.321,5.0,4.89,17.595488,0.7456078706957132,1.26087,Consumer Cyclical,Leisure
ASA,2026-09-09T14:13:28.523483+00:00,1167401728.0,72020.0,2.43,0.011,0.017,,,,Financial Services,Asset Management
ASAN,2026-09-09T14:13:29.081410+00:00,1964563584.0,5460172.0,0.099,,,18.86834,0.16998368298368294,2.66667,Technology,Software - Application
ASB,2026-09-09T14:13:29.682100+00:00,5733475840.0,1973046.0,0.235,-0.031,0.111,9.10012,0.13306982872200268,2.4,Financial Services,Banks - Regional
ASC,2026-09-09T14:13:30.266033+00:00,734516608.0,634016.0,0.613,5.727,5.304,21.926828,0.14015572858731917,,Industrials,Marine Shipping
ASGI,2026-09-09T14:13:30.846864+00:00,704690688.0,187724.0,,,,,,,Financial Services,Asset Management
ASH,2026-09-09T14:13:31.463881+00:00,3286361088.0,833982.0,0.073,,,16.687284,0.11728307670870208,1.58333,Basic Materials,Specialty Chemicals
ASIC,2026-09-09T14:13:32.089097+00:00,1263353856.0,74666.0,0.459,0.718,0.898,10.464263,0.1039453717754173,,Financial Services,Insurance - Property & Casualty
ASIX,2026-09-09T14:13:32.717601+00:00,455375008.0,266733.0,0.027,-0.896,-0.896,7.0712786,0.1858879335902759,,Basic Materials,Chemicals
ASM,2026-09-09T14:13:33.303657+00:00,1249285504.0,3969698.0,0.228,2.019,2.806,8.969512,0.4462950373895307,1.5,Basic Materials,Other Precious Metals & Mining
ASPN,2026-09-09T14:13:33.894645+00:00,402910560.0,1321656.0,-0.361,,,-31.32258,0.5962924819773427,,Basic Materials,Specialty Chemicals
ASR,2026-09-09T14:13:36.200278+00:00,,62446.0,0.099,0.071,0.071,10.656532,0.334868105704335,2.0,Industrials,Airports & Air Services
ATEN,2026-09-09T14:13:36.430126+00:00,1787634176.0,1320098.0,0.155,-0.143,-0.157,20.754305,0.48930422420796105,2.0,Technology,Software - Infrastructure
ATI,2026-09-09T14:13:36.969974+00:00,28051781632.0,1786801.0,0.106,0.557,0.5,32.32521,0.2615659814082181,1.11111,Industrials,Metal Fabrication
ATKR,2026-09-09T14:13:37.558728+00:00,3174957568.0,759822.0,0.081,-0.984,-0.983,14.701652,-0.005424954792043413,,Industrials,Electrical Equipment & Parts
ATMU,2026-09-09T14:13:38.163906+00:00,3813775104.0,742087.0,0.164,0.083,0.067,14.258695,0.39495079161317936,,Consumer Cyclical,Auto Parts
ATO,2026-09-09T14:13:38.805355+00:00,28315721728.0,1116161.0,0.048,0.233,0.302,18.581152,0.1230712580568154,,Utilities,Utilities - Regulated Gas
ATR,2026-09-09T14:13:39.466889+00:00,7815074304.0,454143.0,0.063,-0.186,-0.216,19.45738,0.384231786193711,,Healthcare,Medical Instruments & Supplies
ATS,2026-09-09T14:13:39.966928+00:00,1876186368.0,217425.0,-0.058,,,13.868036,,2.5,Industrials,Specialty Industrial Machinery
AU,2026-09-09T14:13:40.661328+00:00,55336214528.0,3193637.0,0.27,0.501,0.498,11.054072,0.03395484873411947,1.625,Basic Materials,Gold
AUB,2026-09-09T14:13:41.312352+00:00,5702598656.0,1123461.0,0.358,8.348,7.136,9.894537,0.18958176809416472,1.77778,Financial Services,Banks - Regional
AVA,2026-09-09T14:13:41.902259+00:00,3149525248.0,707227.0,0.005,1.479,1.5,13.486084,0.09914452865310475,,Utilities,Utilities - Diversified
AVBC,2026-09-09T14:13:42.475437+00:00,404525856.0,155724.0,0.169,1.001,0.852,14.797297,0.14155251141552516,,Financial Services,Banks - Regional
AVNT,2026-09-09T14:13:43.043239+00:00,3906335744.0,899166.0,0.058,0.228,0.232,12.1859455,0.19410988494951864,,Basic Materials,Specialty Chemicals
AVTR,2026-09-09T14:13:43.598536+00:00,10054074368.0,9209550.0,0.005,-0.374,-0.411,16.863493,-0.020229397914564462,2.6875,Healthcare,Medical Instruments & Supplies
AVY,2026-09-09T14:13:44.240322+00:00,12832069632.0,895643.0,0.109,0.108,0.08,15.136006,0.19186132356849672,1.54545,Consumer Cyclical,Packaging & Containers
AWF,2026-09-09T14:13:44.778760+00:00,865745984.0,296317.0,-0.046,-0.663,-0.663,,,,Financial Services,Asset Management
AWI,2026-09-09T14:13:45.417806+00:00,7112833536.0,452041.0,0.112,0.124,0.101,17.563414,0.24885216874628613,1.7,Industrials,Building Products & Equipment
AWK,2026-09-09T14:13:45.963877+00:00,27941298176.0,2292541.0,0.062,0.086,0.09,21.413994,-0.0016810099573256743,2.61538,Utilities,Utilities - Regulated Water
AWR,2026-09-09T14:13:46.653128+00:00,3492294912.0,307283.0,0.112,0.258,0.284,23.186842,-0.046646237657473555,,Utilities,Utilities - Regulated Water
AX,2026-09-09T14:13:47.266302+00:00,5315412992.0,358825.0,0.181,0.124,0.129,8.675,0.27167104280072585,,Financial Services,Banks - Regional
AXP,2026-09-09T14:13:47.763426+00:00,218043973632.0,2859706.0,0.128,0.11,0.078,16.052744,0.164382174300723,2.3,Financial Services,Credit Services
AXS,2026-09-09T14:13:48.376451+00:00,7155077120.0,699614.0,0.074,0.243,0.156,7.2493443,0.26638609014888837,1.83333,Financial Services,Insurance - Specialty
AXTA,2026-09-09T14:13:49.018803+00:00,7531363328.0,1761227.0,0.031,-0.18,-0.183,12.306691,0.1021798806479115,2.26667,Basic Materials,Specialty Chemicals
AYI,2026-09-09T14:13:49.604913+00:00,9683847168.0,333550.0,0.016,0.462,0.433,14.912481,0.2312152558704308,2.0,Industrials,Electrical Equipment & Parts
AZN,2026-09-09T14:13:50.178946+00:00,246344302592.0,3190554.0,0.064,0.025,0.023,13.982394,0.3380531352304206,1.45455,Healthcare,Drug Manufacturers - General
AZO,2026-09-09T14:13:50.845269+00:00,,313611.0,0.084,0.077,0.054,16.613903,0.3548122357793435,1.48148,Consumer Cyclical,Auto Parts
AZZ,2026-09-09T14:13:51.439929+00:00,4174604032.0,293430.0,0.063,-0.696,-0.696,17.795355,0.18057805132635063,,Industrials,Specialty Business Services
B,2026-09-09T14:13:52.005738+00:00,73340608512.0,10406833.0,0.438,0.553,0.501,10.160618,0.16048586175942536,1.75,Basic Materials,Gold
BA,2026-09-09T14:13:52.602482+00:00,166720667648.0,5666172.0,0.08,,,51.18859,0.30295894567175496,1.53571,Industrials,Aerospace & Defense
BAC,2026-09-09T14:13:53.174766+00:00,437081767936.0,32402891.0,0.168,0.341,0.266,11.8014345,0.10391168706503473,1.54167,Financial Services,Banks - Diversified
BAH,2026-09-09T14:13:53.914687+00:00,8691552256.0,2182632.0,-0.042,-0.245,-0.269,10.747865,0.1784695120263502,2.86667,Industrials,Consulting Services
BALL,2026-09-09T14:13:54.402574+00:00,16014553088.0,2238096.0,0.197,0.092,0.042,13.376759,0.1995277685950414,1.66667,Consumer Cyclical,Packaging & Containers
BAM,2026-09-09T14:13:55.014147+00:00,76492374016.0,2531574.0,0.608,0.474,0.458,22.058552,0.19421820839423676,2.27778,Financial Services,Asset Management
BANC,2026-09-09T14:13:55.603085+00:00,2934875904.0,2977504.0,,,,8.725243,0.20230661268556016,1.72727,Financial Services,Banks - Regional
BAP,2026-09-09T14:13:56.186917+00:00,30128513024.0,335435.0,0.12,0.086,0.088,11.110249,0.11422487874314635,1.64286,Financial Services,Banks - Regional
BAR,2026-09-09T14:13:56.776957+00:00,,225145.0,,,,,,,,
BAX,2026-09-09T14:13:57.372461+00:00,12911975424.0,6526561.0,0.053,0.368,0.385,12.26429,0.15024104104104108,,Healthcare,Medical Instruments & Supplies
BB,2026-09-09T14:13:58.008237+00:00,4554000384.0,20165859.0,0.256,2.163,3.474,33.99396,0.2502303732303732,3.0,Technology,Software - Infrastructure
BBAR,2026-09-09T14:13:58.564459+00:00,3016576000.0,719698.0,0.051,0.713,0.713,13.439491,0.6926201760324984,1.5,Financial Services,Banks - Regional
BBDC,2026-09-09T14:13:59.206432+00:00,919849920.0,720111.0,-0.124,-0.104,-0.108,8.69802,0.13356061468412062,,Financial Services,Asset Management
BBT,2026-09-09T14:13:59.766675+00:00,2618414592.0,825679.0,1.445,2.11,1.925,9.397495,0.11502336747759268,,Financial Services,Banks - Regional
BBUC,2026-09-09T14:14:00.403042+00:00,5519199744.0,460467.0,-0.03,0.458,0.423,8.722403,0.44472361809045236,,Industrials,Conglomerates
BBVA,2026-09-09T14:14:00.964461+00:00,160196411392.0,1539272.0,0.202,0.152,0.114,11.696354,-0.15512676541508785,,Financial Services,Banks - Diversified
BBW,2026-09-09T14:14:01.561528+00:00,361956000.0,537532.0,-0.072,-0.255,-0.292,7.6174145,0.489435400069276,1.25,Consumer Cyclical,Specialty Retail
BBWI,2026-09-09T14:14:02.200951+00:00,3742536960.0,5825774.0,-0.023,0.933,0.844,6.65746,0.2964709051724139,2.57895,Consumer Cyclical,Specialty Retail
BBY,2026-09-09T14:14:02.809553+00:00,18968821760.0,3815377.0,0.036,0.701,0.694,12.540313,-0.041406379567693,2.8,Consumer Cyclical,Specialty Retail
BC,2026-09-09T14:14:03.384643+00:00,4594137600.0,702020.0,0.077,0.875,0.852,13.092656,0.2793495063469673,2.1,Consumer Cyclical,Recreational Vehicles
BCAT,2026-09-09T14:14:04.032687+00:00,1705696128.0,671503.0,,,,,,,Financial Services,Asset Management
BCC,2026-09-09T14:14:04.610965+00:00,2677911296.0,385124.0,0.052,-0.007,-0.075,14.513088,0.2573289902280129,,Basic Materials,Lumber & Wood Production
BCE,2026-09-09T14:14:05.196950+00:00,21853743104.0,3651500.0,0.015,-0.038,-0.036,12.045377,0.16479027096223597,2.21053,Communication Services,Telecom Services
BCH,2026-09-09T14:14:05.802464+00:00,21355010048.0,304540.0,0.136,0.286,0.281,13.472262,-0.05725331125827815,3.0,Financial Services,Banks - Regional
BCO,2026-09-09T14:14:06.375092+00:00,4308564992.0,500377.0,0.071,0.041,0.016,10.105445,0.4384707287933094,,Industrials,Security & Protection Services
BCS,2026-09-09T14:14:07.068243+00:00,88599076864.0,4407898.0,0.156,0.446,0.309,7.962631,0.12736937686807148,2.5,Financial Services,Banks - Diversified
BCSF,2026-09-09T14:14:07.735654+00:00,750204288.0,363720.0,-0.121,-0.408,-0.408,8.942034,0.09525897103329006,,Financial Services,Asset Management
BDC,2026-09-09T14:14:08.207659+00:00,4671797760.0,510988.0,0.116,0.137,0.123,11.900082,0.3090757005437057,,Technology,Communication Equipment
BDJ,2026-09-09T14:14:08.845415+00:00,1734411776.0,468853.0,-0.198,0.145,0.145,,,,Financial Services,Asset Management
BDN,2026-09-09T14:14:09.419243+00:00,525056288.0,1961870.0,0.141,,,-4.5373135,-0.013157894736842146,3.6,Real Estate,REIT - Office
BDX,2026-09-09T14:14:11.137417+00:00,49281585152.0,2106193.0,0.054,-0.314,-0.343,13.61107,0.08147945281193869,2.07143,Healthcare,Medical Instruments & Supplies
BE,2026-09-09T14:14:11.340473+00:00,81830002688.0,15128338.0,1.655,,,56.469036,-0.006438569654651172,2.24138,Industrials,Electrical Equipment & Parts
BEN,2026-09-09T14:14:11.932673+00:00,17421957120.0,4224382.0,0.143,1.067,0.858,10.776106,0.02600816564596098,2.72727,Financial Services,Asset Management
BEPC,2026-09-09T14:14:12.561520+00:00,5959137792.0,1654982.0,0.13,,,-33.411743,0.21050280373831765,2.85714,Utilities,Utilities - Renewable
BETA,2026-09-09T14:14:13.146880+00:00,5136145408.0,1710808.0,1.457,,,-9.415555,0.5105027141845646,1.25,Industrials,Aerospace & Defense
BFH,2026-09-09T14:14:13.702832+00:00,4138523648.0,617779.0,0.038,0.212,0.05,8.057193,0.07164407723728194,2.05882,Financial Services,Credit Services
BFLY,2026-09-09T14:14:14.373483+00:00,2061047296.0,8327417.0,0.395,,,-154.79999,0.3781227390180879,1.0,Healthcare,Medical Devices
BFS,2026-09-09T14:14:14.967681+00:00,1129387264.0,102943.0,0.084,-0.267,-0.183,,0.3222632226322262,,Real Estate,REIT - Retail
BG,2026-09-09T14:14:15.542964+00:00,23570132992.0,1533211.0,0.883,0.33,0.915,10.817571,0.15109597750336223,,Consumer Defensive,Farm Products
BGS,2026-09-09T14:14:16.101557+00:00,267803344.0,2111845.0,-0.097,,,6.385659,0.30500758725341415,3.4,Consumer Defensive,Packaged Foods
BGSI,2026-09-09T14:14:16.773585+00:00,2398394880.0,50201.0,0.299,-0.814,-0.762,17.79865,0.8326757948479924,1.57143,Consumer Cyclical,Auto & Truck Dealerships
BH,2026-09-09T14:14:17.343989+00:00,1148227200.0,137429.0,0.079,-0.187,-0.216,-48.39866,,,Consumer Cyclical,Restaurants
BHB,2026-09-09T14:14:17.906529+00:00,667960640.0,114927.0,0.423,1.285,1.499,10.52576,0.029116465863453733,,Financial Services,Banks - Regional
BHC,2026-09-09T14:14:18.508573+00:00,2384189696.0,3599053.0,0.127,0.704,0.743,1.5205108,0.17647058823529416,3.0,Healthcare,Drug Manufacturers - Specialty & Generic
BHE,2026-09-09T14:14:19.115782+00:00,2664540672.0,449861.0,0.177,19.366,19.455,22.433445,0.15934214073874342,,Technology,Electronic Components
BHVN,2026-09-09T14:14:19.748858+00:00,2258104320.0,3007143.0,,,,-7.7184,0.43589765886287646,1.75,Healthcare,Biotechnology
BIII,2026-09-09T14:14:20.329251+00:00,231610000.0,122979.0,,,,,,,Financial Services,Shell Companies
BILL,2026-09-09T14:14:20.908551+00:00,4064291584.0,2450300.0,0.138,,,10.960883,0.20226605119597152,1.95455,Technology,Software - Application
BIO,2026-09-09T14:14:21.515676+00:00,10007029760.0,291430.0,-0.001,0.187,0.169,37.32165,-0.12093197242558651,3.0,Healthcare,Medical Devices
BIPC,2026-09-09T14:14:22.199181+00:00,4566673920.0,1046987.0,0.085,,,18.192696,0.3472331872034402,,Utilities,Utilities - Regulated Gas
BIRK,2026-09-09T14:14:22.756988+00:00,5277433344.0,2321503.0,0.133,-0.13,-0.152,11.404563,0.6331315707133918,1.65217,Consumer Cyclical,Footwear & Accessories
BIT,2026-09-09T14:14:23.399121+00:00,676763712.0,312932.0,,,,,,,Financial Services,Asset Management
BJ,2026-09-09T14:14:23.937008+00:00,11152955392.0,1846720.0,0.157,0.193,0.154,17.574781,0.1965569964324141,2.13043,Consumer Defensive,Discount Stores
BKD,2026-09-09T14:14:24.574131+00:00,2886106368.0,5106741.0,-0.089,,,71.088234,0.592883740173769,,Healthcare,Medical Care Facilities
BKE,2026-09-09T14:14:25.154009+00:00,2146156416.0,484924.0,0.046,-0.022,-0.013,10.045526,0.10417666826692273,,Consumer Cyclical,Apparel Retail
BKH,2026-09-09T14:14:25.716992+00:00,5638157824.0,835041.0,0.031,0.316,0.389,16.032091,0.14687584527995678,,Utilities,Utilities - Regulated Gas
BKKT,2026-09-09T14:14:26.376030+00:00,389404576.0,1312335.0,-0.701,,,9.000104,0.3888728139720605,,Technology,Software - Infrastructure
BKSY,2026-09-09T14:14:26.929982+00:00,891547776.0,1323396.0,0.501,,,-60.513885,0.7637709433096167,,Industrials,Specialty Business Services
BKTI,2026-09-09T14:14:27.496025+00:00,273601088.0,40764.0,0.106,-0.177,-0.153,17.200237,0.33636426258868934,,Technology,Communication Equipment
BKU,2026-09-09T14:14:28.144793+00:00,3248190464.0,904470.0,0.042,0.067,0.028,10.196027,0.10247214912280711,2.54545,Financial Services,Banks - Regional
BKV,2026-09-09T14:14:28.744643+00:00,2652773120.0,904964.0,0.188,-0.472,-0.297,13.175273,0.4063906765676568,1.09091,Energy,Oil & Gas E&P
BLCO,2026-09-09T14:14:29.379633+00:00,6411116544.0,402943.0,0.091,,,16.417284,0.03760445682451263,2.38462,Healthcare,Medical Instruments & Supplies
BLDR,2026-09-09T14:14:29.953979+00:00,6649460736.0,2238017.0,-0.088,,,13.837824,0.3060564724919095,,Industrials,Building Products & Equipment
BLK,2026-09-09T14:14:30.522956+00:00,176488955904.0,735133.0,0.306,0.196,0.202,16.897497,0.2159434565866818,1.52941,Financial Services,Asset Management
BLSH,2026-09-09T14:14:31.143034+00:00,5292527616.0,1604158.0,0.688,,,49.857147,0.11429484240687704,2.2,Technology,Software - Infrastructure
BLX,2026-09-09T14:14:31.737260+00:00,,184511.0,0.062,0.025,0.035,7.925939,0.17807484240175264,1.25,Financial Services,Banks - Regional
BMA,2026-09-09T14:14:32.380051+00:00,4963907072.0,291290.0,0.214,0.282,0.282,6.8756638,0.44758755715849796,1.55556,Financial Services,Banks - Regional
BMEZ,2026-09-09T14:14:33.015045+00:00,1052836096.0,157066.0,,,,,,,Financial Services,Asset Management
BMI,2026-09-09T14:14:33.546499+00:00,3715534080.0,449474.0,-0.066,-0.128,-0.141,25.746658,0.23069121547823368,,Technology,Scientific & Technical Instruments
BMNR,2026-09-09T14:14:34.135585+00:00,14999223296.0,38671370.0,21.678,,,26.452127,0.3486157249145385,1.0,Financial Services,Capital Markets
BMO,2026-09-09T14:14:34.811845+00:00,120181440512.0,816285.0,0.12,-0.242,-0.249,14.498923,-0.0043909196067092315,2.73333,Financial Services,Banks - Diversified
BMY,2026-09-09T14:14:35.315554+00:00,132163633152.0,11339379.0,0.057,1.531,1.532,9.865872,0.02331267387944358,2.46429,Healthcare,Drug Manufacturers - General
BN,2026-09-09T14:14:35.948424+00:00,86738018304.0,3925682.0,0.085,0.403,0.338,6.6192503,0.4000772101402652,,Financial Services,Asset Management
BNED,2026-09-09T14:14:36.512014+00:00,398820608.0,336650.0,0.008,,,11.391089,0.4993481095176009,,Consumer Cyclical,Specialty Retail
BNL,2026-09-09T14:14:37.142889+00:00,4442087424.0,2089125.0,0.083,0.957,0.974,26.31778,0.13587347232207048,,Real Estate,REIT - Diversified
BNS,2026-09-09T14:14:37.768214+00:00,112491905024.0,2540579.0,0.117,0.234,0.188,13.425691,0.004419957744189684,2.57143,Financial Services,Banks - Diversified
BNY,2026-09-09T14:14:38.325196+00:00,110440120320.0,3444151.0,0.131,0.269,0.238,15.881735,0.030814646433617865,2.125,Financial Services,Banks - Diversified
BOBS,2026-09-09T14:14:39.042189+00:00,2213839104.0,958696.0,0.088,0.387,0.641,16.020428,0.3531924439197165,,Consumer Cyclical,Specialty Retail
BOH,2026-09-09T14:14:39.541773+00:00,2999808256.0,379856.0,0.129,0.387,0.339,11.387137,0.14194279326670167,,Financial Services,Banks - Regional
BOOT,2026-09-09T14:14:40.128592+00:00,4494876672.0,672696.0,0.177,0.316,0.313,14.848133,0.4923864708260344,1.25,Consumer Cyclical,Apparel Retail
BORR,2026-09-09T14:14:40.723578+00:00,1366711424.0,5303787.0,-0.132,,,44.531563,0.12114446952595936,2.0,Energy,Oil & Gas Drilling
BOW,2026-09-09T14:14:41.307207+00:00,1108696704.0,302822.0,0.23,0.333,0.308,13.739875,0.02298529193284793,2.71429,Financial Services,Insurance - Property & Casualty
BOX,2026-09-09T14:14:42.604095+00:00,4677174272.0,2788435.0,0.136,,,19.617546,0.13564945731886158,2.33333,Technology,Software - Infrastructure
BP,2026-09-09T14:14:42.788560+00:00,116923367424.0,9136388.0,0.482,1.389,1.401,9.528067,0.060572687224669686,2.36842,Energy,Oil & Gas Integrated
BPRE,2026-09-09T14:14:43.457942+00:00,,865950.0,,,,,,,Financial Services,Asset Management
BR,2026-09-09T14:14:44.060966+00:00,19049052160.0,1327904.0,0.075,0.084,0.064,14.43224,0.2771974979798282,2.33333,Technology,Information Technology Services
BRBR,2026-09-09T14:14:44.577140+00:00,1110456704.0,4793482.0,0.042,0.813,0.629,7.2272925,0.5401392670157068,2.07143,Consumer Defensive,Packaged Foods
BRBS,2026-09-09T14:14:45.210069+00:00,360095424.0,689301.0,-0.4,,,,,,Financial Services,Banks - Regional
BRC,2026-09-09T14:14:45.789206+00:00,4132524288.0,238358.0,0.1,-0.085,-0.086,12.21275,0.24836860920388126,1.0,Industrials,Security & Protection Services
BRO,2026-09-09T14:14:46.532800+00:00,22449008640.0,2506541.0,0.324,0.071,0.247,13.9042015,0.14305410642420613,2.78947,Financial Services,Insurance Brokers
BROS,2026-09-09T14:14:46.966706+00:00,8006847488.0,3763266.0,0.325,0.373,0.46,34.72275,0.7033953997809421,1.34615,Consumer Cyclical,Restaurants
BRX,2026-09-09T14:14:47.598220+00:00,8934587392.0,2324262.0,0.043,-0.141,-0.137,29.095217,0.21739447020436198,1.5,Real Estate,REIT - Retail
BSAC,2026-09-09T14:14:48.171188+00:00,16686904320.0,323967.0,0.202,0.4,0.404,11.661864,-0.002889892715979836,3.09091,Financial Services,Banks - Regional
BST,2026-09-09T14:14:48.787806+00:00,,89601.0,,,,,,,Financial Services,Asset Management
BSTZ,2026-09-09T14:14:49.370210+00:00,2176439808.0,208425.0,,,,,,,Financial Services,Asset Management
BSX,2026-09-09T14:14:49.995236+00:00,66708033536.0,20018246.0,0.075,0.151,0.138,13.400408,0.36193048012165985,1.58065,Healthcare,Medical Devices
BTE,2026-09-09T14:14:50.565165+00:00,3461109760.0,17237750.0,0.513,0.211,0.154,17.984562,,2.27273,Energy,Oil & Gas E&P
BTG,2026-09-09T14:14:51.198914+00:00,7285704704.0,25896225.0,0.14,1.854,1.703,5.2209063,0.12420670897552144,1.76923,Basic Materials,Gold
BTGO,2026-09-09T14:14:51.796458+00:00,892265280.0,1421261.0,0.796,,,29.725876,0.3640419982083576,1.33333,Financial Services,Capital Markets
BTI,2026-09-09T14:14:52.363750+00:00,118122102784.0,4360612.0,0.014,-0.286,-0.293,10.490172,0.28399106735940216,1.42857,Consumer Defensive,Tobacco
BTU,2026-09-09T14:14:52.985850+00:00,3615554048.0,2508827.0,0.127,,,10.431431,0.036749831422791646,1.66667,Energy,Thermal Coal
BTX,2026-09-09T14:14:53.622248+00:00,1063230784.0,611027.0,,,,,,,Financial Services,Asset Management
BTZ,2026-09-09T14:14:54.184789+00:00,,281566.0,-0.087,,-0.801,,,,Financial Services,Asset Management
BUD,2026-09-09T14:14:54.788354+00:00,154221985792.0,2164858.0,0.11,1.249,1.238,15.743282,0.2389300306435138,1.63636,Consumer Defensive,Beverages - Brewers
BUR,2026-09-09T14:14:55.450745+00:00,961780096.0,1853850.0,-0.372,-0.974,-0.975,8.231535,0.9897260273972603,1.66667,Financial Services,Asset Management
BURL,2026-09-09T14:14:55.994687+00:00,15438718976.0,956390.0,0.11,0.959,0.957,18.058462,0.4840507771177476,1.78947,Consumer Cyclical,Apparel Retail
BVN,2026-09-09T14:14:58.796650+00:00,8961926144.0,1113859.0,0.432,1.6,1.6,10.018285,0.06371914411222912,,Basic Materials,Other Precious Metals & Mining
BW,2026-09-09T14:14:58.992085+00:00,1133624192.0,4492261.0,1.303,,,17.005587,1.8909329829172141,1.25,Industrials,Specialty Industrial Machinery
BWA,2026-09-09T14:14:59.722458+00:00,13392080896.0,2330437.0,0.003,0.301,0.237,11.072027,0.2185385141814311,1.875,Consumer Cyclical,Auto Parts
BWLP,2026-09-09T14:15:00.378550+00:00,3658732032.0,404783.0,-0.031,2.435,2.439,,,,Energy,Oil & Gas Midstream
BWXT,2026-09-09T14:15:00.790759+00:00,14600879104.0,1011164.0,0.18,0.141,0.136,30.260218,0.4362742846385541,1.64706,Industrials,Aerospace & Defense
BX,2026-09-09T14:15:01.452618+00:00,155209433088.0,4588051.0,0.286,0.573,0.608,17.335176,0.10933862148633033,2.08696,Financial Services,Asset Management
BXC,2026-09-09T14:15:02.241300+00:00,628660160.0,159954.0,0.044,0.5,0.486,28.030409,0.10444273568392104,,Industrials,Industrial Distribution
BXMT,2026-09-09T14:15:02.611007+00:00,2359761920.0,2025761.0,-0.731,,,9.034995,0.3468519880864802,2.0,Real Estate,REIT - Mortgage
BXP,2026-09-09T14:15:03.475821+00:00,11862845440.0,1372346.0,0.037,-0.232,-0.229,29.505312,0.16642524967599304,2.13636,Real Estate,REIT - Office
BXSL,2026-09-09T14:15:03.748271+00:00,5665831936.0,1621404.0,-0.071,-0.94,-0.939,9.4296465,0.01394284539473678,2.5,Financial Services,Asset Management
BY,2026-09-09T14:15:04.415188+00:00,1712113408.0,309101.0,0.117,0.364,0.336,11.100596,0.14014251781472686,,Financial Services,Banks - Regional
BYD,2026-09-09T14:15:05.048065+00:00,5518178816.0,908616.0,0.0,-0.049,-0.134,9.780641,0.26316655694535873,2.36842,Consumer Cyclical,Resorts & Casinos
BZH,2026-09-09T14:15:05.629003+00:00,887364224.0,598188.0,-0.053,,,21.881578,-0.17318099819603117,,Consumer Cyclical,Residential Construction
C,2026-09-09T14:15:06.201032+00:00,229397872640.0,11483177.0,0.155,0.61,0.451,10.614913,0.13487623852875585,,Financial Services,Banks - Diversified
CAAP,2026-09-09T14:15:06.815024+00:00,3949504000.0,211811.0,0.12,0.067,0.069,10.747787,0.33490920372285427,,Industrials,Airports & Air Services
CABO,2026-09-09T14:15:07.415765+00:00,127493088.0,267532.0,-0.084,,,1.545392,1.2696929238985315,,Communication Services,Telecom Services
CACI,2026-09-09T14:15:07.990635+00:00,13606500352.0,282046.0,0.176,-0.012,-0.007,16.339794,0.19413065016485564,1.5625,Technology,Information Technology Services
CAG,2026-09-09T14:15:08.621070+00:00,7367518208.0,16075127.0,0.036,,,9.920801,-0.06584930172133807,3.29412,Consumer Defensive,Packaged Foods
CAH,2026-09-09T14:15:09.287307+00:00,55836782592.0,2142483.0,0.058,0.688,0.665,17.055084,0.12853007330889699,1.5,Healthcare,Medical Distribution
CAL,2026-09-09T14:15:09.820667+00:00,443216672.0,531070.0,0.085,1.038,1.056,5.812775,0.28836680560818495,2.0,Consumer Cyclical,Apparel Retail
CALX,2026-09-09T14:15:10.451613+00:00,2203110144.0,1154970.0,0.213,,,15.198111,0.7814612746498997,1.57143,Technology,Software - Infrastructure
CALY,2026-09-09T14:15:10.970343+00:00,2789227008.0,2008708.0,0.02,2.621,2.704,17.887194,0.3184,2.18182,Consumer Cyclical,Leisure
CARR,2026-09-09T14:15:11.643650+00:00,48470310912.0,5999622.0,0.039,-0.118,-0.152,17.772888,0.32338843537414985,1.91667,Industrials,Building Products & Equipment
CARS,2026-09-09T14:15:12.171800+00:00,595283776.0,670864.0,0.007,1.273,1.035,4.2945805,0.23329946043165473,2.57143,Communication Services,Internet Content & Information
CAT,2026-09-09T14:15:12.821523+00:00,375692263424.0,3173627.0,0.24,0.682,0.649,25.242964,0.19369404135568336,2.14286,Industrials,Farm & Heavy Construction Machinery
CATX,2026-09-09T14:15:13.395674+00:00,352157888.0,1586045.0,-0.721,,,-3.0256076,2.9824019448946517,1.26667,Healthcare,Medical Devices
CAVA,2026-09-09T14:15:13.982331+00:00,6784688128.0,3224525.0,0.313,0.198,0.253,78.52402,0.4597860032710681,1.92857,Consumer Cyclical,Restaurants
CB,2026-09-09T14:15:14.645342+00:00,129740644352.0,1787485.0,0.061,-0.007,-0.038,11.55261,0.08873421749085608,,Financial Services,Insurance - Property & Casualty
CBAN,2026-09-09T14:15:15.186189+00:00,448410368.0,252379.0,0.253,0.115,0.361,9.475336,0.1831519167061051,,Financial Services,Banks - Regional
CBL,2026-09-09T14:15:15.867724+00:00,1718560640.0,286219.0,0.04,17.375,15.834,,0.1343176089305005,,Real Estate,REIT - Retail
CBOE,2026-09-09T14:15:16.389079+00:00,30671390720.0,1298387.0,0.229,0.502,0.502,19.277258,0.07300936329588015,3.05882,Financial Services,Financial Data & Stock Exchanges
CBRE,2026-09-09T14:15:17.218788+00:00,40987934720.0,1726077.0,0.155,-0.042,-0.051,15.562331,0.2922863400332052,1.53846,Real Estate,Real Estate Services
CBT,2026-09-09T14:15:18.880704+00:00,4100018432.0,498748.0,0.064,-0.937,-0.941,11.365557,0.15014897368089675,,Basic Materials,Specialty Chemicals
CBU,2026-09-09T14:15:19.069403+00:00,3300332544.0,288843.0,0.12,0.198,0.195,12.093501,0.11863961737744111,,Financial Services,Banks - Regional
CBZ,2026-09-09T14:15:19.778008+00:00,2965792256.0,1284464.0,-0.002,-0.53,-0.556,12.867569,-0.054676241880889154,,Industrials,Specialty Business Services
CC,2026-09-09T14:15:20.283184+00:00,2290489344.0,2536990.0,-0.015,,,7.8935413,0.24841484168128614,2.22222,Basic Materials,Specialty Chemicals
CCI,2026-09-09T14:15:20.868259+00:00,33010980864.0,3912054.0,-0.049,-0.675,-0.677,26.162128,0.2585385226370134,2.04545,Real Estate,REIT - Specialty
CCJ,2026-09-09T14:15:21.525858+00:00,43740577792.0,3286316.0,-0.072,-0.921,-0.921,52.954388,0.3077858209698294,1.54545,Energy,Uranium
CCK,2026-09-09T14:15:22.124008+00:00,12214349824.0,1021970.0,0.165,0.429,0.354,12.4141655,0.21607613196206743,1.8,Consumer Cyclical,Packaging & Containers
CCL,2026-09-09T14:15:23.530857+00:00,31426598912.0,20828806.0,0.053,-0.065,-0.05,8.715618,0.5382937459141424,1.63333,Consumer Cyclical,Travel Services
CCS,2026-09-09T14:15:23.740168+00:00,1786581248.0,302703.0,-0.073,0.105,0.037,13.689542,0.24134638338505598,,Real Estate,Real Estate - Development
CDE,2026-09-09T14:15:24.338030+00:00,21627752448.0,38745001.0,1.259,0.076,0.723,10.212056,0.10827851711026626,,Basic Materials,Gold
CDP,2026-09-09T14:15:24.912002+00:00,4081779456.0,944101.0,0.039,0.192,0.211,24.133562,0.15297289626791555,1.75,Real Estate,REIT - Office
CDRE,2026-09-09T14:15:25.569083+00:00,1255504000.0,394603.0,0.318,-0.133,-0.066,17.86106,0.6200545702592086,,Industrials,Aerospace & Defense
CE,2026-09-09T14:15:26.471956+00:00,4858585088.0,1739674.0,0.087,-0.371,-0.365,7.166295,0.4372035238310368,1.875,Basic Materials,Chemicals
CF,2026-09-09T14:15:26.810754+00:00,20603172864.0,2586503.0,0.176,0.996,0.883,13.133269,-0.08154921404436599,2.95238,Basic Materials,Agricultural Inputs
CFG,2026-09-09T14:15:27.322715+00:00,29305483264.0,4079758.0,0.147,0.413,0.346,10.648995,0.17089091693015246,1.61111,Financial Services,Banks - Regional
CFR,2026-09-09T14:15:27.922248+00:00,10110363648.0,597735.0,0.061,0.128,0.096,13.866821,0.07221889599213172,2.6,Financial Services,Banks - Regional
CGAU,2026-09-09T14:15:28.621328+00:00,4542006784.0,1627219.0,0.535,0.097,0.052,12.0248575,-0.17097329888027557,,Basic Materials,Gold
CHCT,2026-09-09T14:15:29.174109+00:00,422357632.0,292522.0,0.074,,,36.85,0.20420624151967437,2.25,Real Estate,REIT - Healthcare Facilities
CHD,2026-09-09T14:15:29.918720+00:00,22507091968.0,1860233.0,0.016,0.09,0.062,23.48813,0.11048553512146286,2.2381,Consumer Defensive,Household & Personal Products
CHE,2026-09-09T14:15:30.336639+00:00,6679926272.0,179143.0,0.088,0.437,0.29,18.56821,0.08004461053826151,,Healthcare,Medical Care Facilities
CHH,2026-09-09T14:15:30.923165+00:00,4513607680.0,580800.0,0.071,-0.194,-0.213,13.1884165,0.15663743574236477,3.05882,Consumer Cyclical,Lodging
CHPT,2026-09-09T14:15:31.530504+00:00,240444656.0,1574533.0,0.177,,,-7.3250337,-0.18481295365717476,3.0,Consumer Cyclical,Specialty Retail
CHT,2026-09-09T14:15:32.125933+00:00,34559422464.0,173077.0,0.082,0.046,0.047,28.41199,0.07916767676767678,,Communication Services,Telecom Services
CHWY,2026-09-09T14:15:32.773160+00:00,8788290560.0,8600269.0,0.077,0.527,0.519,11.709991,0.4124472396925227,1.76923,Consumer Cyclical,Internet Retail
CI,2026-09-09T14:15:33.344159+00:00,72774467584.0,1665804.0,0.067,0.102,0.084,8.223774,0.23966689662684715,1.66667,Healthcare,Healthcare Plans
CIEN,2026-09-09T14:15:33.957140+00:00,48370180096.0,2538567.0,0.37,4.229,4.296,29.455551,0.4779687477095822,1.85,Technology,Communication Equipment
CIM,2026-09-09T14:15:34.534534+00:00,971130240.0,763591.0,0.081,,-0.51,5.561676,0.22021274763135223,,Real Estate,REIT - Mortgage
CION,2026-09-09T14:15:35.157761+00:00,356178368.0,551554.0,-0.047,0.202,0.134,6.322271,0.208730487636414,,Financial Services,Asset Management
CL,2026-09-09T14:15:35.780287+00:00,70342524928.0,4678977.0,0.049,-0.055,-0.067,21.479935,0.12137352674524027,2.04762,Consumer Defensive,Household & Personal Products
CLB,2026-09-09T14:15:36.363340+00:00,582274816.0,832277.0,-0.043,-0.412,-0.44,18.04274,0.19516706067769896,,Energy,Oil & Gas Equipment & Services
CLDT,2026-09-09T14:15:37.064131+00:00,625768320.0,357543.0,0.094,0.907,0.528,-106.5,0.10198200312989059,,Real Estate,REIT - Hotel & Motel
CLF,2026-09-09T14:15:37.617461+00:00,6977704448.0,19913380.0,0.059,,,20.608307,-0.01880621422730988,2.92308,Basic Materials,Steel
CLH,2026-09-09T14:15:38.167174+00:00,16632469504.0,463358.0,0.119,0.364,0.343,31.70577,0.14233721059396665,,Industrials,Waste Management
CLM,2026-09-09T14:15:38.787107+00:00,2067942400.0,2006538.0,-0.338,0.129,0.231,,,,Financial Services,Asset Management
CLS,2026-09-09T14:15:39.294920+00:00,43251068928.0,2384922.0,0.624,0.742,0.748,17.547764,0.3914628528108235,1.25,Technology,Electronic Components
CLW,2026-09-09T14:15:40.054758+00:00,325296992.0,189343.0,-0.043,,,-23.007517,0.053544868616757446,,Basic Materials,Paper & Paper Products
CLX,2026-09-09T14:15:40.522911+00:00,10865046528.0,2634677.0,-0.02,-0.501,-0.509,14.287509,0.13136023150982234,3.21053,Consumer Defensive,Household & Personal Products
CM,2026-09-09T14:15:41.136036+00:00,104603238400.0,1329324.0,0.166,0.149,0.146,13.971586,0.06267081850533818,2.5,Financial Services,Banks - Diversified
CMBT,2026-09-09T14:15:41.718636+00:00,5553848832.0,1051891.0,0.815,30.397,45.908,12.401754,0.06844305120167182,2.25,Energy,Oil & Gas Midstream
CMC,2026-09-09T14:15:42.305545+00:00,,1254748.0,0.229,1.123,1.081,9.431622,0.16056926375982838,1.91667,Industrials,Metal Fabrication
CMCL,2026-09-09T14:15:42.900772+00:00,505999040.0,234261.0,0.165,0.283,0.162,5.1263466,0.6327856324035153,,Basic Materials,Gold
CMG,2026-09-09T14:15:43.554852+00:00,46023249920.0,17956943.0,0.093,-0.013,-0.075,26.553453,0.20334396480615902,1.70588,Consumer Cyclical,Restaurants
CMI,2026-09-09T14:15:44.178056+00:00,76369371136.0,1031070.0,0.094,0.047,0.047,16.077833,0.3646101847679135,1.86957,Industrials,Specialty Industrial Machinery
CMP,2026-09-09T14:15:44.773740+00:00,1070932032.0,453629.0,0.003,,,20.146738,0.20540964327714617,2.25,Basic Materials,Other Industrial Metals & Mining
CMRE,2026-09-09T14:15:45.300723+00:00,1794046336.0,399230.0,-0.04,-0.077,-0.068,5.3381295,0.34770889487870615,,Industrials,Marine Shipping
CMS,2026-09-09T14:15:45.931095+00:00,21508255744.0,3509880.0,-0.005,-0.439,-0.403,16.503174,0.1542013413033969,2.26667,Utilities,Utilities - Regulated Electric
CNA,2026-09-09T14:15:46.544321+00:00,12848132096.0,495729.0,0.03,0.073,0.074,9.891666,0.03201347935973042,,Financial Services,Insurance - Property & Casualty
CNC,2026-09-09T14:15:47.098974+00:00,31025356800.0,4818764.0,0.046,,,11.822073,0.1410981609744446,2.33333,Healthcare,Healthcare Plans
CNH,2026-09-09T14:15:47.755752+00:00,22015533056.0,16230324.0,0.02,-0.353,-0.352,19.980589,0.009542071161951604,1.94737,Industrials,Farm & Heavy Construction Machinery
CNI,2026-09-09T14:15:48.355245+00:00,73589104640.0,1540314.0,0.113,0.102,0.066,18.68839,0.15676511446303065,2.23333,Industrials,Railroads
CNK,2026-09-09T14:15:48.945958+00:00,4150224128.0,2475211.0,0.155,0.886,0.491,13.67783,0.10700628403854218,2.0,Communication Services,Entertainment
CNM,2026-09-09T14:15:49.550662+00:00,8275771392.0,2354667.0,-0.001,0.094,0.08,13.250122,0.38932951490356515,2.2,Industrials,Industrial Distribution
CNMD,2026-09-09T14:15:50.183057+00:00,1395578496.0,578862.0,0.003,0.112,0.077,9.744748,-0.023500375576778643,,Healthcare,Medical Devices
CNNE,2026-09-09T14:15:50.707573+00:00,677071680.0,477975.0,-0.073,,,-11.031802,0.07303010890454842,,Consumer Cyclical,Restaurants
CNO,2026-09-09T14:15:51.438311+00:00,5097001984.0,800679.0,0.116,0.462,0.371,10.956643,-0.024323833726629163,3.0,Financial Services,Insurance - Life
CNP,2026-09-09T14:15:51.888353+00:00,26365280256.0,6416293.0,0.107,0.233,0.232,19.181005,0.14303560274828242,,Utilities,Utilities - Regulated Electric
CNQ,2026-09-09T14:15:52.595754+00:00,106239401984.0,7911146.0,0.695,0.838,0.831,13.29907,-0.040812418744542556,2.26087,Energy,Oil & Gas E&P
CNR,2026-09-09T14:15:53.130663+00:00,4977027072.0,592158.0,0.035,,,15.0895405,0.09205146105515105,1.5,Energy,Thermal Coal
CNS,2026-09-09T14:15:53.702310+00:00,4000337920.0,280577.0,0.122,0.319,0.339,19.562849,-0.02307346230477536,,Financial Services,Asset Management
CNX,2026-09-09T14:15:54.334813+00:00,5405860352.0,1736845.0,-0.181,-0.477,-0.531,9.423549,0.03249233716475097,,Energy,Oil & Gas E&P
CODI,2026-09-09T14:15:54.973516+00:00,861451840.0,792143.0,-0.114,,,17.779503,0.4847161572052403,,Industrials,Conglomerates
COF,2026-09-09T14:15:55.487019+00:00,131058778112.0,4035312.0,11.11,,,8.896053,0.20897224172634932,1.54167,Financial Services,Credit Services
COHR,2026-09-09T14:15:56.145185+00:00,60747161600.0,6029361.0,0.337,,,22.2281,0.33901344294003866,1.6087,Technology,Scientific & Technical Instruments
COLD,2026-09-09T14:15:56.846541+00:00,4023027456.0,3925180.0,0.018,,,-66.78571,0.17227664884135474,2.47059,Real Estate,REIT - Industrial
COMP,2026-09-09T14:15:57.301287+00:00,8271370240.0,12813195.0,1.09,0.603,1.359,12.7517805,0.4307814385150812,,Real Estate,Real Estate Services
CON,2026-09-09T14:15:57.908988+00:00,4301810688.0,948506.0,0.1,0.47,0.465,18.432009,0.18200681784496808,1.22222,Healthcare,Medical Care Facilities
COP,2026-09-09T14:15:58.569925+00:00,164090675200.0,7099908.0,0.355,1.07,0.994,14.347237,0.06401149425287356,1.69231,Energy,Oil & Gas E&P
COR,2026-09-09T14:15:59.881518+00:00,62010241024.0,1464816.0,0.051,0.119,0.111,16.42946,0.1364886830484222,1.73333,Healthcare,Medical Distribution
COSO,2026-09-09T14:16:00.093830+00:00,329464512.0,117272.0,0.161,0.035,0.229,10.807843,0.12481857764876647,,Financial Services,Banks - Regional
COUR,2026-09-09T14:16:00.671453+00:00,1556359168.0,6386683.0,0.596,,,6.602845,0.5026071757129715,,Consumer Defensive,Education & Training Services
CP,2026-09-09T14:16:01.337897+00:00,79187460096.0,2532072.0,0.126,-0.135,-0.17,20.749897,0.12797568827708705,1.8,Industrials,Railroads
CPA,2026-09-09T14:16:01.886610+00:00,5266113536.0,292438.0,0.257,-0.538,-0.542,6.6752625,0.38542237035888705,1.46667,Industrials,Airlines
CPAY,2026-09-09T14:16:02.442639+00:00,26716561408.0,590522.0,0.215,-0.07,-0.126,12.938652,0.13297042234483092,1.6875,Technology,Software - Infrastructure
CPF,2026-09-09T14:16:03.099280+00:00,960507968.0,157374.0,0.077,0.194,0.14,10.434965,0.15266050127328779,2.25,Financial Services,Banks - Regional
CPK,2026-09-09T14:16:03.686134+00:00,3187837952.0,195133.0,0.047,0.029,0.063,18.049547,0.11085904416212933,,Utilities,Utilities - Regulated Gas
CPNG,2026-09-09T14:16:04.249623+00:00,26207719424.0,20072791.0,0.039,,,53.518333,0.6110349794238683,1.77778,Consumer Cyclical,Internet Retail
CPRI,2026-09-09T14:16:04.896905+00:00,1498800896.0,3655133.0,-0.035,0.344,0.302,5.1620636,0.7257126882247513,,Consumer Cyclical,Luxury Goods
CPS,2026-09-09T14:16:05.460116+00:00,458617920.0,181788.0,0.022,,,5.7127523,0.6660402871788513,,Consumer Cyclical,Auto Parts
CPT,2026-09-09T14:16:06.073894+00:00,12148841472.0,992317.0,-0.008,-0.757,-0.767,96.30586,0.11424332259410486,2.58333,Real Estate,REIT - Residential
CR,2026-09-09T14:16:06.695651+00:00,11652840448.0,460133.0,0.256,0.106,0.11,25.787714,0.17655812107834623,1.3,Industrials,Specialty Industrial Machinery
CRBG,2026-09-09T14:16:07.253810+00:00,15017944064.0,4431277.0,0.259,,,5.8364644,0.15266636984268334,1.64286,Financial Services,Asset Management
CRC,2026-09-09T14:16:07.867054+00:00,4980122624.0,827991.0,0.33,2.0,1.988,13.101821,0.3684217378664847,1.41667,Energy,Oil & Gas E&P
CRCL,2026-09-09T14:16:08.513781+00:00,25925064704.0,13813111.0,0.066,,,60.700542,0.09425109089953199,2.35714,Financial Services,Capital Markets
CRF,2026-09-09T14:16:09.062192+00:00,1084409344.0,1385587.0,-0.324,0.173,0.287,,,,Financial Services,Asset Management
CRGY,2026-09-09T14:16:09.656078+00:00,5639433728.0,5918608.0,0.553,1.172,2.216,6.5870795,0.1248692012556678,1.75,Energy,Oil & Gas E&P
CRH,2026-09-09T14:16:10.264813+00:00,60660637696.0,4556591.0,0.056,0.139,0.127,13.815759,0.511272647510419,1.27273,Basic Materials,Building Materials
CRI,2026-09-09T14:16:10.907336+00:00,1190727296.0,1074914.0,0.052,471.464,234.332,8.784355,0.303706181593957,2.375,Consumer Cyclical,Apparel Retail
CRK,2026-09-09T14:16:11.509670+00:00,4369073664.0,2558712.0,-0.252,-0.93,-0.93,21.154392,0.08926948924731182,3.15385,Energy,Oil & Gas E&P
CRL,2026-09-09T14:16:12.105891+00:00,13335477248.0,892264.0,-0.027,,,21.8237,0.014971736107348477,1.75,Healthcare,Diagnostics & Research
CRM,2026-09-09T14:16:12.723650+00:00,205371408384.0,15220225.0,0.108,1.189,0.869,15.588222,0.09550829526328442,1.75,Technology,Software - Application
CRS,2026-09-09T14:16:13.297824+00:00,22643304448.0,797616.0,0.126,0.464,0.454,28.771383,0.36982958411678357,,Industrials,Metal Fabrication
CSL,2026-09-09T14:16:13.932013+00:00,13453956096.0,546572.0,0.083,0.072,-0.002,14.06838,0.21579537739469257,,Industrials,Building Products & Equipment
CSTM,2026-09-09T14:16:14.499018+00:00,3675512064.0,1685985.0,0.307,3.16,3.056,9.694438,0.3956353982300884,,Basic Materials,Aluminum
CSV,2026-09-09T14:16:15.069999+00:00,517286368.0,155519.0,0.008,0.041,0.045,8.952722,0.5904206324838808,1.4,Consumer Cyclical,Personal Services
CSW,2026-09-09T14:16:15.684587+00:00,4904665088.0,150751.0,0.33,0.251,0.216,22.02941,0.16888296458707064,,Industrials,Specialty Industrial Machinery
CTEV,2026-09-09T14:16:16.293616+00:00,625191936.0,120243.0,0.066,,,5.032742,0.242432366494985,,Healthcare,Health Information Services
CTGO,2026-09-09T14:16:17.048836+00:00,671656256.0,496100.0,,-0.887,-0.699,5.722222,0.5517386109036593,1.5,Basic Materials,Gold
CTO,2026-09-09T14:16:17.568300+00:00,805191360.0,368716.0,0.165,,,34.645325,0.14524606496245362,,Real Estate,REIT - Diversified
CTOS,2026-09-09T14:16:18.100862+00:00,2124901760.0,1074238.0,0.102,,,30.129032,0.427551391862955,,Industrials,Rental & Leasing Services
CTRE,2026-09-09T14:16:18.673131+00:00,9265055744.0,2617091.0,0.032,0.05,0.06,22.202717,0.15159015557255806,1.30769,Real Estate,REIT - Healthcare Facilities
CTRI,2026-09-09T14:16:19.249538+00:00,2081858304.0,1716904.0,0.329,-0.333,-0.243,21.834663,0.43873278370514046,2.42857,Utilities,Utilities - Regulated Gas
CTS,2026-09-09T14:16:19.875437+00:00,1610283904.0,264925.0,0.07,0.065,0.034,19.51211,0.1704202872849796,1.0,Technology,Electronic Components
CTVA,2026-09-09T14:16:20.444109+00:00,56871788544.0,4571479.0,-0.012,-0.099,-0.116,20.6842,0.08047864852182074,1.80952,Basic Materials,Agricultural Inputs
CUBE,2026-09-09T14:16:21.051783+00:00,8892433408.0,2048940.0,0.015,0.083,0.08,24.990139,0.12161130202367332,2.33333,Real Estate,REIT - Industrial
CUBI,2026-09-09T14:16:21.705311+00:00,2617061888.0,288233.0,0.101,0.185,0.174,8.062518,0.21462479829600456,2.3,Financial Services,Banks - Regional
CURB,2026-09-09T14:16:22.323204+00:00,3405700608.0,1434700.0,0.529,-0.386,-0.335,109.64814,0.1428248606654281,1.8,Real Estate,REIT - Retail
CUZ,2026-09-09T14:16:22.856006+00:00,4655653376.0,1566717.0,0.116,0.844,0.806,70.7,0.1926191654879772,1.36364,Real Estate,REIT - Office
CVE,2026-09-09T14:16:23.496331+00:00,61496352768.0,7445167.0,0.415,2.391,2.373,12.685605,0.10256410256410264,1.44444,Energy,Oil & Gas Integrated
CVEO,2026-09-09T14:16:24.121762+00:00,349075744.0,147543.0,0.106,,,129.88463,0.25357802783535655,,Consumer Cyclical,Lodging
CVI,2026-09-09T14:16:24.727173+00:00,4531919872.0,1028032.0,0.555,,,20.59708,-0.30346051464063883,,Energy,Oil & Gas Refining & Marketing
CVLG,2026-09-09T14:16:25.277714+00:00,891521344.0,203804.0,0.099,-0.111,-0.133,12.868133,0.47309991460290335,,Industrials,Trucking
CVNA,2026-09-09T14:16:25.895261+00:00,82558386176.0,10047782.0,0.524,0.615,0.694,32.925453,0.11405746509129955,2.0,Consumer Cyclical,Auto & Truck Dealerships
CVS,2026-09-09T14:16:26.459631+00:00,119711621120.0,7817877.0,0.071,1.888,1.918,10.9800005,0.23974358974358978,1.44444,Healthcare,Healthcare Plans
CVSA,2026-09-09T14:16:27.100685+00:00,4216048384.0,362511.0,0.097,0.432,0.323,12.37981,0.2877442273534636,1.75,Consumer Defensive,Education & Training Services
CVX,2026-09-09T14:16:27.693659+00:00,418154971136.0,8479520.0,0.535,3.219,3.848,15.823377,0.037708542477834506,1.72,Energy,Oil & Gas Integrated
CWEN,2026-09-09T14:16:28.296039+00:00,8003338240.0,1342900.0,0.227,2.966,3.067,19.816673,0.2966693374422187,1.38462,Utilities,Utilities - Renewable
CWH,2026-09-09T14:16:28.918636+00:00,405562816.0,2096748.0,-0.021,-0.129,-0.111,7.3282127,0.7221136292099466,1.46154,Consumer Cyclical,Auto & Truck Dealerships
CWK,2026-09-09T14:16:29.484553+00:00,3068881664.0,2022738.0,0.112,-0.112,-0.08,7.601214,0.3558141491395794,2.08333,Real Estate,Real Estate Services
CWT,2026-09-09T14:16:30.083920+00:00,3062890496.0,535729.0,0.165,0.314,0.339,18.010908,0.11716797900262454,,Utilities,Utilities - Regulated Water
CX,2026-09-09T14:16:30.690683+00:00,15865262080.0,5855846.0,0.122,0.0,0.09,11.951087,0.3412160072760346,2.0,Basic Materials,Building Materials
CXM,2026-09-09T14:16:31.401994+00:00,1267887744.0,3655159.0,0.008,-0.395,-0.436,10.299887,0.5450466947445523,2.55556,Technology,Software - Application
CXT,2026-09-09T14:16:31.966168+00:00,2873172480.0,804891.0,0.22,0.419,0.422,10.621569,0.4057231293198438,1.5,Industrials,Business Equipment & Supplies
CXW,2026-09-09T14:16:32.493307+00:00,3448415744.0,1469764.0,0.273,0.057,-0.036,15.316229,0.19873817034700325,,Industrials,Security & Protection Services
CYD,2026-09-09T14:16:33.095574+00:00,,157932.0,0.062,0.519,0.533,9.342371,0.8393729425933361,,Consumer Cyclical,Auto Manufacturers
D,2026-09-09T14:16:33.653506+00:00,58215825408.0,4758958.0,0.176,-0.58,-0.553,17.348072,0.0850306692853906,2.66667,Utilities,Utilities - Regulated Electric
DAC,2026-09-09T14:16:34.281721+00:00,,107170.0,0.047,0.169,0.16,6.277551,0.06957087126137829,,Industrials,Marine Shipping
DAL,2026-09-09T14:16:34.958541+00:00,51925913600.0,6491303.0,0.187,-0.254,-0.247,9.133423,0.33216185410334353,1.32,Industrials,Airlines
DAN,2026-09-09T14:16:35.627041+00:00,3341708032.0,1723283.0,0.039,,,7.628861,0.20490511371867304,,Consumer Cyclical,Auto Parts
DAR,2026-09-09T14:16:36.088040+00:00,10615401472.0,2474361.0,0.164,29.14,29.591,11.728154,0.18304340716515544,1.25,Consumer Defensive,Packaged Foods
DB,2026-09-09T14:16:36.671491+00:00,76306194432.0,2122403.0,0.087,0.188,0.097,8.49237,-0.0027086924402855983,,Financial Services,Banks - Regional
DBD,2026-09-09T14:16:37.368928+00:00,2242851072.0,295459.0,0.017,0.342,0.27,9.411681,0.4883204177387621,,Technology,Software - Application
DBI,2026-09-09T14:16:37.901667+00:00,267595216.0,585995.0,0.014,,,8.991026,0.32827324478178377,3.0,Consumer Cyclical,Footwear & Accessories
DBRG,2026-09-09T14:16:38.503354+00:00,2985862400.0,3374608.0,,10.993,6.189,39.8125,0.0047095761381474865,,Financial Services,Asset Management
DC,2026-09-09T14:16:39.254649+00:00,808392320.0,1542264.0,,,,-26.957495,1.0069161825726143,1.16667,Basic Materials,Gold
DCH,2026-09-09T14:16:39.793786+00:00,1645411968.0,3348017.0,0.924,-0.988,-0.975,5.995152,0.35679855595667864,,Consumer Cyclical,Auto Parts
DCI,2026-09-09T14:16:40.294766+00:00,,720216.0,0.08,0.14,0.131,18.501158,0.10913140311804015,2.625,Industrials,Specialty Industrial Machinery
DCO,2026-09-09T14:16:40.849899+00:00,2538121728.0,273035.0,0.118,0.56,0.599,31.344343,0.26122910345648154,,Industrials,Aerospace & Defense
DCOM,2026-09-09T14:16:41.478995+00:00,1793640832.0,320124.0,0.12,0.176,0.172,9.329351,0.1275233874938455,,Financial Services,Banks - Regional
DD,2026-09-09T14:16:42.085209+00:00,17654167552.0,1481915.0,0.04,1.496,1.424,16.413551,0.30039011703511065,1.52941,Basic Materials,Specialty Chemicals
DDD,2026-09-09T14:16:42.706695+00:00,547454464.0,3242651.0,-0.003,,,-26.36,0.6691957511380882,,Technology,Computer Hardware
DDS,2026-09-09T14:16:43.355841+00:00,9865011200.0,139904.0,-0.004,0.341,0.341,18.306812,-0.13603600465495547,,Consumer Cyclical,Department Stores
DE,2026-09-09T14:16:43.857966+00:00,184205377536.0,1221175.0,-0.111,-0.085,-0.098,30.115751,0.0029274433173787084,2.0,Industrials,Farm & Heavy Construction Machinery
DEA,2026-09-09T14:16:44.483977+00:00,1188390784.0,387093.0,0.092,-0.313,-0.251,93.26923,0.0633282474226804,2.71429,Real Estate,REIT - Office
DEC,2026-09-09T14:16:45.144548+00:00,1054291904.0,1017587.0,0.247,-0.098,-0.171,4.258609,0.3843381389252949,1.2,Energy,Oil & Gas Integrated
DECK,2026-09-09T14:16:45.746187+00:00,11169635328.0,2400293.0,0.057,0.011,-0.066,9.851519,0.49731187515240194,2.34615,Consumer Cyclical,Footwear & Accessories
DEI,2026-09-09T14:16:46.384588+00:00,2219929600.0,1848782.0,0.016,,,-94.214035,0.19565217391304346,2.91667,Real Estate,REIT - Office
DELL,2026-09-09T14:16:46.884017+00:00,360305164288.0,7573603.0,0.577,2.729,2.551,19.492832,0.012254292759470875,1.82143,Technology,Computer Hardware
DEO,2026-09-09T14:16:47.503072+00:00,48441139200.0,1120662.0,-0.017,,,12.646382,0.21971347224405813,2.25,Consumer Defensive,Beverages - Wineries & Distilleries
DFH,2026-09-09T14:16:48.094939+00:00,1203211776.0,653246.0,-0.076,-0.52,-0.51,11.21519,,,Consumer Cyclical,Residential Construction
DFIN,2026-09-09T14:16:48.655056+00:00,1199889664.0,277809.0,0.028,0.125,0.008,8.938644,0.3113410511218113,,Technology,Software - Application
DG,2026-09-09T14:16:49.295198+00:00,27936702464.0,2585998.0,0.052,0.333,0.338,15.349891,0.09714151464897736,2.5,Consumer Defensive,Discount Stores
DGP,2026-09-09T14:16:49.865179+00:00,,151648.0,,,,,,,,
DGX,2026-09-09T14:16:50.514079+00:00,25853855744.0,956990.0,0.102,0.15,0.135,19.426575,0.053335638661202056,2.11765,Healthcare,Diagnostics & Research
DHI,2026-09-09T14:16:51.132538+00:00,39162376192.0,2293188.0,0.0,-0.048,-0.117,11.928901,0.16356583223226107,2.61111,Consumer Cyclical,Residential Construction
DHR,2026-09-09T14:16:51.670783+00:00,142790524928.0,4624200.0,0.055,0.597,0.568,21.845839,0.1278404883812525,1.5,Healthcare,Diagnostics & Research
DHT,2026-09-09T14:16:52.280426+00:00,3378691328.0,3396803.0,0.955,2.523,2.535,11.143313,-0.020917680744452216,2.16667,Energy,Oil & Gas Midstream
DIN,2026-09-09T14:16:52.854696+00:00,382053152.0,290354.0,0.044,-0.605,-0.688,6.377853,0.2094102054340623,,Consumer Cyclical,Restaurants
DINO,2026-09-09T14:16:53.457999+00:00,18962425856.0,2653820.0,0.532,3.502,3.288,10.625538,-0.11931998874929683,2.625,Energy,Oil & Gas Refining & Marketing
DIS,2026-09-09T14:16:54.112834+00:00,179868958720.0,10401291.0,0.068,-0.483,-0.499,13.936326,0.2305196313717961,1.4375,Communication Services,Entertainment
DK,2026-09-09T14:16:54.739879+00:00,4508831232.0,1401669.0,0.478,,,15.825036,-0.09916031778366263,2.16667,Energy,Oil & Gas Refining & Marketing
DKS,2026-09-09T14:16:55.260628+00:00,11894815744.0,2521172.0,0.532,-0.257,-0.173,9.959731,0.22285855263157894,2.22222,Consumer Cyclical,Specialty Retail
DLB,2026-09-09T14:16:55.896976+00:00,5808869888.0,949967.0,-0.033,-0.375,-0.379,13.491287,0.2738853503184713,1.75,Industrials,Specialty Business Services
DLR,2026-09-09T14:16:56.455921+00:00,71514857472.0,2968753.0,0.299,-0.587,-0.561,65.49345,0.17934714186433132,1.45455,Real Estate,REIT - Specialty
DLX,2026-09-09T14:16:57.132199+00:00,1074284416.0,438477.0,-0.042,-0.177,-0.147,5.737278,0.39439070823657985,,Industrials,Conglomerates
DLY,2026-09-09T14:16:57.685519+00:00,672265920.0,173437.0,,,,,,,Financial Services,Asset Management
DMC,2026-09-09T14:16:58.293441+00:00,1545688704.0,431474.0,0.031,-0.627,-0.627,10.407936,0.5860912002440142,,Consumer Defensive,Farm Products
DNA,2026-09-09T14:16:58.871837+00:00,463301120.0,1109898.0,-0.485,,,-2.3724139,0.01744186046511631,4.0,Healthcare,Biotechnology
DNN,2026-09-09T14:16:59.475751+00:00,3046191872.0,25452272.0,-0.436,1.828,1.045,-85.55685,0.42626419019316497,1.0,Energy,Uranium
DNOW,2026-09-09T14:17:00.051084+00:00,2950425600.0,2651169.0,1.081,,,19.854013,0.14889705882352944,1.0,Industrials,Industrial Distribution
DNP,2026-09-09T14:17:00.743830+00:00,4058718464.0,620587.0,0.043,0.959,0.991,,,,Financial Services,Asset Management
DOC,2026-09-09T14:17:01.739566+00:00,14466069504.0,5855685.0,0.111,0.682,0.668,145.75,0.12975398186718934,2.40909,Real Estate,REIT - Healthcare Facilities
DOCN,2026-09-09T14:17:02.093351+00:00,15613976576.0,3206690.0,0.286,-0.245,-0.043,72.107315,0.31932678188184793,1.52941,Technology,Software - Infrastructure
DOCS,2026-09-09T14:17:02.512870+00:00,4338507264.0,4665351.0,0.073,-0.519,-0.544,15.709712,0.23025636811832384,2.61905,Healthcare,Health Information Services
DOLE,2026-09-09T14:17:03.145198+00:00,1322423296.0,1052859.0,0.029,1.831,1.607,9.445101,0.2455357142857142,,Consumer Defensive,Farm Products
DOV,2026-09-09T14:17:03.773114+00:00,25966348288.0,1169462.0,0.069,0.141,0.119,16.55821,0.2805440352697095,,Industrials,Specialty Industrial Machinery
DOW,2026-09-09T14:17:04.397924+00:00,21005668352.0,10521335.0,0.197,,,15.840333,0.1934457250989161,2.44444,Basic Materials,Chemicals
DRI,2026-09-09T14:17:04.927661+00:00,24035086336.0,1306217.0,0.137,0.36,0.333,17.08639,0.09143302548598142,1.92857,Consumer Cyclical,Restaurants
DSL,2026-09-09T14:17:05.495325+00:00,1204268288.0,535585.0,,,,,,,Financial Services,Asset Management
DT,2026-09-09T14:17:06.321354+00:00,14554978304.0,5897924.0,0.162,-0.249,-0.236,21.813074,0.17405363908275184,1.69444,Technology,Software - Application
DTE,2026-09-09T14:17:07.156021+00:00,28434194432.0,1295672.0,-0.015,0.224,0.231,16.334839,0.14791723078048946,1.94118,Utilities,Utilities - Regulated Electric
DTM,2026-09-09T14:17:07.344837+00:00,13406850048.0,860656.0,0.11,0.048,0.047,26.830702,0.17485922994977954,2.2,Energy,Oil & Gas Midstream
DUK,2026-09-09T14:17:07.973693+00:00,94273798144.0,4031919.0,0.011,0.106,0.11,16.857866,0.13537168141592937,,Utilities,Utilities - Regulated Electric
DV,2026-09-09T14:17:08.525727+00:00,2068309376.0,3611385.0,0.025,0.6,0.475,11.514038,0.010116148370176159,,Communication Services,Advertising Agencies
DVA,2026-09-09T14:17:09.185557+00:00,11587994624.0,830598.0,0.052,0.558,0.331,10.529044,0.2026018278918682,2.28571,Healthcare,Medical Care Facilities
DVN,2026-09-09T14:17:09.714669+00:00,53855997952.0,12012940.0,0.642,0.44,1.126,9.025268,0.2217077205882354,1.32143,Energy,Oil & Gas E&P
DX,2026-09-09T14:17:10.351767+00:00,3216243200.0,5308711.0,,,,8.265095,0.1381172839506173,,Real Estate,REIT - Mortgage
DXC,2026-09-09T14:17:10.960911+00:00,1761559936.0,4342098.0,-0.051,7.263,6.625,3.7277474,0.01716916099773247,,Technology,Information Technology Services
DXYZ,2026-09-09T14:17:11.568720+00:00,1038422144.0,1939301.0,,,,,,,Financial Services,Asset Management
DY,2026-09-09T14:17:12.166939+00:00,9044667392.0,606924.0,0.456,0.144,0.186,14.508018,0.7352395958383353,1.09091,Industrials,Engineering & Construction
E,2026-09-09T14:17:13.304780+00:00,80130736128.0,422787.0,0.185,5.806,5.112,9.018664,-0.003955411722401991,2.8,Energy,Oil & Gas Integrated
EAF,2026-09-09T14:17:13.673902+00:00,159423120.0,359314.0,-0.034,,,-1.4209301,0.1865793780687397,2.75,Industrials,Electrical Equipment & Parts
EAT,2026-09-09T14:17:14.082462+00:00,9159066624.0,1018590.0,0.051,0.294,0.225,15.128876,0.21599024167806635,1.73913,Consumer Cyclical,Restaurants
EBF,2026-09-09T14:17:15.031345+00:00,,156280.0,0.015,0.032,0.008,13.142857,0.13421550094517953,,Industrials,Specialty Business Services
EBS,2026-09-09T14:17:15.282765+00:00,299692640.0,1086933.0,0.663,,,5.5856576,0.881950384944397,2.0,Healthcare,Drug Manufacturers - Specialty & Generic
ECAT,2026-09-09T14:17:15.893500+00:00,1509938816.0,490579.0,,,,,,,Financial Services,Asset Management
ECC,2026-09-09T14:17:16.545216+00:00,519406976.0,939830.0,-0.218,0.137,0.234,5.138158,1.1766965428937262,,Financial Services,Asset Management
ECG,2026-09-09T14:17:17.157624+00:00,6065274368.0,601688.0,0.337,0.592,0.588,19.755611,0.4811074644450055,,Industrials,Engineering & Construction
ECL,2026-09-09T14:17:17.723150+00:00,76850683904.0,1449296.0,0.097,0.033,0.02,29.109364,0.18533039085155667,1.54167,Basic Materials,Specialty Chemicals
ECO,2026-09-09T14:17:18.359006+00:00,2766509312.0,500722.0,2.394,6.063,7.566,11.948567,0.058499753016724165,,Industrials,Marine Shipping
ECVT,2026-09-09T14:17:18.899590+00:00,1123145856.0,1504145.0,0.42,0.489,0.314,11.707786,0.4782329434697856,1.5,Basic Materials,Specialty Chemicals
ED,2026-09-09T14:17:19.524828+00:00,40083877888.0,2285506.0,0.132,0.221,0.252,16.700592,0.017495502145130626,3.33333,Utilities,Utilities - Regulated Electric
EDU,2026-09-09T14:17:20.153195+00:00,,740462.0,0.23,7.914,7.758,11.155587,0.3081347795163585,1.55,Consumer Defensive,Education & Training Services
EE,2026-09-09T14:17:20.720664+00:00,4473713152.0,354761.0,0.61,1.467,1.554,17.60532,0.10558631178707212,1.69231,Energy,Oil & Gas Midstream
EFC,2026-09-09T14:17:21.312002+00:00,1759079808.0,1218022.0,0.338,-0.033,0.173,6.7741838,0.10915565509518466,,Real Estate,REIT - Mortgage
EFOR,2026-09-09T14:17:21.893637+00:00,1231844992.0,945409.0,-0.013,-0.482,-0.515,6.981446,-0.08470627392244967,2.71429,Technology,Information Technology Services
EFX,2026-09-09T14:17:22.599344+00:00,19924262912.0,1604770.0,0.106,0.007,-0.039,16.672876,0.26748263458930355,1.70833,Industrials,Consulting Services
EFXT,2026-09-09T14:17:23.344590+00:00,2801650432.0,606238.0,-0.054,-0.495,-0.5,12.126289,0.318370015253868,1.66667,Energy,Oil & Gas Equipment & Services
EG,2026-09-09T14:17:23.709190+00:00,14085200896.0,368545.0,-0.113,-0.115,-0.178,6.147914,0.11192808273528865,,Financial Services,Insurance - Reinsurance
EGO,2026-09-09T14:17:24.354625+00:00,11679086592.0,2764379.0,0.079,0.022,0.252,8.31546,-0.058359312192943213,,Basic Materials,Gold
EGP,2026-09-09T14:17:24.916002+00:00,10707342336.0,430570.0,0.091,0.167,0.193,35.856415,0.14980916030534353,1.8,Real Estate,REIT - Industrial
EGY,2026-09-09T14:17:25.505214+00:00,647455424.0,1322217.0,0.395,3.896,4.065,33.091396,0.6057400487408611,,Energy,Oil & Gas E&P
EHC,2026-09-09T14:17:26.075275+00:00,11774775296.0,1005054.0,0.096,0.108,0.083,17.872868,0.24139474676385575,,Healthcare,Medical Care Facilities
EIG,2026-09-09T14:17:26.698701+00:00,878627904.0,220580.0,-0.106,0.293,-0.02,19.184313,0.10384300899427634,,Financial Services,Insurance - Specialty
EIX,2026-09-09T14:17:27.451975+00:00,22661695488.0,3931712.0,-0.041,0.551,0.557,9.051978,0.15833401256580082,3.0,Utilities,Utilities - Regulated Electric
EL,2026-09-09T14:17:27.870887+00:00,35649822720.0,3169053.0,0.063,,,25.1781,0.08628446744811491,2.34483,Consumer Defensive,Household & Personal Products
ELAN,2026-09-09T14:17:28.458236+00:00,11891894272.0,5981516.0,0.102,4.405,3.909,18.606504,0.3109739605207895,1.47059,Healthcare,Drug Manufacturers - Specialty & Generic
ELF,2026-09-09T14:17:29.099626+00:00,6003473408.0,2673388.0,0.355,0.931,0.999,26.59299,-0.031231570670336106,1.72222,Consumer Defensive,Household & Personal Products
ELMD,2026-09-09T14:17:29.716597+00:00,231993696.0,104950.0,0.116,0.49,0.543,45.459015,0.7490082942661378,1.0,Healthcare,Medical Devices
ELS,2026-09-09T14:17:30.295997+00:00,12332424192.0,1487995.0,0.064,0.191,0.208,28.270363,0.1483876107633526,1.89474,Real Estate,REIT - Residential
ELV,2026-09-09T14:17:30.895965+00:00,85583134720.0,1355953.0,0.014,-0.131,-0.161,13.329637,0.13801598966120165,,Healthcare,Healthcare Plans
EMA,2026-09-09T14:17:31.491596+00:00,15557148672.0,487550.0,0.012,-0.244,-0.195,19.389565,0.23395853899308983,2.71429,Utilities,Utilities - Regulated Electric
EMBJ,2026-09-09T14:17:32.492789+00:00,13416271872.0,1181809.0,0.104,1.139,1.416,18.96642,0.21501525401246835,1.46667,Industrials,Aerospace & Defense
EME,2026-09-09T14:17:32.748042+00:00,33626742784.0,438398.0,0.198,0.348,0.336,20.744516,0.355413332633733,1.6,Industrials,Engineering & Construction
EMN,2026-09-09T14:17:33.352173+00:00,7914260480.0,1127166.0,0.099,0.325,0.307,9.986309,0.17876489707475618,,Basic Materials,Specialty Chemicals
EMO,2026-09-09T14:17:33.871497+00:00,,41662.0,,,,,,,Financial Services,Asset Management
EMR,2026-09-09T14:17:34.632001+00:00,84607098880.0,2716912.0,0.07,0.23,0.225,20.937002,0.1327428797468353,1.93103,Industrials,Specialty Industrial Machinery
ENB,2026-09-09T14:17:35.069051+00:00,110296317952.0,4476991.0,0.971,-0.36,-0.341,21.829153,0.05490308910891106,2.3913,Energy,Oil & Gas Midstream
ENOV,2026-09-09T14:17:35.738642+00:00,1126856192.0,1280022.0,0.032,,,5.291924,0.9617976550545293,1.30769,Healthcare,Medical Devices
ENR,2026-09-09T14:17:36.331840+00:00,1414871936.0,1034956.0,0.012,-0.728,-0.74,6.1134205,0.08099370764762837,2.66667,Industrials,Electrical Equipment & Parts
ENS,2026-09-09T14:17:36.886829+00:00,6451707904.0,551474.0,0.048,1.116,1.027,12.593453,0.4119514785622451,,Industrials,Electrical Equipment & Parts
ENVA,2026-09-09T14:17:37.472642+00:00,5586699264.0,375606.0,0.311,0.399,0.38,10.896204,0.2351489726584488,1.28571,Financial Services,Credit Services
EOG,2026-09-09T14:17:38.104608+00:00,77132021760.0,3364446.0,0.587,1.094,1.025,10.205329,0.08730969058143478,2.32258,Energy,Oil & Gas E&P
EOS,2026-09-09T14:17:38.688027+00:00,1146294400.0,120669.0,0.169,-0.519,-0.517,,,,Financial Services,Asset Management
EPAC,2026-09-09T14:17:39.333240+00:00,1903494272.0,474770.0,0.056,0.422,0.352,17.927233,0.2997527761906953,,Industrials,Specialty Industrial Machinery
EPAM,2026-09-09T14:17:40.222436+00:00,5914447360.0,1607353.0,0.045,0.263,0.17,8.153417,0.07129114696903627,2.21053,Technology,Information Technology Services
EPC,2026-09-09T14:17:40.478716+00:00,1260070912.0,780895.0,0.017,-0.534,-0.529,13.584958,0.17654242867593273,2.28571,Consumer Defensive,Household & Personal Products
EPD,2026-09-09T14:17:41.096905+00:00,84716290048.0,2962680.0,0.608,0.285,0.282,12.389269,0.056447616619933916,2.25,Energy,Oil & Gas Midstream
EPM,2026-09-09T14:17:41.733178+00:00,133194168.0,457340.0,-0.106,,,74.1,0.3157894736842104,1.5,Energy,Oil & Gas E&P
EPR,2026-09-09T14:17:42.290569+00:00,4599216640.0,700643.0,0.106,-0.132,-0.112,18.878931,0.07740184892146251,2.5,Real Estate,REIT - Specialty
EPRT,2026-09-09T14:17:42.906903+00:00,6443074048.0,1741429.0,0.181,0.075,0.175,21.221992,0.24736223904256427,1.25,Real Estate,REIT - Retail
EQBK,2026-09-09T14:17:43.625582+00:00,1034360768.0,132450.0,0.381,0.477,0.732,9.197225,0.1290919769062313,2.28571,Financial Services,Banks - Regional
EQH,2026-09-09T14:17:44.083704+00:00,14137451520.0,3096222.0,-0.298,,,5.7444324,0.1979724098012734,1.33333,Financial Services,Asset Management
EQNR,2026-09-09T14:17:44.784609+00:00,106168287232.0,3479154.0,0.374,2.98,2.692,11.532664,-0.20334383378016085,3.33333,Energy,Oil & Gas Integrated
EQT,2026-09-09T14:17:45.341999+00:00,34043709440.0,7240617.0,-0.039,-0.74,-0.73,13.828192,0.23913642627469,1.48,Energy,Oil & Gas E&P
EQX,2026-09-09T14:17:45.923745+00:00,15101093888.0,13836653.0,1.693,4.517,8.671,8.602229,0.005025125628140614,1.45455,Basic Materials,Gold
ERO,2026-09-09T14:17:46.601925+00:00,3944725504.0,1326677.0,0.739,0.25,0.269,8.060287,0.059404283447911155,2.27778,Basic Materials,Copper
ES,2026-09-09T14:17:47.077195+00:00,26743908352.0,2340645.0,0.023,-0.854,-0.848,14.441256,0.03638492957746475,2.75,Utilities,Utilities - Regulated Electric
ESAB,2026-09-09T14:17:48.226236+00:00,4560158720.0,770001.0,0.129,-0.541,-0.516,11.2418585,0.7874617795339962,,Industrials,Metal Fabrication
ESE,2026-09-09T14:17:48.707644+00:00,6967581184.0,235175.0,0.144,0.248,0.256,29.15146,0.45292630326466865,,Technology,Scientific & Technical Instruments
ESI,2026-09-09T14:17:49.251282+00:00,8755814400.0,5203496.0,0.564,0.619,0.631,17.083248,0.31366546061786815,1.3,Basic Materials,Specialty Chemicals
ESNT,2026-09-09T14:17:49.677754+00:00,6154742784.0,696269.0,0.136,0.078,-0.029,8.717903,0.09103811331775713,,Financial Services,Insurance - Specialty
ESRT,2026-09-09T14:17:50.347089+00:00,1343326592.0,2189137.0,0.032,,,73.083336,0.34549600912200695,2.66667,Real Estate,REIT - Diversified
ESS,2026-09-09T14:17:50.958523+00:00,19006865408.0,477729.0,0.031,-0.718,-0.718,43.76917,0.10423240126210431,2.57692,Real Estate,REIT - Residential
ESTC,2026-09-09T14:17:51.447874+00:00,9261280256.0,2284100.0,0.151,,,22.431993,0.21519453576692005,1.93333,Technology,Software - Application
ETD,2026-09-09T14:17:52.008661+00:00,551430784.0,634996.0,-0.085,-0.037,-0.042,17.504,0.005484460694698434,,Consumer Cyclical,"Furnishings, Fixtures & Appliances"
ETG,2026-09-09T14:17:52.695795+00:00,1798907264.0,91643.0,-0.035,183.616,183.614,,,,Financial Services,Asset Management
ETN,2026-09-09T14:17:53.203731+00:00,162273476608.0,2235014.0,0.214,-0.159,-0.164,25.89764,0.14449716239759747,1.51852,Industrials,Specialty Industrial Machinery
ETR,2026-09-09T14:17:53.939904+00:00,51719409664.0,2735646.0,0.059,-0.019,0.031,21.217087,0.13648960739030036,1.73913,Utilities,Utilities - Regulated Electric
ETSY,2026-09-09T14:17:54.437745+00:00,6544955904.0,2967151.0,0.062,,,10.346643,0.22056457719814881,2.51613,Consumer Cyclical,Internet Retail
ETV,2026-09-09T14:17:54.984986+00:00,1784593536.0,151396.0,-0.061,4.644,4.644,,,,Financial Services,Asset Management
ETW,2026-09-09T14:17:55.586994+00:00,1063172288.0,262879.0,-0.014,0.596,0.596,,,,Financial Services,Asset Management
ETY,2026-09-09T14:17:56.305173+00:00,,259770.0,0.021,,,,,,Financial Services,Asset Management
EVC,2026-09-09T14:17:56.851600+00:00,783527680.0,1754445.0,1.262,,,-44.68421,,,Communication Services,Advertising Agencies
EVH,2026-09-09T14:17:57.826030+00:00,466833280.0,3049638.0,0.469,,,10.560358,0.39721246760795337,1.66667,Healthcare,Health Information Services
EVMN,2026-09-09T14:17:58.035514+00:00,406471648.0,807496.0,,,,-3.3064976,1.4665178571428572,1.72727,Healthcare,Biotechnology
EVR,2026-09-09T14:17:58.628348+00:00,11174868992.0,475096.0,0.188,-0.017,-0.02,12.866804,0.2523444893745159,,Financial Services,Capital Markets
EVT,2026-09-09T14:17:59.269854+00:00,2154659328.0,95272.0,-0.127,,,,,,Financial Services,Asset Management
EVTC,2026-09-09T14:17:59.802582+00:00,1709221504.0,496580.0,0.197,-0.857,-0.866,6.533298,0.24453766823981815,,Technology,Software - Infrastructure
EVV,2026-09-09T14:18:00.408565+00:00,,412240.0,-0.034,-0.855,-0.855,,,,Financial Services,Asset Management
EW,2026-09-09T14:18:01.153622+00:00,49994055680.0,4221487.0,0.136,-0.254,-0.274,25.680237,0.16402305874214562,1.62069,Healthcare,Medical Devices
EXG,2026-09-09T14:18:01.615325+00:00,,411843.0,,,,,,,Financial Services,Asset Management
EXK,2026-09-09T14:18:02.235339+00:00,3328663808.0,7589456.0,1.394,,,9.215229,0.37777777777777777,,Basic Materials,Silver
EXP,2026-09-09T14:18:02.859611+00:00,5767571456.0,444348.0,0.026,-0.125,-0.172,13.1635895,0.19827741637986196,2.81818,Basic Materials,Building Materials
EXPD,2026-09-09T14:18:03.459694+00:00,24134060032.0,1131698.0,0.321,0.515,0.45,23.419447,-0.04279704836798437,,Industrials,Integrated Freight & Logistics
F,2026-09-09T14:18:04.061923+00:00,56205164544.0,49396909.0,-0.038,,,7.35893,0.12477332387371409,2.47619,Consumer Cyclical,Auto Manufacturers
FAF,2026-09-09T14:18:04.612131+00:00,7309849600.0,847927.0,0.15,0.504,0.496,9.6902685,0.22448034080592216,,Financial Services,Insurance - Specialty
FBIN,2026-09-09T14:18:05.273520+00:00,4975394304.0,2551861.0,-0.041,,,12.081374,0.3730643629876855,,Industrials,Building Products & Equipment
FBK,2026-09-09T14:18:05.794053+00:00,2778534656.0,367962.0,1.302,17.834,19.161,10.813519,0.19334022843780918,1.25,Financial Services,Banks - Regional
FBP,2026-09-09T14:18:06.408566+00:00,4263261440.0,1441462.0,0.094,0.244,0.199,10.95906,0.13569525514771708,,Financial Services,Banks - Regional
FBRT,2026-09-09T14:18:07.003961+00:00,690522624.0,1457966.0,0.142,-0.368,-0.329,7.1068373,0.5333734215273602,,Real Estate,REIT - Mortgage
FCF,2026-09-09T14:18:07.716427+00:00,2130258944.0,779138.0,0.096,0.375,0.335,10.718626,0.14247296015180266,,Financial Services,Banks - Regional
FCN,2026-09-09T14:18:08.301120+00:00,4145187840.0,440225.0,0.053,-0.066,-0.194,13.730949,0.16902581182348042,,Industrials,Consulting Services
FCPT,2026-09-09T14:18:08.791557+00:00,2709336832.0,798119.0,0.069,0.006,0.056,21.498493,0.14779542232124787,2.33333,Real Estate,REIT - Retail
FCX,2026-09-09T14:18:09.587221+00:00,109237854208.0,14697191.0,-0.073,0.281,0.275,18.394924,-0.052905876166688515,1.78261,Basic Materials,Copper
FDS,2026-09-09T14:18:10.033114+00:00,10049934336.0,939840.0,0.064,-0.096,-0.147,14.336814,-0.07568787047686454,3.33333,Financial Services,Financial Data & Stock Exchanges
FDX,2026-09-09T14:18:10.611678+00:00,73660710912.0,1798219.0,0.125,-0.043,-0.031,15.002644,0.13760430539379076,1.82143,Industrials,Integrated Freight & Logistics
FE,2026-09-09T14:18:11.345631+00:00,26791028736.0,4256464.0,0.088,0.083,0.075,15.698108,0.14830820734341277,,Utilities,Utilities - Regulated Electric
FERG,2026-09-09T14:18:11.815081+00:00,43262799872.0,2324383.0,0.046,0.069,0.05,17.82121,0.28972906745366345,1.82609,Industrials,Industrial Distribution
FET,2026-09-09T14:18:12.398939+00:00,941851264.0,194859.0,0.132,0.721,0.611,16.55141,0.10847189231987331,,Energy,Oil & Gas Equipment & Services
FF,2026-09-09T14:18:13.086194+00:00,236861936.0,407456.0,1.207,,,6.75,,,Basic Materials,Specialty Chemicals
FG,2026-09-09T14:18:13.621952+00:00,3137862400.0,640116.0,0.042,,,4.9392,0.12664302107239722,3.0,Financial Services,Insurance - Life
FHI,2026-09-09T14:18:14.211592+00:00,4537851904.0,578901.0,0.183,0.193,0.146,10.357873,0.005970055939453767,,Financial Services,Asset Management
FHN,2026-09-09T14:18:14.839841+00:00,11664394240.0,5042301.0,0.09,0.2,0.12,10.657547,0.14541023558082844,2.35,Financial Services,Banks - Regional
FICO,2026-09-09T14:18:15.465850+00:00,20085831680.0,332014.0,0.257,0.412,0.305,17.528006,0.574019781045491,2.0,Technology,Software - Application
FIG,2026-09-09T14:18:15.984892+00:00,11843478528.0,20653764.0,0.482,,,62.445545,0.38613861386138626,2.35714,Technology,Software - Application
FIGS,2026-09-09T14:18:16.611791+00:00,2271967744.0,3088043.0,0.288,2.75,2.998,37.491432,0.36197440585009133,2.0,Consumer Cyclical,Apparel Manufacturing
FIS,2026-09-09T14:18:17.319745+00:00,20040333312.0,6106045.0,0.291,,,5.7991605,0.29562094698919195,2.25,Technology,Information Technology Services
FITB,2026-09-09T14:18:17.813230+00:00,49289609216.0,6155745.0,0.518,-0.057,0.275,11.000867,0.15731370745170192,1.7619,Financial Services,Banks - Regional
FIX,2026-09-09T14:18:18.526346+00:00,57733480448.0,479567.0,0.01,0.388,0.382,27.259247,0.3392911571426829,1.2,Industrials,Engineering & Construction
FLG,2026-09-09T14:18:19.103935+00:00,5535262720.0,4653069.0,0.153,,,9.848306,0.22852268466441683,1.88889,Financial Services,Banks - Regional
FLNG,2026-09-09T14:18:20.005791+00:00,1686492032.0,386398.0,0.242,1.591,1.531,14.443287,-0.16206940791583813,4.2,Energy,Oil & Gas Midstream
FLO,2026-09-09T14:18:20.211769+00:00,1319657856.0,6738800.0,0.068,,,8.713728,0.26907630522088377,2.8,Consumer Defensive,Packaged Foods
FLOC,2026-09-09T14:18:20.912164+00:00,2304837376.0,639154.0,0.221,0.333,1.288,12.820436,0.4423205097946661,1.55556,Energy,Oil & Gas Equipment & Services
FLR,2026-09-09T14:18:21.618192+00:00,7458739200.0,2565240.0,0.088,-0.945,-0.954,16.568233,0.08817464586695345,2.11111,Industrials,Engineering & Construction
FLS,2026-09-09T14:18:22.055746+00:00,9720314880.0,1852206.0,-0.016,0.242,0.211,16.44541,0.16516280894468416,1.81818,Industrials,Specialty Industrial Machinery
FLUT,2026-09-09T14:18:22.586195+00:00,16993817600.0,2931479.0,0.033,,,13.185143,0.4207940770998213,1.71875,Consumer Cyclical,Gambling
FMC,2026-09-09T14:18:23.274170+00:00,1563457024.0,4013383.0,-0.175,,,7.6018653,0.07435562675210261,2.5625,Basic Materials,Agricultural Inputs
FMX,2026-09-09T14:18:23.832016+00:00,40479772672.0,488983.0,0.093,1.075,1.041,22.790787,0.13280592492846321,2.26667,Consumer Defensive,Beverages - Brewers
FN,2026-09-09T14:18:24.425244+00:00,15071784960.0,985748.0,0.446,0.581,0.597,19.303993,0.7454316555315152,,Technology,Electronic Components
FNB,2026-09-09T14:18:25.057098+00:00,6521259008.0,4739930.0,0.068,0.162,0.146,9.7771845,0.14969978165938858,,Financial Services,Banks - Regional
FND,2026-09-09T14:18:25.608806+00:00,5036975616.0,2501198.0,0.03,0.534,0.517,21.45991,0.2387084566596196,2.6087,Consumer Cyclical,Home Improvement Retail
FNF,2026-09-09T14:18:26.418661+00:00,11972127744.0,1692859.0,0.105,0.058,0.036,7.711629,0.3754480286738351,,Financial Services,Insurance - Specialty
FNGD,2026-09-09T14:18:26.876860+00:00,,473412.0,,,,,,,,
FNV,2026-09-09T14:18:27.421128+00:00,51437514752.0,846204.0,0.582,0.43,0.433,28.482084,0.06869811391503244,,Basic Materials,Gold
FOR,2026-09-09T14:18:28.044088+00:00,1374159744.0,132975.0,-0.03,0.223,0.214,8.978333,0.26229812511602013,2.0,Real Estate,Real Estate - Development
FOUR,2026-09-09T14:18:28.608061+00:00,3247234816.0,1712000.0,0.341,-0.754,-0.353,6.5280786,0.34954407294832834,2.13043,Technology,Software - Infrastructure
FPI,2026-09-09T14:18:29.306765+00:00,471960544.0,493800.0,-0.055,-0.502,-0.591,44.770832,-0.02280130293159599,3.0,Real Estate,REIT - Specialty
FPS,2026-09-09T14:18:29.819191+00:00,9638249472.0,7622300.0,1.034,,1.657,27.162294,0.8919712824659429,1.3,Industrials,Electrical Equipment & Parts
FR,2026-09-09T14:18:30.424722+00:00,8402003456.0,1078182.0,0.084,0.393,0.397,32.919777,0.17824527071102403,2.0,Real Estate,REIT - Industrial
FRO,2026-09-09T14:18:31.179669+00:00,10400942080.0,2600161.0,0.965,7.501,7.501,10.418943,0.0059931506849315586,2.0,Energy,Oil & Gas Midstream
FRT,2026-09-09T14:18:31.711752+00:00,10165878784.0,845743.0,0.072,-0.456,-0.45,36.43524,0.1479920887436581,1.85,Real Estate,REIT - Retail
FSCO,2026-09-09T14:18:32.221769+00:00,1064949696.0,920112.0,,,,,,,Financial Services,Asset Management
FSK,2026-09-09T14:18:32.835638+00:00,3329900544.0,2385712.0,-0.271,,,8.017833,0.0,2.81818,Financial Services,Asset Management
FSM,2026-09-09T14:18:33.748031+00:00,3641755648.0,5393348.0,0.382,1.014,1.023,6.9973617,0.17838277123120694,2.0,Basic Materials,Gold
FSS,2026-09-09T14:18:34.149887+00:00,7155297792.0,512017.0,0.187,0.207,0.206,20.283787,0.24232212932946595,1.57143,Industrials,Farm & Heavy Construction Machinery
FSSL,2026-09-09T14:18:35.099020+00:00,897347520.0,298527.0,,,,,,,,
FTI,2026-09-09T14:18:35.276596+00:00,30945693696.0,3680269.0,0.09,0.406,0.346,21.92651,-0.03929134456976291,1.95238,Energy,Oil & Gas Equipment & Services
FTK,2026-09-09T14:18:35.890173+00:00,983022400.0,479648.0,0.703,4.2,4.63,33.506172,0.40935887988209285,,Energy,Oil & Gas Equipment & Services
FTS,2026-09-09T14:18:36.667889+00:00,28232333312.0,749445.0,0.041,0.022,0.032,19.955149,-0.004705030763662688,2.66667,Utilities,Utilities - Regulated Electric
FTV,2026-09-09T14:18:37.232178+00:00,17012621312.0,2640404.0,0.079,0.04,-0.056,17.338017,0.14162417894549972,,Technology,Scientific & Technical Instruments
FUBO,2026-09-09T14:18:37.841258+00:00,325719904.0,1515735.0,0.38,,,23.141417,0.5764241137250903,1.7,Communication Services,Broadcasting
FUL,2026-09-09T14:18:38.275003+00:00,2816308992.0,747140.0,0.058,0.618,0.621,9.833917,0.39965068754774635,,Basic Materials,Specialty Chemicals
FUN,2026-09-09T14:18:38.889264+00:00,1557254272.0,2278782.0,-0.07,,,572.1805,0.38987187910643883,2.14286,Consumer Cyclical,Leisure
FVR,2026-09-09T14:18:39.505571+00:00,569246784.0,193441.0,0.015,,,424.78574,0.19016033979293856,1.58333,Real Estate,REIT - Diversified
FVRR,2026-09-09T14:18:40.112256+00:00,319242464.0,759553.0,-0.1,0.377,0.402,6.781111,0.21058558558558538,,Communication Services,Internet Content & Information
G,2026-09-09T14:18:40.693058+00:00,5898007040.0,2437227.0,0.071,0.147,0.098,7.775705,0.20176125356125363,2.25,Technology,Information Technology Services
GAB,2026-09-09T14:18:41.311261+00:00,1936659968.0,856424.0,0.194,0.224,0.225,,,,Financial Services,Asset Management
GAP,2026-09-09T14:18:41.885709+00:00,7620805632.0,7658790.0,-0.02,1.421,1.319,8.241497,0.2236630560036874,2.28571,Consumer Cyclical,Apparel Retail
GATX,2026-09-09T14:18:42.464881+00:00,6213689856.0,223480.0,0.348,0.379,0.37,15.615836,0.24857954545454541,,Industrials,Rental & Leasing Services
GBCI,2026-09-09T14:18:43.114386+00:00,5983239168.0,1165304.0,0.415,0.667,0.854,12.746186,0.23685157780195842,1.83333,Financial Services,Banks - Regional
GBTG,2026-09-09T14:18:43.667087+00:00,4949488640.0,1980011.0,0.379,0.057,0.154,20.027903,0.029023746701847042,,Consumer Cyclical,Travel Services
GBX,2026-09-09T14:18:44.298351+00:00,1332572288.0,466435.0,-0.316,-0.677,-0.686,11.04359,0.05255003482702558,,Industrials,Railroads
GCO,2026-09-09T14:18:44.915272+00:00,385911776.0,209267.0,-0.03,,,11.777966,0.14165117283062334,2.5,Consumer Cyclical,Apparel Retail
GD,2026-09-09T14:18:45.495538+00:00,95490449408.0,1159967.0,0.081,0.134,0.144,18.988213,0.19652875842919482,2.125,Industrials,Aerospace & Defense
GDDY,2026-09-09T14:18:46.087696+00:00,11722511360.0,2169569.0,0.066,0.298,0.201,8.393561,0.12935749783923955,2.35294,Technology,Software - Infrastructure
GDOT,2026-09-09T14:18:46.726877+00:00,745936000.0,393954.0,0.183,,,8.726666,0.2318563789152024,,Financial Services,Credit Services
GDV,2026-09-09T14:18:47.257495+00:00,2580074240.0,95472.0,0.142,0.541,0.506,,,,Financial Services,Asset Management
GEF,2026-09-09T14:18:47.850771+00:00,4813049344.0,268466.0,0.035,0.434,0.42,17.755692,0.029941534282170945,,Consumer Cyclical,Packaging & Containers
GENI,2026-09-09T14:18:48.480315+00:00,1865359872.0,6080616.0,0.647,,,6.514018,0.5817790530846485,1.4,Communication Services,Internet Content & Information
GEO,2026-09-09T14:18:49.064600+00:00,4185502720.0,2058003.0,0.151,0.714,0.632,18.59649,0.18710691823899372,1.0,Industrials,Security & Protection Services
GEV,2026-09-09T14:18:49.725547+00:00,256444612608.0,2707930.0,0.219,0.328,0.3,38.094963,0.2841108353152555,1.54054,Industrials,Specialty Industrial Machinery
GFF,2026-09-09T14:18:50.293279+00:00,4449751040.0,350779.0,0.07,,,15.762444,0.29435066742256355,,Industrials,Building Products & Equipment
GFL,2026-09-09T14:18:50.904530+00:00,15251224576.0,2786074.0,0.163,,,44.074738,0.2401716280170374,1.85714,Industrials,Waste Management
GFR,2026-09-09T14:18:51.460082+00:00,931298496.0,426487.0,0.219,-0.382,0.097,7.7058454,,1.6,Energy,Oil & Gas E&P
GGB,2026-09-09T14:18:52.077711+00:00,9791010816.0,14307780.0,0.02,0.735,0.698,8.510791,0.14711472945891768,2.2,Basic Materials,Steel
GGG,2026-09-09T14:18:52.669138+00:00,12388658176.0,1776651.0,0.033,0.145,0.136,21.805874,0.19335525197725323,2.63636,Industrials,Specialty Industrial Machinery
GGN,2026-09-09T14:18:53.296983+00:00,,584582.0,0.12,83.829,44.179,,,,Financial Services,Asset Management
GHC,2026-09-09T14:18:53.855932+00:00,4690204160.0,26209.0,0.071,6.765,6.649,16.529926,-0.10609884379754497,,Industrials,Conglomerates
GHM,2026-09-09T14:18:54.476037+00:00,1037905856.0,237811.0,0.286,-0.214,-0.149,39.041943,0.4785706208300349,,Industrials,Specialty Industrial Machinery
GIB,2026-09-09T14:18:55.091541+00:00,14186736640.0,469906.0,0.025,0.225,0.138,9.673897,0.2236819442417166,,Technology,Information Technology Services
GIC,2026-09-09T14:18:55.697689+00:00,1495942912.0,133059.0,0.077,0.484,0.478,17.802723,0.018978474079734964,,Industrials,Industrial Distribution
GIL,2026-09-09T14:18:56.265344+00:00,9405893632.0,1650417.0,0.723,,,9.183352,0.6784800157511321,1.69231,Consumer Cyclical,Apparel Manufacturing
GIS,2026-09-09T14:18:56.950878+00:00,20166223872.0,9739611.0,0.022,-0.145,-0.133,11.751183,0.001531813361612011,3.05,Consumer Defensive,Packaged Foods
GKOS,2026-09-09T14:18:57.485962+00:00,10755426304.0,815932.0,0.495,,,361.55893,0.08121335929145301,1.35714,Healthcare,Medical Devices
GL,2026-09-09T14:18:58.068015+00:00,13027518464.0,616937.0,0.08,0.197,0.138,10.262595,0.14387146059462008,1.90909,Financial Services,Insurance - Life
GLAS,2026-09-09T14:18:58.715785+00:00,788338496.0,419845.0,-0.012,,,37.177776,0.9127316198445905,,Healthcare,Drug Manufacturers - Specialty & Generic
GLOB,2026-09-09T14:18:59.256607+00:00,1561372800.0,1916093.0,0.0,,,5.827427,0.42673976769911515,2.30435,Technology,Information Technology Services
GLW,2026-09-09T14:18:59.899066+00:00,144937205760.0,13380969.0,0.166,0.185,0.192,38.71829,0.15483477950790459,1.47059,Technology,Electronic Components
GM,2026-09-09T14:19:00.512835+00:00,77573898240.0,6973229.0,0.019,-0.262,-0.311,5.78003,0.18504354720236904,1.73077,Consumer Cyclical,Auto Manufacturers
GME,2026-09-09T14:19:01.106993+00:00,8904278016.0,5677172.0,0.141,6.333,7.696,14.485401,,,Consumer Cyclical,Specialty Retail
GMED,2026-09-09T14:19:01.684702+00:00,10106566656.0,1593022.0,0.059,-0.262,-0.253,13.9444895,0.3713818664895383,1.86667,Healthcare,Medical Devices
GNK,2026-09-09T14:19:02.317244+00:00,1169554944.0,462300.0,0.685,,,14.765337,0.09939663621896999,,Industrials,Marine Shipping
GNL,2026-09-09T14:19:02.906056+00:00,2103835904.0,2597874.0,-0.1,,,-69.96154,0.11521275426058275,2.0,Real Estate,REIT - Diversified
GNRC,2026-09-09T14:19:03.562948+00:00,11132729344.0,1060401.0,0.106,0.92,0.935,15.961618,0.5046112259500717,1.7619,Industrials,Specialty Industrial Machinery
GNW,2026-09-09T14:19:04.096245+00:00,3925872384.0,3018170.0,0.053,0.0,-0.078,9.445455,0.15495668912415783,,Financial Services,Insurance - Life
GOF,2026-09-09T14:19:04.687970+00:00,2063093120.0,2100554.0,,,,,,,Financial Services,Asset Management
GOLD,2026-09-09T14:19:05.300859+00:00,1417915648.0,474938.0,0.992,0.006,0.178,13.053618,0.3226535222838367,1.2,Financial Services,Capital Markets
GOLF,2026-09-09T14:19:05.870729+00:00,4984870400.0,378935.0,0.138,0.664,0.652,19.677233,0.195079086115993,3.0,Consumer Cyclical,Leisure
GOOS,2026-09-09T14:19:06.469295+00:00,752475008.0,695695.0,0.103,,,9.358679,0.23188449059052552,3.16667,Consumer Cyclical,Apparel Manufacturing
GORO,2026-09-09T14:19:07.160115+00:00,502563328.0,1110033.0,2.935,,,92.625,,,Basic Materials,Gold
GPC,2026-09-09T14:19:07.715721+00:00,18591766528.0,1636438.0,0.06,-0.098,-0.107,16.238823,0.04089426071481528,,Consumer Cyclical,Auto Parts
GPGI,2026-09-09T14:19:08.304043+00:00,3852639232.0,1653301.0,,,,10.564472,0.12866817155756216,,Industrials,Metal Fabrication
GPI,2026-09-09T14:19:08.904620+00:00,3341204736.0,213545.0,-0.056,-0.201,-0.265,6.335407,0.3241149244906605,,Consumer Cyclical,Auto & Truck Dealerships
GPK,2026-09-09T14:19:09.504598+00:00,2857090560.0,4913154.0,-0.007,-0.765,-0.769,8.633338,0.3038155440414507,,Consumer Cyclical,Packaging & Containers
GPN,2026-09-09T14:19:10.068312+00:00,23312879616.0,3312811.0,0.686,-0.952,-0.946,5.5090184,0.17074755959137344,2.32353,Industrials,Specialty Business Services
GPOR,2026-09-09T14:19:10.876173+00:00,3131370496.0,383338.0,-0.162,-0.468,-0.528,6.4368744,0.250882394465622,2.0,Energy,Oil & Gas E&P
GPRK,2026-09-09T14:19:11.285004+00:00,776802176.0,605861.0,0.196,,,6.7247195,-0.09356725146198841,1.75,Energy,Oil & Gas E&P
GRBK,2026-09-09T14:19:11.883797+00:00,2995695104.0,275667.0,-0.087,-0.081,-0.095,10.731895,-0.1098348887293612,,Consumer Cyclical,Residential Construction
GRC,2026-09-09T14:19:12.554269+00:00,1979843840.0,190900.0,0.039,0.225,0.23,23.698126,0.07605776028813427,,Industrials,Specialty Industrial Machinery
GRDN,2026-09-09T14:19:13.110226+00:00,2685713664.0,403829.0,0.022,1.398,1.422,29.650352,0.15172948113207552,1.16667,Healthcare,Medical Care Facilities
GRMN,2026-09-09T14:19:13.717846+00:00,53024808960.0,944533.0,0.114,0.353,0.352,24.984009,0.05577632296781254,2.75,Technology,Scientific & Technical Instruments
GRND,2026-09-09T14:19:14.341657+00:00,2617738752.0,1649090.0,0.325,0.25,0.066,19.558443,0.3811420982735725,,Technology,Software - Application
GRNT,2026-09-09T14:19:14.950959+00:00,675988736.0,1021143.0,0.373,0.197,0.196,7.5367646,0.48292682926829267,1.8,Energy,Oil & Gas E&P
GROY,2026-09-09T14:19:15.534296+00:00,769179968.0,2068050.0,0.761,,,33.199997,0.5382951807228917,1.57143,Basic Materials,Gold
GS,2026-09-09T14:19:16.173615+00:00,297871245312.0,2017798.0,0.425,0.923,0.78,13.818402,0.11597149587980571,,Financial Services,Capital Markets
GSBD,2026-09-09T14:19:16.699125+00:00,1076723072.0,937003.0,-0.08,-0.372,-0.397,8.317391,-0.06560376372190269,,Financial Services,Asset Management
GSL,2026-09-09T14:19:17.318537+00:00,,314051.0,0.02,-0.053,-0.039,5.0251994,0.14503816793893143,,Industrials,Marine Shipping
GTE,2026-09-09T14:19:17.874535+00:00,366890592.0,833061.0,0.253,,,9.579677,,1.83333,Energy,Oil & Gas E&P
GTES,2026-09-09T14:19:18.506795+00:00,6685722112.0,1927659.0,0.066,2.058,2.025,13.673736,0.2526819386595984,1.83333,Industrials,Specialty Industrial Machinery
GTN,2026-09-09T14:19:19.101133+00:00,485056448.0,1260180.0,0.087,,,-6.7285714,0.38004246284501053,,Communication Services,Broadcasting
GTY,2026-09-09T14:19:19.675106+00:00,2022412288.0,519993.0,0.054,0.333,0.412,22.484715,0.11555871995100286,2.375,Real Estate,REIT - Retail
GVA,2026-09-09T14:19:20.269553+00:00,5223936000.0,838640.0,0.293,,,14.718381,0.45993681166815503,,Industrials,Engineering & Construction
GWRE,2026-09-09T14:19:20.899099+00:00,12150434816.0,1554991.0,0.153,-0.367,-0.396,27.303564,0.46146155954501844,1.6875,Technology,Software - Application
GWW,2026-09-09T14:19:21.510086+00:00,60212432896.0,294925.0,0.103,0.205,0.183,25.044428,0.042398836017741415,,Industrials,Industrial Distribution
GXO,2026-09-09T14:19:22.214181+00:00,5316776960.0,1419809.0,0.043,-0.04,-0.038,13.095786,0.4820077653149266,,Industrials,Integrated Freight & Logistics
H,2026-09-09T14:19:22.687598+00:00,14985526272.0,815712.0,-0.066,,,32.683784,0.23490755879763547,1.875,Consumer Cyclical,Lodging
HAE,2026-09-09T14:19:23.378077+00:00,4655254016.0,796640.0,0.056,0.029,-0.03,17.826544,0.05942245838785998,1.90909,Healthcare,Medical Devices
HAFN,2026-09-09T14:19:23.926536+00:00,4498031616.0,1522079.0,0.472,2.667,2.688,13.235294,0.02777777777777768,2.0,Industrials,Marine Shipping
HAL,2026-09-09T14:19:24.582068+00:00,30809159680.0,11894172.0,0.037,0.161,0.131,12.742628,0.16603569497025417,1.75,Energy,Oil & Gas Equipment & Services
HASI,2026-09-09T14:19:25.088004+00:00,5006195712.0,1011580.0,8.044,0.245,0.307,11.698856,0.2778672997946612,1.625,Financial Services,Asset Management
HAYW,2026-09-09T14:19:25.672923+00:00,2840281344.0,2602043.0,0.063,0.05,0.018,13.798718,0.3389522031366692,2.4,Industrials,Electrical Equipment & Parts
HBB,2026-09-09T14:19:26.320451+00:00,418459776.0,61277.0,0.116,6.558,6.57,19.45625,,,Consumer Cyclical,"Furnishings, Fixtures & Appliances"
HBM,2026-09-09T14:19:26.902355+00:00,12751395840.0,4857477.0,0.177,0.141,0.167,14.879888,0.216823406478579,1.43478,Basic Materials,Copper
HCA,2026-09-09T14:19:27.504017+00:00,87715586048.0,1509551.0,0.087,0.116,0.028,12.6352005,0.11434332963100102,2.0,Healthcare,Medical Care Facilities
HCC,2026-09-09T14:19:28.176275+00:00,5539995136.0,659495.0,0.713,14.478,14.596,15.351638,0.002351029355699419,1.85714,Basic Materials,Coking Coal
HCI,2026-09-09T14:19:28.663542+00:00,2286512640.0,168245.0,0.111,0.082,0.115,9.473305,0.31469192688499636,,Financial Services,Insurance - Property & Casualty
HD,2026-09-09T14:19:29.439725+00:00,312471388160.0,4210254.0,0.057,0.046,0.047,19.544395,0.2053193697217388,1.94444,Consumer Cyclical,Home Improvement Retail
HDB,2026-09-09T14:19:29.970690+00:00,113531215872.0,9267625.0,0.166,0.181,0.184,15.565159,0.38145300344401556,1.75,Financial Services,Banks - Regional
HE,2026-09-09T14:19:30.505905+00:00,1848189568.0,1942817.0,0.259,3.733,3.723,9.953487,-0.001168224299065379,4.0,Utilities,Utilities - Regulated Electric
HEI,2026-09-09T14:19:31.086021+00:00,43864256512.0,469706.0,0.231,0.325,0.328,43.595844,0.26346141591792516,1.86957,Industrials,Aerospace & Defense
HESM,2026-09-09T14:19:31.688543+00:00,8446096896.0,1147329.0,-0.037,0.014,0.068,13.2451515,-0.08458440131819855,,Energy,Oil & Gas Midstream
HG,2026-09-09T14:19:32.331547+00:00,3410282752.0,438330.0,0.13,-0.207,-0.233,7.3022513,0.11536145971892897,,Financial Services,Insurance - Reinsurance
HGV,2026-09-09T14:19:32.917782+00:00,3146273280.0,1147800.0,0.062,-0.4,-0.52,7.253869,0.3744160079051386,2.36364,Consumer Cyclical,Resorts & Casinos
HHH,2026-09-09T14:19:33.464644+00:00,3765709824.0,419129.0,3.302,,,61.81863,0.42203901355959084,,Real Estate,Real Estate - Development
HIG,2026-09-09T14:19:34.134621+00:00,36811501568.0,1587558.0,0.081,0.361,0.305,9.927752,0.10264900662251653,2.30435,Financial Services,Insurance - Diversified
HII,2026-09-09T14:19:34.706337+00:00,11221248000.0,481624.0,0.109,0.365,0.368,13.668023,0.29373410120448074,,Industrials,Aerospace & Defense
HIMS,2026-09-09T14:19:35.329101+00:00,6412899328.0,14714991.0,0.382,,,36.060246,0.13623454679075309,2.73333,Healthcare,Drug Manufacturers - Specialty & Generic
HIPO,2026-09-09T14:19:35.939168+00:00,841823872.0,176320.0,0.234,6.6,6.769,9.075419,0.28918091165858417,,Financial Services,Insurance - Property & Casualty
HIW,2026-09-09T14:19:36.532822+00:00,3405647104.0,1626356.0,0.075,4.002,3.988,43.314285,0.06640270448548802,2.8,Real Estate,REIT - Office
HL,2026-09-09T14:19:37.337909+00:00,13902247936.0,36537382.0,0.524,0.929,1.043,19.452929,0.12949987919787387,,Basic Materials,Other Precious Metals & Mining
HLF,2026-09-09T14:19:37.700928+00:00,1254400000.0,1691700.0,0.054,,,3.9303327,0.4049586776859504,2.0,Consumer Defensive,Packaged Foods
HLI,2026-09-09T14:19:38.417746+00:00,9367585792.0,859693.0,-0.155,-0.19,-0.204,15.250847,0.14518054312145634,2.27273,Financial Services,Capital Markets
HLIO,2026-09-09T14:19:38.874277+00:00,2354648064.0,332869.0,0.091,0.941,0.921,19.931274,0.32475048978449483,,Industrials,Specialty Industrial Machinery
HLT,2026-09-09T14:19:39.467623+00:00,68419710976.0,2138824.0,0.025,0.141,0.095,29.07635,0.16067853969688795,1.96429,Consumer Cyclical,Lodging
HMC,2026-09-09T14:19:40.117214+00:00,41045368832.0,1331787.0,0.135,1.475,1.293,,-0.06418874486247228,2.66667,Consumer Cyclical,Auto Manufacturers
HMN,2026-09-09T14:19:40.680858+00:00,2025862784.0,266243.0,0.077,0.423,0.415,9.437736,0.1295481807277088,1.66667,Financial Services,Insurance - Property & Casualty
HMY,2026-09-09T14:19:41.453793+00:00,13008905216.0,3657990.0,0.492,1.988,2.003,6.3565793,-0.00430602930578905,2.33333,Basic Materials,Gold
HNGE,2026-09-09T14:19:41.919737+00:00,7461005824.0,1978424.0,0.53,,,30.24227,0.1651885139519793,1.5625,Healthcare,Health Information Services
HNI,2026-09-09T14:19:42.472760+00:00,3445959168.0,651759.0,1.207,-0.315,0.06,9.8738365,0.4610389610389609,,Consumer Cyclical,"Furnishings, Fixtures & Appliances"
HOG,2026-09-09T14:19:43.226751+00:00,2808916736.0,2497154.0,-0.059,-0.15,-0.258,13.45477,0.04415783623564273,2.5,Consumer Cyclical,Recreational Vehicles
HOMB,2026-09-09T14:19:43.784622+00:00,5963479552.0,1761814.0,0.086,-0.016,0.008,11.451511,0.11539751761153982,2.3,Financial Services,Banks - Regional
HOS,2026-09-09T14:19:44.327571+00:00,2974065152.0,1699104.0,-0.113,-0.847,-0.851,,,,Industrials,Marine Shipping
HOV,2026-09-09T14:19:44.883807+00:00,709137536.0,140841.0,-0.118,,,9.273968,-0.37807286632768833,,Consumer Cyclical,Residential Construction
HP,2026-09-09T14:19:45.469859+00:00,4428294656.0,1288640.0,-0.006,,,28.901472,-0.006996163394267674,2.5,Energy,Oil & Gas Drilling
HPE,2026-09-09T14:19:46.086295+00:00,75214159872.0,21215016.0,0.337,4.102,4.049,12.324598,0.19007236145428896,1.91304,Technology,Communication Equipment
HPP,2026-09-09T14:19:46.717909+00:00,1323798784.0,777285.0,-0.013,,,-4.2340426,0.43139949748743733,2.5,Real Estate,REIT - Office
HPQ,2026-09-09T14:19:47.285059+00:00,28694988800.0,15544320.0,0.125,-0.113,-0.134,10.133113,-0.07428504085480825,3.29412,Technology,Computer Hardware
HQH,2026-09-09T14:19:47.944957+00:00,,221719.0,-0.421,,,,,,Financial Services,Asset Management
HQL,2026-09-09T14:19:48.498198+00:00,,151146.0,-0.608,,,,,,Financial Services,Asset Management
HR,2026-09-09T14:19:49.109027+00:00,6570402816.0,3758554.0,-0.043,,,270.5,0.1354634275151836,2.53846,Real Estate,REIT - Healthcare Facilities
HRB,2026-09-09T14:19:49.733071+00:00,5660987392.0,2162120.0,0.03,0.045,-0.019,6.6365604,0.12502275449101807,3.2,Consumer Cyclical,Personal Services
HRI,2026-09-09T14:19:50.311772+00:00,4853242880.0,529974.0,0.202,,,14.310048,0.28527471240614455,1.90909,Industrials,Rental & Leasing Services
HRL,2026-09-09T14:19:50.882496+00:00,11654614016.0,4395648.0,-0.029,-0.051,-0.051,13.631344,0.23366719082765486,2.6,Consumer Defensive,Packaged Foods
HRTG,2026-09-09T14:19:51.519989+00:00,1006144960.0,344275.0,0.03,0.323,0.285,6.5286217,0.15248226950354593,,Financial Services,Insurance - Property & Casualty
HSBC,2026-09-09T14:19:52.091893+00:00,358949715968.0,1287024.0,0.254,,0.672,11.066577,0.012117164392710489,2.66667,Financial Services,Banks - Diversified
HSHP,2026-09-09T14:19:53.073041+00:00,848609984.0,319927.0,0.796,25.0,21.364,,-0.06111111111111123,,Industrials,Marine Shipping
HSY,2026-09-09T14:19:53.583428+00:00,34392444928.0,1765420.0,0.066,6.31,6.297,17.34558,0.20069988899924063,2.47826,Consumer Defensive,Confectioners
HTB,2026-09-09T14:19:53.914002+00:00,789319168.0,174804.0,-0.01,-0.06,-0.092,11.29139,0.15731043150397994,,Financial Services,Banks - Regional
HTGC,2026-09-09T14:19:54.513128+00:00,3269568000.0,1516062.0,0.085,0.547,0.65,8.880946,0.11626309462476381,1.44444,Financial Services,Asset Management
HTH,2026-09-09T14:19:55.107101+00:00,2200084736.0,258990.0,0.052,0.111,0.012,15.423695,0.09360760317666972,,Financial Services,Financial Conglomerates
HUBB,2026-09-09T14:19:55.887713+00:00,24170637312.0,564674.0,0.153,-0.009,-0.016,19.966465,0.23657591886250118,1.92308,Industrials,Electrical Equipment & Parts
HUBS,2026-09-09T14:19:56.279112+00:00,12016506880.0,1727803.0,0.198,,,14.13645,0.042447814603390865,2.31429,Technology,Software - Application
HUM,2026-09-09T14:19:56.948703+00:00,47091896320.0,1338317.0,0.262,0.271,0.273,23.670288,0.06741642654971058,2.19231,Healthcare,Healthcare Plans
HUN,2026-09-09T14:19:57.525008+00:00,1687142400.0,4854156.0,0.141,,,47.426544,0.19070166320166315,,Basic Materials,Chemicals
HVT,2026-09-09T14:19:58.112736+00:00,431787520.0,124001.0,0.077,1.0,0.973,10.508539,0.1917659804983749,0.0,Consumer Cyclical,Home Improvement Retail
HXL,2026-09-09T14:19:58.688652+00:00,6837872640.0,965922.0,0.08,2.802,2.652,29.022629,0.21569431541694306,2.5625,Industrials,Aerospace & Defense
HY,2026-09-09T14:19:59.311348+00:00,639756224.0,102816.0,-0.15,,,17.320389,0.40134529147982057,,Industrials,Farm & Heavy Construction Machinery
HYLN,2026-09-09T14:19:59.942420+00:00,713495872.0,3628251.0,2.263,,,-13.09836,1.002503128911139,,Consumer Cyclical,Auto Parts
HYT,2026-09-09T14:20:00.525228+00:00,1613196672.0,797267.0,0.041,-0.176,-0.125,,,,Financial Services,Asset Management
HZO,2026-09-09T14:20:01.085146+00:00,1153921536.0,574462.0,-0.07,,,33.18407,-0.10039238204612877,,Consumer Cyclical,Specialty Retail
IAG,2026-09-09T14:20:01.763920+00:00,11748325376.0,5555929.0,0.475,1.914,1.929,8.611526,0.15836354799513974,1.76923,Basic Materials,Gold
IBM,2026-09-09T14:20:02.274231+00:00,217392791552.0,8876651.0,0.011,-0.018,-0.013,17.530603,0.06328176125159812,2.2,Technology,Information Technology Services
IBN,2026-09-09T14:20:03.063960+00:00,104274042880.0,6457722.0,0.114,0.138,0.139,15.454787,0.25021510927551205,1.25,Financial Services,Banks - Regional
IBP,2026-09-09T14:20:03.480731+00:00,5967822336.0,379493.0,0.023,-0.036,-0.059,19.711609,0.09035843762526174,,Consumer Cyclical,Residential Construction
IBTA,2026-09-09T14:20:04.081828+00:00,878408320.0,220117.0,0.033,,,20.081131,-0.04434531993654156,,Technology,Software - Application
ICE,2026-09-09T14:20:04.671215+00:00,88341037056.0,4197048.0,0.048,0.142,0.126,17.88003,0.18654232333502785,1.46667,Financial Services,Financial Data & Stock Exchanges
ICL,2026-09-09T14:20:05.308666+00:00,,1297658.0,0.165,0.516,0.473,13.333333,-0.009795570698466816,,Basic Materials,Agricultural Inputs
IDA,2026-09-09T14:20:05.899118+00:00,7942290944.0,546367.0,0.042,0.017,0.071,19.739481,0.15229924987255106,,Utilities,Utilities - Regulated Electric
IDR,2026-09-09T14:20:06.485895+00:00,494409536.0,242390.0,0.132,0.313,0.319,39.544304,0.4404609475032011,,Basic Materials,Gold
IDT,2026-09-09T14:20:07.094285+00:00,,201364.0,0.045,0.01,-0.004,17.210127,0.10326566637246248,,Communication Services,Telecom Services
IE,2026-09-09T14:20:08.030127+00:00,1750705152.0,2185872.0,-0.322,,,-17.27559,0.9522944393801276,1.57143,Basic Materials,Copper
IEX,2026-09-09T14:20:08.444240+00:00,16675440640.0,667974.0,0.064,0.109,0.09,23.515518,0.12984717064544649,1.86667,Industrials,Specialty Industrial Machinery
IFF,2026-09-09T14:20:09.054184+00:00,21585686528.0,1766006.0,0.018,-0.916,-0.917,21.38648,0.13068037825059098,1.75,Basic Materials,Specialty Chemicals
IFS,2026-09-09T14:20:09.716685+00:00,6074081792.0,252843.0,0.038,0.024,0.009,8.088913,0.2356824790985097,1.66667,Financial Services,Banks - Regional
IGR,2026-09-09T14:20:10.231242+00:00,670018496.0,164422.0,-0.231,0.756,0.775,,,,Financial Services,Asset Management
IHS,2026-09-09T14:20:10.716038+00:00,2865746176.0,1280548.0,0.104,,,15.400001,-0.025974025974026094,,Real Estate,Real Estate Services
IIIN,2026-09-09T14:20:11.303881+00:00,594298240.0,307967.0,0.099,-0.409,-0.405,12.68595,0.2703583061889252,,Industrials,Metal Fabrication
IIPR,2026-09-09T14:20:11.996829+00:00,1580665472.0,393703.0,0.007,0.577,0.685,13.059226,0.12506541077969646,2.83333,Real Estate,REIT - Industrial
IMAX,2026-09-09T14:20:12.494909+00:00,2826013952.0,1276485.0,0.122,0.35,0.368,24.529451,0.08002406365224135,1.54545,Communication Services,Entertainment
IMO,2026-09-09T14:20:13.185275+00:00,,547772.0,0.426,1.43,1.308,16.220715,-0.16302785425408695,3.72222,Energy,Oil & Gas Integrated
INFQ,2026-09-09T14:20:13.683751+00:00,3027672064.0,11644248.0,1.565,,,-59.745632,0.5878920729438035,1.0,Technology,Software - Infrastructure
ING,2026-09-09T14:20:14.336734+00:00,104282021888.0,2882475.0,0.111,0.221,0.162,11.424172,-0.029656963236299072,3.0,Financial Services,Banks - Diversified
INGM,2026-09-09T14:20:14.940324+00:00,6163286016.0,1182370.0,0.136,1.994,1.931,7.0819726,0.23215119760479053,2.2,Technology,Information Technology Services
INGR,2026-09-09T14:20:15.577773+00:00,6322479104.0,798614.0,0.009,-0.405,-0.418,8.833974,0.211909630442372,,Consumer Defensive,Packaged Foods
INN,2026-09-09T14:20:16.082081+00:00,613146944.0,1283559.0,0.032,,1.818,-16.242857,0.17634124890061575,2.66667,Real Estate,REIT - Hotel & Motel
INR,2026-09-09T14:20:16.724760+00:00,288671808.0,315774.0,1.296,-0.257,0.765,4.2401423,0.4610913787536326,1.125,Energy,Oil & Gas E&P
INSP,2026-09-09T14:20:17.462316+00:00,1846361216.0,838459.0,-0.076,,,41.551727,-0.054255069286776814,2.70588,Healthcare,Medical Devices
INSW,2026-09-09T14:20:18.218834+00:00,5149275136.0,568061.0,1.401,3.731,3.784,16.50245,-0.017250192381685236,1.33333,Energy,Oil & Gas Midstream
INVH,2026-09-09T14:20:18.563565+00:00,16650996736.0,4608488.0,0.101,0.605,0.553,41.02992,0.1990260435247948,2.2,Real Estate,REIT - Residential
INVX,2026-09-09T14:20:19.126405+00:00,2079199104.0,608054.0,0.092,0.636,0.631,15.886301,0.12344055351310623,,Energy,Oil & Gas Equipment & Services
IONQ,2026-09-09T14:20:19.733635+00:00,15563286528.0,21000974.0,2.868,,,-29.695738,0.7918346999869843,1.41667,Technology,Computer Hardware
IOT,2026-09-09T14:20:20.389694+00:00,22437253120.0,6081001.0,0.299,,,40.81557,0.3629871445266848,1.58333,Technology,Software - Infrastructure
IP,2026-09-09T14:20:20.915320+00:00,19141304320.0,5241616.0,-0.022,,,12.0894375,0.3279845068474201,1.75,Consumer Cyclical,Packaging & Containers
IPI,2026-09-09T14:20:21.533094+00:00,553473024.0,211864.0,-0.015,3.823,3.774,29.09469,-0.11256990031607106,,Basic Materials,Agricultural Inputs
IQV,2026-09-09T14:20:22.083702+00:00,42120318976.0,1449198.0,0.087,-0.006,-0.038,17.697386,0.0796528654330877,1.42857,Healthcare,Diagnostics & Research
IR,2026-09-09T14:20:22.693525+00:00,28952518656.0,4046764.0,0.085,,,19.04898,0.28986866791744825,,Industrials,Specialty Industrial Machinery
IRM,2026-09-09T14:20:23.298241+00:00,34357882880.0,1811462.0,0.185,,,42.303085,0.2667879733125378,1.72727,Real Estate,REIT - Specialty
IRT,2026-09-09T14:20:23.943451+00:00,3734051840.0,2744404.0,0.03,-0.667,-0.579,96.5625,0.2598245954692555,1.64286,Real Estate,REIT - Residential
IT,2026-09-09T14:20:24.488422+00:00,10637445120.0,1424061.0,-0.006,0.331,0.144,10.297279,0.09916206589492438,2.8,Technology,Information Technology Services
ITGR,2026-09-09T14:20:25.089436+00:00,4294895104.0,916556.0,-0.026,-0.337,-0.362,18.394958,-0.03601108033240996,,Healthcare,Medical Devices
ITT,2026-09-09T14:20:25.720563+00:00,,925738.0,0.515,-0.375,-0.298,20.705814,0.2880142803268384,,Industrials,Specialty Industrial Machinery
ITW,2026-09-09T14:20:26.291418+00:00,75728314368.0,1318538.0,0.061,0.101,0.079,21.44962,0.135228093268146,3.25,Industrials,Specialty Industrial Machinery
IVR,2026-09-09T14:20:26.901403+00:00,735132224.0,2664867.0,,,,4.1153445,0.13741922005571028,,Real Estate,REIT - Mortgage
IVT,2026-09-09T14:20:27.678099+00:00,2543266816.0,937004.0,0.126,-0.986,-0.986,-87.20122,0.14320741989881958,1.75,Real Estate,REIT - Retail
IVZ,2026-09-09T14:20:28.094419+00:00,14282517504.0,4733087.0,0.205,,0.88,9.92173,0.0316846986089645,,Financial Services,Asset Management
J,2026-09-09T14:20:28.776947+00:00,16812011520.0,1024427.0,0.345,-0.254,-0.24,17.392859,0.13149312541334535,1.9375,Industrials,Engineering & Construction
JBGS,2026-09-09T14:20:29.306576+00:00,875792640.0,734806.0,0.01,,,-6.914634,0.1463844797178131,,Real Estate,REIT - Diversified
JBI,2026-09-09T14:20:29.882839+00:00,666488896.0,1664588.0,0.024,-0.471,-0.483,7.458016,0.5598771750255886,,Industrials,Building Products & Equipment
JBL,2026-09-09T14:20:30.498314+00:00,32883761152.0,1222143.0,0.118,0.276,0.239,18.639368,0.3688178385354428,,Technology,Electronic Components
JBS,2026-09-09T14:20:31.154608+00:00,13734431744.0,5929229.0,0.138,,,9.386792,0.43477676413255373,1.64286,Consumer Defensive,Packaged Foods
JBTM,2026-09-09T14:20:31.698111+00:00,5927963648.0,582087.0,0.049,8.333,8.333,12.2988405,0.4805942067034217,1.625,Industrials,Specialty Industrial Machinery
JCI,2026-09-09T14:20:32.361482+00:00,87959715840.0,3823395.0,0.093,0.153,0.068,24.002289,0.12504937676468542,2.09524,Industrials,Building Products & Equipment
JEF,2026-09-09T14:20:32.916541+00:00,11171305472.0,2097404.0,0.35,1.598,1.578,12.094128,0.11970869367319081,,Financial Services,Capital Markets
JFR,2026-09-09T14:20:33.526611+00:00,,549532.0,0.043,-0.528,-0.433,,,,Financial Services,Asset Management
JHX,2026-09-09T14:20:34.104343+00:00,17154439168.0,7266288.0,0.639,0.234,0.666,17.94847,0.1989363790186125,1.25,Basic Materials,Building Materials
JLL,2026-09-09T14:20:34.767299+00:00,16061749248.0,359917.0,0.108,0.978,0.92,12.288383,0.21824066913007356,1.83333,Real Estate,Real Estate Services
JNJ,2026-09-09T14:20:35.343414+00:00,650021961728.0,7790833.0,0.066,-0.009,-0.001,21.915907,0.021897267638008255,1.91304,Healthcare,Drug Manufacturers - General
JOBY,2026-09-09T14:20:35.922588+00:00,6528219648.0,38926303.0,2574.933,,,-10.232558,0.6175090909090912,3.0,Industrials,Airports & Air Services
JOE,2026-09-09T14:20:36.650939+00:00,3650090240.0,247396.0,0.23,0.392,0.371,582.86273,,,Real Estate,Real Estate - Diversified
JPM,2026-09-09T14:20:37.121437+00:00,939296620544.0,8083346.0,0.304,0.469,0.412,14.120566,0.06447489812089646,2.125,Financial Services,Banks - Diversified
JQC,2026-09-09T14:20:37.801981+00:00,,581704.0,-0.009,-0.457,-0.409,,,,Financial Services,Asset Management
JXN,2026-09-09T14:20:38.321685+00:00,9320828928.0,638109.0,,2.916,2.659,4.46655,0.06089231216392954,,Financial Services,Insurance - Life
KAI,2026-09-09T14:20:38.877929+00:00,3522541568.0,137648.0,0.226,0.239,0.241,22.075117,0.212466592912937,,Industrials,Specialty Industrial Machinery
KB,2026-09-09T14:20:39.506775+00:00,44930170880.0,275174.0,0.185,0.207,0.146,8.439761,0.4420348916717136,1.0,Financial Services,Banks - Regional
KBDC,2026-09-09T14:20:40.137353+00:00,863444352.0,347966.0,,,,8.301482,0.10898661567877643,2.2,Financial Services,Asset Management
KBH,2026-09-09T14:20:40.690993+00:00,3075602688.0,1141620.0,-0.273,-0.712,-0.746,11.310651,0.169474135353334,3.13333,Consumer Cyclical,Residential Construction
KBR,2026-09-09T14:20:41.341540+00:00,4651900416.0,1589767.0,0.016,0.331,0.315,9.077782,0.2388696476964769,,Industrials,Engineering & Construction
KD,2026-09-09T14:20:41.966679+00:00,2748866304.0,4218695.0,-0.033,,,5.0661774,0.12519809825673534,,Technology,Information Technology Services
KEP,2026-09-09T14:20:42.749281+00:00,15766637568.0,1113737.0,-0.001,-0.765,-0.765,4.358041,0.22149837133550498,,Utilities,Utilities - Regulated Electric
KEX,2026-09-09T14:20:43.318835+00:00,7328640000.0,558398.0,0.078,0.0,-0.048,16.649195,0.19716621037463966,1.0,Industrials,Marine Shipping
KEY,2026-09-09T14:20:43.763944+00:00,23226052608.0,10628232.0,0.101,0.253,0.198,10.1863165,0.19554560073512506,2.05263,Financial Services,Banks - Regional
KEYS,2026-09-09T14:20:44.342089+00:00,56180768768.0,1405327.0,0.365,1.091,1.079,24.175983,0.257828303030303,1.58333,Technology,Scientific & Technical Instruments
KFRC,2026-09-09T14:20:44.964746+00:00,909060800.0,248701.0,0.045,0.238,0.179,16.43974,0.19516686367218283,,Industrials,Staffing & Employment Services
KFY,2026-09-09T14:20:45.484978+00:00,4036591872.0,510506.0,0.067,0.15,0.138,10.993007,0.09414758269720114,1.4,Industrials,Staffing & Employment Services
KGC,2026-09-09T14:20:46.194088+00:00,36097306624.0,8587003.0,0.295,0.648,0.591,9.943762,0.18074268813670713,1.72222,Basic Materials,Gold
KGS,2026-09-09T14:20:47.661154+00:00,6397357568.0,1820662.0,0.211,0.233,0.316,19.546213,0.3138416436191229,1.33333,Energy,Oil & Gas Equipment & Services
KIM,2026-09-09T14:20:49.061205+00:00,15877584896.0,4935543.0,0.049,-0.058,-0.059,26.41741,0.14116434305027448,2.33333,Real Estate,REIT - Retail
KKR,2026-09-09T14:20:50.148010+00:00,95873318912.0,4422501.0,0.078,0.4,0.373,14.015525,0.23285005539232206,1.59091,Financial Services,Asset Management
KLAR,2026-09-09T14:20:51.391764+00:00,5325303296.0,5726345.0,0.266,,,17.592314,0.42162121751512993,2.20833,Financial Services,Credit Services
KMI,2026-09-09T14:20:52.087198+00:00,70979321856.0,10363445.0,0.108,0.212,0.213,20.745201,0.1310629019607843,2.09091,Energy,Oil & Gas Midstream
KMPR,2026-09-09T14:20:52.478334+00:00,1550158464.0,1050530.0,-0.091,,,6.225249,0.37992138245347506,2.66667,Financial Services,Insurance - Property & Casualty
KMT,2026-09-09T14:20:52.896057+00:00,2280854272.0,1315238.0,0.426,9.287,9.512,12.146513,0.10275689223057638,,Industrials,Tools & Accessories
KMX,2026-09-09T14:20:53.489028+00:00,8548015616.0,2789777.0,0.055,-0.052,-0.118,19.643173,-0.08946376691292435,,Consumer Cyclical,Auto & Truck Dealerships
KN,2026-09-09T14:20:54.109743+00:00,3055127552.0,1003687.0,0.143,1.466,1.487,22.114374,0.22309197651663393,,Technology,Electronic Components
KNF,2026-09-09T14:20:55.022989+00:00,3363800064.0,711593.0,0.126,-0.135,-0.133,14.914441,0.5637305096186298,1.88889,Basic Materials,Building Materials
KNSL,2026-09-09T14:20:55.347101+00:00,8179276288.0,288766.0,0.168,0.34,0.311,16.588202,-0.011981257658460587,,Financial Services,Insurance - Property & Casualty
KNTK,2026-09-09T14:20:55.887286+00:00,9312760832.0,1043932.0,0.363,0.952,0.654,25.241917,0.028797238372093137,1.76471,Energy,Oil & Gas Midstream
KNX,2026-09-09T14:20:56.468517+00:00,11431981056.0,3740732.0,0.126,0.238,0.261,17.555742,0.26183912300683376,1.55,Industrials,Trucking
KO,2026-09-09T14:20:57.106671+00:00,378688831488.0,17472483.0,0.067,0.169,0.161,24.959023,0.0759035391694598,1.75,Consumer Defensive,Beverages - Non-Alcoholic
KODK,2026-09-09T14:20:57.697901+00:00,897253504.0,908972.0,0.183,,,,,,Industrials,Specialty Business Services
KOP,2026-09-09T14:20:58.257878+00:00,882602816.0,182983.0,0.03,,,9.530967,0.22134133276194556,,Basic Materials,Specialty Chemicals
KR,2026-09-09T14:20:58.885110+00:00,34982158336.0,7457362.0,0.022,0.132,0.043,10.34677,0.23069579684763553,2.08333,Consumer Defensive,Grocery Stores
KRC,2026-09-09T14:20:59.455779+00:00,4177431552.0,1285551.0,-0.06,-0.702,-0.709,104.617645,0.13458363789710437,2.76471,Real Estate,REIT - Office
KREF,2026-09-09T14:21:00.071434+00:00,480645600.0,945433.0,,,,25.775862,0.03678929765886285,,Real Estate,REIT - Mortgage
KRG,2026-09-09T14:21:00.708277+00:00,5357681664.0,2546390.0,-0.08,0.58,0.462,61.67765,0.18345461509000383,2.33333,Real Estate,REIT - Retail
KRMN,2026-09-09T14:21:01.260895+00:00,4972664832.0,3302419.0,0.582,1.118,1.061,39.72388,1.3214285714285712,1.63636,Industrials,Aerospace & Defense
KRO,2026-09-09T14:21:05.238267+00:00,970272128.0,386803.0,0.129,,,13.736801,0.008303677342823335,,Basic Materials,Specialty Chemicals
KSS,2026-09-09T14:21:05.742893+00:00,2087260416.0,4322275.0,-0.009,-0.052,-0.013,11.756968,0.017423682781097183,3.28571,Consumer Cyclical,Department Stores
KT,2026-09-09T14:21:06.348606+00:00,9410873344.0,1519358.0,-0.101,-0.351,-0.36,5.653734,0.11056690857194917,,Communication Services,Telecom Services
KTB,2026-09-09T14:21:06.985548+00:00,3814314496.0,790591.0,0.186,-0.114,-0.123,10.606683,0.3970342753404106,2.0,Consumer Cyclical,Apparel Manufacturing
KVUE,2026-09-09T14:21:07.811229+00:00,34717982720.0,20309524.0,0.03,0.085,0.086,14.557126,0.07883817427385886,2.78571,Consumer Defensive,Household & Personal Products
KVYO,2026-09-09T14:21:08.192748+00:00,5093742592.0,5856920.0,0.264,,,16.091976,0.5658049353701526,1.36364,Technology,Software - Application
KWR,2026-09-09T14:21:08.843200+00:00,2739121920.0,159524.0,0.102,,,16.743523,0.20977151652217607,,Basic Materials,Specialty Chemicals
KYN,2026-09-09T14:21:09.351158+00:00,2537516288.0,345961.0,0.179,,,5.209618,,,Financial Services,Asset Management
L,2026-09-09T14:21:09.996532+00:00,22211072000.0,789608.0,0.039,0.156,0.136,37.465515,,,Financial Services,Insurance - Property & Casualty
LAC,2026-09-09T14:21:10.539802+00:00,1139954944.0,9258883.0,,,,-22.307474,0.7869777070063693,2.75,Basic Materials,Other Industrial Metals & Mining
LAD,2026-09-09T14:21:11.210145+00:00,8059229696.0,296482.0,0.022,0.169,0.015,8.686125,0.22013174763372523,,Consumer Cyclical,Auto & Truck Dealerships
LADR,2026-09-09T14:21:11.779605+00:00,1248354560.0,1109072.0,0.022,-0.151,-0.158,8.796947,0.2195121951219512,1.57143,Real Estate,REIT - Mortgage
LAR,2026-09-09T14:21:12.384853+00:00,1123264512.0,1912137.0,,,,19.994158,0.7083637691745801,,Basic Materials,Other Industrial Metals & Mining
LAZ,2026-09-09T14:21:12.974703+00:00,4166012160.0,2106101.0,0.001,-0.942,-0.913,11.109407,0.10818713450292394,,Financial Services,Capital Markets
LB,2026-09-09T14:21:13.595534+00:00,6787370496.0,338387.0,0.406,0.675,0.638,37.62692,0.005921976149914965,2.14286,Energy,Oil & Gas E&P
LBRT,2026-09-09T14:21:14.146216+00:00,3510247680.0,4351185.0,0.14,-0.395,-0.393,73.85661,0.33077638307763824,,Energy,Oil & Gas Equipment & Services
LCII,2026-09-09T14:21:14.730677+00:00,2407325440.0,426809.0,-0.125,0.201,0.165,10.47528,0.28963845687739864,2.18182,Consumer Cyclical,Recreational Vehicles
LDOS,2026-09-09T14:21:15.345453+00:00,16303947776.0,1630937.0,0.072,-0.067,-0.095,10.189564,0.20535714285714302,2.35294,Technology,Information Technology Services
LEA,2026-09-09T14:21:15.994759+00:00,8617437184.0,646212.0,0.03,0.239,0.167,7.59673,0.16270086526576022,2.4375,Consumer Cyclical,Auto Parts
LEN,2026-09-09T14:21:16.551950+00:00,19531778048.0,2639850.0,-0.052,-0.315,-0.362,12.644429,0.06352701036013819,3.42105,Consumer Cyclical,Residential Construction
LEU,2026-09-09T14:21:17.155053+00:00,3688986112.0,751143.0,0.14,-0.516,-0.419,48.3667,0.34289134170357705,1.84211,Energy,Uranium
LEVI,2026-09-09T14:21:17.765355+00:00,7962558464.0,2585179.0,0.08,0.311,0.303,12.103733,0.3661996133397776,,Consumer Cyclical,Apparel Manufacturing
LH,2026-09-09T14:21:18.442007+00:00,26090412032.0,677770.0,0.058,0.282,0.256,16.230598,0.06152591786245054,1.72222,Healthcare,Diagnostics & Research
LHX,2026-09-09T14:21:19.002784+00:00,47329239040.0,1565898.0,1.9,-0.061,0.747,18.9012,0.3401349517046015,1.83333,Industrials,Aerospace & Defense
LII,2026-09-09T14:21:19.643984+00:00,13263695872.0,498433.0,0.03,0.001,-0.018,14.648527,0.3168601803116369,2.35294,Industrials,Building Products & Equipment
LION,2026-09-09T14:21:20.169147+00:00,3296961280.0,2907212.0,,,,25.412844,0.3898916967509025,,,
LLY,2026-09-09T14:21:20.760847+00:00,1012081819648.0,2783819.0,0.477,0.262,0.253,24.01737,0.15913300145380838,1.7,Healthcare,Drug Manufacturers - General
LMND,2026-09-09T14:21:21.408597+00:00,3756057600.0,1374551.0,0.794,,,-55.78161,0.22032186276529986,,Financial Services,Insurance - Property & Casualty
LMT,2026-09-09T14:21:21.926317+00:00,121919832064.0,1205317.0,0.105,4.438,4.368,16.14423,0.20741685123137787,2.42857,Industrials,Aerospace & Defense
LNC,2026-09-09T14:21:22.597263+00:00,8356676096.0,1940672.0,0.126,0.768,0.906,5.029799,0.09774730813287524,2.53846,Financial Services,Insurance - Life
LNG,2026-09-09T14:21:23.308646+00:00,57401004032.0,1984598.0,0.227,1.007,0.887,13.383121,0.11146802194836725,1.40909,Energy,Oil & Gas Midstream
LNN,2026-09-09T14:21:23.741350+00:00,1255043712.0,154982.0,-0.051,-0.14,-0.189,20.989796,-0.003403014098201318,,Industrials,Farm & Heavy Construction Machinery
LOAR,2026-09-09T14:21:24.368430+00:00,6253237248.0,715253.0,0.394,0.052,0.002,41.27629,0.3454191325192897,,Industrials,Aerospace & Defense
LOB,2026-09-09T14:21:24.982494+00:00,1794184448.0,253824.0,0.122,0.451,0.571,9.164303,0.1930865471430414,2.4,Financial Services,Banks - Regional
LODE,2026-09-09T14:21:25.639096+00:00,229119040.0,1348982.0,-0.196,,,-8.148649,,,Basic Materials,Other Precious Metals & Mining
LOMA,2026-09-09T14:21:26.544584+00:00,1166966272.0,399703.0,0.021,13.074,13.074,12.994101,0.43000000000000016,,Basic Materials,Building Materials
LOW,2026-09-09T14:21:26.814979+00:00,112567066624.0,3046140.0,0.083,0.0,0.0,15.400149,0.2600901138884044,1.8,Consumer Cyclical,Home Improvement Retail
LPG,2026-09-09T14:21:27.398969+00:00,2282455808.0,658725.0,1.24,12.635,12.716,11.399572,0.023430178069353325,1.6,Energy,Oil & Gas Midstream
LPL,2026-09-09T14:21:27.982494+00:00,3295000064.0,2907948.0,0.004,,,30.956408,0.30652503793626695,,Technology,Consumer Electronics
LPX,2026-09-09T14:21:28.571732+00:00,4690462208.0,1154332.0,-0.121,-0.518,-0.519,22.141903,0.3749369409660108,1.61538,Industrials,Building Products & Equipment
LRN,2026-09-09T14:21:29.156930+00:00,3447597056.0,920629.0,-0.027,0.696,0.586,8.942325,0.3139654029292991,2.66667,Consumer Defensive,Education & Training Services
LSPD,2026-09-09T14:21:29.888637+00:00,1283944960.0,929006.0,0.058,,,10.698586,0.10775427995971798,2.55556,Technology,Software - Application
LTC,2026-09-09T14:21:30.578599+00:00,2255408896.0,561050.0,-0.19,-0.544,-0.551,26.565079,0.07552581261950286,2.5,Real Estate,REIT - Healthcare Facilities
LTH,2026-09-09T14:21:31.019224+00:00,9394340864.0,2937961.0,0.137,0.406,0.406,20.593004,0.3184721693625119,1.14286,Consumer Cyclical,Leisure
LUMN,2026-09-09T14:21:31.649403+00:00,6807539200.0,13177380.0,-0.093,,,-22.267206,0.15757575757575748,3.09091,Communication Services,Telecom Services
LUV,2026-09-09T14:21:32.142260+00:00,18866313216.0,5582691.0,0.164,0.205,0.094,8.052425,0.3169184493711916,2.52,Industrials,Airlines
LVS,2026-09-09T14:21:32.856267+00:00,28414650368.0,4989535.0,-0.007,-0.198,-0.249,12.459953,0.34644221563710986,1.80952,Consumer Cyclical,Resorts & Casinos
LW,2026-09-09T14:21:33.388282+00:00,6764171264.0,1584975.0,0.056,-0.062,-0.086,14.583222,0.12388120423108218,2.5,Consumer Defensive,Packaged Foods
LXFR,2026-09-09T14:21:34.072800+00:00,462000480.0,288398.0,-0.102,0.846,0.846,12.119299,0.08569774174869726,,Industrials,Specialty Industrial Machinery
LXP,2026-09-09T14:21:34.589774+00:00,3580474624.0,729762.0,0.004,,-0.998,-3036.5,-0.012020418244689579,2.375,Real Estate,REIT - Industrial
LXU,2026-09-09T14:21:35.188636+00:00,827251328.0,798293.0,0.111,,,11.261394,0.1314186248912097,2.0,Basic Materials,Chemicals
LYB,2026-09-09T14:21:35.769647+00:00,20690581504.0,4678538.0,0.198,3.96,3.895,9.896295,0.06718095238095256,2.77778,Basic Materials,Specialty Chemicals
LYV,2026-09-09T14:21:36.384342+00:00,39768518656.0,2204317.0,0.094,1.562,0.21,90.41364,0.1830492062562239,,Communication Services,Entertainment
LZB,2026-09-09T14:21:36.991709+00:00,1267670272.0,672809.0,-0.034,,,11.250013,0.29541864139020535,,Consumer Cyclical,"Furnishings, Fixtures & Appliances"
M,2026-09-09T14:21:37.566690+00:00,5920984576.0,5426796.0,0.021,0.769,0.658,9.498532,0.0417592181252775,2.91667,Consumer Cyclical,Department Stores
MA,2026-09-09T14:21:38.127667+00:00,497210097664.0,3300750.0,0.141,0.221,0.186,24.649948,0.18205898675969223,1.375,Financial Services,Credit Services
MAA,2026-09-09T14:21:38.737547+00:00,15264839680.0,991551.0,0.01,0.137,0.126,39.125557,0.115691852082765,2.53846,Real Estate,REIT - Residential
MAC,2026-09-09T14:21:39.414899+00:00,6875682816.0,3620187.0,0.012,,,517.88885,0.161231495387256,2.0,Real Estate,REIT - Retail
MAGN,2026-09-09T14:21:40.011201+00:00,417587968.0,423248.0,0.021,,,7.2040973,0.3213981244671782,,Consumer Defensive,Household & Personal Products
MAIN,2026-09-09T14:21:40.565985+00:00,5266172416.0,603711.0,0.039,0.153,0.204,14.504154,0.05650808983337363,,Financial Services,Asset Management
MAN,2026-09-09T14:21:41.170818+00:00,2615572992.0,1254240.0,0.075,,,11.591288,0.019440433854907457,2.41667,Industrials,Staffing & Employment Services
MANE,2026-09-09T14:21:41.767978+00:00,4209975296.0,725566.0,,,,-37.499256,0.622587207859872,1.14286,Healthcare,Biotechnology
MAS,2026-09-09T14:21:42.453720+00:00,13832697856.0,2343117.0,-0.029,0.245,0.178,15.053228,0.14912487526728424,2.42857,Industrials,Building Products & Equipment
MATV,2026-09-09T14:21:42.997779+00:00,692911680.0,576054.0,0.012,,,10.044001,0.6726403823178018,,Basic Materials,Specialty Chemicals
MATX,2026-09-09T14:21:43.586506+00:00,6669069312.0,299238.0,0.167,0.462,0.366,13.354779,0.17328786655905293,,Industrials,Marine Shipping
MAX,2026-09-09T14:21:44.134782+00:00,601539200.0,831522.0,0.259,,,6.78875,0.3587468075737561,,Communication Services,Internet Content & Information
MBC,2026-09-09T14:21:44.768970+00:00,1630976384.0,2194659.0,0.115,,,33.395836,0.2925764192139737,3.0,Consumer Cyclical,"Furnishings, Fixtures & Appliances"
MBI,2026-09-09T14:21:45.402836+00:00,234420544.0,435750.0,-0.25,,,-10.325843,0.5233949945593037,,Financial Services,Insurance - Specialty
MC,2026-09-09T14:21:45.948024+00:00,4963420160.0,894700.0,0.12,0.171,0.17,17.084776,0.07462686567164178,,Financial Services,Capital Markets
MCB,2026-09-09T14:21:46.538664+00:00,1132660992.0,138587.0,0.14,-0.125,0.024,8.005594,0.16024518388791598,,Financial Services,Banks - Regional
MCD,2026-09-09T14:21:47.171409+00:00,180735180800.0,4585169.0,0.037,0.057,0.048,18.27139,0.23485092304379318,2.05882,Consumer Cyclical,Restaurants
MCK,2026-09-09T14:21:47.785590+00:00,104162992128.0,1029048.0,0.077,-0.176,-0.217,17.70126,0.09774161918939805,1.61111,Healthcare,Medical Distribution
MCO,2026-09-09T14:21:48.401512+00:00,82420301824.0,875145.0,0.151,0.567,0.519,25.141073,0.1806707009581443,1.70833,Financial Services,Financial Data & Stock Exchanges
MCS,2026-09-09T14:21:48.936649+00:00,831543360.0,298762.0,0.128,1.191,1.164,32.107143,0.19577308120133496,,Communication Services,Entertainment
MCY,2026-09-09T14:21:49.534469+00:00,,291212.0,0.138,0.583,0.583,8.308571,0.1790135586559245,1.0,Financial Services,Insurance - Property & Casualty
MD,2026-09-09T14:21:50.137954+00:00,2154024192.0,795495.0,0.04,0.065,0.015,10.866268,-0.006664277631082682,,Healthcare,Medical Care Facilities
MDT,2026-09-09T14:21:50.903494+00:00,118985408512.0,8155358.0,0.137,0.407,0.413,14.535556,0.12620941732960667,1.72414,Healthcare,Medical Devices
MDU,2026-09-09T14:21:51.391254+00:00,4161763840.0,1534750.0,0.069,0.472,0.541,18.671083,0.19408642911296425,,Utilities,Utilities - Regulated Gas
MEC,2026-09-09T14:21:52.023019+00:00,497001472.0,580853.0,0.232,,,19.171938,0.888147768086198,1.0,Industrials,Metal Fabrication
MEI,2026-09-09T14:21:52.587516+00:00,503308128.0,787364.0,0.104,,,33.61905,0.558073654390935,2.25,Technology,Electronic Components
MET,2026-09-09T14:21:53.203094+00:00,60681691136.0,3635354.0,0.105,0.058,0.01,8.7440405,0.10024609906796522,1.94444,Financial Services,Insurance - Life
MFA,2026-09-09T14:21:53.812960+00:00,895639104.0,1567969.0,0.202,0.619,0.41,6.337625,0.5801354401805869,,Real Estate,REIT - Mortgage
MFC,2026-09-09T14:21:54.358674+00:00,71281352704.0,2170656.0,0.107,0.224,0.164,11.839122,-0.19310474860335192,2.06667,Financial Services,Insurance - Life
MFG,2026-09-09T14:21:54.949832+00:00,133013749760.0,3696679.0,0.35,0.497,0.456,7.9065466,-0.04646363545372656,,Financial Services,Banks - Regional
MG,2026-09-09T14:21:55.526854+00:00,617728640.0,215274.0,0.042,1.397,1.513,15.332016,0.18587264758958488,,Industrials,Security & Protection Services
MGA,2026-09-09T14:21:56.153745+00:00,17815484416.0,1259048.0,0.033,0.278,0.237,8.557096,0.10201801937082378,2.33333,Consumer Cyclical,Auto Parts
MGM,2026-09-09T14:21:56.765251+00:00,10317201408.0,2607411.0,0.01,5.194,4.974,19.492918,0.255493614383137,2.40909,Consumer Cyclical,Resorts & Casinos
MGY,2026-09-09T14:21:57.346031+00:00,6754616320.0,4511004.0,0.501,1.366,1.327,8.573064,0.18259486627176447,1.73684,Energy,Oil & Gas E&P
MH,2026-09-09T14:21:57.961317+00:00,2393273344.0,816462.0,0.026,98.602,114.259,6.0251412,0.43218784972022384,1.38462,Consumer Defensive,Education & Training Services
MHD,2026-09-09T14:21:58.570559+00:00,,334440.0,0.112,,,,,,Financial Services,Asset Management
MHK,2026-09-09T14:21:59.156054+00:00,8765315072.0,889508.0,0.068,0.376,0.339,12.864076,0.04934853168469844,2.46667,Consumer Cyclical,"Furnishings, Fixtures & Appliances"
MHO,2026-09-09T14:21:59.847328+00:00,3621794304.0,238730.0,-0.085,-0.317,-0.348,10.1740055,0.19139036649214658,,Consumer Cyclical,Residential Construction
MIAX,2026-09-09T14:22:00.507108+00:00,4309597696.0,1827738.0,0.183,0.327,0.879,22.399876,0.18351370020723,2.28571,Financial Services,Capital Markets
MICC,2026-09-09T14:22:01.531166+00:00,11891393536.0,1071337.0,0.042,,-0.247,15.411243,-0.045791762599130315,3.25,Consumer Defensive,Packaged Foods
MIR,2026-09-09T14:22:02.011419+00:00,4114184448.0,4091224.0,0.197,0.0,-0.072,24.711304,0.46929358353510886,1.36364,Industrials,Specialty Industrial Machinery
MKC,2026-09-09T14:22:02.398827+00:00,13882149888.0,3682450.0,0.167,-0.142,-0.142,15.656221,0.17392040282753962,2.13333,Consumer Defensive,Packaged Foods
MKL,2026-09-09T14:22:02.910701+00:00,22146678784.0,68959.0,0.127,0.868,0.779,15.8271885,0.09447062048593824,,Financial Services,Insurance - Property & Casualty
MLI,2026-09-09T14:22:03.813173+00:00,13988617216.0,1461262.0,0.255,0.018,0.015,14.439497,0.26492212823148087,,Industrials,Metal Fabrication
MLM,2026-09-09T14:22:04.132210+00:00,36329611264.0,626227.0,0.21,-0.232,-0.235,23.561636,0.2862993480534459,1.95833,Basic Materials,Building Materials
MLR,2026-09-09T14:22:05.560953+00:00,626186496.0,90480.0,0.121,-0.137,-0.141,19.841726,0.051486584481508446,,Consumer Cyclical,Auto Parts
MMI,2026-09-09T14:22:05.782780+00:00,1177977600.0,147341.0,0.178,,,33.446236,-0.09982317955312647,,Real Estate,Real Estate Services
MMM,2026-09-09T14:22:06.407162+00:00,85702746112.0,3428909.0,0.025,0.328,0.29,16.995155,0.11668425803345772,2.22222,Industrials,Conglomerates
MMS,2026-09-09T14:22:07.043622+00:00,2926013440.0,662295.0,-0.051,0.048,-0.023,6.6848087,0.6551847544063703,,Industrials,Specialty Business Services
MNTN,2026-09-09T14:22:08.159300+00:00,930521408.0,1219467.0,0.206,,,9.523869,0.45503070838290616,,Technology,Software - Application
MO,2026-09-09T14:22:08.346629+00:00,113308819456.0,8712258.0,0.012,-0.027,-0.034,11.572247,0.031535514294134925,2.64286,Consumer Defensive,Tobacco
MOD,2026-09-09T14:22:09.223556+00:00,10245972992.0,1554716.0,0.28,0.442,0.443,17.64623,0.6084479809237469,1.125,Consumer Cyclical,Auto Parts
MOH,2026-09-09T14:22:09.695631+00:00,9983771648.0,1053956.0,-0.057,-0.753,-0.765,19.637033,0.0933684513228068,2.73684,Healthcare,Healthcare Plans
MOS,2026-09-09T14:22:10.214004+00:00,8373371392.0,8807712.0,-0.06,,,16.921278,0.004875474563401649,,Basic Materials,Agricultural Inputs
MOV,2026-09-09T14:22:10.816975+00:00,744671168.0,226551.0,0.049,3.077,3.119,,0.42322097378277146,1.5,Consumer Cyclical,Luxury Goods
MP,2026-09-09T14:22:11.405943+00:00,9770652672.0,5797717.0,1.197,,,61.25366,0.3739518775063799,1.27778,Basic Materials,Other Industrial Metals & Mining
MPC,2026-09-09T14:22:11.955551+00:00,111307702272.0,2359300.0,0.537,3.48,3.225,12.090689,-0.14079228479160366,2.26316,Energy,Oil & Gas Refining & Marketing
MPT,2026-09-09T14:22:12.620714+00:00,2352967936.0,7024937.0,0.019,,,39.4,0.25271827411167513,3.11111,Real Estate,REIT - Healthcare Facilities
MPTI,2026-09-09T14:22:13.456910+00:00,340619840.0,203175.0,0.138,-0.189,0.199,27.06974,0.13568356027863793,,Technology,Electronic Components
MQY,2026-09-09T14:22:13.727718+00:00,776140672.0,395819.0,0.071,,,,,,Financial Services,Asset Management
MRK,2026-09-09T14:22:14.321030+00:00,365486800896.0,10529361.0,0.051,,,15.514836,0.015411637640070364,1.75,Healthcare,Drug Manufacturers - General
MRP,2026-09-09T14:22:14.957044+00:00,5092689920.0,1368375.0,0.321,0.116,0.116,9.417595,0.21182491033583317,1.16667,Real Estate,REIT - Residential
MRSH,2026-09-09T14:22:15.544929+00:00,85249024000.0,2411716.0,0.062,0.073,0.045,15.655934,0.1592882333184058,2.52174,Financial Services,Insurance Brokers
MS,2026-09-09T14:22:16.165520+00:00,337954439168.0,5251053.0,0.28,0.624,0.577,15.772919,0.10295255135235615,2.32,Financial Services,Capital Markets
MSA,2026-09-09T14:22:16.723442+00:00,7212982784.0,294100.0,0.062,0.403,0.373,18.63632,0.11859041557469108,,Industrials,Security & Protection Services
MSCI,2026-09-09T14:22:17.356157+00:00,40305606656.0,670662.0,0.122,0.196,0.126,24.643345,0.24827986508179878,1.5,Financial Services,Financial Data & Stock Exchanges
MSDL,2026-09-09T14:22:17.953439+00:00,1251416960.0,502637.0,-0.108,-0.774,-0.78,8.260486,0.04892332921124787,2.57143,Financial Services,Asset Management
MSGE,2026-09-09T14:22:18.596475+00:00,3615065856.0,438208.0,0.274,,,26.306368,0.1989662392043967,,Communication Services,Entertainment
MSGS,2026-09-09T14:22:19.208289+00:00,9388768256.0,245641.0,0.367,,,-2032.8467,0.23279471659399853,2.0,Communication Services,Entertainment
MSI,2026-09-09T14:22:19.856240+00:00,76360491008.0,1011611.0,0.133,0.095,0.086,24.153723,0.1417572224269088,1.64286,Technology,Communication Equipment
MSIF,2026-09-09T14:22:20.405170+00:00,567948992.0,280530.0,0.002,0.865,0.797,8.636382,0.13487345309381227,2.125,Financial Services,Asset Management
MSM,2026-09-09T14:22:20.930046+00:00,,719553.0,0.078,0.411,0.414,21.936213,0.09660137284446679,2.6,Industrials,Industrial Distribution
MT,2026-09-09T14:22:21.720464+00:00,57825132544.0,1588941.0,0.052,-0.617,-0.619,10.335414,0.00455432661027988,2.0,Basic Materials,Steel
MTA,2026-09-09T14:22:22.171949+00:00,965812352.0,478325.0,0.938,,,68.86666,-0.1771539206195547,,Basic Materials,Other Precious Metals & Mining
MTB,2026-09-09T14:22:22.725676+00:00,34243981312.0,1089219.0,0.062,0.255,0.142,11.24974,0.0968426956815116,2.7,Financial Services,Banks - Regional
MTD,2026-09-09T14:22:23.413146+00:00,26069968896.0,185985.0,0.045,0.183,0.151,25.165937,0.11590253012788998,2.57143,Healthcare,Diagnostics & Research
MTDR,2026-09-09T14:22:23.993410+00:00,7530481152.0,1960882.0,0.268,1.606,1.6,7.0358396,0.12874069643042008,1.45,Energy,Oil & Gas E&P
MTG,2026-09-09T14:22:24.714776+00:00,6340388352.0,1758325.0,-0.029,0.062,-0.054,9.016891,0.002914923697585614,,Financial Services,Insurance - Specialty
MTH,2026-09-09T14:22:25.228514+00:00,4223932672.0,849474.0,-0.138,-0.328,-0.383,10.783065,0.2710229902792778,2.0,Consumer Cyclical,Residential Construction
MTN,2026-09-09T14:22:25.870241+00:00,4678860288.0,683762.0,-0.07,-0.158,-0.193,20.769238,0.12128837439549134,,Consumer Cyclical,Resorts & Casinos
MTRN,2026-09-09T14:22:26.638407+00:00,5287599104.0,371709.0,0.422,0.521,0.542,30.094875,0.1968006304176515,1.6,Basic Materials,Other Industrial Metals & Mining
MTUS,2026-09-09T14:22:27.195822+00:00,811162496.0,388474.0,0.12,1.384,1.405,14.769811,0.14971895758814502,2.0,Basic Materials,Steel
MTW,2026-09-09T14:22:27.615067+00:00,750381056.0,328467.0,0.103,8.75,8.467,22.716267,-0.32718508657686185,,Industrials,Farm & Heavy Construction Machinery
MTX,2026-09-09T14:22:28.230096+00:00,2172476416.0,243432.0,0.037,,,9.96644,0.33256913597936655,,Basic Materials,Specialty Chemicals
MTZ,2026-09-09T14:22:29.233123+00:00,19509684224.0,1425030.0,0.234,0.514,0.517,19.456364,0.7162320689868078,1.2381,Industrials,Engineering & Construction
MUA,2026-09-09T14:22:29.472628+00:00,660661952.0,255991.0,-0.021,7.846,7.846,,,,Financial Services,Asset Management
MUC,2026-09-09T14:22:30.052068+00:00,975745408.0,371187.0,0.073,,,,,,Financial Services,Asset Management
MUFG,2026-09-09T14:22:30.886243+00:00,262698303488.0,3134033.0,0.288,0.509,0.482,22.659225,-0.07504134710141808,,Financial Services,Banks - Diversified
MUR,2026-09-09T14:22:31.239641+00:00,5528275968.0,1761109.0,0.356,9.166,9.421,11.750887,0.02609697912615072,2.875,Energy,Oil & Gas E&P
MUSA,2026-09-09T14:22:31.835743+00:00,9238790144.0,303891.0,0.408,0.531,0.436,16.386145,0.23884650200439683,1.9,Consumer Cyclical,Specialty Retail
MUX,2026-09-09T14:22:32.416196+00:00,1210931584.0,1147748.0,0.268,1.56,2.16,4.980344,0.5293537247163296,1.16667,Basic Materials,Other Precious Metals & Mining
MWA,2026-09-09T14:22:33.032335+00:00,3729842432.0,1136038.0,0.041,0.303,0.282,14.898659,0.2976140644621179,,Industrials,Specialty Industrial Machinery
MYE,2026-09-09T14:22:38.096809+00:00,1192868992.0,467885.0,0.098,1.055,1.064,15.855,0.16682434563229265,,Consumer Cyclical,Packaging & Containers
MYI,2026-09-09T14:22:38.617335+00:00,,278264.0,0.063,165.414,165.398,,,,Financial Services,Asset Management
NABL,2026-09-09T14:22:39.120048+00:00,706506624.0,2333974.0,0.059,,,8.664025,0.2513368983957218,,Technology,Information Technology Services
NAC,2026-09-09T14:22:39.738740+00:00,,417335.0,-0.005,61.568,66.583,,,,Financial Services,Asset Management
NAD,2026-09-09T14:22:40.333644+00:00,2629975040.0,589016.0,-0.006,,,,,,Financial Services,Asset Management
NAT,2026-09-09T14:22:40.924987+00:00,1522487168.0,3962001.0,0.975,,,15.802197,-0.09596662030598058,3.0,Energy,Oil & Gas Midstream
NATL,2026-09-09T14:22:41.587027+00:00,3357137920.0,659317.0,0.001,0.654,0.667,8.475746,0.10499669821703717,3.0,Technology,Software - Application
NBHC,2026-09-09T14:22:42.137023+00:00,1850172928.0,414317.0,0.221,-0.341,-0.221,10.569975,0.16754935002407323,,Financial Services,Banks - Regional
NBR,2026-09-09T14:22:42.700476+00:00,1383193728.0,263506.0,-0.022,,,21.813662,0.17105985722130712,2.875,Energy,Oil & Gas Drilling
NBXG,2026-09-09T14:22:43.303110+00:00,1235767808.0,214866.0,,,,,,,Financial Services,Asset Management
NCLH,2026-09-09T14:22:43.885883+00:00,6917664768.0,15683483.0,0.049,6.163,6.42,8.902559,0.3674078991038834,2.2963,Consumer Cyclical,Travel Services
NE,2026-09-09T14:22:44.553331+00:00,7314806784.0,1530406.0,-0.163,,,22.469046,0.057497817546922736,2.18182,Energy,Oil & Gas Drilling
NEA,2026-09-09T14:22:45.133103+00:00,3317360128.0,816974.0,-0.014,0.609,0.609,,,3.0,Financial Services,Asset Management
NEE,2026-09-09T14:22:45.766327+00:00,174116601856.0,10978972.0,0.124,0.531,0.55,19.01969,0.1787335569665749,,Utilities,Utilities - Regulated Electric
NEM,2026-09-09T14:22:46.300336+00:00,134752804864.0,8252003.0,0.151,0.114,0.068,12.68132,0.038947408752931345,1.56522,Basic Materials,Gold
NET,2026-09-09T14:22:46.929855+00:00,108387106816.0,3425541.0,0.359,,,181.60179,0.10469483228752585,1.94118,Technology,Software - Infrastructure
NEU,2026-09-09T14:22:47.484641+00:00,7764709376.0,120129.0,0.07,0.229,0.202,32.700233,,,Basic Materials,Specialty Chemicals
NEWP,2026-09-09T14:22:48.140714+00:00,1161805312.0,716091.0,,,,-308.6639,0.21966980830670924,1.5,Basic Materials,Silver
NEXA,2026-09-09T14:22:48.719841+00:00,1900560256.0,723609.0,0.282,62.35,62.347,4.6542215,0.03829134873349371,3.0,Basic Materials,Other Industrial Metals & Mining
NFG,2026-09-09T14:22:49.281473+00:00,7966670336.0,631040.0,0.011,-0.116,-0.075,11.013284,0.09759138343042628,2.0,Energy,Oil & Gas Integrated
NFJ,2026-09-09T14:22:49.882705+00:00,1467987456.0,182459.0,-0.198,1.777,1.723,,,,Financial Services,Asset Management
NG,2026-09-09T14:22:50.493952+00:00,3540959488.0,5105077.0,,,,-34.246716,0.6655924411400247,1.66667,Basic Materials,Gold
NGS,2026-09-09T14:22:51.138795+00:00,477881440.0,134001.0,0.242,-0.268,-0.262,14.195402,0.5114709851551957,,Energy,Oil & Gas Equipment & Services
NGVC,2026-09-09T14:22:51.902511+00:00,617052672.0,135235.0,0.018,-0.04,-0.046,11.590909,0.6682229691876753,,Consumer Defensive,Grocery Stores
NGVT,2026-09-09T14:22:52.323135+00:00,2361247232.0,259903.0,-0.052,,,11.422124,0.29577054669869685,1.33333,Basic Materials,Specialty Chemicals
NHC,2026-09-09T14:22:52.889421+00:00,3480744960.0,128535.0,0.088,0.671,0.7,516.8605,,,Healthcare,Medical Care Facilities
NHI,2026-09-09T14:22:53.599826+00:00,3478000896.0,562795.0,-0.026,-0.43,-0.421,21.81332,0.15609997175939005,1.75,Real Estate,REIT - Healthcare Facilities
NI,2026-09-09T14:22:54.091053+00:00,20033624064.0,5259940.0,0.046,-0.584,-0.555,18.54071,0.1934683423099941,1.6,Utilities,Utilities - Regulated Gas
NIC,2026-09-09T14:22:54.687957+00:00,3562986496.0,267570.0,0.861,0.12,0.579,12.66463,0.12816893123933903,,Financial Services,Banks - Regional
NIQ,2026-09-09T14:22:55.300086+00:00,5310680064.0,1573467.0,,,,13.950442,0.09371341294084967,1.64286,,
NJR,2026-09-09T14:22:55.914975+00:00,5470136832.0,676141.0,0.168,,,15.587367,0.11296605453533681,,Utilities,Utilities - Regulated Gas
NKE,2026-09-09T14:22:56.497738+00:00,55955496960.0,25232403.0,-0.011,4.28,4.066,16.462881,0.3222730960321962,2.625,Consumer Cyclical,Footwear & Accessories
NLY,2026-09-09T14:22:57.111487+00:00,17233680384.0,7370804.0,4.794,34.26,13.408,7.352492,0.059578832276405036,,Real Estate,REIT - Mortgage
NMAX,2026-09-09T14:22:57.673651+00:00,1377498368.0,1112879.0,0.165,,,152.35715,0.734646038443507,,Communication Services,Broadcasting
NMCO,2026-09-09T14:22:58.471617+00:00,571352576.0,246800.0,,,,,,,Financial Services,Asset Management
NMZ,2026-09-09T14:22:58.910139+00:00,2094451072.0,661798.0,-0.013,,,,,,Financial Services,Asset Management
NNI,2026-09-09T14:22:59.494823+00:00,4468494336.0,133683.0,-0.305,-0.628,-0.633,13.036534,0.04091600608535506,,Financial Services,Credit Services
NNN,2026-09-09T14:23:00.169464+00:00,8409921024.0,1506164.0,0.077,-0.037,-0.026,21.013376,0.08132564189571312,2.94118,Real Estate,REIT - Retail
NOC,2026-09-09T14:23:00.847682+00:00,73713664000.0,880812.0,0.051,-0.058,-0.068,17.04601,0.24893539932161568,2.04348,Industrials,Aerospace & Defense
NOG,2026-09-09T14:23:01.292658+00:00,2773473792.0,2940917.0,0.16,1.19,1.376,5.9468055,0.14397925470610828,2.44444,Energy,Oil & Gas E&P
NOMD,2026-09-09T14:23:01.921908+00:00,1593619200.0,1547458.0,-0.031,-0.062,-0.151,6.5989676,0.20405013157894736,,Consumer Defensive,Packaged Foods
NOV,2026-09-09T14:23:02.550045+00:00,7658932224.0,3719479.0,-0.025,0.076,0.037,16.786205,0.0349937165464278,2.5,Energy,Oil & Gas Equipment & Services
NOW,2026-09-09T14:23:03.133136+00:00,136986714112.0,21873788.0,0.24,-0.219,-0.226,26.470829,0.07385629104083313,1.44898,Technology,Software - Application
NP,2026-09-09T14:23:03.767039+00:00,4311863808.0,724043.0,0.328,,0.359,46.63105,0.09925079567154671,2.0,Financial Services,Insurance Brokers
NPB,2026-09-09T14:23:04.404912+00:00,586853824.0,202785.0,0.098,0.176,0.069,6.1859126,0.2011390689451975,,Financial Services,Banks - Regional
NPK,2026-09-09T14:23:04.965449+00:00,1036513728.0,100954.0,0.217,2.07,2.079,166.95403,,,Industrials,Aerospace & Defense
NPKI,2026-09-09T14:23:05.700105+00:00,1142038144.0,964461.0,0.196,0.415,0.379,21.462652,0.5117717472118961,,Industrials,Building Products & Equipment
NPO,2026-09-09T14:23:06.115225+00:00,6345594368.0,243100.0,0.176,0.016,0.027,27.53817,0.2992969785924562,,Industrials,Specialty Industrial Machinery
NRG,2026-09-09T14:23:06.689721+00:00,24830062592.0,2828585.0,0.11,,,10.549772,0.5979512360311547,,Utilities,Utilities - Independent Power Producers
NRGV,2026-09-09T14:23:07.325770+00:00,749197184.0,5270225.0,1.041,,,-25.225616,0.506274119560205,,Utilities,Utilities - Renewable
NRK,2026-09-09T14:23:07.896006+00:00,871044480.0,257691.0,-0.018,35.47,35.469,,,,Financial Services,Asset Management
NRP,2026-09-09T14:23:08.501193+00:00,,46479.0,0.131,-0.266,-0.264,,,,Energy,Thermal Coal
NSC,2026-09-09T14:23:09.138819+00:00,73086435328.0,1148711.0,0.114,-0.044,-0.044,22.721336,0.1225672490357872,,Industrials,Railroads
NSP,2026-09-09T14:23:09.730900+00:00,1890284032.0,608067.0,0.017,,,18.345121,0.04566579106890267,,Industrials,Staffing & Employment Services
NTB,2026-09-09T14:23:10.282121+00:00,2380051200.0,193001.0,0.082,-0.072,-0.12,8.390022,0.057501652346331644,,Financial Services,Banks - Diversified
NTR,2026-09-09T14:23:10.920797+00:00,38878306304.0,2779454.0,0.04,0.012,-0.006,16.644602,-0.061898367497238316,,Basic Materials,Agricultural Inputs
NTST,2026-09-09T14:23:11.582570+00:00,2056441216.0,2033675.0,0.269,0.527,0.921,49.207317,0.14915539033457237,,Real Estate,REIT - Retail
NU,2026-09-09T14:23:12.150357+00:00,73257394176.0,76361401.0,0.521,0.663,0.665,13.229867,0.24449258160237397,1.63636,Financial Services,Banks - Regional
NUE,2026-09-09T14:23:13.230958+00:00,58769879040.0,1551146.0,0.23,0.938,0.917,13.6010065,0.0917715410747375,,Basic Materials,Steel
NUS,2026-09-09T14:23:13.480918+00:00,230634752.0,666783.0,-0.171,,,4.084569,1.6951731706802304,,Consumer Defensive,Household & Personal Products
NUV,2026-09-09T14:23:14.012152+00:00,1831554560.0,491945.0,0.062,0.551,0.551,,,,Financial Services,Asset Management
NUVB,2026-09-09T14:23:14.648643+00:00,2305124096.0,6726512.0,5.556,,,-437.6667,0.9954303122619952,,Healthcare,Biotechnology
NVG,2026-09-09T14:23:15.209965+00:00,2557721344.0,499491.0,-0.02,0.102,0.102,,,,Financial Services,Asset Management
NVGS,2026-09-09T14:23:15.828517+00:00,1384210304.0,450616.0,0.295,1.742,1.47,12.940798,0.14023411816970222,1.5,Energy,Oil & Gas Midstream
NVO,2026-09-09T14:23:16.426348+00:00,199602831360.0,11769214.0,0.021,-0.206,-0.208,13.213552,0.04637392074385649,2.57143,Healthcare,Drug Manufacturers - General
NVR,2026-09-09T14:23:17.097141+00:00,16507840512.0,31933.0,-0.109,-0.226,-0.291,14.974569,0.10027920679960212,2.66667,Consumer Cyclical,Residential Construction
NVRI,2026-09-09T14:23:17.625897+00:00,638224320.0,404196.0,-0.667,,,-21.224934,0.26619567137809175,,Industrials,Waste Management
NVS,2026-09-09T14:23:18.243416+00:00,263876247552.0,2018500.0,0.008,-0.17,-0.192,14.151685,0.1303229129150758,2.75,Healthcare,Drug Manufacturers - General
NVST,2026-09-09T14:23:18.841717+00:00,4278855680.0,2665129.0,0.071,1.113,1.034,15.960028,0.15561974474474471,2.125,Healthcare,Medical Instruments & Supplies
NVT,2026-09-09T14:23:19.414637+00:00,25944207360.0,2287969.0,0.528,0.98,0.972,24.812346,0.2731091771164764,,Industrials,Electrical Equipment & Parts
NWN,2026-09-09T14:23:20.015647+00:00,2092890624.0,246935.0,0.031,,,15.383663,0.15446500402252616,,Utilities,Utilities - Regulated Gas
NX,2026-09-09T14:23:20.626687+00:00,993283008.0,386479.0,0.013,,,10.309155,0.25720876585928476,1.0,Industrials,Building Products & Equipment
NXE,2026-09-09T14:23:21.198821+00:00,7157652992.0,5137625.0,,,,-57.117027,0.8264452459016391,1.53333,Energy,Uranium
NXG,2026-09-09T14:23:21.863769+00:00,421452960.0,109962.0,,,,,,,Financial Services,Asset Management
NXP,2026-09-09T14:23:22.432868+00:00,,141509.0,0.16,,,,,,Financial Services,Asset Management
NXRT,2026-09-09T14:23:23.037091+00:00,1180694912.0,316324.0,0.024,,,-10.352941,0.2893356643356644,,Real Estate,REIT - Residential
NYT,2026-09-09T14:23:23.632491+00:00,10810838016.0,1938932.0,0.113,0.14,0.126,21.460243,0.1586852155751155,1.9,Communication Services,Publishing
NZF,2026-09-09T14:23:24.195138+00:00,2317366528.0,542609.0,-0.018,,,,,3.0,Financial Services,Asset Management
O,2026-09-09T14:23:24.789522+00:00,57724035072.0,5568916.0,0.096,0.692,0.747,39.1419,0.11732644865174979,2.5,Real Estate,REIT - Retail
OBDC,2026-09-09T14:23:25.440005+00:00,5508990464.0,3767377.0,-0.174,-0.507,-0.522,8.483255,0.186763963963964,1.57143,Financial Services,Asset Management
OBE,2026-09-09T14:23:26.018945+00:00,803709440.0,765348.0,0.417,1.905,1.745,9.612365,,2.25,Energy,Oil & Gas E&P
OBK,2026-09-09T14:23:26.626204+00:00,1656936192.0,167940.0,0.333,1.321,1.311,12.301877,0.09104449823124194,,Financial Services,Banks - Regional
OC,2026-09-09T14:23:27.200602+00:00,10260913152.0,1083027.0,0.003,-0.342,-0.377,10.806276,0.35998867532067336,,Industrials,Building Products & Equipment
ODC,2026-09-09T14:23:27.845345+00:00,,125941.0,0.094,0.253,0.248,,,,Basic Materials,Specialty Chemicals
OEC,2026-09-09T14:23:28.448184+00:00,325080544.0,581404.0,0.074,-0.813,-0.8,17.0059,0.16001734605377282,3.25,Basic Materials,Specialty Chemicals
OFG,2026-09-09T14:23:29.028854+00:00,2215557120.0,333393.0,0.104,0.209,0.135,10.2342825,0.07783288821060652,,Financial Services,Banks - Regional
OFRM,2026-09-09T14:23:29.625791+00:00,718460096.0,516009.0,0.423,,,38.92175,0.4757451782583284,,Consumer Defensive,Packaged Foods
OGC,2026-09-09T14:23:30.209208+00:00,6838259200.0,502670.0,0.497,1.02,0.947,,,,Basic Materials,Gold
OGE,2026-09-09T14:23:30.864544+00:00,9756833792.0,1392420.0,-0.04,0.057,0.082,18.13212,0.07597247512174476,2.53846,Utilities,Utilities - Regulated Electric
OGN,2026-09-09T14:23:31.583927+00:00,3605627392.0,2754714.0,-0.023,-0.283,-0.255,3.7980213,-0.18062636562272394,,Healthcare,Drug Manufacturers - General
OGS,2026-09-09T14:23:32.001127+00:00,5025987584.0,579224.0,-0.029,0.396,0.461,15.798905,0.12009129564782395,,Utilities,Utilities - Regulated Gas
OHI,2026-09-09T14:23:32.635816+00:00,14917569536.0,1922406.0,0.112,1.613,1.656,23.100582,0.11063548801369882,2.4,Real Estate,REIT - Healthcare Facilities
OI,2026-09-09T14:23:33.284171+00:00,1027983680.0,3226632.0,-0.022,,,4.4409924,0.46985500747384146,,Consumer Cyclical,Packaging & Containers
OII,2026-09-09T14:23:33.824696+00:00,5001364992.0,1072450.0,0.1,0.204,0.194,21.662378,-0.08457711442786064,,Energy,Oil & Gas Equipment & Services
OIS,2026-09-09T14:23:34.406877+00:00,529330976.0,658090.0,-0.053,1.126,1.102,11.979522,0.2535612535612535,,Energy,Oil & Gas Equipment & Services
OKE,2026-09-09T14:23:35.030763+00:00,61262475264.0,3708245.0,0.528,0.142,0.149,15.630705,0.03239522560065855,2.3,Energy,Oil & Gas Midstream
OKLO,2026-09-09T14:23:35.638558+00:00,8047495680.0,9566598.0,,,,-43.05062,0.8463085386713514,,Utilities,Utilities - Independent Power Producers
OLN,2026-09-09T14:23:36.206212+00:00,2002672256.0,3278391.0,-0.009,,,22.30233,0.23024359704040975,3.0,Basic Materials,Chemicals
OMC,2026-09-09T14:23:36.793211+00:00,21821476864.0,3568741.0,0.634,0.588,1.27,6.603806,0.2834212974603971,2.07692,Communication Services,Advertising Agencies
OMF,2026-09-09T14:23:37.473703+00:00,7259692032.0,1021329.0,-0.027,-0.059,-0.09,7.343085,0.10247096109658527,1.9375,Financial Services,Credit Services
ONIT,2026-09-09T14:23:38.072660+00:00,291071488.0,67785.0,0.147,,,4.2281556,0.5068886337543053,,Financial Services,Mortgage Finance
ONON,2026-09-09T14:23:38.612043+00:00,9187561472.0,6327032.0,0.135,,,13.322576,0.6072779192433613,1.72414,Consumer Cyclical,Footwear & Accessories
ONT,2026-09-09T14:23:39.282984+00:00,622631936.0,700693.0,-0.204,-0.909,-0.926,10.930612,0.04906937394247035,,Industrials,Waste Management
ONTO,2026-09-09T14:23:39.872992+00:00,17183631360.0,1226375.0,0.353,0.754,0.772,24.053864,0.3743238003770497,1.18182,Technology,Semiconductor Equipment & Materials
OOMA,2026-09-09T14:23:40.426044+00:00,630384000.0,399275.0,0.254,1.5,1.394,15.040466,0.16462346760070057,1.28571,Technology,Software - Application
OPFI,2026-09-09T14:23:41.076468+00:00,650138944.0,843872.0,-0.139,,,3.953368,0.7450851900393185,2.0,Financial Services,Credit Services
OPLN,2026-09-09T14:23:41.614672+00:00,4244369152.0,1208080.0,0.151,1.133,0.326,20.084452,0.3293707218866837,1.88889,Consumer Cyclical,Auto & Truck Dealerships
OPY,2026-09-09T14:23:42.221823+00:00,1327685504.0,126196.0,0.241,0.246,0.262,48.433594,,,Financial Services,Capital Markets
OR,2026-09-09T14:23:42.804402+00:00,6987971072.0,1083191.0,0.62,0.924,0.897,26.907804,0.14032734102495303,3.0,Basic Materials,Gold
ORA,2026-09-09T14:23:43.380755+00:00,6272995328.0,830716.0,0.106,-0.065,-0.034,40.10229,0.29813901279349064,2.0,Utilities,Utilities - Renewable
ORC,2026-09-09T14:23:44.001926+00:00,1305170048.0,4820295.0,,,,6.3429956,0.14242193450114238,,Real Estate,REIT - Mortgage
ORCL,2026-09-09T14:23:44.671938+00:00,462286815232.0,31940627.0,0.206,0.219,0.256,14.632395,0.5043126674559162,1.59091,Technology,Software - Infrastructure
ORI,2026-09-09T14:23:45.254513+00:00,9800970240.0,1345914.0,0.134,0.617,0.577,12.301516,0.07156053701194742,,Financial Services,Insurance - Property & Casualty
ORN,2026-09-09T14:23:45.811710+00:00,367110048.0,529233.0,0.081,,,20.142424,0.6895560090452815,,Industrials,Engineering & Construction
OSCR,2026-09-09T14:23:46.448566+00:00,9614290944.0,5521237.0,0.704,,,16.552422,-0.024077046548956704,,Healthcare,Healthcare Plans
OSG,2026-09-09T14:23:47.016110+00:00,221428064.0,497988.0,0.51,,,8.8292885,1.3736866734486268,1.33333,Financial Services,Insurance - Specialty
OSK,2026-09-09T14:23:47.609984+00:00,9383824384.0,709822.0,0.067,-0.076,-0.105,10.85819,0.11239515757615615,2.0,Industrials,Farm & Heavy Construction Machinery
OTF,2026-09-09T14:23:48.212987+00:00,4994220544.0,2614096.0,0.058,-0.228,-0.235,7.958993,0.24872568807339457,2.0,Financial Services,Asset Management
OTIS,2026-09-09T14:23:48.803911+00:00,26399418368.0,3671141.0,0.073,0.13,0.089,15.261481,0.27253064167267493,2.14286,Industrials,Specialty Industrial Machinery
OUT,2026-09-09T14:23:49.487318+00:00,5068291584.0,1790611.0,0.135,3.4,2.974,18.964859,0.320590790616855,,Real Estate,REIT - Specialty
OVV,2026-09-09T14:23:49.989630+00:00,18014957568.0,3356303.0,0.297,0.373,0.485,8.918118,0.14286473207431305,1.61538,Energy,Oil & Gas E&P
OWL,2026-09-09T14:23:50.703724+00:00,17223049216.0,20306516.0,0.071,-0.14,-0.346,11.130579,0.15880709736123744,2.0,Financial Services,Asset Management
OXM,2026-09-09T14:23:51.207009+00:00,467209792.0,473314.0,-0.022,1.902,1.934,13.264543,0.09000561032299426,3.0,Consumer Cyclical,Apparel Manufacturing
OXY,2026-09-09T14:23:51.822099+00:00,62032498688.0,8674262.0,0.534,9.649,5.5,16.048693,0.08103021513173814,2.28,Energy,Oil & Gas E&P
P,2026-09-09T14:23:53.473725+00:00,33132787712.0,3054925.0,,,,28.059353,0.3127458513527104,1.55,Technology,Computer Hardware
PAAS,2026-09-09T14:23:53.683720+00:00,21741074432.0,4664675.0,0.384,0.385,0.608,11.136233,0.2567605709011298,1.77778,Basic Materials,Gold
PAC,2026-09-09T14:23:54.240256+00:00,12199658496.0,127793.0,0.037,-0.064,0.101,16.18871,0.2495732331853875,2.14286,Industrials,Airports & Air Services
PACS,2026-09-09T14:23:54.836937+00:00,6848015360.0,869119.0,0.091,0.516,0.499,15.936592,0.36416184971098264,1.33333,Healthcare,Medical Care Facilities
PAG,2026-09-09T14:23:55.428877+00:00,14240963584.0,383425.0,0.06,-0.017,-0.023,15.067212,-0.021842263002581963,,Consumer Cyclical,Auto & Truck Dealerships
PAGS,2026-09-09T14:23:56.294184+00:00,2666875136.0,2965508.0,-0.002,0.101,0.023,5.113068,0.22817622739018084,2.375,Technology,Software - Infrastructure
PAM,2026-09-09T14:23:56.653888+00:00,4626809344.0,171679.0,0.535,3.333,3.3,7.303319,0.40289532526212124,1.54545,Industrials,Conglomerates
PAR,2026-09-09T14:23:57.221343+00:00,738531136.0,996188.0,0.187,,,12.49895,0.41767012041444973,,Technology,Software - Application
PARR,2026-09-09T14:23:57.865608+00:00,4107442944.0,968567.0,0.568,6.991,6.772,6.937799,0.012374139329515588,,Energy,Oil & Gas Refining & Marketing
PATH,2026-09-09T14:23:58.510779+00:00,7327256576.0,69809566.0,0.134,22.808,21.783,15.35605,0.19161080469523406,2.80952,Technology,Software - Infrastructure
PAXS,2026-09-09T14:23:59.083695+00:00,663900160.0,180954.0,,,,,,,Financial Services,Asset Management
PAY,2026-09-09T14:24:04.031385+00:00,4467708928.0,1274635.0,0.288,0.818,0.738,33.124485,0.10876194503171233,,Technology,Software - Infrastructure
PAYC,2026-09-09T14:24:04.510872+00:00,9713836032.0,929738.0,0.098,0.481,0.2,15.449352,0.004837138084632375,2.45,Technology,Software - Application
PB,2026-09-09T14:24:05.146119+00:00,8616674304.0,1115901.0,0.259,0.177,0.247,9.782466,0.13507140864714073,2.6,Financial Services,Banks - Regional
PBA,2026-09-09T14:24:05.693646+00:00,28618321920.0,1071864.0,0.201,0.262,0.228,21.576958,-0.028488457630562847,2.05556,Energy,Oil & Gas Midstream
PBF,2026-09-09T14:24:06.281688+00:00,9090590720.0,2963972.0,0.562,,,7.8953357,-0.11832859564480369,3.35714,Energy,Oil & Gas Refining & Marketing
PBH,2026-09-09T14:24:06.942203+00:00,2350723584.0,573174.0,0.065,-0.358,-0.385,9.765313,0.3663845223700122,,Healthcare,Drug Manufacturers - Specialty & Generic
PBI,2026-09-09T14:24:07.603281+00:00,2322308096.0,2099014.0,-0.023,1.158,0.665,9.29916,0.15466351829988167,2.8,Industrials,Integrated Freight & Logistics
PBR,2026-09-09T14:24:08.112634+00:00,135976132608.0,17143066.0,0.423,0.968,0.968,5.292638,0.0477033175355448,1.64286,Energy,Oil & Gas Integrated
PBT,2026-09-09T14:24:08.788973+00:00,1648553088.0,118238.0,0.344,0.615,0.615,,,,Energy,Oil & Gas Midstream
PCG,2026-09-09T14:24:09.346727+00:00,31791167488.0,30392458.0,0.001,0.398,0.407,8.012234,0.36170765500519564,2.05882,Utilities,Utilities - Regulated Electric
PCN,2026-09-09T14:24:09.929133+00:00,885584704.0,324679.0,0.038,-0.273,-0.163,,,,Financial Services,Asset Management
PCOR,2026-09-09T14:24:10.491052+00:00,8334750208.0,3361969.0,0.158,,,23.159288,0.24977210574293518,1.69565,Technology,Software - Application
PD,2026-09-09T14:24:11.143270+00:00,1048402816.0,1683251.0,0.008,-0.4,-0.517,9.081742,-0.05154838709677412,2.66667,Technology,Software - Application
PDI,2026-09-09T14:24:11.775946+00:00,7201565184.0,3077796.0,,,,,,,Financial Services,Asset Management
PDM,2026-09-09T14:24:12.328459+00:00,1198772480.0,1089372.0,0.027,,,-31.933332,0.09603340292275564,,Real Estate,REIT - Office
PDO,2026-09-09T14:24:12.918470+00:00,1829085312.0,681733.0,,,,,,,Financial Services,Asset Management
PDS,2026-09-09T14:24:13.509776+00:00,1172032640.0,107903.0,0.114,,,10.231535,0.1412208575501701,1.8,Energy,Oil & Gas Drilling
PDX,2026-09-09T14:24:14.209713+00:00,981317568.0,99691.0,,,,,,,Financial Services,Asset Management
PEB,2026-09-09T14:24:14.699968+00:00,1996187776.0,2502529.0,-0.001,1.892,0.306,-65.51852,0.0806483889202938,2.8125,Real Estate,REIT - Hotel & Motel
PEG,2026-09-09T14:24:15.291147+00:00,36230152192.0,2893780.0,-0.089,-0.427,-0.429,15.557249,0.17584564589352047,,Utilities,Utilities - Regulated Electric
PEN,2026-09-09T14:24:15.897025+00:00,12618401792.0,344996.0,0.149,-0.235,-0.231,52.242847,0.12949380365225527,,Healthcare,Medical Devices
PFE,2026-09-09T14:24:16.860176+00:00,158792908800.0,42268764.0,0.026,,,9.616845,0.026768485283560572,2.46429,Healthcare,Drug Manufacturers - General
PFGC,2026-09-09T14:24:17.135010+00:00,15101731840.0,1628616.0,0.073,0.227,0.234,14.383425,0.2857182380779033,1.57143,Consumer Defensive,Food Distribution
PFLT,2026-09-09T14:24:17.748351+00:00,712602752.0,1093954.0,0.041,-0.607,-0.607,6.7756605,0.3575227646125143,,Financial Services,Asset Management
PFN,2026-09-09T14:24:18.345742+00:00,679874752.0,457403.0,-0.034,-0.255,-0.201,,,,Financial Services,Asset Management
PFS,2026-09-09T14:24:18.946803+00:00,3038846976.0,973975.0,0.038,0.09,0.086,8.961538,0.1981403433476394,,Financial Services,Banks - Regional
PFSI,2026-09-09T14:24:19.521924+00:00,3713196800.0,572837.0,0.018,-0.839,-0.841,6.4161406,0.26719053868388887,,Financial Services,Mortgage Finance
PG,2026-09-09T14:24:20.529249+00:00,332467339264.0,8970706.0,0.015,-0.155,-0.158,19.343767,0.12203926226072381,2.2,Consumer Defensive,Household & Personal Products
PGR,2026-09-09T14:24:20.687672+00:00,124477440000.0,2920630.0,0.073,0.05,0.043,13.146444,0.08304934410158249,2.64,Financial Services,Insurance - Property & Casualty
PH,2026-09-09T14:24:21.289724+00:00,119606452224.0,635187.0,0.098,0.193,0.182,24.231646,0.22347296870060074,1.68,Industrials,Specialty Industrial Machinery
PHG,2026-09-09T14:24:21.900549+00:00,24577413120.0,1023016.0,0.005,0.614,0.6,13.208836,0.280970371843309,,Healthcare,Medical Devices
PHI,2026-09-09T14:24:22.540070+00:00,,177754.0,0.021,-0.14,-0.14,6.77475,0.45234469488730067,,Communication Services,Telecom Services
PHIN,2026-09-09T14:24:23.141261+00:00,2471788544.0,383940.0,0.056,-0.079,-0.13,9.77398,0.3933150522493143,1.6,Consumer Cyclical,Auto Parts
PHK,2026-09-09T14:24:23.742603+00:00,846094272.0,854401.0,-0.015,-0.245,-0.185,,,,Financial Services,Asset Management
PHM,2026-09-09T14:24:24.308010+00:00,22958368768.0,1659061.0,-0.096,-0.182,-0.224,10.731897,0.18039128811449912,2.0,Consumer Cyclical,Residential Construction
PHR,2026-09-09T14:24:24.946773+00:00,632502912.0,887462.0,0.104,2.0,1.933,6.3438106,0.36776251226692835,2.0,Healthcare,Health Information Services
PII,2026-09-09T14:24:25.489798+00:00,3449776128.0,836356.0,0.088,,,17.844896,0.19312709278350515,2.77778,Consumer Cyclical,Recreational Vehicles
PINS,2026-09-09T14:24:26.134948+00:00,11217301504.0,12820604.0,0.182,,,8.2383375,0.46374775338758867,2.07692,Communication Services,Internet Content & Information
PIPR,2026-09-09T14:24:26.744177+00:00,5395676160.0,580887.0,0.249,0.61,0.608,13.801518,0.14112639161755092,,Financial Services,Capital Markets
PJT,2026-09-09T14:24:27.307346+00:00,7636826624.0,460622.0,0.195,0.375,0.393,19.76949,0.04752342704149948,,Financial Services,Capital Markets
PK,2026-09-09T14:24:27.921217+00:00,3037188864.0,4588158.0,0.01,,,26.464912,0.03579714948624457,2.61111,Real Estate,REIT - Hotel & Motel
PKG,2026-09-09T14:24:28.517249+00:00,20575469568.0,634580.0,0.147,-0.195,-0.205,17.851192,0.12804746026934555,,Consumer Cyclical,Packaging & Containers
PL,2026-09-09T14:24:29.234903+00:00,6389207552.0,10215987.0,0.581,,,12279.791,0.9362076525760106,1.75,Industrials,Aerospace & Defense
PLD,2026-09-09T14:24:29.785755+00:00,132797407232.0,4185512.0,0.123,0.853,0.859,40.12041,0.15826637874240523,2.0,Real Estate,REIT - Industrial
PLGO,2026-09-09T14:24:30.314591+00:00,2063244800.0,424822.0,0.103,1.889,1.254,6.4114923,0.017998797113071285,2.88889,Financial Services,Insurance - Diversified
PLNT,2026-09-09T14:24:30.933986+00:00,3711302656.0,1879490.0,0.045,0.261,0.156,13.352799,0.3803633762517882,,Consumer Cyclical,Leisure
PLOW,2026-09-09T14:24:31.490898+00:00,946158912.0,280206.0,0.105,-0.018,-0.022,12.703331,0.3170731707317074,,Consumer Cyclical,Auto Parts
PM,2026-09-09T14:24:32.129321+00:00,286410964992.0,4963643.0,0.104,-0.075,-0.073,20.026932,0.12791982590344708,1.6875,Consumer Defensive,Tobacco
PMI,2026-09-09T14:24:32.680942+00:00,9191287.0,1673988.0,0.386,,,-0.99444443,,,Healthcare,Medical Devices
PML,2026-09-09T14:24:33.415169+00:00,,373346.0,0.729,36.08,64.82,,,,Financial Services,Asset Management
PMT,2026-09-09T14:24:33.945177+00:00,,1498112.0,0.061,,3.104,6.8797913,0.18298846960167725,,Real Estate,REIT - Mortgage
PNC,2026-09-09T14:24:34.485446+00:00,96636125184.0,1918441.0,0.236,0.249,0.254,11.33751,0.1465342855963343,1.81818,Financial Services,Banks - Regional
PNFP,2026-09-09T14:24:35.202558+00:00,15108242432.0,1203775.0,1.37,0.035,1.063,8.7147,0.20119263852770564,1.7,Financial Services,Banks - Regional
PNR,2026-09-09T14:24:35.722928+00:00,9217697792.0,3266074.0,-0.17,-0.111,-0.134,11.174098,0.3212308891005107,2.375,Industrials,Specialty Industrial Machinery
PNW,2026-09-09T14:24:36.339265+00:00,11827637248.0,1155991.0,0.071,-0.095,-0.073,17.52927,0.08460036889025502,2.5625,Utilities,Utilities - Regulated Electric
POR,2026-09-09T14:24:36.882886+00:00,5806294016.0,1113300.0,0.009,0.049,0.097,13.765432,0.08181263925460813,2.53846,Utilities,Utilities - Regulated Electric
POST,2026-09-09T14:24:37.588353+00:00,3724156672.0,937719.0,-0.018,-0.279,-0.417,11.4142275,0.2798669830838505,1.85714,Consumer Defensive,Packaged Foods
PPG,2026-09-09T14:24:38.142625+00:00,24210694144.0,1787183.0,0.072,-0.015,-0.029,12.557609,0.15875493526765228,2.17391,Basic Materials,Specialty Chemicals
PPL,2026-09-09T14:24:38.726026+00:00,26263816192.0,8743696.0,0.042,0.212,0.257,16.485361,0.17273839541547287,,Utilities,Utilities - Regulated Electric
PR,2026-09-09T14:24:39.300783+00:00,20030177280.0,10023172.0,0.551,2.329,2.826,10.715855,0.10181894208655673,1.31818,Energy,Oil & Gas E&P
PRG,2026-09-09T14:24:39.988494+00:00,1504839040.0,562469.0,0.223,-0.042,-0.038,6.701552,0.4142024880889359,1.42857,Industrials,Rental & Leasing Services
PRGO,2026-09-09T14:24:40.627945+00:00,2004948992.0,3330933.0,-0.032,,,6.0416284,0.13871635610766053,,Healthcare,Drug Manufacturers - Specialty & Generic
PRI,2026-09-09T14:24:41.167682+00:00,8902810624.0,191164.0,0.087,0.195,0.134,10.646485,0.12180872210602733,2.5,Financial Services,Insurance - Life
PRIM,2026-09-09T14:24:41.715645+00:00,4042535424.0,1719941.0,-0.107,,,14.270174,0.5809958394846328,1.8125,Industrials,Engineering & Construction
PRK,2026-09-09T14:24:42.376730+00:00,3378720256.0,110016.0,0.257,0.088,0.221,14.140238,0.12988307313943537,,Financial Services,Banks - Regional
PRKS,2026-09-09T14:24:42.989961+00:00,1793248640.0,703217.0,-0.014,-0.076,-0.21,8.976192,0.20606826801517086,2.33333,Consumer Cyclical,Leisure
PRLB,2026-09-09T14:24:43.484863+00:00,1930736256.0,213317.0,0.106,1.056,1.067,33.805233,0.18324866807087115,,Industrials,Metal Fabrication
PRM,2026-09-09T14:24:44.158812+00:00,5198696960.0,1615727.0,0.315,,,17.315924,0.3775188916876573,,Basic Materials,Specialty Chemicals
PRMB,2026-09-09T14:24:44.959799+00:00,7798511616.0,3751193.0,0.038,1.628,1.507,14.450547,0.40923411088730277,1.75,Consumer Defensive,Beverages - Non-Alcoholic
PRSU,2026-09-09T14:24:45.372753+00:00,1328269824.0,263714.0,0.143,1.696,1.687,25.558144,0.2812564579458565,,Consumer Cyclical,Travel Services
PRU,2026-09-09T14:24:46.063677+00:00,41041199104.0,1812603.0,0.141,0.892,0.848,8.008218,-0.04673839946200398,3.38889,Financial Services,Insurance - Life
PSA,2026-09-09T14:24:46.586828+00:00,55413534720.0,1017185.0,0.033,0.451,0.395,29.331366,0.1332690891627979,2.54545,Real Estate,REIT - Industrial
PSFE,2026-09-09T14:24:47.128537+00:00,331307168.0,330953.0,0.045,,,2.9386697,0.33963750985027596,3.0,Technology,Software - Infrastructure
PSN,2026-09-09T14:24:47.697713+00:00,5053496832.0,1374545.0,-0.005,,,13.8377075,0.2546473634154074,1.57143,Technology,Information Technology Services
PSO,2026-09-09T14:24:48.307982+00:00,9435619328.0,751416.0,0.033,-0.029,-0.098,16.0093,0.0,3.5,Communication Services,Publishing
PSQH,2026-09-09T14:24:48.978315+00:00,18635840.0,216168.0,1.078,,,-20.833334,2.0,,Technology,Software - Application
PSTL,2026-09-09T14:24:49.530559+00:00,938096704.0,325620.0,0.224,0.25,0.398,30.7137,0.1303716588884174,1.57143,Real Estate,REIT - Office
PSX,2026-09-09T14:24:50.092507+00:00,104243101696.0,2774772.0,0.531,3.449,3.387,12.209537,-0.0939271153846154,2.15,Energy,Oil & Gas Refining & Marketing
PTY,2026-09-09T14:24:50.886933+00:00,2560951808.0,1134045.0,0.072,-0.235,-0.104,,,,Financial Services,Asset Management
PUK,2026-09-09T14:24:51.588090+00:00,33680377856.0,1090596.0,-0.018,-0.23,-0.257,13.48632,0.3947839823659074,1.25,Financial Services,Insurance - Life
PUMP,2026-09-09T14:24:52.280138+00:00,1495995392.0,3918753.0,-0.062,,,29.691385,0.37333908045977027,,Energy,Oil & Gas Equipment & Services
PVH,2026-09-09T14:24:52.939147+00:00,3298393600.0,979743.0,-0.032,,,5.705156,0.27057392642327605,2.30769,Consumer Cyclical,Apparel Manufacturing
PWR,2026-09-09T14:24:53.292468+00:00,95105728512.0,1225387.0,0.411,0.947,0.969,32.27548,0.21515651527845847,1.51613,Industrials,Engineering & Construction
PXED,2026-09-09T14:24:57.430065+00:00,993645952.0,117888.0,0.0,-0.289,-0.273,5.981248,0.5009976419372393,,Consumer Defensive,Education & Training Services
Q,2026-09-09T14:24:57.969004+00:00,25701269504.0,1965203.0,0.221,-0.343,-0.34,22.84247,0.4387464387464388,1.25,Technology,Semiconductor Equipment & Materials
QGEN,2026-09-09T14:24:58.746609+00:00,8720283648.0,2901859.0,0.003,0.079,0.074,16.182123,0.09096448022732662,2.2,Healthcare,Diagnostics & Research
QSR,2026-09-09T14:24:59.179694+00:00,35471532032.0,2816709.0,0.046,1.512,1.683,17.479067,0.10960441689267708,1.88889,Consumer Cyclical,Restaurants
QTWO,2026-09-09T14:24:59.766211+00:00,3764041216.0,797632.0,0.126,1.565,1.538,18.027475,0.2590077031392364,1.58333,Technology,Software - Application
QUAD,2026-09-09T14:25:00.365116+00:00,529022176.0,315329.0,0.01,,,7.0410957,0.28080447470817127,,Industrials,Specialty Business Services
QXO,2026-09-09T14:25:01.002417+00:00,13336942592.0,21724377.0,0.703,,,19.885529,1.2654560311284047,,Industrials,Industrial Distribution
R,2026-09-09T14:25:01.574212+00:00,9424318464.0,345812.0,0.05,0.086,0.015,13.870154,0.21886993672817523,,Industrials,Rental & Leasing Services
RA,2026-09-09T14:25:02.254951+00:00,689136576.0,150969.0,,,,,,,Financial Services,Asset Management
RACE,2026-09-09T14:25:02.761125+00:00,70610526208.0,469929.0,0.084,0.101,0.09,31.482924,0.16476230752008747,1.42857,Consumer Cyclical,Auto Manufacturers
RAL,2026-09-09T14:25:03.407975+00:00,7488668672.0,1554708.0,0.128,0.214,0.202,20.455622,0.1391002437763167,,Technology,Electronic Components
RAMP,2026-09-09T14:25:04.633625+00:00,2295010560.0,1037032.0,0.098,1.366,1.261,10.942029,0.02516556291390737,,Technology,Software - Infrastructure
RBA,2026-09-09T14:25:04.872164+00:00,15025275904.0,1551946.0,0.111,0.34,0.307,16.649189,0.5889201281893257,1.58333,Industrials,Specialty Business Services
RBC,2026-09-09T14:25:05.637959+00:00,15297746944.0,249662.0,0.192,0.475,0.482,29.052446,0.3131208609271523,1.66667,Industrials,Tools & Accessories
RBLX,2026-09-09T14:25:06.031805+00:00,31553984512.0,12017214.0,0.359,,,-36.555794,0.07481797600181128,2.25714,Communication Services,Electronic Gaming & Multimedia
RBRK,2026-09-09T14:25:06.646562+00:00,18757548032.0,3387179.0,0.379,,,119.11732,0.30254828440974,1.10714,Technology,Software - Infrastructure
RCI,2026-09-09T14:25:07.256939+00:00,19853279232.0,1236472.0,0.077,,,10.563226,0.08572217687074835,2.11111,Communication Services,Telecom Services
RCL,2026-09-09T14:25:07.805076+00:00,69176475648.0,2195822.0,0.065,-0.046,-0.068,12.745862,0.34128385849603715,1.75,Consumer Cyclical,Travel Services
RCUS,2026-09-09T14:25:08.436637+00:00,3593339136.0,1303779.0,-0.744,,,-8.553892,0.3563178158907945,1.46154,Healthcare,Biotechnology
RDDT,2026-09-09T14:25:08.996414+00:00,28478531584.0,5736095.0,0.611,1.778,1.832,15.279499,0.4396907850290499,1.94118,Communication Services,Internet Content & Information
RDN,2026-09-09T14:25:09.687633+00:00,4810476032.0,1180811.0,0.935,-0.162,-0.183,6.9209685,0.20462046204620465,,Financial Services,Insurance - Specialty
RDW,2026-09-09T14:25:10.235198+00:00,2706870016.0,20812108.0,0.896,,,-36.704407,0.3564620698572194,1.77778,Industrials,Aerospace & Defense
RDY,2026-09-09T14:25:10.922784+00:00,9904230400.0,2750309.0,-0.056,-0.687,-0.687,18.097616,0.13205584524810754,2.6,Healthcare,Drug Manufacturers - Specialty & Generic
REPX,2026-09-09T14:25:11.452555+00:00,933251200.0,230730.0,0.942,1.854,1.867,5.2830997,0.06939439730326624,,Energy,Oil & Gas E&P
RES,2026-09-09T14:25:11.995542+00:00,1459345408.0,1557414.0,0.095,0.048,0.19,24.612335,-0.027917008414593325,,Energy,Oil & Gas Equipment & Services
REX,2026-09-09T14:25:12.596535+00:00,1413945728.0,188377.0,0.179,3.902,3.914,18.77533,,,Basic Materials,Chemicals
REXR,2026-09-09T14:25:13.251978+00:00,8516633600.0,2678617.0,-0.016,,,37.720757,0.08221476510067105,2.61111,Real Estate,REIT - Industrial
REZI,2026-09-09T14:25:13.889667+00:00,2921543424.0,2428121.0,0.02,,,9.36253,0.7801455301455302,,Industrials,Industrial Distribution
RF,2026-09-09T14:25:14.446045+00:00,25557886976.0,9294159.0,0.034,0.085,0.012,10.532821,0.09975,2.90909,Financial Services,Banks - Regional
RGA,2026-09-09T14:25:15.038267+00:00,16147468288.0,360183.0,0.185,1.596,1.567,8.325339,0.10133794358507742,2.2,Financial Services,Insurance - Reinsurance
RGR,2026-09-09T14:25:15.949167+00:00,611008512.0,127017.0,0.193,,,18.883951,0.12447698744769875,,Industrials,Aerospace & Defense
RH,2026-09-09T14:25:16.286621+00:00,2686009088.0,813159.0,-0.017,,,15.625395,0.2546421927846676,2.6,Consumer Cyclical,Specialty Retail
RHI,2026-09-09T14:25:16.876203+00:00,3957308160.0,2333285.0,-0.024,-0.363,-0.358,19.65,-0.09467149508535944,,Industrials,Staffing & Employment Services
RHLD,2026-09-09T14:25:17.429439+00:00,1061822784.0,167003.0,2.957,,,,,,Industrials,Specialty Business Services
RHP,2026-09-09T14:25:17.997588+00:00,8420912128.0,733746.0,0.136,0.264,0.293,25.247156,0.13108405013516844,1.21429,Real Estate,REIT - Hotel & Motel
RIG,2026-09-09T14:25:18.597483+00:00,6550501888.0,40014340.0,-0.022,,,20.480495,0.11750554134697344,2.30769,Energy,Oil & Gas Drilling
RIO,2026-09-09T14:25:19.234346+00:00,168523350016.0,2573419.0,0.155,0.469,0.472,11.979011,0.00455722833429828,,Basic Materials,Other Industrial Metals & Mining
RITM,2026-09-09T14:25:19.821341+00:00,5547773952.0,5380938.0,0.097,-0.932,-0.819,4.221301,0.3236034222445898,,Real Estate,REIT - Mortgage
RIV,2026-09-09T14:25:20.584962+00:00,293560256.0,116082.0,,,,,,,Financial Services,Asset Management
RJF,2026-09-09T14:25:21.006303+00:00,33565632512.0,1300179.0,0.151,0.42,0.365,12.307278,0.0644995135351687,2.46667,Financial Services,Asset Management
RKT,2026-09-09T14:25:21.689462+00:00,38751027200.0,29888540.0,0.919,,,15.777399,0.29338691998538535,2.11765,Financial Services,Mortgage Finance
RL,2026-09-09T14:25:22.214546+00:00,20475402240.0,651196.0,0.14,0.216,0.19,16.431171,0.2998884037044731,1.52632,Consumer Cyclical,Apparel Manufacturing
RLI,2026-09-09T14:25:22.903203+00:00,5560065024.0,822743.0,0.152,0.358,0.351,22.474598,-0.0014029875381694756,3.375,Financial Services,Insurance - Property & Casualty
RLJ,2026-09-09T14:25:23.489724+00:00,1632544896.0,1871032.0,0.056,0.094,0.091,799.6999,0.08732739212007501,2.91667,Real Estate,REIT - Hotel & Motel
RM,2026-09-09T14:25:24.335247+00:00,301960224.0,88067.0,0.06,-0.175,-0.196,5.6172733,0.33924014665444546,,Financial Services,Credit Services
RMD,2026-09-09T14:25:24.635460+00:00,31638136832.0,1485343.0,0.086,0.024,0.01,16.595226,0.12219309244272214,2.42105,Healthcare,Medical Instruments & Supplies
RNG,2026-09-09T14:25:25.470588+00:00,5850859520.0,1864474.0,0.059,2.214,1.965,12.559108,-0.17729451223863557,2.4,Technology,Software - Application
RNGR,2026-09-09T14:25:26.003423+00:00,401110688.0,215480.0,0.255,-0.094,-0.055,13.286821,0.07934655775962662,2.0,Energy,Oil & Gas Equipment & Services
RNR,2026-09-09T14:25:26.578897+00:00,13385942016.0,320445.0,-0.132,-0.1,-0.206,7.8572516,0.07527549278286516,,Financial Services,Insurance - Reinsurance
RNST,2026-09-09T14:25:27.172736+00:00,3715591680.0,665687.0,0.453,93.0,84.551,10.347277,0.1772974169741699,1.57143,Financial Services,Banks - Regional
ROG,2026-09-09T14:25:27.605345+00:00,2317523200.0,264629.0,0.069,,,29.146069,0.33641734772552057,,Technology,Electronic Components
ROK,2026-09-09T14:25:28.260597+00:00,47434973184.0,819527.0,0.079,0.404,0.383,28.711056,0.12276853784982045,2.21429,Industrials,Specialty Industrial Machinery
ROL,2026-09-09T14:25:28.844910+00:00,16647630848.0,5129422.0,0.079,0.031,0.017,26.603718,0.3175791907514449,2.52632,Consumer Cyclical,Personal Services
RPC,2026-09-09T14:25:29.422353+00:00,896238528.0,523043.0,0.113,1.156,1.155,6.991383,0.5682656826568264,2.0,Financial Services,Asset Management
RPM,2026-09-09T14:25:30.043639+00:00,12895134720.0,1148385.0,0.072,-0.014,-0.02,14.951494,0.2917594654788418,1.28571,Basic Materials,Specialty Chemicals
RQI,2026-09-09T14:25:30.649276+00:00,1608399360.0,765637.0,-0.052,,,,,,Financial Services,Asset Management
RRC,2026-09-09T14:25:31.292140+00:00,9780656128.0,2925116.0,0.086,-0.164,-0.178,10.528765,0.09251630629554408,2.56522,Energy,Oil & Gas E&P
RRX,2026-09-09T14:25:31.968989+00:00,10759640064.0,1213898.0,0.042,0.471,0.472,12.366289,0.5405555899276124,,Industrials,Specialty Industrial Machinery
RS,2026-09-09T14:25:32.571409+00:00,20226029568.0,367927.0,0.265,0.423,0.382,17.05407,0.03145154165562314,,Basic Materials,Steel
RSG,2026-09-09T14:25:33.140217+00:00,67493933056.0,1482301.0,0.046,0.051,0.029,27.35682,0.11569843250232514,2.0,Industrials,Waste Management
RSI,2026-09-09T14:25:33.648819+00:00,6510404608.0,2868680.0,0.463,-0.187,-0.308,31.661282,0.35059088351153633,1.36364,Consumer Cyclical,Gambling
RSKD,2026-09-09T14:25:34.380241+00:00,790905984.0,1385304.0,0.218,,,15.458064,0.11018363939899833,2.33333,Technology,Software - Application
RTX,2026-09-09T14:25:34.870330+00:00,265710501888.0,4822677.0,0.145,0.287,0.291,25.095915,0.19106355566827293,1.86957,Industrials,Aerospace & Defense
RVLV,2026-09-09T14:25:35.465451+00:00,1407136000.0,871464.0,0.124,0.825,0.826,17.364035,0.5582798686537003,2.0,Consumer Cyclical,Internet Retail
RVT,2026-09-09T14:25:36.077126+00:00,2276236544.0,310422.0,0.119,0.499,0.559,,,,Financial Services,Asset Management
RVTY,2026-09-09T14:25:36.809079+00:00,13678261248.0,1526654.0,0.013,0.012,-0.039,20.802292,0.021781693587860973,2.33333,Healthcare,Diagnostics & Research
RWT,2026-09-09T14:25:37.279054+00:00,548926336.0,2621527.0,,,,4.0262027,0.33724256292906185,,Real Estate,REIT - Mortgage
RXO,2026-09-09T14:25:37.894339+00:00,3325735424.0,1865837.0,0.25,,,33.3725,0.21789337961815036,2.66667,Industrials,Trucking
RY,2026-09-09T14:25:38.435994+00:00,286230872064.0,1545359.0,0.089,0.128,0.112,15.966481,0.030133349455864655,2.13333,Financial Services,Banks - Diversified
RYAM,2026-09-09T14:25:39.057026+00:00,577343296.0,958717.0,0.106,,,7.4541483,0.6403046280023432,,Basic Materials,Chemicals
RYAN,2026-09-09T14:25:39.601575+00:00,10309700608.0,2120248.0,0.074,-0.143,-0.186,16.64102,0.2638267462092967,,Financial Services,Insurance Brokers
RYN,2026-09-09T14:25:40.205290+00:00,6088231424.0,2876420.0,2.721,-0.976,-0.953,33.0813,0.2779552715654954,,Real Estate,REIT - Specialty
RYZ,2026-09-09T14:25:40.811809+00:00,1350402944.0,487459.0,0.716,4.062,7.158,11.002114,0.11452728670253642,,Industrials,Metal Fabrication
S,2026-09-09T14:25:41.841455+00:00,6835684352.0,7285843.0,0.206,,,42.065582,0.22938696537678216,1.88571,Technology,Software - Infrastructure
SA,2026-09-09T14:25:42.035593+00:00,3448642816.0,727996.0,,8.0,8.531,-138.39825,0.8393806693775414,,Basic Materials,Gold
SAFE,2026-09-09T14:25:42.628201+00:00,1038520768.0,314367.0,0.2,0.078,0.079,8.633733,0.27514490282986714,,Real Estate,REIT - Diversified
SAH,2026-09-09T14:25:43.319561+00:00,2384072448.0,272485.0,0.076,,,9.862919,0.3067955178358308,,Consumer Cyclical,Auto & Truck Dealerships
SAM,2026-09-09T14:25:43.847533+00:00,1662157952.0,269203.0,-0.033,-0.09,-0.147,15.677616,0.23731977338162902,3.0,Consumer Defensive,Beverages - Brewers
SAN,2026-09-09T14:25:44.450548+00:00,211951583232.0,12748662.0,0.102,0.087,0.025,10.197523,0.013588900308324714,2.66667,Financial Services,Banks - Diversified
SAP,2026-09-09T14:25:45.074684+00:00,245580054528.0,2817620.0,0.094,0.306,0.285,22.005402,0.16205292099450097,1.625,Technology,Software - Application
SAR,2026-09-09T14:25:45.677208+00:00,277154592.0,154741.0,-0.048,,,8.44853,0.230055120394546,,Financial Services,Asset Management
SARO,2026-09-09T14:25:46.297074+00:00,7958611968.0,3607498.0,0.046,0.45,0.437,13.630695,0.4891596673596672,,Industrials,Aerospace & Defense
SB,2026-09-09T14:25:46.852948+00:00,839616960.0,891293.0,0.33,,19.705,12.8828125,0.030927835051546504,,Industrials,Marine Shipping
SBH,2026-09-09T14:25:47.481655+00:00,1502169600.0,1399461.0,0.002,0.25,0.183,7.162946,0.059520099719538644,,Consumer Cyclical,Specialty Retail
SBR,2026-09-09T14:25:48.055020+00:00,1088275200.0,34258.0,0.165,0.172,0.172,,,,Energy,Oil & Gas Midstream
SBSI,2026-09-09T14:25:48.683189+00:00,953259200.0,137625.0,0.083,0.25,0.23,9.87037,0.09443402126328948,,Financial Services,Banks - Regional
SBSW,2026-09-09T14:25:49.291154+00:00,9421897728.0,5438233.0,0.643,,,5.763168,0.005849443378118879,2.0,Basic Materials,Other Precious Metals & Mining
SCCO,2026-09-09T14:25:50.225315+00:00,176738025472.0,1235630.0,0.406,0.716,0.716,28.767014,-0.1809649818459773,3.77778,Basic Materials,Copper
SCHW,2026-09-09T14:25:50.515116+00:00,186067877888.0,9069983.0,0.209,0.426,0.317,13.78656,0.16129931688275478,1.72727,Financial Services,Capital Markets
SCI,2026-09-09T14:25:51.022640+00:00,10843358208.0,1187938.0,0.036,0.047,0.016,17.302723,0.2611026897938662,1.33333,Consumer Cyclical,Personal Services
SCL,2026-09-09T14:25:51.736929+00:00,1405614080.0,143479.0,0.15,1.016,1.02,16.771002,0.3735153914518865,,Basic Materials,Specialty Chemicals
SD,2026-09-09T14:25:52.631680+00:00,547301824.0,318214.0,0.48,0.358,0.365,9.841267,-0.051612597294386275,,Energy,Oil & Gas E&P
SDRL,2026-09-09T14:25:52.896116+00:00,3082667776.0,786577.0,0.191,,,14.798913,0.09555690809494832,1.77778,Energy,Oil & Gas Drilling
SEB,2026-09-09T14:25:53.507659+00:00,4090186752.0,12109.0,0.178,0.518,0.5,,,,Industrials,Conglomerates
SEI,2026-09-09T14:25:54.076034+00:00,6669515264.0,2908543.0,0.469,-0.135,0.714,28.0358,0.4481851237175618,1.35714,Energy,Oil & Gas Equipment & Services
SF,2026-09-09T14:25:54.823210+00:00,12080138240.0,1212448.0,0.127,0.506,0.461,10.916166,0.11250000000000004,2.375,Financial Services,Capital Markets
SFBS,2026-09-09T14:25:55.211963+00:00,4616546816.0,599930.0,0.301,0.401,0.397,11.620194,0.1605873993368072,,Financial Services,Banks - Regional
SFL,2026-09-09T14:25:55.811265+00:00,1731991808.0,1477448.0,0.027,21.785,22.146,19.613384,-0.009207365892714203,2.0,Industrials,Marine Shipping
SG,2026-09-09T14:25:56.443652+00:00,807695296.0,5573390.0,0.038,,,-10.031639,0.020350773765659413,2.53333,Consumer Cyclical,Restaurants
SGHC,2026-09-09T14:25:57.056228+00:00,6950490624.0,2772969.0,0.181,,,15.468988,0.42543859649122817,1.25,Consumer Cyclical,Gambling
SGI,2026-09-09T14:25:57.606224+00:00,14621978624.0,3084479.0,-0.03,0.106,0.12,18.471004,0.3219996403265837,1.4,Consumer Cyclical,"Furnishings, Fixtures & Appliances"
SHAK,2026-09-09T14:25:58.269529+00:00,2792777472.0,1733254.0,0.172,-0.098,-0.086,46.62058,0.26411979166666666,,Consumer Cyclical,Restaurants
SHO,2026-09-09T14:25:58.837784+00:00,2018421376.0,2726382.0,0.062,3.652,1.416,77.53571,0.08628926761860889,,Real Estate,REIT - Hotel & Motel
SHW,2026-09-09T14:25:59.459928+00:00,78347763712.0,2147059.0,0.075,0.143,0.118,23.706337,0.21150151824998442,1.96154,Basic Materials,Specialty Chemicals
SI,2026-09-09T14:26:00.045014+00:00,417003712.0,124522.0,,,,-12.677857,0.310534198701947,,,
SIF,2026-09-09T14:26:00.676513+00:00,,134970.0,0.183,,,,,,Industrials,Aerospace & Defense
SIG,2026-09-09T14:26:01.214499+00:00,,761583.0,0.008,0.0,-0.054,7.954831,0.11746096540463324,2.18182,Consumer Cyclical,Luxury Goods
SII,2026-09-09T14:26:01.879232+00:00,3326720512.0,194004.0,0.231,1.557,1.537,27.259884,0.2376237623762376,,Financial Services,Asset Management
SITE,2026-09-09T14:26:02.436895+00:00,4294817280.0,810512.0,0.047,0.098,0.08,19.126347,0.291759808904249,,Industrials,Industrial Distribution
SJM,2026-09-09T14:26:03.115429+00:00,13286667264.0,1438983.0,0.05,,,11.428256,0.1371402154687249,2.10526,Consumer Defensive,Packaged Foods
SKE,2026-09-09T14:26:03.648915+00:00,4146542336.0,788943.0,,,,,,,Basic Materials,Other Industrial Metals & Mining
SKM,2026-09-09T14:26:04.217524+00:00,14620451840.0,2387114.0,0.005,4.504,4.25,14.149419,-0.08100301956150713,3.0,Communication Services,Telecom Services
SKT,2026-09-09T14:26:04.798312+00:00,4423647744.0,997701.0,0.115,0.108,0.105,31.31744,0.11778516416700424,,Real Estate,REIT - Retail
SKY,2026-09-09T14:26:05.456795+00:00,4545418240.0,710337.0,0.013,-0.212,-0.24,19.640034,0.23596847384762376,,Consumer Cyclical,Residential Construction
SLB,2026-09-09T14:26:06.041157+00:00,86792691712.0,13729020.0,0.05,-0.297,-0.225,18.078676,0.06431908344733239,1.6,Energy,Oil & Gas Equipment & Services
SLF,2026-09-09T14:26:06.776406+00:00,43894161408.0,782870.0,0.075,0.432,0.401,12.545085,-0.1809434967340986,2.42857,Financial Services,Insurance - Diversified
SLG,2026-09-09T14:26:07.221541+00:00,4022093312.0,998000.0,0.273,,,-68.93105,0.12047481877146127,2.52941,Real Estate,REIT - Office
SLGN,2026-09-09T14:26:07.853573+00:00,4081439232.0,1194070.0,0.068,-0.137,-0.148,9.433869,0.43209968928016584,1.38462,Consumer Cyclical,Packaging & Containers
SLVM,2026-09-09T14:26:08.440219+00:00,1412084992.0,293495.0,0.015,,,6.986562,0.4430522314514993,2.33333,Basic Materials,Paper & Paper Products
SM,2026-09-09T14:26:09.083519+00:00,9181166592.0,3844353.0,1.761,1.539,4.302,5.161242,0.05569948186528495,1.875,Energy,Oil & Gas E&P
SMA,2026-09-09T14:26:09.645340+00:00,1782324992.0,718069.0,0.114,,,53.233887,0.15719167443305393,1.81818,Real Estate,REIT - Industrial
SMBK,2026-09-09T14:26:10.311070+00:00,877066112.0,120474.0,0.164,0.391,0.394,12.242243,0.02755297787308697,,Financial Services,Banks - Regional
SMG,2026-09-09T14:26:11.038112+00:00,3333692672.0,928795.0,0.011,-0.255,-0.247,12.099926,0.3476540342298289,1.875,Basic Materials,Agricultural Inputs
SMP,2026-09-09T14:26:11.421926+00:00,879090432.0,156724.0,0.016,0.184,0.203,8.058026,0.27064803049555275,,Consumer Cyclical,Auto Parts
SMR,2026-09-09T14:26:12.093899+00:00,4506076672.0,32113180.0,-0.991,,,-16.84359,0.15110068337129845,2.55556,Industrials,Specialty Industrial Machinery
SMWB,2026-09-09T14:26:12.701468+00:00,718344512.0,978679.0,0.088,,,26.053837,0.3267813267813269,2.125,Technology,Software - Application
SN,2026-09-09T14:26:13.504739+00:00,24385376256.0,1659727.0,0.222,-0.063,-0.07,22.491077,0.2162042829783528,1.15385,Consumer Cyclical,"Furnishings, Fixtures & Appliances"
SNA,2026-09-09T14:26:13.861747+00:00,19548196864.0,343230.0,0.042,0.051,0.041,17.711073,0.0949108782514354,2.54545,Industrials,Tools & Accessories
SNAP,2026-09-09T14:26:14.476150+00:00,9090187264.0,40362487.0,0.189,,,6.93137,0.3736427906976745,2.65116,Communication Services,Internet Content & Information
SNDA,2026-09-09T14:26:15.075053+00:00,1853931776.0,615935.0,1.371,,,-23.384848,0.28288194894389007,1.66667,Healthcare,Medical Care Facilities
SNDR,2026-09-09T14:26:15.633922+00:00,6003179008.0,855638.0,0.104,0.4,0.381,19.97713,0.09505037231712676,2.4375,Industrials,Trucking
SNN,2026-09-09T14:26:16.238342+00:00,11630353408.0,1667938.0,0.046,0.057,0.034,11.529112,0.1825836631881972,2.8,Healthcare,Medical Devices
SNOW,2026-09-09T14:26:16.911095+00:00,117667618816.0,5697795.0,0.351,,,111.703354,0.2391499887564652,1.4902,Technology,Software - Application
SNX,2026-09-09T14:26:17.621403+00:00,,774140.0,0.31,0.879,0.807,12.056382,0.29548101511042213,1.54545,Technology,Electronics & Computer Distribution
SO,2026-09-09T14:26:18.016644+00:00,102134980608.0,5873764.0,0.001,0.304,0.334,18.029938,0.1260199357999663,2.65217,Utilities,Utilities - Regulated Electric
SOBO,2026-09-09T14:26:18.648883+00:00,7872116224.0,734188.0,0.042,0.391,0.396,19.328571,-0.06234393216746159,2.0,Energy,Oil & Gas Midstream
SOC,2026-09-09T14:26:19.213653+00:00,933445376.0,11276056.0,,,,8.535088,1.1240143884892086,1.0,Energy,Oil & Gas Drilling
SOLV,2026-09-09T14:26:19.811538+00:00,15204383744.0,1192372.0,0.022,0.039,0.022,12.364957,0.05153470667263771,2.2,Healthcare,Medical Instruments & Supplies
SON,2026-09-09T14:26:20.411253+00:00,4834987520.0,1159308.0,-0.013,-0.788,-0.787,7.730113,0.28607137014314943,2.09091,Consumer Cyclical,Packaging & Containers
SPB,2026-09-09T14:26:21.072115+00:00,1993028224.0,365919.0,0.077,,,15.464166,0.15050524979808477,,Consumer Defensive,Household & Personal Products
SPCE,2026-09-09T14:26:21.634635+00:00,462428160.0,16349693.0,-0.67,,,-4.92,0.16706005769735133,,Industrials,Aerospace & Defense
SPG,2026-09-09T14:26:22.282666+00:00,79216033792.0,1771920.0,0.195,-0.125,-0.131,31.180191,0.13526017156275483,2.38095,Real Estate,REIT - Retail
SPGI,2026-09-09T14:26:22.873941+00:00,124959825920.0,2198777.0,0.104,0.177,0.135,20.96418,0.22747003869019533,1.33333,Financial Services,Financial Data & Stock Exchanges
SPH,2026-09-09T14:26:23.426433+00:00,1167800320.0,233296.0,0.005,,,8.415865,-0.028848900314195847,,Utilities,Utilities - Regulated Gas
SPHR,2026-09-09T14:26:24.083619+00:00,5067589632.0,723877.0,0.11,,,-68.8317,0.2751006697140428,1.46154,Communication Services,Entertainment
SPIR,2026-09-09T14:26:24.674149+00:00,476094208.0,908790.0,-0.059,,,-30.051285,0.7811433447098974,1.5,Industrials,Specialty Business Services
SPNT,2026-09-09T14:26:25.364847+00:00,2789122048.0,745635.0,-0.005,0.16,0.085,8.699275,0.15229779258642218,,Financial Services,Insurance - Reinsurance
SPOT,2026-09-09T14:26:25.843501+00:00,109440704512.0,1807533.0,0.139,,,29.507725,0.15559792613743095,1.56098,Communication Services,Internet Content & Information
SPXC,2026-09-09T14:26:26.478242+00:00,9713149952.0,659470.0,0.229,0.41,0.502,19.821095,0.40342731913577046,,Industrials,Building Products & Equipment
SPXX,2026-09-09T14:26:27.051971+00:00,339936448.0,262367.0,3.76,103.251,103.251,,,,Financial Services,Asset Management
SQM,2026-09-09T14:26:27.623020+00:00,21651347456.0,987872.0,1.367,6.464,6.464,11.280904,0.1228745382585752,2.22222,Basic Materials,Specialty Chemicals
SR,2026-09-09T14:26:28.312008+00:00,4873850880.0,555124.0,0.192,11.382,9.105,14.996362,0.12391352334748329,,Utilities,Utilities - Regulated Gas
SRE,2026-09-09T14:26:28.831548+00:00,55856164864.0,3949679.0,-0.001,0.713,0.686,15.429996,0.19203383282603603,1.57895,Utilities,Utilities - Diversified
SRV,2026-09-09T14:26:29.420499+00:00,297691392.0,63140.0,,,,,,,Financial Services,Asset Management
SSB,2026-09-09T14:26:30.139563+00:00,10310332416.0,834212.0,-0.001,0.114,0.069,10.254471,0.12732449209932284,,Financial Services,Banks - Regional
SSD,2026-09-09T14:26:30.868570+00:00,7290355200.0,290535.0,0.063,0.251,0.227,18.31926,0.2311670789296154,2.0,Basic Materials,Lumber & Wood Production
SST,2026-09-09T14:26:31.217356+00:00,41802828.0,510658.0,-0.613,,,-4.4444447,0.35416666666666674,,Industrials,Specialty Business Services
SSTK,2026-09-09T14:26:31.890324+00:00,185846864.0,1101169.0,-0.169,,,5.6516857,,,Communication Services,Internet Content & Information
ST,2026-09-09T14:26:32.410569+00:00,6139430400.0,1636498.0,0.05,0.707,0.682,10.299927,0.2542157164869028,,Technology,Scientific & Technical Instruments
STAG,2026-09-09T14:26:33.058429+00:00,7317309440.0,1646020.0,0.081,0.033,0.058,42.25,0.127398332436794,2.33333,Real Estate,REIT - Industrial
STC,2026-09-09T14:26:33.616649+00:00,2039798656.0,239812.0,0.243,0.071,0.166,9.179945,0.2307346999850366,1.75,Financial Services,Insurance - Property & Casualty
STE,2026-09-09T14:26:34.245131+00:00,21168738304.0,742225.0,0.073,0.14,0.128,17.727856,0.21191534440273574,,Healthcare,Medical Devices
STK,2026-09-09T14:26:34.980496+00:00,931822400.0,60158.0,,,,,,,Financial Services,Asset Management
STLA,2026-09-09T14:26:35.875622+00:00,20098672640.0,20653608.0,0.131,,,4.2842803,0.3081537019681351,2.9,Consumer Cyclical,Auto Manufacturers
STM,2026-09-09T14:26:36.169599+00:00,46353506304.0,10561795.0,0.261,,,20.451612,0.44394208197036744,1.92857,Technology,Semiconductors
STN,2026-09-09T14:26:36.686663+00:00,7989371392.0,441070.0,0.115,0.112,0.11,14.171812,,,Industrials,Engineering & Construction
STNG,2026-09-09T14:26:37.265543+00:00,4129708288.0,795117.0,0.775,3.828,4.272,15.265168,0.16298811544991532,1.6,Energy,Oil & Gas Midstream
STT,2026-09-09T14:26:37.937172+00:00,52913053696.0,2092288.0,-0.028,-0.241,-0.237,12.579462,0.03571799397778008,2.0625,Financial Services,Asset Management
STUB,2026-09-09T14:26:38.603817+00:00,2336480000.0,7223300.0,0.332,,,9.231999,0.8465527391659853,,Communication Services,Internet Content & Information
STVN,2026-09-09T14:26:39.158818+00:00,5536267776.0,391377.0,0.078,-0.265,-0.227,24.118893,0.22482831771090273,1.66667,Healthcare,Medical Instruments & Supplies
STWD,2026-09-09T14:26:39.824866+00:00,6053517312.0,4018982.0,0.134,-0.974,-0.949,8.41854,0.24686323713927227,,Real Estate,REIT - Mortgage
STZ,2026-09-09T14:26:40.338256+00:00,20824465408.0,2159108.0,-0.033,0.307,0.267,9.838653,0.40113270997375317,2.04167,Consumer Defensive,Beverages - Brewers
SU,2026-09-09T14:26:40.843197+00:00,81058160640.0,4691893.0,0.459,2.419,2.291,11.892824,0.03398244719592114,1.85714,Energy,Oil & Gas Integrated
SUI,2026-09-09T14:26:41.610004+00:00,14765576192.0,1709766.0,0.002,,,37.384434,0.1894574704774945,1.78947,Real Estate,REIT - Residential
SUNB,2026-09-09T14:26:42.108950+00:00,30856751104.0,4764327.0,0.089,-0.278,-0.313,15.895608,0.13281081440148812,3.0,Industrials,Rental & Leasing Services
SVM,2026-09-09T14:26:42.694357+00:00,2794941696.0,3104793.0,0.705,2.0,2.276,8.138487,0.1673921646220815,,Basic Materials,Silver
SVV,2026-09-09T14:26:43.499071+00:00,1556863104.0,1276361.0,0.074,0.167,0.143,16.65328,0.43208661417322847,,Consumer Cyclical,Specialty Retail
SW,2026-09-09T14:26:43.889519+00:00,22685616128.0,5385759.0,0.011,,,12.690169,0.3143063583815029,1.29412,Consumer Cyclical,Packaging & Containers
SWK,2026-09-09T14:26:44.562888+00:00,14117036032.0,1789685.0,0.004,2.478,2.448,14.653417,0.06294009413778356,2.46667,Industrials,Tools & Accessories
SWX,2026-09-09T14:26:45.033690+00:00,6398417920.0,518196.0,-0.096,,,17.885494,0.16297882699275368,,Utilities,Utilities - Regulated Gas
SXC,2026-09-09T14:26:45.672684+00:00,865723456.0,1449737.0,0.095,6.5,5.895,35.172413,-0.06862745098039214,,Basic Materials,Coking Coal
SXI,2026-09-09T14:26:46.264830+00:00,3327110144.0,170443.0,0.028,0.372,0.381,22.838053,0.24914637972721065,,Industrials,Specialty Industrial Machinery
SXT,2026-09-09T14:26:46.918312+00:00,5621271040.0,488291.0,0.116,0.364,0.366,26.631044,0.0812447944271979,,Basic Materials,Specialty Chemicals
SYF,2026-09-09T14:26:47.512919+00:00,25404956672.0,3564717.0,0.006,0.036,-0.085,7.4290094,0.1437544825819672,1.875,Financial Services,Credit Services
SYK,2026-09-09T14:26:48.085187+00:00,104899567616.0,2519329.0,0.094,0.441,0.443,16.331942,0.38160011701038443,1.67857,Healthcare,Medical Devices
SYY,2026-09-09T14:26:48.720059+00:00,39087046656.0,3235835.0,0.047,0.053,0.038,15.167177,0.10691536434393578,2.4,Consumer Defensive,Food Distribution
T,2026-09-09T14:26:49.347183+00:00,173536673792.0,60099872.0,0.023,0.062,0.028,9.878224,0.1335249753208292,2.08,Communication Services,Telecom Services
TAC,2026-09-09T14:26:49.880036+00:00,3915793920.0,1781046.0,0.125,,,30.677914,0.08352802907916002,1.81818,Utilities,Utilities - Independent Power Producers
TALO,2026-09-09T14:26:50.484442+00:00,2893511680.0,1987722.0,0.566,,,12.01653,0.12201038661281038,1.7,Energy,Oil & Gas E&P
TAP,2026-09-09T14:26:51.138541+00:00,7268907008.0,3029072.0,-0.033,-0.423,-0.46,7.9363465,0.16650480954213176,2.7619,Consumer Defensive,Beverages - Brewers
TBBB,2026-09-09T14:26:51.666222+00:00,6042606080.0,668650.0,0.387,,,-2402.9243,0.03284503192338395,1.69231,Consumer Defensive,Discount Stores
TBI,2026-09-09T14:26:52.256175+00:00,279783520.0,316548.0,0.118,,,11.253015,0.06093579978237229,,Industrials,Staffing & Employment Services
TBN,2026-09-09T14:26:52.922292+00:00,1403667712.0,166640.0,,,,-109.82627,0.4071683635460641,1.16667,Energy,Oil & Gas E&P
TCBX,2026-09-09T14:26:53.502810+00:00,748640896.0,124458.0,0.321,0.123,0.313,10.405092,0.04560622914349266,2.2,Financial Services,Banks - Regional
TCI,2026-09-09T14:26:54.071588+00:00,337622176.0,44830.0,0.058,,,,,,Real Estate,Real Estate Services
TD,2026-09-09T14:26:54.665728+00:00,195474358272.0,2470058.0,0.115,0.45,0.383,14.711244,0.035413160100586705,2.21429,Financial Services,Banks - Diversified
TDAY,2026-09-09T14:26:55.243660+00:00,926421184.0,2086882.0,-0.083,-0.854,-0.884,18.558823,0.37876386687797137,,Communication Services,Publishing
TDC,2026-09-09T14:26:56.108634+00:00,2563079936.0,3060400.0,0.005,4.333,4.111,9.4637985,0.23367198838896952,,Technology,Software - Infrastructure
TDG,2026-09-09T14:26:56.481765+00:00,63045640192.0,392120.0,0.225,0.109,0.096,23.560152,0.33513603086230326,1.95455,Industrials,Aerospace & Defense
TDOC,2026-09-09T14:26:57.332959+00:00,1103730304.0,4661675.0,-0.04,,,-7.738853,0.26200329218107,2.54167,Healthcare,Health Information Services
TDS,2026-09-09T14:26:57.654738+00:00,4322605568.0,1156596.0,0.036,,24.786,,0.2649800266311586,2.0,Communication Services,Telecom Services
TDW,2026-09-09T14:26:58.306911+00:00,4648724992.0,726969.0,-0.431,,,15.533584,0.015466124371186885,2.5,Energy,Oil & Gas Equipment & Services
TDY,2026-09-09T14:26:59.004158+00:00,27910516736.0,343417.0,0.098,0.212,0.199,22.528503,0.2576918924754399,,Technology,Scientific & Technical Instruments
TE,2026-09-09T14:26:59.517918+00:00,1434346752.0,34137582.0,0.884,,,51.263157,1.024053388090349,,Industrials,Electrical Equipment & Parts
TECK,2026-09-09T14:27:00.082323+00:00,34469556224.0,3183243.0,0.782,3.244,3.146,19.43848,-0.22654259891830353,2.52941,Basic Materials,Copper
TEL,2026-09-09T14:27:00.653891+00:00,59382054912.0,2384053.0,0.138,0.192,0.172,15.892522,0.20320545073375262,,Technology,Electronic Components
TEN,2026-09-09T14:27:01.258271+00:00,1318233344.0,244630.0,0.284,1.628,1.356,14.908008,0.051308421894640466,,Energy,Oil & Gas Midstream
TEO,2026-09-09T14:27:01.846215+00:00,,379367.0,0.004,,,13.644279,0.21345707656612523,2.2,Communication Services,Telecom Services
TEX,2026-09-09T14:27:02.488311+00:00,7109459968.0,1312129.0,0.505,-0.119,0.528,10.424733,0.28520900321543396,,Industrials,Farm & Heavy Construction Machinery
TFC,2026-09-09T14:27:03.152738+00:00,61893693440.0,8150770.0,0.082,0.367,0.252,10.18437,0.08370340404538745,2.66667,Financial Services,Banks - Regional
TFII,2026-09-09T14:27:03.651052+00:00,10914823168.0,335222.0,0.124,0.41,0.387,16.819437,0.31086953575059306,,Industrials,Trucking
TFIN,2026-09-09T14:27:04.278496+00:00,1621961088.0,247572.0,0.119,1.933,1.572,21.467424,0.263995285798468,,Financial Services,Banks - Regional
TFPM,2026-09-09T14:27:04.873741+00:00,7041183232.0,645243.0,0.373,1.722,1.804,22.08467,0.14833235810415446,1.81818,Basic Materials,Other Precious Metals & Mining
TFX,2026-09-09T14:27:05.451208+00:00,5746332672.0,525424.0,0.289,-0.173,-0.187,12.38275,0.13221590532020788,2.53846,Healthcare,Medical Instruments & Supplies
TGB,2026-09-09T14:27:06.040004+00:00,3270418688.0,5619754.0,1.848,-0.133,0.016,11.088278,0.19551426972579744,,Basic Materials,Copper
TGLS,2026-09-09T14:27:06.642264+00:00,1750184192.0,263390.0,0.156,-0.414,-0.443,11.501458,0.4279678073510771,,Basic Materials,Building Materials
TGS,2026-09-09T14:27:07.239726+00:00,4444301312.0,239183.0,0.154,1.476,1.476,11.277118,0.3985674119241194,,Energy,Oil & Gas Integrated
TGT,2026-09-09T14:27:07.899108+00:00,72921440256.0,4401724.0,0.053,1.005,1.007,16.821592,0.014015574868392555,2.52632,Consumer Defensive,Discount Stores
THC,2026-09-09T14:27:08.446099+00:00,21134628864.0,1150304.0,0.068,2.134,1.868,12.450621,0.08615989789698264,1.5,Healthcare,Medical Care Facilities
THG,2026-09-09T14:27:09.139328+00:00,7813831680.0,316645.0,0.043,0.249,0.22,11.491007,0.05389808604977597,,Financial Services,Insurance - Property & Casualty
THO,2026-09-09T14:27:09.689537+00:00,3841313536.0,654212.0,-0.039,-0.265,-0.281,16.332556,0.21967746307087666,2.55556,Consumer Cyclical,Recreational Vehicles
THQ,2026-09-09T14:27:10.289188+00:00,804052736.0,205638.0,,,,,,,Financial Services,Asset Management
TIC,2026-09-09T14:27:10.844252+00:00,2065455616.0,1986916.0,0.861,,,16.713165,0.2829223454833598,,Industrials,Specialty Business Services
TJX,2026-09-09T14:27:11.649188+00:00,139311710208.0,6335637.0,0.054,0.236,0.223,21.936357,0.34070272404263724,1.59091,Consumer Cyclical,Apparel Retail
TK,2026-09-09T14:27:12.111835+00:00,1186464128.0,557104.0,0.435,2.426,2.488,31.465115,,,Energy,Oil & Gas Midstream
TKC,2026-09-09T14:27:12.695810+00:00,4631470080.0,2323203.0,0.025,-0.055,-0.057,10.037737,0.3779165977443608,,Communication Services,Telecom Services
TKO,2026-09-09T14:27:13.280652+00:00,36264079360.0,1302630.0,0.182,0.144,0.033,48.050037,0.20646075156576216,,Communication Services,Entertainment
TKR,2026-09-09T14:27:13.839720+00:00,8384917504.0,936364.0,0.075,-0.634,-0.632,16.631983,0.2210442148760332,2.0,Industrials,Tools & Accessories
TLK,2026-09-09T14:27:14.443512+00:00,14910367744.0,844374.0,0.064,0.28,0.275,12.31477,0.12396694214876036,1.0,Communication Services,Telecom Services
TLYS,2026-09-09T14:27:15.102577+00:00,124796032.0,512964.0,0.081,1.7,1.648,29.142857,0.3480392156862744,3.0,Consumer Cyclical,Apparel Retail
TM,2026-09-09T14:27:15.648922+00:00,229009227776.0,440206.0,0.104,0.869,0.756,12.255386,0.1974663633073066,,Consumer Cyclical,Auto Manufacturers
TMO,2026-09-09T14:27:16.290745+00:00,223482658816.0,2025125.0,0.105,0.094,0.074,21.954025,0.0557412064458489,1.58621,Healthcare,Diagnostics & Research
TMP,2026-09-09T14:27:16.920288+00:00,1404059264.0,102374.0,0.072,0.36,0.365,11.733173,0.07047736119647618,,Financial Services,Banks - Regional
TMQ,2026-09-09T14:27:17.477597+00:00,605473472.0,1483466.0,,,,-38.10253,0.8963908701854493,2.14286,Basic Materials,Other Industrial Metals & Mining
TNC,2026-09-09T14:27:18.078983+00:00,1239569664.0,200722.0,0.017,-0.593,-0.624,12.936833,0.20693212296265728,,Industrials,Specialty Industrial Machinery
TNET,2026-09-09T14:27:18.857336+00:00,2998038272.0,374561.0,-0.044,0.494,0.432,13.304162,0.013627315878119717,,Industrials,Staffing & Employment Services
TNK,2026-09-09T14:27:19.287998+00:00,3254381568.0,408809.0,0.63,2.594,2.608,8.610809,-0.0004262574595056412,,Energy,Oil & Gas Midstream
TNL,2026-09-09T14:27:19.956841+00:00,3957597184.0,722272.0,0.044,0.062,0.009,7.207236,0.4067226695571384,,Consumer Cyclical,Travel Services
TOL,2026-09-09T14:27:20.483120+00:00,12602022912.0,983409.0,-0.097,-0.204,-0.242,9.753432,0.25670276396607195,1.77778,Consumer Cyclical,Residential Construction
TOST,2026-09-09T14:27:21.065687+00:00,19033540608.0,11021512.0,0.231,1.0,0.925,19.0059,0.18199453385970243,1.83333,Technology,Software - Infrastructure
TPB,2026-09-09T14:27:21.714307+00:00,1458807680.0,378959.0,0.226,-0.772,-0.752,30.067106,0.7202108506591316,,Consumer Defensive,Tobacco
TPC,2026-09-09T14:27:22.668989+00:00,4673238016.0,711916.0,0.192,2.247,2.291,14.641689,0.30882684080162126,,Industrials,Engineering & Construction
TPL,2026-09-09T14:27:22.889322+00:00,26268661760.0,379829.0,0.312,0.327,0.325,5.2084928,0.1605771376806837,,Energy,Oil & Gas E&P
TPR,2026-09-09T14:27:23.563513+00:00,23180279808.0,2957946.0,0.089,,,13.105208,0.43993806717990624,1.77273,Consumer Cyclical,Luxury Goods
TR,2026-09-09T14:27:24.085454+00:00,2876114176.0,220588.0,-0.006,-0.239,-0.239,,,,Consumer Defensive,Confectioners
TRC,2026-09-09T14:27:24.713410+00:00,447077888.0,138769.0,0.717,,,,0.586553280992185,0.0,Industrials,Conglomerates
TREX,2026-09-09T14:27:25.666483+00:00,4620604928.0,1937585.0,0.078,-0.152,-0.185,22.492748,0.20517350088183428,2.05263,Industrials,Building Products & Equipment
TRGP,2026-09-09T14:27:25.930264+00:00,63074885632.0,1253700.0,0.042,0.233,0.215,24.350992,0.06442291347951734,1.47619,Energy,Oil & Gas Midstream
TRIN,2026-09-09T14:27:26.506062+00:00,1611685504.0,1034109.0,0.193,-0.22,0.072,8.511063,0.031790295593976614,,Financial Services,Asset Management
TRLV,2026-09-09T14:27:27.072843+00:00,2362775296.0,1343814.0,-0.103,,,22.081848,0.4815460472697637,,Healthcare,Drug Manufacturers - Specialty & Generic
TRN,2026-09-09T14:27:27.659453+00:00,2257036544.0,702500.0,-0.042,6.195,5.972,12.732585,0.2001411930815391,,Industrials,Railroads
TRNO,2026-09-09T14:27:28.288559+00:00,7133196288.0,871704.0,0.111,-0.402,-0.383,37.094124,0.13225863122517567,2.26316,Real Estate,REIT - Industrial
TROX,2026-09-09T14:27:28.852103+00:00,755381184.0,2645535.0,0.187,,,-15.287654,0.44027484143763207,3.375,Basic Materials,Chemicals
TRP,2026-09-09T14:27:29.476865+00:00,65980305408.0,2379687.0,0.057,0.183,0.18,22.314425,0.06323802005210388,2.0,Energy,Oil & Gas Midstream
TRTX,2026-09-09T14:27:30.086503+00:00,592272896.0,783266.0,-0.116,-0.429,-0.363,6.9379497,0.27997407647440054,,Real Estate,REIT - Mortgage
TRU,2026-09-09T14:27:30.695160+00:00,14770443264.0,2415167.0,0.149,0.321,0.308,13.819053,0.26753521857569074,1.77273,Financial Services,Financial Data & Stock Exchanges
TRV,2026-09-09T14:27:31.276931+00:00,76414582784.0,1958185.0,0.003,0.571,0.463,12.127822,-0.016463526810694185,,Financial Services,Insurance - Property & Casualty
TSLX,2026-09-09T14:27:31.847114+00:00,1698537984.0,559361.0,-0.149,-0.321,-0.313,9.738112,0.10989222565253987,,Financial Services,Asset Management
TSM,2026-09-09T14:27:32.480749+00:00,2258320490496.0,12879600.0,0.36,0.774,0.774,19.859657,0.2685957397944536,1.4,Technology,Semiconductors
TSN,2026-09-09T14:27:33.045346+00:00,18432638976.0,3261911.0,-0.001,2.041,1.984,12.284071,0.31214810573527996,2.61538,Consumer Defensive,Farm Products
TT,2026-09-09T14:27:33.674600+00:00,98011529216.0,1193985.0,0.106,0.071,0.058,25.415007,0.1830275670093835,2.0,Industrials,Building Products & Equipment
TTAM,2026-09-09T14:27:34.303719+00:00,2759147008.0,258933.0,0.096,-0.171,-0.154,11.84774,0.24576411627129957,2.57143,Basic Materials,Building Materials
TTC,2026-09-09T14:27:34.904469+00:00,8899304448.0,728648.0,0.084,0.498,0.439,18.491346,0.1567918306563132,2.2,Industrials,Tools & Accessories
TTE,2026-09-09T14:27:35.504728+00:00,202326327296.0,1674143.0,0.278,1.06,1.024,8.995423,0.052055993000875045,2.33333,Energy,Oil & Gas Integrated
TTI,2026-09-09T14:27:36.100096+00:00,1046134208.0,1834459.0,0.068,-0.125,-0.094,23.949154,0.6808209483368719,1.25,Energy,Oil & Gas Equipment & Services
TU,2026-09-09T14:27:36.713815+00:00,14986126336.0,7267701.0,-0.022,,,17.48438,0.08600420388859686,3.0,Communication Services,Telecom Services
TWI,2026-09-09T14:27:37.269629+00:00,497621536.0,565806.0,0.052,,,26.586208,0.523994811932555,,Industrials,Farm & Heavy Construction Machinery
TWLO,2026-09-09T14:27:37.924959+00:00,34833932288.0,2109914.0,0.22,46.715,46.594,33.418297,0.1290983158451635,1.56667,Technology,Software - Infrastructure
TWN,2026-09-09T14:27:38.465078+00:00,587467968.0,42258.0,0.404,,,,,,Financial Services,Asset Management
TWOD,2026-09-09T14:27:39.147183+00:00,,46203.0,6.202,,,,,,,
TXNM,2026-09-09T14:27:39.657799+00:00,5974613504.0,1358014.0,0.092,1.909,2.303,17.786802,0.04691272852707851,,Utilities,Utilities - Regulated Electric
TXT,2026-09-09T14:27:40.284574+00:00,13538809856.0,1628008.0,0.03,0.052,0.012,10.838451,0.29657863313008126,2.1875,Industrials,Aerospace & Defense
TYG,2026-09-09T14:27:40.900285+00:00,,154138.0,-0.029,,,,,,Financial Services,Asset Management
TYL,2026-09-09T14:27:41.447700+00:00,14064852992.0,915177.0,0.082,0.155,0.105,22.37201,0.24222612063066862,,Technology,Software - Application
U,2026-09-09T14:27:42.040782+00:00,18886989824.0,9320800.0,0.239,,,24.651083,0.1508447839166005,1.46154,Technology,Software - Application
UA,2026-09-09T14:27:42.720293+00:00,2128398080.0,3015755.0,-0.032,,,13.039474,,,Consumer Cyclical,Apparel Manufacturing
UAA,2026-09-09T14:27:43.367844+00:00,2175648256.0,8364920.0,-0.032,,,25.7984,0.26302467917077976,2.92308,Consumer Cyclical,Apparel Manufacturing
UAMY,2026-09-09T14:27:43.899270+00:00,792499328.0,6921161.0,-0.247,-0.494,-0.393,50.428574,0.9711992445703495,,Basic Materials,Other Industrial Metals & Mining
UBER,2026-09-09T14:27:44.460305+00:00,147411566592.0,19288325.0,0.122,0.855,0.767,16.388193,0.41516710544547597,1.52,Technology,Software - Application
UBS,2026-09-09T14:27:45.126265+00:00,168824455168.0,1788675.0,0.146,0.206,0.169,13.530856,-0.0019345302865433345,2.33333,Financial Services,Banks - Diversified
UCB,2026-09-09T14:27:45.651324+00:00,4246825216.0,935251.0,0.244,0.508,0.469,10.896385,0.11863141567963909,2.28571,Financial Services,Banks - Regional
UDR,2026-09-09T14:27:46.335490+00:00,13144291328.0,3328177.0,-0.001,0.909,0.832,63.892857,0.171843767467859,2.36364,Real Estate,REIT - Residential
UE,2026-09-09T14:27:46.866621+00:00,2866646016.0,932151.0,0.076,-0.693,-0.691,41.091835,0.16646061479346796,,Real Estate,REIT - Retail
UEC,2026-09-09T14:27:47.477842+00:00,5814799872.0,9134325.0,,,,-130.55666,0.534266091352414,1.44444,Energy,Uranium
UGI,2026-09-09T14:27:48.235217+00:00,8293447680.0,1773806.0,-0.045,,,11.872558,0.06901150911677223,1.66667,Utilities,Utilities - Regulated Gas
UHAL,2026-09-09T14:27:48.683247+00:00,12441250816.0,195570.0,0.032,-0.135,-0.136,30.596155,0.3775403834066624,2.5,Industrials,Rental & Leasing Services
UHS,2026-09-09T14:27:49.264189+00:00,10249650176.0,845338.0,0.083,0.101,0.015,7.2407985,0.113490081076419,2.4,Healthcare,Medical Care Facilities
UHT,2026-09-09T14:27:49.882201+00:00,570678528.0,168175.0,0.007,0.334,0.315,,0.07160514273049867,,Real Estate,REIT - Healthcare Facilities
UI,2026-09-09T14:27:50.509975+00:00,33098129408.0,125750.0,0.235,0.068,0.068,27.928904,0.3432208039208513,3.0,Technology,Communication Equipment
ULS,2026-09-09T14:27:51.079358+00:00,14742603776.0,985995.0,0.052,1.689,1.703,28.07835,0.33273993426458515,,Industrials,Specialty Business Services
UMAC,2026-09-09T14:27:51.657025+00:00,1260397568.0,4349543.0,6.873,,,-78.031425,0.5457849614941002,,Technology,Computer Hardware
UMC,2026-09-09T14:27:52.304614+00:00,56101916672.0,15301048.0,0.17,3.746,3.747,25.473719,-0.17337282074206528,3.75,Technology,Semiconductors
UMH,2026-09-09T14:27:52.851122+00:00,1341367552.0,642430.0,0.077,0.667,0.253,92.64706,0.19841269841269837,,Real Estate,REIT - Residential
UNF,2026-09-09T14:27:53.474030+00:00,4946744320.0,200824.0,0.039,-0.485,-0.498,34.195107,-0.0007555019375593552,,Industrials,Specialty Business Services
UNFI,2026-09-09T14:27:54.050235+00:00,2718022656.0,600104.0,-0.007,,,11.34259,0.10926234054353845,,Consumer Defensive,Food Distribution
UNH,2026-09-09T14:27:54.687003+00:00,345780551680.0,5298843.0,0.004,0.615,0.61,17.17066,0.2336283431642543,1.55556,Healthcare,Healthcare Plans
UNM,2026-09-09T14:27:55.285956+00:00,14920416256.0,1488920.0,0.003,-0.162,-0.235,9.964298,0.08059575596816959,1.76923,Financial Services,Insurance - Life
UNP,2026-09-09T14:27:55.886780+00:00,169281830912.0,2724358.0,0.115,0.066,0.062,20.13074,0.15546587120547462,1.8,Industrials,Railroads
UPS,2026-09-09T14:27:56.448758+00:00,84967555072.0,4905235.0,0.076,-0.53,-0.529,12.367956,0.16228016421347746,2.17241,Industrials,Integrated Freight & Logistics
URI,2026-09-09T14:27:57.195752+00:00,64676167680.0,477933.0,0.118,0.255,0.211,18.170673,0.22454874410547587,,Industrials,Rental & Leasing Services
USA,2026-09-09T14:27:57.648242+00:00,,1450706.0,-0.058,-0.804,-0.795,,,,Financial Services,Asset Management
USAS,2026-09-09T14:27:58.328898+00:00,1817969152.0,4368238.0,0.721,,,17.920332,0.7205781142463867,,Basic Materials,Other Industrial Metals & Mining
USB,2026-09-09T14:27:58.897903+00:00,97541808128.0,8026554.0,0.104,0.216,0.199,10.815485,0.1234458909032825,1.86957,Financial Services,Banks - Regional
USFD,2026-09-09T14:27:59.743764+00:00,22199859200.0,2434661.0,0.045,0.292,0.228,18.582298,0.12916585460923802,,Consumer Defensive,Food Distribution
USNA,2026-09-09T14:28:00.160045+00:00,278256608.0,167338.0,-0.053,,,8.508475,0.6600265604249667,,Consumer Defensive,Packaged Foods
USPH,2026-09-09T14:28:00.721599+00:00,1172325632.0,216537.0,0.085,-0.565,-0.201,23.2245,0.20926834173668762,1.85714,Healthcare,Medical Care Facilities
UTF,2026-09-09T14:28:01.553592+00:00,,252362.0,,,,,,,Financial Services,Asset Management
UTG,2026-09-09T14:28:01.899549+00:00,3539183616.0,274532.0,-0.038,4.687,4.871,,,,Financial Services,Asset Management
UTI,2026-09-09T14:28:02.462963+00:00,1176283264.0,1358087.0,0.072,-0.789,-0.786,22.95699,0.9594065573770489,,Consumer Defensive,Education & Training Services
UTL,2026-09-09T14:28:03.107201+00:00,980585984.0,130540.0,0.14,0.053,0.175,15.319089,0.029074390924307192,,Utilities,Utilities - Diversified
UTZ,2026-09-09T14:28:03.683159+00:00,2046422784.0,3600511.0,0.014,,,17.028847,0.006858951811466785,,Consumer Defensive,Packaged Foods
UUUU,2026-09-09T14:28:04.317916+00:00,3863046400.0,7715353.0,4.961,,,30.082474,0.6565490276777446,1.125,Energy,Uranium
UVE,2026-09-09T14:28:04.889922+00:00,1202132224.0,210958.0,0.067,0.686,0.687,9.598888,0.04178724389396926,,Financial Services,Insurance - Property & Casualty
UVV,2026-09-09T14:28:05.909967+00:00,1136899968.0,289282.0,-0.118,,,11.559493,0.46736749890494966,,Consumer Defensive,Tobacco
V,2026-09-09T14:28:06.143566+00:00,687810871296.0,7689995.0,0.144,0.102,0.068,24.552628,0.13834777887864935,1.45,Financial Services,Credit Services
VAC,2026-09-09T14:28:06.757895+00:00,3496628480.0,488767.0,0.097,0.195,0.116,10.60931,0.13211597481802073,,Consumer Cyclical,Resorts & Casinos
VAL,2026-09-09T14:28:07.264226+00:00,6035360256.0,1008970.0,-0.124,-0.553,-0.562,11.929532,-0.22424562816382887,3.11111,Energy,Oil & Gas Drilling
VEEV,2026-09-09T14:28:07.886269+00:00,42575548416.0,2039006.0,0.176,0.395,0.365,25.653032,0.13057613325220574,2.0,Healthcare,Health Information Services
VET,2026-09-09T14:28:08.527810+00:00,2026128000.0,1420988.0,0.231,,,16.950766,,2.27273,Energy,Oil & Gas E&P
VFC,2026-09-09T14:28:09.126018+00:00,5179744256.0,7139225.0,-0.052,,,9.831435,0.4247224014268909,2.52174,Consumer Cyclical,Apparel Manufacturing
VG,2026-09-09T14:28:09.665493+00:00,38276423680.0,14333253.0,0.476,2.643,1.994,15.35068,0.08498432397126066,2.11111,Energy,Oil & Gas Midstream
VIA,2026-09-09T14:28:10.280067+00:00,2240939008.0,942016.0,0.267,,,61.236362,0.32134422492401216,1.4,Technology,Software - Application
VICI,2026-09-09T14:28:10.911975+00:00,27686594560.0,9973609.0,0.057,-0.414,-0.391,8.409699,0.2858751242791806,1.84,Real Estate,REIT - Diversified
VIK,2026-09-09T14:28:11.473281+00:00,38118330368.0,2897416.0,0.165,0.323,0.338,19.335157,0.2953541471415184,1.45455,Consumer Cyclical,Travel Services
VIRT,2026-09-09T14:28:12.166872+00:00,5570007040.0,1344520.0,0.291,-0.012,-0.002,9.0988035,0.05761398224476877,2.57143,Financial Services,Capital Markets
VLO,2026-09-09T14:28:12.994035+00:00,110279098368.0,2846219.0,0.517,4.535,4.21,11.907342,-0.13785399859011516,2.35,Energy,Oil & Gas Refining & Marketing
VLTO,2026-09-09T14:28:13.315984+00:00,23138426880.0,1902079.0,0.075,0.101,0.086,19.89736,0.20113792013486465,1.875,Industrials,Pollution & Treatment Controls
VMC,2026-09-09T14:28:13.934848+00:00,32556656640.0,1081893.0,0.025,0.027,0.008,23.31278,0.29647418905472644,1.79167,Basic Materials,Building Materials
VMI,2026-09-09T14:28:14.541190+00:00,9282933760.0,213396.0,0.065,,,18.509495,0.2987148026452606,,Industrials,Conglomerates
VMRK,2026-09-09T14:28:15.080028+00:00,50744438784.0,3977270.0,0.033,,-0.42,44.519875,0.12785468130527589,2.10526,Real Estate,REIT - Residential
VNO,2026-09-09T14:28:15.751596+00:00,6961416704.0,1549564.0,0.05,-0.978,-0.958,113.3871,0.15111066856330013,2.76923,Real Estate,REIT - Office
VNT,2026-09-09T14:28:16.321217+00:00,4361551872.0,1576883.0,-0.022,-0.683,-0.702,8.493832,0.27244265344079355,,Technology,Scientific & Technical Instruments
VOYA,2026-09-09T14:28:16.864929+00:00,9345466368.0,1037698.0,-0.043,-0.416,-0.434,9.080242,0.0477759682031893,,Financial Services,Financial Conglomerates
VOYG,2026-09-09T14:28:17.525584+00:00,2090300288.0,1893703.0,0.155,,,-21.472034,0.35895553109553324,1.81818,Industrials,Aerospace & Defense
VPG,2026-09-09T14:28:18.087005+00:00,856783936.0,588006.0,0.117,,,35.986034,0.4489378250407512,,Technology,Scientific & Technical Instruments
VRT,2026-09-09T14:28:18.738973+00:00,106749517824.0,5751519.0,0.241,0.53,0.535,30.395643,0.21953923831506073,1.39286,Industrials,Electrical Equipment & Parts
VRTS,2026-09-09T14:28:19.307613+00:00,1028503808.0,128945.0,-0.044,0.092,0.069,6.323226,-0.04700579523502901,,Financial Services,Asset Management
VSH,2026-09-09T14:28:19.921330+00:00,4918103040.0,5929251.0,0.166,18.0,13.034,18.423395,0.23499142367066916,2.16667,Technology,Semiconductors
VST,2026-09-09T14:28:20.507864+00:00,50677055488.0,4464359.0,-0.055,-0.062,-0.067,14.566291,0.4399841709799093,1.35,Utilities,Utilities - Independent Power Producers
VSTS,2026-09-09T14:28:21.089521+00:00,1805307008.0,1368930.0,-0.018,,,17.575687,-0.04831625183016108,,Industrials,Rental & Leasing Services
VSXY,2026-09-09T14:28:21.729991+00:00,5976321024.0,1824482.0,0.104,9.9,10.438,13.345885,0.22182782782782784,2.25,Consumer Cyclical,Apparel Retail
VTEX,2026-09-09T14:28:22.316737+00:00,582795776.0,1135987.0,0.095,2.625,2.352,12.7842455,0.5801418439716313,2.3,Technology,Software - Application
VTOL,2026-09-09T14:28:22.932152+00:00,1287500288.0,244666.0,0.094,-0.346,-0.334,8.257605,0.48114032462299994,,Energy,Oil & Gas Equipment & Services
VTR,2026-09-09T14:28:23.511826+00:00,45718908928.0,3581909.0,0.217,-0.067,0.034,112.82278,0.14286592617524985,1.6087,Real Estate,REIT - Healthcare Facilities
VTS,2026-09-09T14:28:24.102299+00:00,766298560.0,530077.0,0.092,0.279,0.342,25.633804,0.15384615384615397,1.5,Energy,Oil & Gas E&P
VVV,2026-09-09T14:28:24.688520+00:00,3854778112.0,2102633.0,0.241,0.157,0.142,15.145366,0.43920595533498763,1.6,Consumer Cyclical,Auto & Truck Dealerships
VVX,2026-09-09T14:28:25.286568+00:00,2328646656.0,658800.0,0.165,0.157,0.141,10.711927,0.20045524296675188,,Industrials,Aerospace & Defense
VXX,2026-09-09T14:28:25.909583+00:00,,8179932.0,,,,,,,,
VYX,2026-09-09T14:28:26.497967+00:00,1147361024.0,2430633.0,-0.208,,,8.099416,0.5593658243080626,1.66667,Technology,Information Technology Services
VZ,2026-09-09T14:28:27.077335+00:00,206970126336.0,26298659.0,-0.007,-0.22,-0.233,9.435231,0.03546763023185795,2.36,Communication Services,Telecom Services
VZLA,2026-09-09T14:28:27.697887+00:00,1427328640.0,5411624.0,,,,,0.5701009203980101,,Basic Materials,Other Industrial Metals & Mining
W,2026-09-09T14:28:28.270069+00:00,13615309824.0,3237562.0,0.075,,,25.669994,0.24048428147477496,1.93939,Consumer Cyclical,Internet Retail
WAB,2026-09-09T14:28:28.890732+00:00,47796281344.0,928422.0,0.175,0.189,0.176,22.742525,0.16326666489967923,1.41667,Industrials,Railroads
WAL,2026-09-09T14:28:29.513983+00:00,8664245248.0,1028193.0,0.136,0.14,0.136,7.036563,0.17190291506642308,,Financial Services,Banks - Regional
WAT,2026-09-09T14:28:30.096774+00:00,40388751360.0,829648.0,1.134,,,24.859957,0.0712341315181717,1.70833,Healthcare,Diagnostics & Research
WBI,2026-09-09T14:28:30.686813+00:00,4070351360.0,1147174.0,1.28,0.801,1.043,27.736649,0.10490051562026093,,Energy,Oil & Gas Equipment & Services
WCC,2026-09-09T14:28:31.346627+00:00,17372530688.0,632759.0,0.13,0.104,0.198,17.788912,0.11390633546993545,1.45455,Industrials,Industrial Distribution
WCN,2026-09-09T14:28:31.961121+00:00,40502648832.0,1367998.0,0.064,0.044,0.021,25.93436,0.24596273291925463,1.5,Industrials,Waste Management
WD,2026-09-09T14:28:32.475309+00:00,1419026304.0,375312.0,-0.1,-0.909,-0.911,7.291005,0.378809869375907,,Financial Services,Mortgage Finance
WDI,2026-09-09T14:28:33.138479+00:00,651756608.0,205896.0,,,,,,,Financial Services,Asset Management
WEAV,2026-09-09T14:28:33.706770+00:00,585193536.0,2656012.0,0.155,,,29.555555,0.011619958988380086,,Healthcare,Health Information Services
WEC,2026-09-09T14:28:34.330986+00:00,34634530816.0,2220043.0,0.026,0.197,0.219,17.718248,0.14420594599680103,2.36842,Utilities,Utilities - Regulated Electric
WELL,2026-09-09T14:28:34.874563+00:00,169900081152.0,3155593.0,0.391,0.356,0.474,74.146225,0.10944674173505509,1.68182,Real Estate,REIT - Healthcare Facilities
WEX,2026-09-09T14:28:35.475866+00:00,6362355200.0,682006.0,0.142,0.571,0.593,8.807234,0.03064066852367686,2.35714,Technology,Software - Infrastructure
WFC,2026-09-09T14:28:36.128869+00:00,269907050496.0,14478400.0,0.095,0.25,0.166,11.295299,0.1277645410736299,1.88462,Financial Services,Banks - Diversified
WFG,2026-09-09T14:28:36.675235+00:00,5334056960.0,218230.0,-0.064,,,27.946669,0.24535129183793303,2.0,Basic Materials,Lumber & Wood Production
WGO,2026-09-09T14:28:37.322123+00:00,826582400.0,663472.0,-0.099,-0.182,-0.176,12.231546,0.29958960328317374,,Consumer Cyclical,Recreational Vehicles
WH,2026-09-09T14:28:37.881905+00:00,5180678144.0,1354835.0,-0.055,0.204,0.172,13.004528,0.4004399083225898,1.58824,Consumer Cyclical,Lodging
WHD,2026-09-09T14:28:38.505303+00:00,4894222336.0,800741.0,0.643,0.189,0.215,19.370035,-0.03746441547339174,,Energy,Oil & Gas Equipment & Services
WHR,2026-09-09T14:28:39.116155+00:00,2391513088.0,2374079.0,-0.068,-0.011,0.354,9.900215,0.39721919302071984,3.15385,Consumer Cyclical,"Furnishings, Fixtures & Appliances"
WK,2026-09-09T14:28:39.715889+00:00,3988456448.0,884979.0,0.186,,,18.102491,0.15014666757623307,1.18182,Technology,Software - Application
WKC,2026-09-09T14:28:40.341144+00:00,1803606016.0,1168888.0,0.503,,,13.7734375,0.06825496313102675,,Energy,Oil & Gas Refining & Marketing
WLK,2026-09-09T14:28:40.908689+00:00,9198795776.0,1041909.0,0.108,,,22.161945,0.30221353153653774,2.33333,Basic Materials,Specialty Chemicals
WLY,2026-09-09T14:28:41.499509+00:00,2410274304.0,567981.0,-0.026,,,8.972641,0.4299232467669014,2.0,Communication Services,Publishing
WM,2026-09-09T14:28:42.142989+00:00,86132629504.0,2124787.0,0.04,0.083,0.081,23.629711,0.206209248903636,1.75,Industrials,Waste Management
WMB,2026-09-09T14:28:42.743958+00:00,92104515584.0,7208969.0,0.078,0.512,0.515,28.953077,0.1351086321381143,1.45,Energy,Oil & Gas Midstream
WMK,2026-09-09T14:28:43.385001+00:00,,168090.0,0.046,-0.037,-0.096,,,,Consumer Defensive,Grocery Stores
WMS,2026-09-09T14:28:44.108081+00:00,9913918464.0,742324.0,0.206,0.188,0.171,17.722563,0.3988718007225709,,Industrials,Building Products & Equipment
WNC,2026-09-09T14:28:44.488568+00:00,539767552.0,1132059.0,-0.091,,,10.816326,0.6981132075471699,,Industrials,Farm & Heavy Construction Machinery
WOLF,2026-09-09T14:28:45.084249+00:00,1483283840.0,4564977.0,-0.241,,,-4.895369,-0.03644008409250177,,Technology,Semiconductors
WOR,2026-09-09T14:28:45.700854+00:00,2952364288.0,275946.0,0.169,11.341,11.418,14.601935,0.08712764635207337,,Industrials,Metal Fabrication
WPC,2026-09-09T14:28:46.289158+00:00,15960630272.0,1419448.0,0.184,2.565,2.619,22.252783,0.1418457937255575,2.35714,Real Estate,REIT - Diversified
WPM,2026-09-09T14:28:46.916887+00:00,72111521792.0,2193925.0,0.847,0.857,0.859,31.384348,0.11605365915102661,1.3125,Basic Materials,Gold
WRB,2026-09-09T14:28:47.533271+00:00,25787318272.0,1934758.0,0.012,0.15,0.127,14.349574,0.0009272295400559738,3.38889,Financial Services,Insurance - Property & Casualty
WRBY,2026-09-09T14:28:48.077019+00:00,2929510912.0,2939787.0,0.098,,,38.550377,0.28529704641350206,1.71429,Healthcare,Medical Instruments & Supplies
WS,2026-09-09T14:28:48.675850+00:00,1804529152.0,295035.0,0.116,,,7.2731004,0.2987012987012987,,Basic Materials,Steel
WSM,2026-09-09T14:28:49.386055+00:00,27010002944.0,1115106.0,0.067,0.42,0.366,21.811382,0.08185891356248165,2.17391,Consumer Cyclical,Specialty Retail
WSO,2026-09-09T14:28:49.943039+00:00,12885782528.0,455277.0,0.021,-0.117,-0.11,23.532238,0.21332027173251888,2.78571,Industrials,Industrial Distribution
WST,2026-09-09T14:28:50.526589+00:00,23853864960.0,693059.0,0.138,0.181,0.168,33.974503,0.1940797757781385,1.4375,Healthcare,Medical Instruments & Supplies
WT,2026-09-09T14:28:51.258255+00:00,3676441344.0,2811054.0,0.573,0.647,0.787,18.283678,0.0026198227900267046,1.71429,Financial Services,Asset Management
WTI,2026-09-09T14:28:52.094491+00:00,600752896.0,4073404.0,0.329,,,-39.70075,0.04271356783919611,,Energy,Oil & Gas E&P
WTM,2026-09-09T14:28:52.344339+00:00,4903041024.0,19854.0,0.225,0.688,0.623,22.825556,,,Financial Services,Insurance - Property & Casualty
WTRG,2026-09-09T14:28:53.147008+00:00,11909749760.0,2140004.0,0.031,-0.026,-0.02,17.64686,0.000238151940938236,2.71429,Utilities,Utilities - Regulated Water
WTS,2026-09-09T14:28:53.532211+00:00,11930768384.0,322419.0,0.186,0.173,0.172,25.45988,0.13041775091636598,2.5,Industrials,Specialty Industrial Machinery
WTTR,2026-09-09T14:28:54.076464+00:00,2951734272.0,1731901.0,0.087,0.62,0.976,30.732649,0.16054158607350089,1.42857,Energy,Oil & Gas Equipment & Services
WU,2026-09-09T14:28:54.694134+00:00,2136370944.0,9675127.0,-0.013,-0.351,-0.372,4.530543,0.03493284671532848,3.66667,Financial Services,Credit Services
WWW,2026-09-09T14:28:55.351774+00:00,1655277952.0,865225.0,0.068,0.159,0.164,10.902998,0.2047595438770451,2.0,Consumer Cyclical,Footwear & Accessories
WY,2026-09-09T14:28:55.911943+00:00,16306652160.0,5439251.0,-0.009,0.871,0.862,33.645123,0.37016574585635365,1.66667,Real Estate,REIT - Specialty
XHR,2026-09-09T14:28:56.479854+00:00,1736191232.0,783933.0,0.028,,,27.637794,0.20227920227920237,2.0,Real Estate,REIT - Hotel & Motel
XOM,2026-09-09T14:28:57.085178+00:00,669542645760.0,15517390.0,0.441,1.128,1.051,15.099432,0.04961671682122448,2.32,Energy,Oil & Gas Integrated
XPER,2026-09-09T14:28:57.738997+00:00,283852032.0,444366.0,0.081,,,4.338427,0.9587628865979381,,Technology,Software - Application
XPO,2026-09-09T14:28:58.349845+00:00,22025134080.0,1125740.0,0.132,0.528,0.528,29.2148,0.23239647015044373,1.72,Industrials,Trucking
XPOF,2026-09-09T14:28:58.921557+00:00,222826496.0,778250.0,-0.134,,,6.84796,0.3555555555555554,2.75,Consumer Cyclical,Leisure
XPRO,2026-09-09T14:28:59.512151+00:00,2051495552.0,1068017.0,-0.07,-0.885,-0.887,15.485074,-0.027929901423877412,,Energy,Oil & Gas Equipment & Services
XRN,2026-09-09T14:29:00.141868+00:00,537646720.0,95477.0,0.048,,100.179,-9.056098,0.023431187718825575,,Real Estate,REIT - Healthcare Facilities
XXI,2026-09-09T14:29:00.730572+00:00,3281442048.0,1497298.0,,,,,,,Consumer Defensive,Education & Training Services
XYL,2026-09-09T14:29:01.433531+00:00,25039126528.0,1908091.0,0.015,0.195,0.164,17.170734,0.43486572174561733,1.85714,Industrials,Specialty Industrial Machinery
XYZ,2026-09-09T14:29:01.963037+00:00,47552925696.0,5120180.0,0.093,-0.833,-0.836,15.35337,0.24000429564118742,1.56522,Technology,Software - Infrastructure
XZO,2026-09-09T14:29:02.523403+00:00,1424258432.0,192969.0,0.069,-0.014,0.074,13.747827,0.6445287792536369,,Financial Services,Insurance - Diversified
YELP,2026-09-09T14:29:03.110171+00:00,1120456960.0,1161082.0,0.014,-0.149,-0.282,5.561858,0.25917746653493734,,Communication Services,Internet Content & Information
YETI,2026-09-09T14:29:03.742453+00:00,2942908416.0,1444575.0,0.085,0.541,0.394,11.977436,0.3525131448412697,1.875,Consumer Cyclical,Leisure
YEXT,2026-09-09T14:29:04.315803+00:00,618616896.0,1168732.0,-0.018,3.902,-0.508,8.223684,0.1200000000000001,3.0,Technology,Software - Infrastructure
YOU,2026-09-09T14:29:04.897760+00:00,5878265856.0,1562987.0,0.266,0.87,1.025,16.777313,0.4168013398013397,,Technology,Software - Application
YUM,2026-09-09T14:29:05.489136+00:00,39357796352.0,2510009.0,0.122,1.316,1.281,19.337545,0.20188850367494116,2.23077,Consumer Cyclical,Restaurants
YUMC,2026-09-09T14:29:06.237637+00:00,14511478784.0,1669683.0,0.126,0.214,0.135,12.63323,0.45423904382470104,1.36364,Consumer Cyclical,Restaurants
ZBH,2026-09-09T14:29:06.721222+00:00,18183024640.0,2217616.0,0.048,0.338,0.298,10.513651,0.12841109829015007,,Healthcare,Medical Devices
ZETA,2026-09-09T14:29:07.330342+00:00,7567461376.0,8780430.0,0.435,,,25.116648,0.032843873517786726,,Technology,Software - Infrastructure
ZGN,2026-09-09T14:29:07.963775+00:00,5094926848.0,1210819.0,0.064,-0.492,-0.462,19.30055,0.22374683860232936,1.91667,Consumer Cyclical,Apparel Manufacturing
ZIM,2026-09-09T14:29:08.494794+00:00,3601127424.0,1480087.0,0.089,1.784,1.785,3.2549016,-0.13654618473895574,3.0,Industrials,Marine Shipping
ZIP,2026-09-09T14:29:09.117173+00:00,319037504.0,872633.0,0.052,,,26.838211,0.22422680412371143,2.6,Communication Services,Internet Content & Information
ZTS,2026-09-09T14:29:09.698163+00:00,30361645056.0,6295538.0,-0.002,0.012,-0.048,11.249449,0.306565081231601,2.22222,Healthcare,Drug Manufacturers - Specialty & Generic
ZWS,2026-09-09T14:29:10.331447+00:00,7807222784.0,968306.0,0.105,1.32,1.244,23.12386,0.2416494582536648,,Industrials,Pollution & Treatment Controls
