ticker,name,price,dollar_volume,market_cap,sector
AAL,"American Airlines Group, Inc. - Common Stock",12.968600273132324,927574997.5630054,8499694080.0,Industrials
AAOI,"Applied Optoelectronics, Inc. - Common Stock",115.32499694824219,770956243.6908089,9067992064.0,Technology
AAON,"AAON, Inc. - Common Stock",83.82499694824219,95794320.22534943,6229182976.0,Industrials
AAPL,Apple Inc. - Common Stock,333.4150085449219,13775563702.968632,4672253853696.0,Technology
ABCL,AbCellera Biologics Inc. - Common Shares,13.749899864196777,61045825.56575346,3539439616.0,Healthcare
ABNB,"Airbnb, Inc. - Class A Common Stock",162.74249267578125,802869776.640802,100212768768.0,Consumer Cyclical
ABSI,Absci Corporation - Common Stock,11.104999542236328,38350015.97681351,1453570816.0,Healthcare
ACAD,ACADIA Pharmaceuticals Inc. - Common Stock,20.104999542236328,54188028.97083473,4702136832.0,Healthcare
ACCV,Accelevation Holdings Corp. - Class A ordinary shares,17.40999984741211,149410584.26338068,2080365184.817276,
ACGL,Arch Capital Group Ltd. - Common Stock,93.38999938964844,406432628.1653412,33088935936.0,Financial Services
ACHC,"Acadia Healthcare Company, Inc. - Common Stock",27.594999313354492,39560742.30155077,2761353984.0,Healthcare
ACIW,"ACI Worldwide, Inc. - Common Stock",50.16999816894531,37390779.58400192,5236548096.0,Technology
ACLS,"Axcelis Technologies, Inc. - Common Stock",147.77000427246094,42459034.78960419,3474167296.0,Technology
ACMR,"ACM Research, Inc. - Class A Common Stock",83.23500061035156,83332127.09236756,5272792576.0,Technology
ACT,"Enact Holdings, Inc. - Common Stock",45.48500061035156,21704833.315818787,6809565696.0,Financial Services
ADBE,Adobe Inc. - Common Stock,237.94500732421875,1386280073.7967162,100412473344.0,Technology
ADEA,Adeia Inc.  - Common Stock,26.30500030517578,26104924.11296606,2916358656.0,Technology
ADI,"Analog Devices, Inc. - Common Stock",416.8349914550781,1202794898.4452255,173573767168.0,Technology
ADMA,ADMA Biologics Inc - Common Stock,9.795000076293945,29949391.332743548,2097840512.0,Healthcare
ADP,"Automatic Data Processing, Inc. - Common Stock",257.6449890136719,591425080.5739425,106335322112.0,Technology
ADPT,Adaptive Biotechnologies Corporation - Common Stock,28.149999618530273,67124728.23695278,3876583168.0,Healthcare
ADRX,"ADARx Pharmaceuticals, Inc. - Common stock",18.059999465942383,29661786.34304619,1928831872.4619389,
ADSK,"Autodesk, Inc. - Common Stock",211.98500061035156,487436038.27526015,43745787904.0,Technology
ADUS,Addus HomeCare Corporation - Common Stock,111.91999816894531,24227276.546753693,2244252672.0,Healthcare
AEHR,Aehr Test Systems - Common Stock,106.43000030517578,242534828.28553924,3166304000.0,Technology
AEIS,"Advanced Energy Industries, Inc. - Common Stock",305.6650085449219,137003766.31482086,11169266688.0,Industrials
AEP,"American Electric Power Company, Inc. - Common Stock",119.97000122070312,497150162.23661345,68169388032.0,Utilities
AEVA,"Aeva Technologies, Inc. - Common Stock",14.734999656677246,21331333.569716644,1083924608.0,Technology
AFRM,"Affirm Holdings, Inc. - Class A Common Stock",70.92500305175781,281426675.3795555,22649401344.0,Financial Services
AGIO,"Agios Pharmaceuticals, Inc. - Common Stock",31.850000381469727,33529274.849931143,2009863808.0,Healthcare
AGNC,AGNC Investment Corp. - Common Stock,8.875,411024317.9635088,12287515648.0,Real Estate
AGYS,"Agilysys, Inc. - Common Stock",100.30999755859375,23113766.5384079,2991928832.0,Technology
AKAM,"Akamai Technologies, Inc. - Common Stock",109.2699966430664,644176843.2829335,15778646016.0,Technology
ALAB,"Astera Labs, Inc. - Common Stock",352.9574890136719,1332533617.8877501,48667774976.0,Technology
ALGM,"Allegro MicroSystems, Inc. - Common Stock",39.63999938964844,90711969.82238846,6525991424.0,Technology
ALGN,"Align Technology, Inc. - Common Stock",144.4499969482422,133364171.4336586,10658109440.0,Healthcare
ALGT,Allegiant Travel Company - Common Stock,77.56500244140625,37977352.53978729,2066734336.0,Industrials
ALHC,"Alignment Healthcare, Inc. - Common Stock",7.885000228881836,111457434.02224836,2709310464.0,Healthcare
ALKS,Alkermes plc - Ordinary Shares,41.8849983215332,99430975.08957824,7584577024.0,Healthcare
ALKT,"Alkami Technology, Inc. - Common Stock",13.895000457763672,37353152.1840353,1989120896.0,Technology
ALM,Almonty Industries Inc. - Common Shares,13.621899604797363,95156248.42230025,4894546944.0,Basic Materials
ALMS,Alumis Inc. - Common Stock,6.71999979019165,26938196.573589943,1297549440.0,Healthcare
ALNT,Allient Inc. - Common Stock,119.43000030517578,23196105.974752806,1612518144.0,Technology
ALNY,"Alnylam Pharmaceuticals, Inc. - Common Stock",221.6649932861328,336305786.03480756,33817577472.0,Healthcare
ALRM,"Alarm.com Holdings, Inc. - Common Stock",55.13999938964844,25449986.396709442,2685235456.0,Technology
AMAT,"Applied Materials, Inc. - Common Stock",538.0499877929688,2906263822.6951017,361856630784.0,Technology
AMBA,"Ambarella, Inc. - Ordinary Shares",69.42500305175781,128434348.00826874,2950823936.0,Technology
AMD,"Advanced Micro Devices, Inc. - Common Stock",634.0999755859375,12741389997.34076,830676729856.0,Technology
AMGN,Amgen Inc. - Common Stock,403.3900146484375,1278597540.9897523,211089768448.0,Healthcare
AMKR,"Amkor Technology, Inc. - Common Stock",56.314998626708984,194578681.12223282,12255436800.0,Technology
AMLX,"Amylyx Pharmaceuticals, Inc. - Common Stock",27.690000534057617,44210874.618896484,3577794048.0,Healthcare
AMPL,"Amplitude, Inc. - Class A Common Stock",14.457799911499023,21033329.209840395,1535218432.0,Technology
AMRX,"Amneal Pharmaceuticals, Inc. - Class A Common Stock",20.19499969482422,54038767.03265953,5980242944.0,Healthcare
AMSC,American Superconductor Corporation - Common Stock,30.229999542236328,20397697.87147026,1372850432.0,Industrials
AMZN,"Amazon.com, Inc. - Common Stock",250.8300018310547,8701693506.582424,2708551237632.0,Consumer Cyclical
ANAB,"AnaptysBio, Inc. - Common Stock",48.470001220703125,31298843.687339783,1645047168.0,Healthcare
ANDE,"The Andersons, Inc. - Common Stock",67.58999633789062,25108166.290298462,2461086464.0,Consumer Defensive
ANIP,"ANI Pharmaceuticals, Inc. - Common Stock",72.09500122070312,29967495.244161986,1633536512.0,Healthcare
APA,APA Corporation - Common Stock,43.60499954223633,270110954.43467903,15813114880.0,Energy
APLD,Applied Digital Corporation - Common Stock,25.2549991607666,419448604.0059921,7474347520.0,Technology
APP,Applovin Corporation - Class A Common Stock,272.0799865722656,1602802582.290506,103077388288.0,Communication Services
APPF,"AppFolio, Inc. - Class A Common Stock",202.30499267578125,58152840.65028381,7316442112.0,Technology
APPN,Appian Corporation - Class A Common Stock,36.48500061035156,32536781.10887604,2410984960.0,Technology
APPS,"Digital Turbine, Inc. - Common Stock",11.289999961853027,33168559.877851773,1357802368.0,Technology
ARCB,ArcBest Corporation - Common Stock,133.5,30928162.71644287,3044924928.0,Industrials
ARCC,Ares Capital Corporation - Closed End Fund,18.885000228881836,93527395.19335556,14098378752.0,Financial Services
ARQT,"Arcutis Biotherapeutics, Inc. - Common stock",25.170000076293945,90119174.53705159,2971357952.0,Healthcare
ARWR,"Arrowhead Pharmaceuticals, Inc. - Common Stock",64.43000030517578,163578258.1314869,11536162816.0,Healthcare
ARXS,"Arxis, Inc. - Class A Common Stock",50.15999984741211,59536720.92971859,21593015399.90783,
ASML,ASML Holding N.V. - New York Registry Shares,1867.1199951171875,2311589291.3268003,650304356352.0,Technology
ASND,Ascendis Pharma A/S - Ordinary Share,228.31500244140625,216187513.0912567,17106610176.0,Healthcare
ASO,"Academy Sports and Outdoors, Inc. - Common Stock",48.79499816894531,102605389.17098084,3255264256.0,Consumer Cyclical
ASST,"Strive, Inc. - Class A Common Stock",29.690000534057617,247125057.75500193,2551840768.0,Financial Services
ATEC,"Alphatec Holdings, Inc. - Common Stock",9.899999618530273,24451306.501976967,1348732288.0,Healthcare
ATEX,Anterix Inc. - Common Stock,84.0,24083567.82441864,1662321536.0,Communication Services
ATRC,"AtriCure, Inc. - Common Stock",55.07500076293945,92422381.99872875,2700237312.0,Healthcare
ATRO,Astronics Corporation - Common Stock,68.43000030517578,43142712.01814461,3215787520.0,Industrials
AUGO,Aura Minerals Inc. - Common Shares,82.5199966430664,87884289.09661636,7074991104.0,Basic Materials
AUR,"Aurora Innovation, Inc.  - Class A Common Stock",5.605000019073486,199530354.02533668,12908764160.0,Consumer Cyclical
AVAH,Aveanna Healthcare Holdings Inc. - Common Stock,12.569999694824219,43991900.24735451,3060435456.0,Healthcare
AVAV,"AeroVironment, Inc. - Common Stock",140.22999572753906,339593147.2847961,7547412992.0,Industrials
AVGO,Broadcom Inc. - Common Stock,355.4703063964844,8732938518.01687,1708518408192.0,Technology
AVPT,"AvePoint, Inc. - Class A Common Stock",14.194999694824219,28892452.913988877,2748234752.0,Technology
AVT,"Avnet, Inc. - Common Stock",107.08999633789062,136131370.2251053,7563845632.0,Technology
AXGN,"Axogen, Inc. - Common Stock",37.900001525878906,61444732.805317685,2381903872.0,Healthcare
AXON,"Axon Enterprise, Inc. - Common Stock",413.55999755859375,476094592.7563385,39400144896.0,Industrials
AXSM,"Axsome Therapeutics, Inc. - Common Stock",178.3699951171875,141912233.6510376,11052352512.0,Healthcare
AXTI,AXT Inc - Common Stock,85.51000213623047,631946221.212024,4412093952.0,Technology
AYA,Aya Gold & Silver Inc. - Common Shares,27.079999923706055,35350171.25307093,4149681664.0,Basic Materials
AZTA,"Azenta, Inc. - Common Stock",38.57500076293945,32423707.183073997,1301985408.0,Healthcare
BAND,Bandwidth Inc. - Class A Common Stock,63.09000015258789,53349770.408340454,1591500928.0,Technology
BATRK,"Atlanta Braves Holdings, Inc. - Series C Common Stock",51.959999084472656,25050997.053416826,3179679744.0,Communication Services
BBIO,"BridgeBio Pharma, Inc. - Common Stock",67.20999908447266,204066130.7013813,14626785280.0,Healthcare
BBNX,"Beta Bionics, Inc. - Common Stock",18.6299991607666,31371822.284793377,799916672.0,Healthcare
BCPC,Balchem Corporation - Common Stock,166.625,36481502.47084351,5341162496.0,Basic Materials
BCRX,"BioCryst Pharmaceuticals, Inc. - Common Stock",8.135000228881836,49894736.925149634,2074689664.0,Healthcare
BEAM,Beam Therapeutics Inc. - Common Stock,24.209999084472656,50200205.679590985,2493364224.0,Healthcare
BELFB,Bel Fuse Inc. - Class B Common Stock,258.3399963378906,35861469.31388092,3477736448.0,Technology
BGC,"BGC Group, Inc. - Class A Common Stock",11.824999809265137,48968933.917113826,5819709952.0,Financial Services
BIIB,Biogen Inc. - Common Stock,220.48500061035156,232778719.7351303,31574292480.0,Healthcare
BJRI,"BJ's Restaurants, Inc. - Common Stock",61.412498474121094,23378576.273485564,1293710720.0,Consumer Cyclical
BKNG,Booking Holdings Inc. - Common Stock,159.2100067138672,1501736774.628215,134464659456.0,Consumer Cyclical
BKR,Baker Hughes Company - Common Stock,55.9900016784668,484112035.28392446,60925370368.0,Energy
BL,"BlackLine, Inc. - Common Stock",27.44499969482422,25156466.711421967,1705976704.0,Technology
BLBD,Blue Bird Corporation - Common Stock,56.349998474121094,31018449.322247315,1945384064.0,Industrials
BLFS,"BioLife Solutions, Inc. - Common Stock",37.25,36406512.60707016,1691646464.0,Healthcare
BLLN,"BillionToOne, Inc. - Class A common stock",104.8550033569336,70475072.57326126,4733983232.0,Healthcare
BLMN,"Bloomin' Brands, Inc. - Common Stock",8.345000267028809,20916804.67574463,758601344.0,Consumer Cyclical
BLZE,"Backblaze, Inc. - Common Stock",14.399999618530273,23541061.259011842,821413056.0,Technology
BMRN,BioMarin Pharmaceutical Inc. - Common Stock,57.53099822998047,124452897.10137519,12470021120.0,Healthcare
BOKF,BOK Financial Corporation - Common Stock,127.74500274658203,37592732.591529466,8164928000.0,Financial Services
BPOP,"Popular, Inc. - Common Stock",157.7050018310547,92198489.50649643,10434800640.0,Financial Services
BRKR,Bruker Corporation - Common Stock,63.584999084472656,138475040.59120217,8154270208.0,Healthcare
BRUN,Boost Run Inc. - Class A Common Stock,16.31999969482422,33270363.934080124,1351286528.0,Technology
BRZE,"Braze, Inc. - Class A Common Stock",25.40999984741211,70883574.21463318,2763667968.0,Technology
BSP,Bending Spoons S.p.A. - Ordinary Shares,32.26499938964844,93403399.54763564,20485822747.5,
BSY,"Bentley Systems, Incorporated - Class B Common Stock",32.224998474121094,87670001.10794258,9691141120.0,Technology
BTDR,Bitdeer Technologies Group - Ordinary Shares,11.074999809265137,115967180.31174979,3147238400.0,Technology
BULL,Webull Corporation - Class A Ordinary Shares,7.40500020980835,102526758.75048855,4953297408.0,Technology
BUSE,First Busey Corporation - Common Stock,29.649999618530273,24271735.36716032,2496301568.0,Financial Services
BWIN,"The Baldwin Insurance Group, Inc. - Class A Common Stock",31.795000076293945,171896619.65232164,2763772928.0,Financial Services
BZ,KANZHUN LIMITED - American Depository Shares,14.954999923706055,127088613.69096613,7198684672.0,Communication Services
CACC,Credit Acceptance Corporation - Common Stock,525.010009765625,70873505.21156006,6256272896.0,Financial Services
CAE,CAE Inc - Common Shares,24.059999465942383,22812460.61920042,7711503872.0,Industrials
CAI,"Caris Life Sciences, Inc. - Common Stock",28.239999771118164,143928294.79117975,6739895808.0,Healthcare
CAKE,The Cheesecake Factory Incorporated - Common Stock,108.37000274658203,139132940.14035568,5105440768.0,Consumer Cyclical
CALM,"Cal-Maine Foods, Inc. - Common Stock",66.33999633789062,86890381.20859985,3520230656.0,Consumer Defensive
CAMT,Camtek Ltd. - Ordinary Shares,163.9149932861328,52988656.96954803,6700383232.0,Technology
CAPR,"Capricor Therapeutics, Inc. - Common Stock",8.979999542236328,32064647.800510786,496797664.0,Healthcare
CAR,"Avis Budget Group, Inc. - Common Stock",110.81500244140625,49961553.715200804,4650281984.0,Industrials
CARG,"CarGurus, Inc. - Class A Common Stock",30.139999389648438,41601243.42249298,2898451200.0,Communication Services
CART,Maplebear Inc. - Common Stock,44.22999954223633,189132008.04386348,10798320640.0,Consumer Cyclical
CASY,"Caseys General Stores, Inc. - Common Stock",617.8049926757812,497682774.94947207,24028248064.0,Consumer Cyclical
CATY,Cathay General Bancorp - Common Stock,60.755001068115234,30053913.36725483,4093560064.0,Financial Services
CBC,"Central Bancompany, Inc. - Class A Common Stock",31.885000228881836,55882163.17883024,7704879616.0,Financial Services
CBRL,"Cracker Barrel Old Country Store, Inc. - Common Stock",54.840999603271484,56761825.14103413,1134336640.0,Consumer Cyclical
CBRS,Cerebras Systems Inc. - Class A Common Stock,166.52999877929688,1331205697.357315,39556812536.50888,
CBSH,"Commerce Bancshares, Inc. - Common Stock",55.2599983215332,58659140.63251896,8336278016.0,Financial Services
CCC,CCC Intelligent Solutions Holdings Inc. - Common Stock,6.554999828338623,85899311.07439633,3981604352.0,Technology
CCEP,Coca-Cola Europacific Partners plc - Ordinary Shares,101.36000061035156,189055646.59721833,46081372160.0,Consumer Defensive
CCOI,"Cogent Communications Holdings, Inc. - Common Stock",8.359999656677246,20081167.86742425,467087520.0,Communication Services
CCXI,Churchill Capital Corp XI - Class A Ordinary Shares,12.069999694824219,27687886.534456253,724099968.0,Financial Services
CDNA,"CareDx, Inc. - Common Stock",66.94000244140625,76935236.35337067,2608439552.0,Healthcare
CDNS,"Cadence Design Systems, Inc. - Common Stock",349.69000244140625,835785596.6735321,79303991296.0,Technology
CDW,CDW Corporation - Common Stock,132.5800018310547,213444278.07082367,17913745408.0,Technology
CECO,CECO Environmental Corp. - Common Stock,74.75499725341797,50309889.91154671,4458920960.0,Industrials
CEG,Constellation Energy Corporation - Common Stock When-Issued,257.1400146484375,801407196.9395783,103250493440.0,Utilities
CELC,Celcuity Inc. - Common Stock,71.24500274658203,79943364.03303146,4339281408.0,Healthcare
CELH,"Celsius Holdings, Inc. - Common Stock",26.795000076293945,203374914.72979918,6890144256.0,Consumer Defensive
CENX,Century Aluminum Company - Common Stock,35.64500045776367,68504670.44763985,4570520064.0,Basic Materials
CERT,"Certara, Inc. - Common Stock",9.265000343322754,22578989.07569275,1159294720.0,Healthcare
CEVA,"CEVA, Inc. - Common Stock",36.81999969482422,20618781.00988884,771421568.0,Technology
CG,The Carlyle Group Inc. - Common Stock,40.119998931884766,137890197.81240234,15432773632.0,Financial Services
CGEM,"Cullinan Therapeutics, Inc. - Common Stock",15.0600004196167,23721929.418928385,1325706752.0,Healthcare
CGNX,Cognex Corporation - Common Stock,65.19000244140625,91684426.37257385,10337354752.0,Technology
CGON,"CG Oncology, Inc. - Common stock",66.97000122070312,74415985.38760224,6343991808.0,Healthcare
CHDN,"Churchill Downs, Incorporated - Common Stock",76.01000213623047,91525231.83633156,5808469504.0,Consumer Cyclical
CHEF,"The Chefs' Warehouse, Inc. - Common Stock",117.64250183105469,69003623.60146102,4455544320.0,Consumer Defensive
CHKP,Check Point Software Technologies Ltd. - Ordinary Shares,130.42999267578125,155640466.44909668,13714157568.0,Technology
CHRD,Chord Energy Corporation - Common Stock,137.2100067138672,101811608.92906952,8239140864.0,Energy
CHRW,"C.H. Robinson Worldwide, Inc. - Common Stock",157.80999755859375,213153635.1686554,17772492800.0,Industrials
CHTR,"Charter Communications, Inc. - Class A Common Stock",109.29499816894531,375488427.40380704,18694311936.0,Communication Services
CHYM,"Chime Financial, Inc. - Class A Common Stock",27.270000457763672,233085087.76407775,12544417792.0,Technology
CIFR,Cipher Digital Inc. - Common Stock,15.622300148010254,595770332.0943791,6432976384.0,Technology
CIGI,Colliers International Group Inc.  - Subordinate Voting Shares,90.30000305175781,26178761.42257919,4783572992.0,Real Estate
CINF,Cincinnati Financial Corporation - Common Stock,162.14500427246094,113827394.82091141,26206375936.0,Financial Services
CLBK,"Columbia Financial, Inc. - Common Stock",11.354999542236328,54447517.42778492,1191987072.0,Financial Services
CLBT,Cellebrite DI Ltd. - Ordinary Shares,11.015000343322754,32445627.81425619,2821303552.0,Technology
CLDX,"Celldex Therapeutics, Inc. - Common Stock",31.259000778198242,69811108.40265255,2973913344.0,Healthcare
CLMT,"Calumet, Inc - Common Stock",55.18000030517578,86500649.85216065,4957460480.0,Basic Materials
CLSK,"CleanSpark, Inc. - Common Stock",12.604999542236328,233272516.97412014,3257724672.0,Financial Services
CLYM,"Climb Bio, Inc. - Common Stock",10.885000228881836,20658810.98120451,854077120.0,Healthcare
CMCSA,Comcast Corporation - Class A Common Stock,21.530000686645508,737096516.8864572,88982069248.0,Communication Services
CME,CME Group Inc. - Class A Common Stock,263.1300048828125,465805729.22645265,99238477824.0,Financial Services
CMPS,COMPASS Pathways Plc - American Depository Shares,11.84000015258789,41795966.8665247,1999549824.0,Healthcare
CNXC,Concentrix Corporation - Common Stock,24.719999313354492,60499921.85890303,1635291776.0,Technology
COAG,"Hemab Therapeutics Holdings, Inc. - Common Stock",30.5049991607666,23896357.54309416,1424953089.8826313,
COCO,"The Vita Coco Company, Inc. - Common Stock",55.70000076293945,81870885.13716468,2977400064.0,Consumer Defensive
COGT,"Cogent Biosciences, Inc. - Common Stock",30.9950008392334,66733548.48561792,5845189120.0,Healthcare
COHU,"Cohu, Inc. - Common Stock",73.23999786376953,60432240.808755115,2597459712.0,Technology
COIN,"Coinbase Global, Inc. - Class A Common Stock",182.3070068359375,1769576723.9662414,45353566208.0,Financial Services
COKE,"Coca-Cola Consolidated, Inc. - Common Stock",192.0800018310547,108022314.27609253,12608275456.0,Consumer Defensive
COLB,"Columbia Banking System, Inc. - Common Stock",28.934999465942383,83405993.9970108,8394008576.0,Financial Services
COLL,"Collegium Pharmaceutical, Inc. - Common Stock",21.989999771118164,20313288.061233234,720731200.0,Healthcare
COLM,Columbia Sportswear Company - Common Stock,57.18000030517578,38740568.25093422,2849157120.0,Consumer Cyclical
COO,"The Cooper Companies, Inc.  - Common Stock",57.43000030517578,317826046.32609177,10432188416.0,Healthcare
CORT,Corcept Therapeutics Incorporated - Common Stock,116.47000122070312,195526814.40838164,12543198208.0,Healthcare
CORZ,"Core Scientific, Inc. - Common Stock",16.415000915527344,193003756.30856782,5607229952.0,Technology
COST,Costco Wholesale Corporation - Common Stock,918.6199951171875,2146568558.3267517,402288508928.0,Consumer Defensive
CPB,The Campbell's Company - Common Stock,19.674999237060547,156714747.85008487,6414416384.0,Consumer Defensive
CPRT,"Copart, Inc. - Common Stock",27.334999084472656,304246517.0168373,30874034176.0,Industrials
CRAI,"CRA International,Inc. - Common Stock",169.7100067138672,21093269.208518982,1048926080.0,Industrials
CRDO,Credo Technology Group Holding Ltd - Ordinary Shares,218.4199981689453,1579832526.4610207,30377730048.0,Technology
CRML,Critical Metals Corp. - Ordinary Shares,7.070000171661377,79053272.59954989,998858176.0,Basic Materials
CROX,"Crocs, Inc. - Common Stock",118.08000183105469,135898544.5370453,5269643264.0,Consumer Cyclical
CRSP,CRISPR Therapeutics AG - Common Shares,54.95000076293945,88586435.21110515,5060893696.0,Healthcare
CRUS,"Cirrus Logic, Inc. - Common Stock",121.41999816894531,99332776.79545745,5499900928.0,Technology
CRWD,"CrowdStrike Holdings, Inc. - Class A Common Stock",269.0249938964844,2545508741.8921404,217033244672.0,Technology
CRWV,"CoreWeave, Inc. - Class A Common Stock",89.44000244140625,2643242256.2743683,49296338944.0,Technology
CSCO,"Cisco Systems, Inc. - Common Stock",111.79000091552734,1950052350.2508838,432304652288.0,Technology
CSGP,"CoStar Group, Inc. - Common Stock",27.354999542236328,177526863.93591633,11795302400.0,Real Estate
CSIQ,Canadian Solar Inc. - Common Shares,11.300000190734863,22107802.20066595,884694656.0,Technology
CSX,CSX Corporation - Common Stock,47.529998779296875,501234341.2760658,91215863808.0,Industrials
CTAS,Cintas Corporation - Common Stock,192.7550048828125,413222056.85256654,79905857536.0,Industrials
CTSH,Cognizant Technology Solutions Corporation - Class A Common Stock,58.33000183105469,405458937.10235214,27618469888.0,Technology
CVBF,CVB Financial Corporation - Common Stock,22.28499984741211,32614791.165973283,3883383552.0,Financial Services
CVCO,"Cavco Industries, Inc. - Common Stock",586.6799926757812,57230486.157577515,4034359808.0,Consumer Cyclical
CVLT,"Commvault Systems, Inc. - Common Stock",151.13999938964844,83915470.94740982,5497620992.0,Technology
CWST,"Casella Waste Systems, Inc. - Class A Common Stock",83.15499877929688,46810498.17014313,5746059776.0,Industrials
CYTK,"Cytokinetics, Incorporated - Common Stock",65.23999786376953,140390897.96151924,10369061888.0,Healthcare
CZR,"Caesars Entertainment, Inc. - Common Stock",29.625,135116176.88550988,6045055488.0,Consumer Cyclical
DASH,"DoorDash, Inc. - Common Stock",188.49000549316406,823825851.0116951,83957981184.0,Consumer Cyclical
DAVE,Dave Inc.  - Class A Common Stock,347.875,106548714.25405273,4613921792.0,Technology
DBX,"Dropbox, Inc. - Class A Common Stock",33.79499816894531,167150812.3099495,7540910080.0,Technology
DDOG,"Datadog, Inc. - Class A Common Stock",277.69500732421875,799572556.6884308,81039638528.0,Technology
DFTX,"Definium Therapeutics, Inc.  - Common Shares",37.099998474121094,91648890.17005806,5082429952.0,Healthcare
DGII,Digi International Inc. - Common Stock,76.0999984741211,26319469.464169312,2615764224.0,Technology
DIOD,Diodes Incorporated - Common Stock,104.72000122070312,45526174.27700043,4091003136.0,Technology
DJCO,Daily Journal Corp. (S.C.) - Common Stock,652.9600219726562,41224768.355889894,881889280.0,Technology
DJT,Trump Media & Technology Group Corp. - Common Stock,8.858599662780762,27849258.78012824,2415309568.0,Communication Services
DKNG,DraftKings Inc. - Class A Common Stock,18.735000610351562,307838275.1712448,11741137920.0,Consumer Cyclical
DLO,DLocal Limited - Class A Common Shares,13.765000343322754,21598631.892506696,4265430784.0,Technology
DLTR,"Dollar Tree, Inc. - Common Stock",112.05000305175781,328297704.2228905,22494058496.0,Consumer Defensive
DNLI,Denali Therapeutics Inc. - Common Stock,20.003999710083008,36550779.43048601,3411303424.0,Healthcare
DNTH,"Dianthus Therapeutics, Inc. - Common Stock",88.27999877929688,88317623.66736603,5795987456.0,Healthcare
DOCU,"DocuSign, Inc. - Common Stock",68.31500244140625,229507948.4275299,12152396800.0,Technology
DORM,"Dorman Products, Inc. - Common Stock",124.37999725341797,25959974.493169785,3732599296.0,Consumer Cyclical
DOX,Amdocs Limited - Ordinary Shares,58.060001373291016,55141153.720289424,6266988544.0,Technology
DPZ,Domino's Pizza Inc - Common Stock,297.1600036621094,223364553.33932954,10536863744.0,Consumer Cyclical
DRH,Diamondrock Hospitality Company - Common Stock,12.545000076293945,38117329.580095574,2479046400.0,Real Estate
DRS,"Leonardo DRS, Inc. - Common Stock",36.77000045776367,34287990.21327591,9686827008.0,Industrials
DSGX,The Descartes Systems Group Inc. - Common Stock,80.21499633789062,54754886.14805603,6337265152.0,Technology
DUOL,"Duolingo, Inc. - Class A Common Stock",144.33999633789062,157964552.2236084,6556393472.0,Technology
DXCM,"DexCom, Inc. - Common Stock",85.2300033569336,362184310.6242283,31622834176.0,Healthcare
DXPE,"DXP Enterprises, Inc. - Common Stock",192.39999389648438,24539315.780793764,2864931072.0,Industrials
DYN,"Dyne Therapeutics, Inc. - Common Stock",15.1850004196167,68657966.02470103,3426797056.0,Healthcare
EBAY,eBay Inc. - Common Stock,107.17250061035156,548370182.8579041,46297800704.0,Consumer Cyclical
EBC,"Eastern Bankshares, Inc. - Common Stock",21.415000915527344,52590949.75535469,4926708736.0,Financial Services
ECHO,EchoStar Corporation - Common stock,94.37999725341797,303826147.172699,26608949248.0,Communication Services
ECPG,Encore Capital Group Inc - Common Stock,97.16000366210938,32938955.498771667,2068549504.0,Financial Services
EEFT,"Euronet Worldwide, Inc. - Common Stock",63.6150016784668,38328855.152649686,2670587136.0,Technology
ELMT,The Elmet Group Co. - Common Stock,22.270000457763672,28456135.036741067,678333034.4032516,
ELVN,"Enliven Therapeutics, Inc.  - Common Stock",46.29499816894531,74212798.71919708,4198414592.0,Healthcare
ENPH,"Enphase Energy, Inc. - Common Stock",33.560001373291016,164008715.44373092,4735536128.0,Technology
ENSG,"The Ensign Group, Inc. - Common Stock",171.64999389648438,63204331.90500031,10190683136.0,Healthcare
ENTG,"Entegris, Inc. - Common Stock",168.24000549316406,285687863.0143593,21011308544.0,Technology
EQIX,"Equinix, Inc. - Common Stock",1030.4300537109375,509774804.53145754,102541590528.0,Real Estate
EQPT,EquipmentShare.com Inc - Class A Common Stock,18.55500030517578,63841661.10609283,4624111616.0,Industrials
ERAS,"Erasca, Inc. - Common Stock",14.795000076293945,69728238.97952528,5486018048.0,Healthcare
ERIE,Erie Indemnity Company - Class A Common Stock,220.8300018310547,44244006.18659592,12795853824.0,Financial Services
ESLT,Elbit Systems Ltd. - Ordinary Shares,699.0,53177525.14742432,34197893120.0,Industrials
ESQ,"Esquire Financial Holdings, Inc. - Common Stock",119.44000244140625,25508215.676475525,1422409600.0,Financial Services
ESTA,Establishment Labs Holdings Inc. - Common Shares,63.814998626708984,21991595.229478072,2185074688.0,Healthcare
ETON,"Eton Pharmaceuticals, Inc. - Common Stock",54.939998626708984,32111572.05762272,1678401792.0,Healthcare
ETOR,eToro Group Ltd. - Class A Common Shares,25.375,29155454.29859581,2407284992.0,Financial Services
EVER,"EverQuote, Inc. - Class A Common Stock",19.295000076293945,20266345.38885498,831625792.0,Communication Services
EVRG,"Evergy, Inc. - Common Stock",79.09500122070312,186752766.10982513,18790072320.0,Utilities
EWBC,"East West Bancorp, Inc. - Common Stock",126.25499725341797,104821316.97081757,17571770368.0,Financial Services
EWTX,"Edgewise Therapeutics, Inc. - Common Stock",41.18000030517578,71460323.78673363,4640654336.0,Healthcare
EXC,Exelon Corporation - Common Stock,40.650001525878906,344486855.61960566,45053005824.0,Utilities
EXE,Expand Energy Corporation - Common Stock,85.65499877929688,310860467.42358553,22955800576.0,Energy
EXEL,"Exelixis, Inc. - Common Stock",58.244998931884766,119603348.59035797,14332932096.0,Healthcare
EXLS,"ExlService Holdings, Inc. - Common Stock",35.66999816894531,69672529.31942138,5368792064.0,Technology
EXPE,"Expedia Group, Inc. - Common Stock",266.32501220703125,665174587.7998047,32891299840.0,Consumer Cyclical
EXPO,"Exponent, Inc. - Common Stock",67.66000366210938,38892938.90328064,3187018752.0,Industrials
EXTR,"Extreme Networks, Inc. - Common Stock",23.075000762939453,30768960.1037529,2801634304.0,Technology
EYE,"National Vision Holdings, Inc. - Common Stock",16.440000534057617,37976648.83120203,1347341184.0,Consumer Cyclical
EZPW,"EZCORP, Inc. - Class A Non-Voting Common Stock",30.350000381469727,20568041.558356382,2011041664.0,Financial Services
FA,First Advantage Corporation - Common Stock,18.389999389648438,34574130.464343265,3548431360.0,Industrials
FANG,"Diamondback Energy, Inc. - Common Stock",184.50999450683594,624303003.9427665,57221943296.0,Energy
FAST,Fastenal Company - Common Stock,50.875,338871571.9289993,55584780288.0,Industrials
FCEL,"FuelCell Energy, Inc. - Common Stock",18.225000381469727,97343627.60436077,1295257984.0,Industrials
FCFS,"FirstCash Holdings, Inc. - Common Stock",213.02999877929688,80400474.07295379,9803761664.0,Financial Services
FCNCA,"First Citizens BancShares, Inc. - Class A Common Stock",2076.4599609375,137177014.14733887,24188678144.0,Financial Services
FEIM,"Frequency Electronics, Inc. - Common Stock",86.13999938964844,33208573.48454056,710890880.0,Technology
FELE,"Franklin Electric Co., Inc. - Common Stock",98.91999816894531,30606667.53451004,4258421504.0,Industrials
FER,Ferrovial N.V. - Ordinary Shares,53.630001068115234,91934982.23993874,40115101696.0,Industrials
FFBC,First Financial Bancorp. - Common Stock,31.834999084472656,29959726.960157774,3376449024.0,Financial Services
FFIN,"First Financial Bankshares, Inc. - Common Stock",32.1349983215332,27187446.6135088,4673659392.0,Financial Services
FFIV,"F5, Inc. - Common Stock",455.44000244140625,235964189.32437438,23075010560.0,Technology
FHB,"First Hawaiian, Inc. - Common Stock",25.174999237060547,53912991.501727104,3108940032.0,Financial Services
FIBK,"First Interstate BancSystem, Inc. - Common Stock",36.05500030517578,45925279.91949425,3491960832.0,Financial Services
FIGR,"Figure Technology Solutions, Inc. - Class A Common Stock",28.610000610351562,163031258.9301834,8391283200.0,Financial Services
FISV,"Fiserv, Inc. - Common Stock",44.47999954223633,367256332.4307852,26024609792.0,nan
FIVE,"Five Below, Inc. - Common Stock",221.88999938964844,261804729.0271454,13635783680.0,Consumer Cyclical
FIVN,"Five9, Inc. - Common Stock",34.154998779296875,83576589.271072,2314934784.0,Technology
FLEX,Flex Ltd. - Ordinary Shares,117.16000366210938,353909743.0100891,41140412416.0,Technology
FLNC,"Fluence Energy, Inc. - Class A Common Stock",7.574999809265137,70664545.71865936,1821410048.0,Utilities
FLYW,Flywire Corporation - Voting Common Stock,17.649999618530273,24849512.393660545,2159601152.0,Technology
FORM,"FormFactor, Inc. - Common Stock",148.60000610351562,153957267.857399,8778486784.0,Technology
FOX,Fox Corporation - Class B Common Stock,55.640098571777344,70279611.10244751,23937607680.0,Communication Services
FOXA,Fox Corporation - Class A Common Stock,62.025001525878906,312715186.2326191,26838626304.0,Communication Services
FRME,First Merchants Corporation - Common Stock,40.150001525878906,20673974.642567445,2558530048.0,Financial Services
FROG,JFrog Ltd. - Ordinary shares,95.05999755859375,149246719.31468505,11040399360.0,Technology
FRPT,"Freshpet, Inc. - Common Stock",60.0,63652366.759456635,3190575360.0,Consumer Defensive
FRSH,Freshworks Inc. - Class A Common Stock,12.694999694824219,53638421.663986206,3107305472.0,Technology
FRVO,Fervo Energy Company - Class A common stock,14.470000267028809,104648353.7541945,4257117535.290471,
FSLR,"First Solar, Inc. - Common Stock",176.0800018310547,470415445.29222107,21542856704.0,Technology
FSLY,"Fastly, Inc. - Class A Common Stock",25.899999618530273,213128051.08125514,3596994048.0,Technology
FSV,FirstService Corporation - Common Shares,129.49000549316406,27426826.703474425,5974024192.0,Real Estate
FTAI,FTAI Aviation Ltd. - Common Stock,167.40499877929688,242107393.1900696,18643904512.0,Industrials
FTDR,"Frontdoor, Inc. - Common Stock",77.63999938964844,47150606.613349915,5513531904.0,Consumer Cyclical
FTNT,"Fortinet, Inc. - Common Stock",180.64999389648438,662824095.2479401,117874769920.0,Technology
FTRE,Fortrea Holdings Inc. - Common Stock,19.844999313354492,28859372.073560238,1559639936.0,Healthcare
FULT,Fulton Financial Corporation - Common Stock,22.75,40381874.39327278,4450218496.0,Financial Services
FWONK,Liberty Media Corporation - Series C Common Stock,90.8499984741211,218514099.04318428,24241004544.0,Communication Services
GCT,GigaCloud Technology Inc - Class A Ordinary Shares,53.689998626708984,33320628.224146463,1845147776.0,Technology
GEHC,GE HealthCare Technologies Inc. - Common Stock,64.45500183105469,235045419.64461058,29128996864.0,Healthcare
GEN,Gen Digital Inc. - Common Stock,22.000099182128906,293259945.26583636,17936660480.0,Technology
GFS,GlobalFoundries Inc. - Ordinary Share,50.209999084472656,176207048.373909,24770623488.0,Technology
GH,"Guardant Health, Inc. - Common Stock",177.6649932861328,313857265.3789581,21582770176.0,Healthcare
GIII,"G-III Apparel Group, LTD. - Common Stock",27.260000228881836,22613203.634469606,1160238336.0,Consumer Cyclical
GILD,"Gilead Sciences, Inc. - Common Stock",144.65499877929688,860611311.3613815,179285114880.0,Healthcare
GLBE,Global-E Online Ltd. - ordinary shares,39.220001220703125,60845558.821080014,6093856768.0,Consumer Cyclical
GLNG,Golar LNG Limited - Common Shares,48.94499969482422,69388938.58616142,5340694016.0,Energy
GLPI,"Gaming and Leisure Properties, Inc. - Common Stock",37.845001220703125,134401034.9991455,12417289216.0,Real Estate
GLXY,Galaxy Digital Inc. - Class A common stock,23.065000534057617,116156155.4459118,14255102976.0,Financial Services
GNTX,Gentex Corporation - Common Stock,22.190000534057617,47476041.73281946,4807388160.0,Consumer Cyclical
GO,Grocery Outlet Holding Corp. - Common Stock,11.614999771118164,26166568.91289425,1150370944.0,Consumer Defensive
GOOG,Alphabet Inc. - Class C Capital Stock,339.9779968261719,5982269557.210147,3992829296640.0,Communication Services
GOOGL,Alphabet Inc. - Class A Common Stock,343.2449951171875,9256668986.588434,4018022907904.0,Communication Services
GPRE,"Green Plains, Inc. - Common Stock",15.1899995803833,21297292.798635818,1106104320.0,Basic Materials
GRAL,"GRAIL, Inc. - Common Stock",140.14999389648438,151167651.53853607,3445553152.0,Healthcare
GRPN,"Groupon, Inc. - Common Stock",19.225000381469727,23019569.339095213,732788672.0,Communication Services
GSAT,"Globalstar, Inc. - Common Stock",83.13999938964844,45956201.936395265,10585328640.0,Communication Services
GSHD,"Goosehead Insurance, Inc. - Class A Common Stock",45.474998474121094,27201678.479166795,2052801664.0,Financial Services
GTLB,GitLab Inc. - Class A Common Stock,49.53499984741211,195486413.84208965,7950868480.0,Technology
GTX,Garrett Motion Inc. - Common Stock,27.25,65999636.544000626,5128029184.0,Consumer Cyclical
HALO,"Halozyme Therapeutics, Inc. - Common Stock",109.38500213623047,278791418.5610939,12160742400.0,Healthcare
HAPN,"Happen, Inc. - Common Stock",15.390000343322754,25305210.627150536,1926150656.0,Financial Services
HAS,"Hasbro, Inc. - Common Stock",89.8499984741211,153347493.5796791,12411207680.0,Consumer Cyclical
HBAN,Huntington Bancshares Incorporated - Common Stock,15.319999694824219,489399171.3685713,33367150592.0,Financial Services
HELP,Helus Pharma Inc.  - Common Stock,11.710000038146973,22419080.23771286,968903744.0,Healthcare
HLNE,Hamilton Lane Incorporated - Class A Common Stock,87.98249816894531,57532783.29065399,5414812672.0,Financial Services
HON,Honeywell International Inc. - Common Stock,214.46499633789062,609093927.3345779,63833300992.0,Industrials
HOOD,"Robinhood Markets, Inc. - Class A Common Stock",112.93000030517578,2570713805.54862,102457352192.0,Financial Services
HQY,"HealthEquity, Inc. - Common Stock",90.16999816894531,81943378.17919464,7745047040.0,Healthcare
HRMY,"Harmony Biosciences Holdings, Inc. - Common Stock",39.63990020751953,45063798.51765366,2407201280.0,Healthcare
HSIC,"Henry Schein, Inc. - Common Stock",84.80999755859375,97667505.33651122,9976829952.0,Healthcare
HST,"Host Hotels & Resorts, Inc. - Common Stock",22.524999618530273,189011745.33329028,15374296064.0,Real Estate
HTFL,"Heartflow, Inc. - Common Stock",49.47999954223633,95566484.03611755,4134209792.0,Healthcare
HTO,H2O America  - Common Stock,60.220001220703125,29031109.85197983,2671929088.0,Utilities
HUBG,"Hub Group, Inc. - Class A Common Stock",29.799999237060547,46316764.82486458,2177982464.0,Industrials
HURN,Huron Consulting Group Inc. - Common Stock,161.19500732421875,39104306.605285645,2398960384.0,Industrials
HUT,Hut 8 Corp. - Common Stock,89.45500183105469,427057572.52208024,11050212352.0,Financial Services
HWC,Hancock Whitney Corporation - Common Stock,73.22000122070312,65225303.09570465,5953352704.0,Financial Services
HWKN,"Hawkins, Inc. - Common Stock",131.55999755859375,22425400.753001403,2558395648.0,Basic Materials
HYMC,Hycroft Mining Holding Corporation - Class A Common Stock,18.809999465942383,44435142.90379133,2022974208.0,Basic Materials
IBKR,"Interactive Brokers Group, Inc. - Class A Common Stock",88.42500305175781,329202482.36595,152653348864.0,Financial Services
IBOC,International Bancshares Corporation - Common Stock,69.77999877929688,27327506.63631897,4376416768.0,Financial Services
IBRX,"ImmunityBio, Inc. - Common Stock",10.092000007629395,111364477.79763246,8282620416.0,Healthcare
ICHR,Ichor Holdings - Ordinary Shares,62.82500076293945,39859618.05764656,2103991168.0,Technology
ICLR,ICON plc - Ordinary Shares,161.26499938964844,178233646.2681488,12187279360.0,Healthcare
ICUI,"ICU Medical, Inc. - Common Stock",159.64500427246094,40008197.185920715,3954612992.0,Healthcare
IDCC,"InterDigital, Inc. - Common Stock",334.4800109863281,69151234.11262664,8818299904.0,Technology
IDXX,"IDEXX Laboratories, Inc. - Common Stock",520.0800170898438,244069303.34187013,40225992704.0,Healthcare
IDYA,"IDEAYA Biosciences, Inc. - Common Stock",37.130001068115234,32386939.64928303,3646337792.0,Healthcare
IESC,"IES Holdings, Inc. - Common Stock",341.1400146484375,79125063.63728027,12746806272.0,Industrials
ILMN,"Illumina, Inc. - Common Stock",272.70001220703125,1000026055.4208558,30502000640.0,Healthcare
IMMX,"Immix Biopharma, Inc. - Common Stock",9.59000015258789,20212787.569787025,879933568.0,Healthcare
IMNM,"Immunome, Inc. - Common Stock",20.899999618530273,31103260.840941332,2926327552.0,Healthcare
IMVT,"Immunovant, Inc.  - Common Stock",33.3849983215332,54586466.95044975,7857264640.0,Healthcare
INBX,"Inhibrx Biosciences, Inc. - Common Stock",97.79000091552734,38593008.19005279,1619752064.0,Healthcare
INCY,Incyte Corporation - Common Stock,115.05999755859375,194120455.95733184,25536874496.0,Healthcare
INDB,Independent Bank Corp. - Common Stock,79.87999725341797,30595586.37568512,3867213312.0,Financial Services
INDV,"Indivior Pharmaceuticals, Inc.  - Common Stock",35.720001220703125,66735375.01021729,4090343168.0,Healthcare
INIO,INNIO N.V. - Ordinary Shares,20.024999618530273,114679811.55768661,15022500514.98413,
INOD,Innodata Inc. - Common Stock,70.54000091552734,103985845.44749871,1843769728.0,Technology
INSM,Insmed Incorporated - Common Stock,111.01000213623047,270589913.8453518,27947372544.0,Healthcare
INTA,"Intapp, Inc. - Common Stock",36.36000061035156,20347333.989164732,2978196480.0,Technology
INTC,Intel Corporation - Common Stock,119.80999755859375,12437018958.918743,529879171072.0,Technology
INTR,Inter & Co. Inc. - Class A Common Shares,5.489999771118164,24989480.984737493,2410663680.0,Financial Services
INTU,Intuit Inc. - Common Stock,280.4447021484375,1092932547.2314758,86002769920.0,Technology
INVA,"Innoviva, Inc. - Common Stock",20.599000930786133,21529096.575895976,1527992064.0,Healthcare
IOND,Ionic Digital Inc. - Class A Common Stock,82.52999877929688,65124343.09285889,3713534267.8230286,
IONS,"Ionis Pharmaceuticals, Inc. - Common Stock",43.375,217622989.98330688,9186170880.0,Healthcare
IOSP,Innospec Inc. - Common Stock,97.54499816894531,21052918.680841066,2289086464.0,Basic Materials
IOVA,"Iovance Biotherapeutics, Inc. - Common Stock",14.175000190734863,210544534.2387948,3750603264.0,Healthcare
IPAR,"Interparfums, Inc. - Common Stock",113.65499877929688,25264695.38169708,3584965888.0,Consumer Defensive
IPGP,IPG Photonics Corporation - Common Stock,84.5199966430664,31273084.310346603,3357502464.0,Technology
IRDM,Iridium Communications Inc - Common Stock,48.959999084472656,53032450.53489113,5035183104.0,Communication Services
IREN,IREN Limited - Ordinary Shares,41.57500076293945,1568007165.3211422,17149432832.0,Financial Services
IRON,"Disc Medicine, Inc. - Common Stock",64.66999816894531,38926863.82672882,2921887488.0,Healthcare
IRTC,"iRhythm Holdings, Inc.  - Common Stock",110.62999725341797,60049733.11288452,3909577216.0,Healthcare
ISRG,"Intuitive Surgical, Inc. - Common Stock",392.45001220703125,918326272.0683594,128324452352.0,Healthcare
ITRI,"Itron, Inc. - Common Stock",86.87999725341797,55169043.06298828,4085741824.0,Technology
JAZZ,Jazz Pharmaceuticals plc - Ordinary Shares,236.02999877929688,170770918.9076294,15691151360.0,Healthcare
JBHT,"J.B. Hunt Transport Services, Inc. - Common Stock",234.0749969482422,295434880.8585594,25169426432.0,Industrials
JKHY,"Jack Henry & Associates, Inc. - Common Stock",142.50999450683594,160732669.96847916,11262188544.0,Technology
KALU,Kaiser Aluminum Corporation - Common Stock,151.35169982910156,32370558.431427002,2667354368.0,Basic Materials
KDP,Keurig Dr Pepper Inc. - Common Stock,30.510000228881836,329741841.1347518,43151790080.0,Consumer Defensive
KLAC,KLA Corporation  - Common Stock,207.42999267578125,1725877749.6051056,228763271168.0,Technology
KLIC,"Kulicke and Soffa Industries, Inc. - Common Stock",101.3499984741211,64989846.6333519,4261159936.0,Technology
KMB,Kimberly-Clark Corporation - Common Stock,94.13999938964844,474037837.03706896,32858775552.0,Consumer Defensive
KNSA,"Kiniksa Pharmaceuticals International, plc - Class A Ordinary Shares",75.5250015258789,44114206.59168701,5993471488.0,Healthcare
KOD,Kodiak Sciences Inc - Common Stock,93.45999908447266,275974407.3565319,2070260992.0,Healthcare
KRYS,"Krystal Biotech, Inc. - Common Stock",321.7749938964844,96412765.34080048,10250692608.0,Healthcare
KSPI,Joint Stock Company Kaspi.kz - American Depository Shares,94.31999969482422,59922188.492011264,18559963136.0,Technology
KTOS,"Kratos Defense & Security Solutions, Inc. - Common Stock",42.96009826660156,188546482.74085617,8753432576.0,Industrials
KURA,"Kura Oncology, Inc. - Common Stock",10.640000343322754,20909196.30329628,1053382592.0,Healthcare
KYMR,"Kymera Therapeutics, Inc. - Common Stock",107.42250061035156,87920709.66394272,9701182464.0,Healthcare
LAMR,Lamar Advertising Company - Class A Common Stock,144.47999572753906,74448064.09762803,15076573184.0,Real Estate
LASR,"nLIGHT, Inc. - Common Stock",40.54999923706055,34660650.98702087,2308761600.0,Technology
LAUR,"Laureate Education, Inc. - Common Stock",38.65999984741211,36825689.06628208,4960354304.0,Consumer Defensive
LBTYA,Liberty Global Ltd. - Class A Common Shares,8.925000190734863,28967341.56113558,3618938880.0,Communication Services
LECO,"Lincoln Electric Holdings, Inc. - Common Shares",275.17999267578125,109634395.72168884,13986177024.0,Industrials
LFST,"LifeStance Health Group, Inc. - Common Stock",11.774999618530273,72549632.28876372,4960360448.0,Healthcare
LFUS,"Littelfuse, Inc. - Common Stock",458.2074890136719,77831685.19235535,10650784768.0,Technology
LGN,Legence Corp. - Class A Common stock,53.54999923706055,49981686.43314171,8723530752.0,Industrials
LGND,Ligand Pharmaceuticals Incorporated - Common Stock,303.1199951171875,78145749.01856689,5698294272.0,Healthcare
LIF,"Life360, Inc. - Common Stock",42.75,23735650.928894807,3411990528.0,Technology
LIFE,Ethos Technologies Inc. - Class A Common Stock,33.779998779296875,63948533.34055404,3725720064.0,Financial Services
LIN,Linde plc - Ordinary Shares,479.42498779296875,975555241.3461945,213606678528.0,Basic Materials
LIND,Lindblad Expeditions Holdings Inc.  - Common Stock,34.7599983215332,25577000.754714012,1625399680.0,Consumer Cyclical
LINE,"Lineage, Inc. - Common Stock",34.65999984741211,35508447.04678879,9327735808.0,Real Estate
LITE,Lumentum Holdings Inc. - Common Stock,1088.510009765625,4597449731.055298,87330578432.0,Technology
LIVN,LivaNova PLC - Ordinary Shares,75.44999694824219,50468604.27357636,4299772928.0,Healthcare
LKQ,LKQ Corporation - Common Stock,22.875,76064728.43977089,6078374912.0,Consumer Cyclical
LLYVK,"Liberty Live Holdings, Inc. - Series C Liberty Live Group Common Stock",97.94999694824219,30045139.6882988,8999505920.0,Communication Services
LMAT,"LeMaitre Vascular, Inc. - Common Stock",78.93000030517578,20773141.578493882,1806442496.0,Healthcare
LNT,Alliant Energy Corporation - Common Stock,64.37999725341797,173598634.63263702,17626175488.0,Utilities
LNTH,"Lantheus Holdings, Inc. - Common Stock",100.0199966430664,99733891.65470695,6576350208.0,Healthcare
LOGI,Logitech International S.A. - Registered Shares,104.36000061035156,71812613.62505952,14255115264.0,Technology
LOPE,"Grand Canyon Education, Inc. - Common Stock",155.69000244140625,51328197.23640442,3951068672.0,Consumer Defensive
LPLA,LPL Financial Holdings Inc. - Common Stock,315.42498779296875,248493952.04460755,27464523776.0,Financial Services
LPTH,"LightPath Technologies, Inc. - Class A Common Stock",11.140000343322754,28733841.44187541,617973376.0,Technology
LQDA,Liquidia Corporation - Common Stock,28.96500015258789,147028779.08106214,6019472896.0,Healthcare
LRCX,Lam Research Corporation - Common Stock,348.3800048828125,2855392614.180548,375590256640.0,Technology
LSCC,Lattice Semiconductor Corporation - Common Stock,134.9499969482422,207006846.15024185,15963797504.0,Technology
LSTR,"Landstar System, Inc. - Common Stock",174.02999877929688,58181709.75001526,5852253184.0,Industrials
LULU,lululemon athletica inc. - Common Stock,94.7249984741211,731322933.4776897,11010665472.0,Consumer Cyclical
LUNR,"Intuitive Machines, Inc. - Class A Common Stock",14.755000114440918,113571019.61785336,2413202688.0,Industrials
LYFT,"Lyft, Inc. - Class A Common Stock",15.444999694824219,145063820.69490376,5577790464.0,Technology
MANH,"Manhattan Associates, Inc. - Common Stock",203.7550048828125,127101363.90351868,12125976576.0,Technology
MAR,Marriott International - Class A Common Stock,359.0950012207031,536287931.6068268,86629163008.0,Consumer Cyclical
MARA,"MARA Holdings, Inc. - Common Stock",11.214599609375,537834094.4881992,4355524608.0,Financial Services
MAT,"Mattel, Inc. - Common Stock",15.0,95402902.13161755,3894091008.0,Consumer Cyclical
MATW,Matthews International Corporation - Class A Common Stock,19.385000228881836,23212311.665053654,628321152.0,Industrials
MAZE,"Maze Therapeutics, Inc. - Common Stock",26.549999237060547,22798766.147049714,1387062656.0,Healthcare
MBLY,Mobileye Global Inc. - Class A Common Stock,7.284999847412109,44787430.90368815,6750489600.0,Consumer Cyclical
MBX,"MBX Biosciences, Inc. - Common Stock",58.314998626708984,32120283.797735978,3026621184.0,Healthcare
MCHP,Microchip Technology Incorporated - Common Stock,81.88999938964844,613409737.2808663,38781681664.0,Technology
MCRI,"Monarch Casino & Resort, Inc. - Common Stock",117.45999908447266,23719992.31713295,2165757184.0,Consumer Cyclical
MDB,"MongoDB, Inc. - Class A Common Stock",359.44000244140625,1111915387.017807,29886404608.0,Technology
MDGL,"Madrigal Pharmaceuticals, Inc. - Common Stock",496.05499267578125,121379546.18075562,12306758656.0,Healthcare
MDLN,Medline Inc. - Class A common stock,35.6150016784668,297601315.7280815,44574203904.0,Healthcare
MDLZ,"Mondelez International, Inc. - Class A Common Stock",58.16999816894531,485784026.9367569,80151093248.0,Consumer Defensive
MEDP,"Medpace Holdings, Inc. - Common Stock",597.9149780273438,149210750.01605836,16255749120.0,Healthcare
MELI,"MercadoLibre, Inc. - Common Stock",1696.6650390625,1164726927.489746,94782226432.0,Consumer Cyclical
MEOH,Methanex Corporation - Common Stock,58.58000183105469,54116315.27501297,4886326784.0,Basic Materials
META,"Meta Platforms, Inc. - Class A Common Stock",726.5700073242188,16464053334.551626,1641625812992.0,Communication Services
MFP,"Midera Food Processing, Inc. - Common Stock",41.72999954223633,20597266.656175233,1887919267.617817,
MGNI,"Magnite, Inc. - Common Stock",24.68000030517578,54403739.501255035,3354691072.0,Communication Services
MIDD,The Middleby Corporation - Common Stock,104.3550033569336,66322166.716603085,4755582464.0,Industrials
MIRM,"Mirum Pharmaceuticals, Inc. - common stock",82.73999786376953,71625733.7008644,6374069760.0,Healthcare
MKSI,MKS Inc. - Common Stock,281.1499938964844,326569199.4510498,17514977280.0,Technology
MKTX,"MarketAxess Holdings, Inc. - Common Stock",164.17999267578125,144193809.17007446,5748406784.0,Financial Services
MLTX,MoonLake Immunotherapeutics - Class A Ordinary Shares,11.385000228881836,23001376.23504553,1137876352.0,Healthcare
MLYS,"Mineralys Therapeutics, Inc. - Common Stock",23.740699768066406,41283714.08342934,2690596864.0,Healthcare
MMED,"MiniMed Group, Inc. - Common Stock",19.54949951171875,58535448.88882027,6366245376.0,Healthcare
MMSI,"Merit Medical Systems, Inc. - Common Stock",85.5,51169510.38325806,5169728512.0,Healthcare
MMYT,MakeMyTrip Limited - Ordinary Shares,44.91999816894531,45231048.78915329,4592884736.0,Consumer Cyclical
MNDY,monday.com Ltd. - Ordinary Shares,78.9749984741211,102665078.85894164,3447665920.0,Technology
MNST,Monster Beverage Corporation - Common Stock,42.85499954223633,436788256.3428028,84866121728.0,Consumer Defensive
MORN,"Morningstar, Inc. - Common Stock",183.89500427246094,58001931.45886536,7467076608.0,Financial Services
MPWR,"Monolithic Power Systems, Inc. - Common Stock",1442.1600341796875,919122472.8666687,57940336640.0,Technology
MRCY,Mercury Systems Inc - Common Stock,84.54000091552734,55259508.60115967,4819911168.0,Industrials
MRNA,"Moderna, Inc. - Common Stock",189.97000122070312,2474606226.747397,53777076224.0,Healthcare
MRVL,"Marvell Technology, Inc. - Common Stock",273.8800048828125,4281288600.9503174,205776404480.0,Technology
MRX,Marex Group Limited - Ordinary Shares,72.83000183105469,57695727.35948334,5415315968.0,Financial Services
MSFT,Microsoft Corporation - Common Stock,515.25,10502277360.386408,3642750140416.0,Technology
MSTR,Strategy Inc - Class A Common Stock,157.4250030517578,3361041119.2797775,51720114176.0,Technology
MTCH,"Match Group, Inc. - Common Stock",40.54999923706055,142151148.13151914,9540140032.0,Communication Services
MTSI,"MACOM Technology Solutions Holdings, Inc. - Common Stock",322.9049987792969,366508308.5269806,21021097984.0,Technology
MU,"Micron Technology, Inc. - Common Stock",1073.3499755859375,26870697185.09327,1113028296704.0,Technology
MWH,"SOLV Energy, Inc. - Class A common stock",25.424999237060547,34278489.38958702,4994904064.0,Utilities
MXL,"MaxLinear, Inc - Common Stock",105.41000366210938,247437006.29390717,6021121024.0,Technology
MYRG,"MYR Group, Inc. - Common Stock",305.92999267578125,69100564.49089661,4385858048.0,Industrials
MZTI,The Marzetti Company - Common Stock,99.36000061035156,45506767.00621033,2763486720.0,Consumer Defensive
NAMS,NewAmsterdam Pharma Company N.V. - Ordinary Shares,23.010000228881836,45231421.83005619,2688390912.0,Healthcare
NAVN,"Navan, Inc. - Class A Common Stock",21.225000381469727,108745224.07162781,5174369280.0,Technology
NBIS,Nebius Group N.V. - Class A Ordinary Shares,242.89999389648438,3570135488.3053694,58325491712.0,Communication Services
NBIX,"Neurocrine Biosciences, Inc. - Common Stock",142.86000061035156,191147078.87057266,15934018560.0,Healthcare
NCNO,"nCino, Inc. - Common Stock",18.670000076293945,47118480.240214825,2315622144.0,Technology
NDAQ,"Nasdaq, Inc. - Common Stock",90.36000061035156,297822212.85073626,52309102592.0,Financial Services
NDSN,Nordson Corporation - Common Stock,333.57000732421875,113094636.14477234,17163078656.0,Industrials
NEO,"NeoGenomics, Inc. - Common Stock",18.360000610351562,38987925.3391304,2268940032.0,Healthcare
NEOG,Neogen Corporation - Common Stock,12.260000228881836,57135110.670845605,2569288704.0,Healthcare
NESR,National Energy Services Reunited Corp - Ordinary Shares,24.6200008392334,63717734.35872154,3420387328.0,Energy
NFLX,"Netflix, Inc. - Common Stock",67.06999969482422,2578550011.4698133,314044317696.0,Communication Services
NKTR,Nektar Therapeutics - Common Stock,44.25,106226639.65064088,2466831104.0,Healthcare
NMIH,NMI Holdings Inc - Common Stock,39.03499984741211,30404607.21553898,3324628992.0,Financial Services
NMRK,"Newmark Group, Inc. - Class A Common Stock",12.704999923706055,29186931.292138956,3516855296.0,Real Estate
NN,NextNav Inc. - Common stock,14.210000038146973,35949351.30990958,2627526144.0,Technology
NNE,Nano Nuclear Energy Inc. - common stock,15.710000038146973,31968367.525822878,933273728.0,Industrials
NOVT,Novanta Inc. - Common Shares,149.86000061035156,50125110.30447006,5434791936.0,Technology
NRIX,"Nurix Therapeutics, Inc. - Common stock",22.920000076293945,37128086.86836491,2666670336.0,Healthcare
NSIT,"Insight Enterprises, Inc. - Common Stock",160.88999938964844,59214048.70231781,4605421568.0,Technology
NTAP,"NetApp, Inc. - Common Stock",227.38499450683594,485520236.634272,36190203904.0,Technology
NTCT,"NetScout Systems, Inc. - Common Stock",40.959999084472656,25019861.46645546,2703621376.0,Technology
NTLA,"Intellia Therapeutics, Inc. - Common Stock",12.244999885559082,53859019.00034299,1643686016.0,Healthcare
NTNX,"Nutanix, Inc. - Class A Common Stock",72.30999755859375,159468504.37035218,18227712000.0,Technology
NTRA,"Natera, Inc. - Common Stock",408.1549987792969,618939602.3275207,47032082432.0,Healthcare
NTRS,Northern Trust Corporation - Common Stock,171.20750427246094,182922903.93400192,34002309120.0,Financial Services
NTSK,"Netskope, Inc. - Class A Common Stock",17.850000381469727,121838582.59855385,6167631872.0,Technology
NUAI,"New Era Energy & Digital, Inc. - Common Stock",6.241399765014648,57442112.6192461,651077568.0,Technology
NUTX,Nutex Health Inc. - Common Stock,217.25,33350124.860791016,1350831104.0,Healthcare
NVAX,"Novavax, Inc. - Common Stock",10.444999694824219,52115204.05896759,1519150208.0,Healthcare
NVDA,NVIDIA Corporation - Common Stock,234.02000427246094,24337891334.50981,5259457986560.0,Technology
NVMI,Nova Ltd. - Ordinary Shares,396.0950012207031,196799926.6908188,11601614848.0,Technology
NVTS,Navitas Semiconductor Corporation - Common Stock,12.475000381469727,164135144.1043749,2917667584.0,Technology
NWE,"NorthWestern Energy Group, Inc.  - Common Stock",68.91999816894531,32540017.18367157,4341929984.0,Utilities
NWL,Newell Brands Inc. - Common Stock,5.385000228881836,32779020.44995613,2553270528.0,Consumer Defensive
NWS,News Corporation - Class B Common Stock,31.610000610351562,38960761.19257202,17630640128.0,Communication Services
NWSA,News Corporation - Class A Common Stock,28.645000457763672,131369333.36233711,15774218240.0,Communication Services
NXPI,NXP Semiconductors N.V. - Common Stock,245.44000244140625,814653840.9100525,55400468480.0,Technology
NXST,"Nexstar Media Group, Inc. - Common Stock",155.38999938964844,64987518.85480118,5217693696.0,Communication Services
NXT,Nextpower Inc. - Common Stock,84.01000213623047,168803072.78333512,12198116352.0,Technology
OCTV,Octave Intelligence plc - Class B Ordinary Shares,18.989999771118164,58079904.96061134,5097633532.679466,
OCUL,"Ocular Therapeutix, Inc. - Common Stock",6.971399784088135,31111227.89067018,2446520832.0,Healthcare
ODD,ODDITY Tech Ltd. - Class A Ordinary Shares,19.059999465942383,32388287.26457014,741682816.0,Consumer Defensive
ODFL,"Old Dominion Freight Line, Inc. - Common Stock",180.6300048828125,321110578.9713379,37398904832.0,Industrials
OKTA,"Okta, Inc. - Class A Common Stock",211.6999969482422,739952856.3504555,30927570944.0,Technology
OLED,Universal Display Corporation - Common Stock,80.33499908447266,57990158.10060654,3617130496.0,Technology
OLLI,"Ollie's Bargain Outlet Holdings, Inc. - Common Stock",88.23999786376953,140731299.7426525,4293011456.0,Consumer Defensive
OMDA,"Omada Health, Inc. - Common Stock",20.75,30594580.646469116,1360847360.0,Healthcare
OMER,Omeros Corporation - Common Stock,18.405000686645508,27551953.043800734,1353661696.0,Healthcare
ON,ON Semiconductor Corporation - Common Stock,84.87000274658203,891677408.1349739,26827948032.0,Technology
ONB,Old National Bancorp - Common Stock,24.898000717163086,116461506.92443505,9682845696.0,Financial Services
ONDS,Ondas Inc - Common Stock,7.244999885559082,448663003.45596904,4191677184.0,Technology
OPCH,"Option Care Health, Inc. - Common Stock",22.764999389648438,49549760.65880966,3591850240.0,Healthcare
ORKA,"Oruka Therapeutics, Inc. - Common Stock",83.91500091552734,88632890.81202659,6008530432.0,Healthcare
ORLY,"O'Reilly Automotive, Inc. - Common Stock",85.08000183105469,517007357.0347511,69234909184.0,Consumer Cyclical
OSIS,"OSI Systems, Inc. - Common Stock",198.1199951171875,44550511.76698609,3151886592.0,Technology
OSW,OneSpaWorld Holdings Limited - Common Shares,23.649999618530273,20632061.689367197,2255301376.0,Consumer Cyclical
OTEX,Open Text Corporation - Common Shares,22.145000457763672,27608542.72251129,5515646976.0,Technology
OTTR,Otter Tail Corporation - Common Stock,89.12999725341797,21680216.644082643,3738605824.0,Industrials
OUST,"Ouster, Inc. - Common Stock",43.66999816894531,84880894.37403946,2564314880.0,Technology
OZK,Bank OZK - Common Stock,46.744998931884766,53278642.83981323,5270878208.0,Financial Services
PAGP,"Plains GP Holdings, L.P. - Class A Shares representing limited partner interests",26.094999313354492,47046482.774740696,6511197184.0,Energy
PANW,"Palo Alto Networks, Inc. - Common Stock",403.5249938964844,2295345776.7644606,277804974080.0,Technology
PATK,"Patrick Industries, Inc. - Common Stock",67.37999725341797,43122788.82401504,2455280640.0,Consumer Cyclical
PAYO,Payoneer Global Inc. - Common Stock,7.15500020980835,20512516.86284406,2402452480.0,Technology
PAYX,"Paychex, Inc. - Common Stock",98.66500091552734,391340552.7640537,41162022912.0,Technology
PBLS,"Parabilis Medicines, Inc. - Common Stock",30.21500015258789,44950277.01450825,3732556865.4496765,
PCAR,PACCAR Inc. - Common Stock,109.95999908447266,412252796.53783494,64506028032.0,Industrials
PCTY,Paylocity Holding Corporation - Common Stock,145.3800048828125,97070239.67547607,7684240384.0,Technology
PCVX,"Vaxcyte, Inc. - Common Stock",56.125,83927469.16908951,8842009600.0,Healthcare
PDFS,"PDF Solutions, Inc. - Common Stock",55.43000030517578,27518784.850356292,1955120128.0,Technology
PECO,"Phillips Edison & Company, Inc. - Common Stock",37.7400016784668,42443263.88298035,5456280064.0,Real Estate
PEGA,Pegasystems Inc. - Common Stock,34.029998779296875,75063114.47507477,5783766016.0,Technology
PENG,"Penguin Solutions, Inc. - Common Stock",62.189998626708984,75610515.26741219,2511660800.0,Technology
PENN,"PENN Entertainment, Inc. - Common Stock",14.774999618530273,53651709.84187937,2270411520.0,Consumer Cyclical
PEP,"PepsiCo, Inc. - Common Stock",125.7500991821289,1199417456.7694938,187196637184.0,Consumer Defensive
PFG,Principal Financial Group Inc - Common Stock,112.13500213623047,158216334.76785508,24544956416.0,Financial Services
PGEN,"Precigen, Inc. - Common Stock",8.4399995803833,38640218.91361437,2365806848.0,Healthcare
PGNY,"Progyny, Inc. - Common Stock",25.290000915527344,31541623.228658676,2106534272.0,Healthcare
PGY,Pagaya Technologies Ltd. - Class A Ordinary Shares,17.950000762939453,49780926.48953247,1725246336.0,Technology
PHVS,Pharvaris N.V. - Ordinary Shares,31.15999984741211,41570103.81593361,2726041088.0,Healthcare
PI,"Impinj, Inc. - Common Stock",192.5399932861328,70196559.76383361,4986021888.0,Technology
PLAB,"Photronics, Inc. - Common Stock",31.649999618530273,25563359.60145998,1662776320.0,Technology
PLMR,"Palomar Holdings, Inc. - Common stock",126.7699966430664,31243656.772114944,3509463296.0,Financial Services
PLPC,Preformed Line Products Company - Common Stock,423.68499755859375,29106130.426834106,1951862784.0,Industrials
PLSE,"Pulse Biosciences, Inc - Common Stock",48.22999954223633,33175302.582769394,3976235520.0,Healthcare
PLTR,Palantir Technologies Inc. - Class A Common Stock,189.27999877929688,4097660428.3640795,402392121344.0,Technology
PLUS,ePlus inc. - Common Stock,93.48999786376953,20783495.644301604,2335075072.0,Technology
PLXS,Plexus Corp. - Common Stock,274.31500244140625,53286162.3682312,6528965120.0,Technology
PODD,Insulet Corporation - Common Stock,131.3000030517578,221970996.10638124,9481413632.0,Healthcare
POET,POET Technologies Inc. - Common Shares,7.759900093078613,65227596.747578144,1335143168.0,Technology
POOL,Pool Corporation - Common Stock,163.0749969482422,140985756.8227318,6379254784.0,Industrials
POWI,"Power Integrations, Inc. - Common Stock",54.92499923706055,38410753.48331203,2715107072.0,Technology
POWL,"Powell Industries, Inc. - Common Stock",197.10000610351562,94698140.00860748,6366616064.0,Industrials
PPC,Pilgrim's Pride Corporation - Common Stock,27.44499969482422,41335632.219106674,7098015232.0,Consumer Defensive
PPLI,People Incorporated - Common Stock,41.2400016784668,52809187.879417226,2807290112.0,Communication Services
PPTA,Perpetua Resources Corp. - Common Shares,20.299999237060547,20851221.52015152,2984160256.0,Basic Materials
PRAX,"Praxis Precision Medicines, Inc. - Common Stock",296.8500061035156,135960053.1424164,9594425344.0,Healthcare
PRCH,"Porch Group, Inc. - Common Stock",17.405000686645508,25194162.998842813,1862860544.0,Financial Services
PRCT,PROCEPT BioRobotics Corporation - Common Stock,17.110000610351562,27042946.409214783,1167237120.0,Healthcare
PRDO,Perdoceo Education Corporation - Common Stock,32.060001373291016,22788907.963298798,2089447808.0,Consumer Defensive
PRGS,Progress Software Corporation - Common Stock,36.939998626708984,24444088.42837143,1675993984.0,Technology
PRVA,"Privia Health Group, Inc. - Common Stock",20.2450008392334,25223995.519736003,2640904704.0,Healthcare
PSKY,Paramount Skydance Corporation - Class B Common Stock,9.269000053405762,269588108.37270343,11499503616.0,Communication Services
PSMT,"PriceSmart, Inc. - Common Stock",170.11000061035156,36522106.43136902,5264805376.0,Consumer Defensive
PSNL,"Personalis, Inc. - Common Stock",16.21500015258789,32695946.890167236,1748045696.0,Healthcare
PTC,PTC Inc. - Common Stock,143.9199981689453,233948987.94479522,13917012992.0,Technology
PTCT,"PTC Therapeutics, Inc. - Common Stock",63.560001373291016,82433351.67560597,5597715968.0,Healthcare
PTEN,"Patterson-UTI Energy, Inc. - Common Stock",11.164999961853027,94389698.21208902,4868596224.0,Energy
PTGX,"Protagonist Therapeutics, Inc. - Common Stock",139.19500732421875,102372742.68751526,9334169600.0,Healthcare
PTRN,Pattern Group Inc. - Series A Common Stock,17.415000915527344,32964452.188803483,3895422976.0,Consumer Cyclical
PURR,Hyperliquid Strategies Inc - Common Stock,11.895000457763672,291189882.8048857,2332505344.0,Financial Services
PVLA,"Palvella Therapeutics, Inc. - Common Stock",128.77999877929688,33026788.205319215,2146564352.0,Healthcare
PWP,Perella Weinberg Partners - Class A Common Stock,15.824999809265137,33607780.603657246,1544130048.0,Financial Services
PYPL,"PayPal Holdings, Inc. - Common Stock",52.779998779296875,633366114.1389847,45039501312.0,Financial Services
PZZA,"Papa John's International, Inc. - Common Stock",19.450000762939453,31007732.243645288,711319168.0,Consumer Cyclical
QBTS,D-Wave Quantum Inc. - Common Stock,15.885000228881836,275696973.8645792,6236163584.0,Technology
QCOM,QUALCOMM Incorporated - Common Stock,185.97000122070312,2740439704.1270676,184021483520.0,Technology
QLYS,"Qualys, Inc. - Common Stock",193.4199981689453,126143023.72427902,6029504000.0,Technology
QMCO,Quantum Corporation - Common Stock,34.86000061035156,51625467.673503876,956874816.0,Technology
QNT,Quantinuum Inc. - Class A Common Stock,46.22999954223633,98605331.14438419,1815342629.4394684,
QRVO,"Qorvo, Inc. - Common Stock",115.13999938964844,220974316.82727432,9196286976.0,Technology
QUBT,Quantum Computing Inc. - Common Stock,8.180000305175781,58913001.93957815,1791467520.0,Technology
QURE,uniQure N.V. - Ordinary Shares,23.290000915527344,98804055.39291534,3153397248.0,Healthcare
RARE,Ultragenyx Pharmaceutical Inc. - Common Stock,15.210000038146973,87452015.39832282,1407849088.0,Healthcare
RCAT,"Red Cat Holdings, Inc. - Common Stock",6.375,61631194.342798516,1275180160.0,Industrials
RDNT,"RadNet, Inc. - Common Stock",70.16000366210938,55768828.48938904,5678830592.0,Healthcare
REAL,"The RealReal, Inc. - Common Stock",8.920000076293945,23486304.48687725,1136408192.0,Consumer Cyclical
REG,Regency Centers Corporation - Common Stock,71.73999786376953,97709706.86360359,14109775872.0,Real Estate
REGN,"Regeneron Pharmaceuticals, Inc. - Common Stock",733.89501953125,579265195.836853,82509160448.0,Healthcare
RELY,"Remitly Global, Inc. - Common stock",21.934999465942383,90563105.92888975,5008444416.0,Technology
REPL,"Replimune Group, Inc. - Common Stock",13.050000190734863,28144335.74406276,1329910144.0,Healthcare
REYN,Reynolds Consumer Products Inc. - Common Stock,22.270000457763672,33995199.81551857,4573651968.0,Consumer Cyclical
RGEN,Repligen Corporation - Common Stock,181.16000366210938,195155535.16143036,9139748864.0,Healthcare
RGLD,"Royal Gold, Inc. - Common Stock",234.710205078125,161730795.59907836,21768282112.0,Basic Materials
RGTI,"Rigetti Computing, Inc.  - Common stock",15.25,265322142.5432976,5013273088.0,Technology
RIOT,"Riot Platforms, Inc. - Common Stock",19.625,351026396.9923851,7854169600.0,Financial Services
RIVN,"Rivian Automotive, Inc. - Class A Common Stock",14.305000305175781,363327438.35732365,23006359552.0,Consumer Cyclical
RKLB,Rocket Lab Corporation - Common Stock,73.81500244140625,1437580493.461029,40864755712.0,Industrials
RLAY,"Relay Therapeutics, Inc. - Common Stock",18.899999618530273,66480112.65646229,4108905472.0,Healthcare
RMBS,"Rambus, Inc. - Common Stock",112.4000015258789,245961288.755484,9107295232.0,Technology
ROAD,"Construction Partners, Inc. - Common Stock",91.66000366210938,54801990.74707794,5475776000.0,Industrials
ROIV,Roivant Sciences Ltd. - Common Shares,35.79999923706055,340712790.9056635,29427439616.0,Healthcare
ROKU,"Roku, Inc. - Class A Common Stock",152.22000122070312,316521951.2483139,22733334528.0,Communication Services
ROP,"Roper Technologies, Inc. - Common Stock",354.3550109863281,326262188.01452637,38855184384.0,Technology
ROST,"Ross Stores, Inc. - Common Stock",228.86500549316406,439110037.674897,72244322304.0,Consumer Cyclical
RPD,"Rapid7, Inc. - Common Stock",12.369999885559082,22101022.878338814,723208832.0,Technology
RPRX,Royalty Pharma plc - Class A Ordinary Shares,57.16999816894531,191897788.0301361,35002384384.0,Healthcare
RRR,"Red Rock Resorts, Inc. - Class A Common Stock",50.5099983215332,61547225.31846867,5574649344.0,Consumer Cyclical
RUM,RUM Group Inc. - Class A Common Stock,7.525000095367432,49675745.21880095,3616935424.0,Communication Services
RUN,Sunrun Inc. - Common Stock,7.744999885559082,62059578.36490078,2032941056.0,Technology
RUSHA,"Rush Enterprises, Inc. - Class A Common Stock",47.29999923706055,32400188.10457001,5660258304.0,Consumer Cyclical
RVMD,"Revolution Medicines, Inc. - Common Stock",206.36000061035156,411179720.45806503,43829653504.0,Healthcare
RYTM,"Rhythm Pharmaceuticals, Inc. - Common Stock",92.95500183105469,68017432.81675872,6886109184.0,Healthcare
SAIA,"Saia, Inc. - Common Stock",351.2200012207031,117655515.42908326,9185813504.0,Industrials
SAIC,Science Applications International Corporation - Common Stock,125.92500305175781,54271376.17010727,5345845248.0,Technology
SAIL,"SailPoint, Inc. - Common Stock",20.34000015258789,114079692.78215751,9979584512.0,Technology
SANM,Sanmina Corporation - Common Stock,228.03500366210938,120820608.49501038,10915101696.0,Technology
SATL,Satellogic Inc. - Class A Common Stock,5.739999771118164,29910520.959465027,783304768.0,Industrials
SBAC,SBA Communications Corporation - Class A Common Stock,159.1199951171875,167998400.0718994,19592351744.0,Real Estate
SBCF,Seacoast Banking Corporation of Florida - Common Stock,32.65999984741211,27742542.382567786,3260998656.0,Financial Services
SBET,"Sharplink, Inc. - Common Stock",9.324999809265137,78973868.84003863,1851049344.0,Financial Services
SBLK,Star Bulk Carriers Corp. - Common Shares,30.655000686645508,60328660.002232455,3453996032.0,Industrials
SBRA,"Sabra Health Care REIT, Inc. - Common Stock",19.045000076293945,50117732.4108696,5367272448.0,Real Estate
SBUX,Starbucks Corporation - Common Stock,94.80999755859375,661368968.9121139,114091204608.0,Consumer Cyclical
SDGR,"Schrodinger, Inc. - Common Stock",30.610000610351562,76064453.63010558,1425787904.0,Healthcare
SEDG,"SolarEdge Technologies, Inc. - Common Stock",33.150001525878906,109881753.68983802,2120792576.0,Technology
SEIC,SEI Investments Company - Common Stock,102.61000061035156,91858918.89348678,12857655296.0,Financial Services
SEZL,Sezzle Inc. - Common Stock,107.23500061035156,53901060.579789735,3970957824.0,Financial Services
SFD,"Smithfield Foods, Inc. - Common Stock",18.864999771118164,43220250.03573008,8213988864.0,Consumer Defensive
SFM,"Sprouts Farmers Market, Inc. - Common Stock",64.33000183105469,147644741.96595994,6918973440.0,Consumer Defensive
SFNC,Simmons First National Corporation - Common Stock,22.899999618530273,33974959.96656799,3310810880.0,Financial Services
SGML,Sigma Lithium Corporation - common shares,8.994999885559082,24949586.989900112,1123544320.0,Basic Materials
SGRY,"Surgery Partners, Inc. - Common Stock",13.380000114440918,33055433.48307686,1845947520.0,Healthcare
SHAZ,"SharonAI Holdings, Inc. - Class A Common Stock",51.15999984741211,81499607.8911293,1991211904.0,Technology
SHC,Sotera Health Company - Common Stock,18.295000076293945,35946375.31304073,5173844480.0,Healthcare
SHLS,"Shoals Technologies Group, Inc. - Class A Common Stock",8.3149995803833,31499924.909120657,1151171712.0,Technology
SHOO,"Steven Madden, Ltd. - Common Stock",46.25749969482422,50825596.60108604,3110026496.0,Consumer Cyclical
SHOP,Shopify Inc. - Class A Subordinate Voting Shares,151.57000732421875,1437101529.8253798,163783344128.0,Technology
SIGI,"Selective Insurance Group, Inc. - Common Stock",85.69999694824219,43954411.13180542,5395588096.0,Financial Services
SIRI,SiriusXM Holdings Inc. - Common Stock,25.610000610351562,115455858.2550827,9700785152.0,Communication Services
SITM,SiTime Corporation - Common Stock,711.3900146484375,293112595.89511716,17189355520.0,Technology
SKYW,"SkyWest, Inc. - Common Stock",96.56999969482422,34138992.397255324,3762174208.0,Industrials
SLAB,"Silicon Laboratories, Inc. - Common Stock",222.86000061035156,60018557.74539337,7325672448.0,Technology
SLDE,"Slide Insurance Holdings, Inc. - Common Stock",23.434999465942383,35139878.53009872,2894010368.0,Financial Services
SLM,SLM Corporation - Common Stock,22.75,51277447.05154228,4837239808.0,Financial Services
SLS,"SELLAS Life Sciences Group, Inc.  - Common Stock",11.704999923706055,75208830.91810732,2718189312.0,Healthcare
SMCI,"Super Micro Computer, Inc. - Common Stock",43.7401008605957,1538394870.0877724,25153009664.0,Technology
SMMT,Summit Therapeutics Inc.  - Common Stock,16.825000762939453,125203631.74371758,13915785216.0,Healthcare
SMPL,The Simply Good Foods Company - Common Stock,9.78499984741211,23113594.149359323,902984768.0,Consumer Defensive
SMTC,Semtech Corporation - Common Stock,197.72500610351562,591074685.0254593,14469670912.0,Technology
SNDK,Sandisk Corporation - Common Stock When-Issued,1719.6800537109375,16157198322.960901,247385161728.0,Technology
SNDX,"Syndax Pharmaceuticals, Inc. - Common Stock",17.649999618530273,32336562.716431618,1711502720.0,Healthcare
SNEX,StoneX Group Inc. - Common Stock,65.8499984741211,60063775.0718544,8323157504.0,Financial Services
SNPS,"Synopsys, Inc. - Common Stock",489.32000732421875,953848666.817868,75811454976.0,Technology
SOFI,"SoFi Technologies, Inc.  - Common Stock",15.765899658203125,746886040.1378498,22098767872.0,Financial Services
SOLS,Solstice Advanced Materials Inc. - Common Stock,57.70000076293945,122846086.630649,9908899840.0,Basic Materials
SONO,"Sonos, Inc. - Common Stock",17.645000457763672,35774639.54588871,1719994368.0,Technology
SOUN,"SoundHound AI, Inc. - Class A Common Stock",5.809999942779541,117553147.59628458,2844538368.0,Technology
SPSC,"SPS Commerce, Inc. - Common Stock",82.26000213623047,43596629.07085724,2806393856.0,Technology
SRAD,Sportradar Group AG - Class A Ordinary Shares,11.704999923706055,29565068.287539005,3882885632.0,Technology
SRPT,"Sarepta Therapeutics, Inc. - Common Stock",17.399999618530273,55853476.720081046,2232955136.0,Healthcare
SRRK,Scholar Rock Holding Corporation - Common Stock,47.16999816894531,112207995.07752685,6648258560.0,Healthcare
SSNC,"SS&C Technologies Holdings, Inc. - Common Stock",78.4800033569336,121117984.33873482,18596407296.0,Technology
SSRM,SSR Mining Inc. - Common Stock,33.224998474121094,81123711.68284187,7579648512.0,Basic Materials
STAA,STAAR Surgical Company - Common Stock,22.420000076293945,25646163.262732793,1168856192.0,Healthcare
STEP,StepStone Group Inc. - Class A Common Stock,45.68000030517578,52937127.03472519,6419343872.0,Financial Services
STLD,"Steel Dynamics, Inc. - Common Stock",231.44000244140625,233483264.05226746,34151501824.0,Basic Materials
STNE,StoneCo Ltd. - Class A Common Share,9.420000076293945,44827351.772599794,2254072320.0,Technology
STOK,"Stoke Therapeutics, Inc. - Common Stock",25.729999542236328,25651740.13697815,1915784064.0,Healthcare
STRA,"Strategic Education, Inc. - Common Stock",79.83000183105469,24900833.461219788,1809027840.0,Consumer Defensive
STRL,"Sterling Infrastructure, Inc. - Common Stock",534.489990234375,263040110.0287903,14521899008.0,Industrials
STX,Seagate Technology Holdings PLC - Ordinary Shares (Ireland),847.9550170898438,3669629697.573181,195705798656.0,Technology
SUPN,"Supernus Pharmaceuticals, Inc. - Common Stock",42.45500183105469,27204663.4950264,2442206464.0,Healthcare
SWKS,"Skyworks Solutions, Inc. - Common Stock",86.06999969482422,623018038.1741188,11351138304.0,Technology
SYM,Symbotic Inc. - Class A Common Stock,43.790000915527344,70128245.02882996,25131718656.0,Industrials
SYNA,Synaptics Incorporated - Common Stock,121.44000244140625,95515082.9432129,3570467840.0,Technology
SYRE,"Spyre Therapeutics, Inc. - Common Stock",92.22000122070312,112535836.75382996,7623794176.0,Healthcare
TARS,"Tarsus Pharmaceuticals, Inc. - Common Stock",73.37999725341797,63983625.48452415,3639216896.0,Healthcare
TBBK,"The Bancorp, Inc. - Common Stock",48.779998779296875,36610517.99077835,2043419008.0,Financial Services
TCBI,"Texas Capital Bancshares, Inc. - Common Stock",93.69000244140625,51912154.18393707,4237881600.0,Financial Services
TEAM,Atlassian Corporation  - Class A Common Stock,187.22999572753906,571698879.8171425,46030761984.0,Technology
TECH,Bio-Techne Corp - Common Stock,72.43499755859375,223775955.26973724,11334821888.0,Healthcare
TEM,"Tempus AI, Inc. - Class A Common Stock",77.05500030517578,511681172.5896317,10789095424.0,Healthcare
TENB,"Tenable Holdings, Inc. - Common Stock",36.97999954223633,161868148.41441154,3686392064.0,Technology
TER,"Teradyne, Inc. - Common Stock",449.760009765625,942181609.5704162,57410670592.0,Technology
TGTX,"TG Therapeutics, Inc. - Common Stock",54.25,98346872.55194397,8340732928.0,Healthcare
TH,Target Hospitality Corp. - Common Stock,18.7450008392334,54602371.4907134,1881388416.0,Industrials
THRM,Gentherm Inc - Common Stock,31.684999465942383,24310188.40178585,1168082816.0,Consumer Cyclical
TIGO,Millicom International Cellular S.A. - Common Stock,87.70500183105469,77408186.56787491,15821760512.0,Communication Services
TLN,Talen Energy Corporation - Common Stock,315.6600036621094,259853302.34983978,14979675136.0,Utilities
TMDX,"TransMedics Group, Inc. - Common Stock",79.01000213623047,62261807.25133934,2996776704.0,Healthcare
TMUS,"T-Mobile US, Inc. - Common Stock",163.90829467773438,865979302.6024536,192104759296.0,Communication Services
TNDM,"Tandem Diabetes Care, Inc. - Common Stock",16.454999923706055,38340189.15424719,1318516480.0,Healthcare
TNGX,"Tango Therapeutics, Inc. - Common Stock",23.485000610351562,77593669.79004975,3998594816.0,Healthcare
TPG,TPG Inc. - Class A Common Stock,44.869998931884766,123623850.72110367,18618345472.0,Financial Services
TRAX,"First Tracks Biotherapeutics, Inc. - Ordinary Shares",33.54999923706055,26895975.732307814,1170813855.1033096,
TRI,Thomson Reuters Corp - Common Shares,97.4000015258789,148219556.22039375,42334707712.0,Industrials
TRIP,"TripAdvisor, Inc. - Common Stock",8.545000076293945,39674311.083453655,1016118336.0,Consumer Cyclical
TRMB,Trimble Inc. - Common Stock,57.75,135700529.0334549,13330890752.0,Technology
TRMD,TORM plc - Class A Common Stock,39.79999923706055,73904136.94472675,3465894144.0,Energy
TROW,"T. Rowe Price Group, Inc. - Common Stock",104.73999786376953,161192921.27943078,22904791040.0,Financial Services
TRVI,"Trevi Therapeutics, Inc. - Common Stock",13.789999961853027,25609621.870974876,2318082048.0,Healthcare
TSCO,Tractor Supply Company - Common Stock,31.344999313354492,308874008.2645377,17434001408.0,Consumer Cyclical
TSEM,Tower Semiconductor Ltd. - Ordinary Shares,242.61500549316406,440434120.0484039,23621834752.0,Technology
TSLA,"Tesla, Inc.  - Common Stock",374.3399963378906,13694215283.150913,1447884357632.0,Consumer Cyclical
TTAN,"ServiceTitan, Inc. - Class A Common Stock",66.6624984741211,272143488.63268167,5538222592.0,Technology
TTD,"The Trade Desk, Inc. - Class A Common Stock",11.979999542236328,349371907.7563667,6540732416.0,Communication Services
TTEK,"Tetra Tech, Inc. - Common Stock",33.2400016784668,73726699.03490563,9130544128.0,Industrials
TTMI,"TTM Technologies, Inc. - Common Stock",132.1300048828125,230676693.56511536,12667147264.0,Technology
TTWO,"Take-Two Interactive Software, Inc. - Common Stock",202.9250030517578,505414153.4558098,39742693376.0,Communication Services
TVTX,"Travere Therapeutics, Inc. - Common Stock",56.619998931884766,99559658.15605792,6122652672.0,Healthcare
TW,Tradeweb Markets Inc. - Class A Common Stock,102.76000213623047,131400151.4386631,22356387840.0,Financial Services
TWST,Twist Bioscience Corporation - Common Stock,188.80990600585938,376708845.2089447,8226090496.0,Healthcare
TXG,"10x Genomics, Inc. - Common Stock",93.97000122070312,243844861.66117096,8622669824.0,Healthcare
TXN,Texas Instruments Incorporated - Common Stock,294.4800109863281,1547579722.9852433,234220634112.0,Technology
TXRH,"Texas Roadhouse, Inc. - Common Stock",155.75,198084969.1618042,11729048576.0,Consumer Cyclical
TYRA,"Tyra Biosciences, Inc. - Common Stock",20.420000076293945,35273629.51839495,1323929600.0,Healthcare
UAL,"United Airlines Holdings, Inc. - Common Stock",112.55000305175781,426205021.0125992,34217764864.0,Industrials
UBSI,"United Bankshares, Inc. - Common Stock",47.029998779296875,53618057.49092331,6363851776.0,Financial Services
UCTT,"Ultra Clean Holdings, Inc. - Common Stock",71.70999908447266,67425592.96495858,3245353216.0,Technology
UFPI,"UFP Industries, Inc. - Common Stock",77.69000244140625,36592142.38327026,4417944576.0,Basic Materials
UFPT,"UFP Technologies, Inc. - Common Stock",300.9599914550781,31239339.104743958,2126917120.0,Healthcare
ULTA,"Ulta Beauty, Inc. - Common Stock",545.6900024414062,264473041.00650024,22959906816.0,Consumer Cyclical
UMBF,UMB Financial Corporation - Common Stock,131.11000061035156,93041551.35288239,10612497408.0,Financial Services
UNIT,Uniti Group Inc. - Common Stock,8.119999885559082,21939698.45767045,2413901312.0,Real Estate
UPST,"Upstart Holdings, Inc. - Common stock",22.975000381469727,109287052.05476017,2420545536.0,Financial Services
UPWK,Upwork Inc. - Common Stock,8.020000457763672,21662623.633353233,1041694080.0,Communication Services
URBN,"Urban Outfitters, Inc. - Common Stock",80.5,77421404.9651535,6402795008.0,Consumer Cyclical
URGN,UroGen Pharma Ltd. - Ordinary Shares,41.099998474121094,31244325.09886551,2147323136.0,Healthcare
USAR,"USA Rare Earth, Inc. - Common Stock",13.550000190734863,214081868.93506718,4050530816.0,Basic Materials
USDE,StablecoinX Inc. - Class A Common Stock,14.199999809265137,58281863.237600185,341457419.6666479,
UTHR,United Therapeutics Corporation - Common Stock,544.5800170898438,470054189.4361023,21584955392.0,Healthcare
VC,Visteon Corporation - Common Stock,89.14900207519531,49878759.2704895,2645644288.0,Consumer Cyclical
VCTR,"Victory Capital Holdings, Inc. - Common Stock",113.76000213623047,81768605.05397873,6775279616.0,Financial Services
VCYT,"Veracyte, Inc. - Common Stock",45.709999084472656,63313115.65901832,3437507328.0,Healthcare
VECO,Veeco Instruments Inc. - Common Stock,57.28499984741211,32335887.41301136,2656694016.0,Technology
VERA,"Vera Therapeutics, Inc. - Class A Common Stock",30.174999237060547,81776258.4002943,2437326080.0,Healthcare
VIAV,Viavi Solutions Inc. - Common Stock,47.68000030517578,228576190.52741355,9230910464.0,Technology
VICR,Vicor Corporation - Common Stock,308.3800048828125,227329149.14740294,8138304000.0,Technology
VIR,"Vir Biotechnology, Inc. - Common Stock",11.194999694824219,22049789.167995453,1778459648.0,Healthcare
VISN,"Vistance Networks, Inc.  - Common Stock",6.184999942779541,46878608.89591169,1463324544.0,Technology
VKTX,"Viking Therapeutics, Inc. - Common Stock",30.05500030517578,291048722.68022954,3732310784.0,Healthcare
VLY,Valley National Bancorp - Common Stock,12.829999923706055,99420174.33430672,7559640064.0,Financial Services
VNOM,"Viper Energy, Inc.  - Class A Common Stock",40.790000915527344,82863232.98861198,23560974336.0,Energy
VOR,Vor Biopharma Inc. - Common Stock,18.520000457763672,27841317.95091305,1241398400.0,Healthcare
VRDN,"Viridian Therapeutics, Inc.  - Common Stock",19.360000610351562,38373591.626226805,2535480832.0,Healthcare
VRNS,"Varonis Systems, Inc. - Common Stock",47.654998779296875,80890735.47669144,5311149056.0,Technology
VRSK,"Verisk Analytics, Inc. - Common Stock",163.82000732421875,221303007.99572754,23286511616.0,Industrials
VRSN,"VeriSign, Inc. - Common Stock",287.4649963378906,208351421.12909088,26097575936.0,Technology
VRTX,Vertex Pharmaceuticals Incorporated - Common Stock,504.3399963378906,511939913.00625914,132188405760.0,Healthcare
VSAT,"ViaSat, Inc. - Common Stock",72.5,119216074.76850891,10184272896.0,Technology
VSEC,VSE Corporation - Common Stock,167.80499267578125,72353891.61362305,5478002176.0,Industrials
VSNT,"Versant Media Group, Inc. - Class A Common Stock",30.844999313354492,60332575.00166035,5156251136.0,Communication Services
VTRS,Viatris Inc. - Common Stock,17.600000381469727,153367590.29481944,18836889600.0,Healthcare
WAFD,"WaFd, Inc. - Common Stock",30.71500015258789,49760523.97417583,2485306880.0,Financial Services
WAY,Waystar Holding Corp. - Common Stock,24.790000915527344,50874242.49002457,4600044544.0,Healthcare
WBD,"Warner Bros. Discovery, Inc. - Series A Common Stock",30.94499969482422,1478579608.679353,70488145920.0,Communication Services
WDAY,"Workday, Inc. - Class A Common Stock",185.8300018310547,466081513.4395447,45153759232.0,Technology
WDC,Western Digital Corporation - Common Stock,413.8800048828125,3367644740.8990784,165854232576.0,Technology
WDFC,WD-40 Company - Common Stock,202.89999389648438,25563780.631427,2684353280.0,Basic Materials
WEN,Wendy's Company (The) - Common Stock,6.150000095367432,41041063.074088335,1428594432.0,Consumer Cyclical
WERN,"Werner Enterprises, Inc. - Common Stock",35.349998474121094,30264965.443555832,2300885504.0,Industrials
WFRD,Weatherford International plc - Ordinary shares,80.02999877929688,83003364.03501892,6461833728.0,Energy
WGS,GeneDx Holdings Corp. - Class A Common Stock,72.54000091552734,67387128.26463623,2532082688.0,Healthcare
WINA,Winmark Corporation - Common Stock,299.1000061035156,30516092.679507446,1105202688.0,Consumer Cyclical
WING,Wingstop Inc. - Common Stock,105.7699966430664,142114153.12203598,3062470912.0,Consumer Cyclical
WIX,Wix.com Ltd. - Ordinary Shares,71.8499984741211,87283522.6233757,3107744768.0,Technology
WLTH,Wealthfront Corporation - Common Stock,10.024999618530273,40275483.14795246,1508548352.0,Technology
WMG,Warner Music Group Corp. - Class A Common Stock,26.989999771118164,59563629.021090224,14665381888.0,Communication Services
WMT,Walmart Inc. - Common Stock,104.1050033569336,2333051676.7101617,845975322624.0,Consumer Defensive
WSBC,"WesBanco, Inc. - Common Stock",38.11000061035156,45488531.15459366,3813218048.0,Financial Services
WSC,WillScot Holdings Corporation - Class A Common Stock,17.375,49588661.46252289,3400048128.0,Industrials
WSE,Wise Group plc - Class A Ordinary Shares,11.444999694824219,20837604.128313065,11258782923.134605,
WSFS,WSFS Financial Corporation - Common Stock,77.96499633789062,28383722.736061096,4019808768.0,Financial Services
WTFC,Wintrust Financial Corporation - Common Stock,144.8800048828125,66685109.24012756,10098306048.0,Financial Services
WTW,Willis Towers Watson Public Limited Company - Ordinary Shares,288.70001220703125,166858625.17521363,29380036608.0,Financial Services
WULF,TeraWulf Inc. - Common Stock,15.425000190734863,442590906.2169061,8155642368.0,Financial Services
WWD,"Woodward, Inc. - Common Stock",335.5,254796768.95880127,19615023104.0,Industrials
WYFI,"WhiteFiber, Inc. - Ordinary Shares",18.0,24072886.951620482,720360640.0,Technology
WYNN,"Wynn Resorts, Limited - Common Stock",76.2405014038086,194641835.38763046,9139920896.0,Consumer Cyclical
XE,"X-Energy, Inc. - Class A Common Stock",14.440099716186523,111510499.3699646,5867926429.001995,
XEL,Xcel Energy Inc. - Common Stock,71.375,426636450.8897934,47622119424.0,Utilities
XENE,Xenon Pharmaceuticals Inc. - Common Shares,37.939998626708984,106876358.08376351,5660323328.0,Healthcare
XERS,"Xeris Biopharma Holdings, Inc. - Common Stock",9.149999618530273,28669499.043192387,1439418752.0,Healthcare
XMTR,"Xometry, Inc. - Class A Common Stock",103.57499694824219,82270955.58345261,4741199360.0,Industrials
XNCR,"Xencor, Inc. - Common Stock",24.770000457763672,34545314.80438652,1798608768.0,Healthcare
XP,XP Inc. - Class A Common Stock,21.46940040588379,164123353.86592588,9605896192.0,Financial Services
XRAY,DENTSPLY SIRONA Inc. - Common Stock,8.649999618530273,47131895.12262764,2107170304.0,Healthcare
Z,"Zillow Group, Inc. - Class C Capital Stock",27.454999923706055,127841482.9269106,7086934016.0,Communication Services
ZBIO,"Zenas BioPharma, Inc. - Common Stock",28.399999618530273,21765768.214559555,2050459648.0,Healthcare
ZBRA,Zebra Technologies Corporation - Class A Common Stock,378.18499755859375,195240031.79775697,16153912320.0,Technology
ZD,"Ziff Davis, Inc. - Common Stock",55.15999984741211,41028201.66605739,1888882304.0,Communication Services
ZG,"Zillow Group, Inc. - Class A Common Stock",28.1299991607666,30236571.611685656,7229730304.0,Communication Services
ZION,Zions Bancorporation N.A. - Common Stock,63.20000076293945,100625165.65186119,9885421568.0,Financial Services
ZM,"Zoom Communications, Inc. - Class A Common Stock",92.37000274658203,271224187.86199605,28060839936.0,Technology
ZS,"Zscaler, Inc. - Common Stock",196.6699981689453,665398180.563858,27463303168.0,Technology
ZYME,Zymeworks Inc. - Common Stock,25.09000015258789,21469579.912324715,1907151488.0,Healthcare
A,"Agilent Technologies, Inc. Common Stock",168.1199951171875,390392903.1161621,40121294848.0,Healthcare
AA,Alcoa Corporation Common Stock ,42.0807991027832,171736975.6205551,13085948928.0,Basic Materials
AAMI,Acadian Asset Management Inc. Common Stock,94.77999877929688,43068304.7237381,3250895616.0,Financial Services
AAP,Advance Auto Parts Inc.,38.869998931884766,72671059.86749096,2573342208.0,Consumer Cyclical
ABBV,AbbVie Inc. Common Stock,263.4700012207031,1081231976.2587967,447310397440.0,Healthcare
ABCB,Ameris Bancorp Common Stock,81.26000213623047,41764596.93888817,5605132288.0,Financial Services
ABG,Asbury Automotive Group Inc Common Stock,176.8000030517578,49311468.68677139,3787585024.0,Consumer Cyclical
ABM,ABM Industries Incorporated Common Stock,49.095001220703125,27764058.30039978,2897612544.0,Industrials
ABT,Abbott Laboratories Common Stock,97.28500366210938,887142040.870758,183003594752.0,Healthcare
ACA,"Arcosa, Inc. Common Stock ",146.77000427246094,106689102.41970214,7139638784.0,Industrials
ACI,"Albertsons Companies, Inc. Class A Common Stock",11.739999771118164,96684906.01029673,5779385344.0,Consumer Defensive
ACM,AECOM Common Stock,59.415000915527344,96283437.61015892,8172866560.0,Industrials
ACN,Accenture plc Class A Ordinary Shares (Ireland),200.21499633789062,1286390862.0486603,109458079744.0,Technology
ACVA,ACV Auctions Inc. Class A Common Stock,10.454999923706055,158608035.04145956,1251773696.0,Consumer Cyclical
ADC,Agree Realty Corporation Common Stock,65.70500183105469,110374445.83779296,9060301824.0,Real Estate
ADM,Archer-Daniels-Midland Company Common Stock,80.45500183105469,302293130.20836484,42529914880.0,Consumer Defensive
ADT,ADT Inc. Common Stock,6.275000095367432,54194030.29548089,5150442496.0,Industrials
AEE,Ameren Corporation Common Stock,99.91999816894531,191571639.8416893,29406291968.0,Utilities
AEG,Aegon Ltd. New York Registry Shares,8.505000114440918,43339863.09959464,13430915072.0,Financial Services
AEM,Agnico Eagle Mines Limited Common Stock,183.60000610351562,336122689.88973236,100612169728.0,Basic Materials
AEO,"American Eagle Outfitters, Inc. Common Stock",17.770000457763672,129900466.43011093,2465003776.0,Consumer Cyclical
AER,AerCap Holdings N.V. Ordinary Shares,144.92999267578125,162597958.45334777,22031704064.0,Industrials
AES,The AES Corporation Common Stock,14.890000343322754,118860036.490169,10568996864.0,Utilities
AESI,Atlas Energy Solutions Inc. Common Stock,12.045000076293945,47789316.861778066,1766298752.0,Energy
AFG,"American Financial Group, Inc. Common Stock",139.33999633789062,57142365.88477936,11712241664.0,Financial Services
AFL,AFLAC Incorporated Common Stock,111.6050033569336,234002313.13854903,57860030464.0,Financial Services
AG,First Majestic Silver Corp. Ordinary Shares (Canada),17.639999389648438,175005405.62892342,10089792512.0,Basic Materials
AGCO,AGCO Corporation Common Stock,113.86000061035156,127007832.9570961,8748713984.0,Industrials
AGI,Alamos Gold Inc. Class A Common Shares,32.459999084472656,126111570.74739227,15065576448.0,Basic Materials
AGM,Federal Agricultural Mortgage Corporation Common Stock,215.5800018310547,26039278.53214569,2424932608.0,Financial Services
AGO,Assured Guaranty Ltd. Common Stock,68.7300033569336,39170897.30849151,3198607872.0,Financial Services
AGX,"Argan, Inc. Common Stock",385.5199890136719,160106425.34891358,5635366912.0,Industrials
AHR,"American Healthcare REIT, Inc. Common Stock",50.75,167148631.9599251,11872212992.0,Real Estate
AI,"C3.ai, Inc. Class A Common Stock",11.039999961853027,49795406.67116485,1657640320.0,Technology
AIG,"American International Group, Inc. New Common Stock",75.08000183105469,372999721.56110156,39452291072.0,Financial Services
AIR,AAR Corp. Common Stock,102.43000030517578,72799688.84724617,4967941120.0,Industrials
AIT,"Applied Industrial Technologies, Inc. Common Stock",345.93499755859375,91437550.61665344,11736660992.0,Industrials
AIZ,"Assurant, Inc. Common Stock",267.864990234375,109353148.61343384,13949007872.0,Financial Services
AJG,Arthur J. Gallagher & Co. Common Stock,225.72999572753906,343914237.71776044,63241887744.0,Financial Services
AKR,Acadia Realty Trust Common Stock,18.575000762939453,24031689.501633644,2923151360.0,Real Estate
ALB,Albemarle Corporation Common Stock,104.3499984741211,297096354.5492798,14496920576.0,Basic Materials
ALC,Alcon Inc. Ordinary Shares,63.689998626708984,118587612.87440357,32349126656.0,Healthcare
ALG,"Alamo Group, Inc. Common Stock",160.27000427246094,33804419.70885086,2074540928.0,Industrials
ALH,Alliance Laundry Holdings Inc. Common Stock,21.31999969482422,22073110.80086708,4253092608.0,Consumer Cyclical
ALK,"Alaska Air Group, Inc. Common Stock",39.689998626708984,115728976.18048954,4461005312.0,Industrials
ALL,Allstate Corporation (The) Common Stock,223.89999389648438,573605808.2899017,64725315584.0,Financial Services
ALLE,Allegion plc Ordinary Shares,154.75,159150420.71333617,12900079616.0,Industrials
ALLY,Ally Financial Inc. Common Stock,38.10900115966797,147802673.25075912,12677521408.0,Financial Services
ALSN,"Allison Transmission Holdings, Inc. Common Stock",118.05999755859375,95318467.72273254,10312345600.0,Consumer Cyclical
ALV,"Autoliv, Inc. Common Stock",112.08499908447266,81280219.99064827,8738664448.0,Consumer Cyclical
AM,Antero Midstream Corporation Common Stock,20.5049991607666,54326230.25785208,10756112384.0,Energy
AMBQ,"Ambiq Micro, Inc. Common Stock",68.79000091552734,38172358.94791603,1525802368.0,Technology
AMCR,Amcor plc Ordinary Shares,41.95000076293945,136042852.25738353,19876241408.0,Consumer Cyclical
AME,"AMETEK, Inc.",252.7899932861328,352838713.3595123,53473062912.0,Industrials
AMG,"Affiliated Managers Group, Inc. Common Stock",374.68499755859375,100723547.79790345,9185705984.0,Financial Services
AMH,American Homes 4 Rent Common Shares of Beneficial Interest,30.264999389648438,102806370.66967812,13097966592.0,Real Estate
AMN,AMN Healthcare Services Inc,36.779998779296875,21133886.853355408,1340057728.0,Healthcare
AMP,"Ameriprise Financial, Inc. Common Stock",491.94000244140625,353322948.62490845,49126531072.0,Financial Services
AMPX,"Amprius Technologies, Inc. Common Stock",9.694999694824219,51205398.371888734,1414060544.0,Industrials
AMR,"Alpha Metallurgical Resources, Inc. Common Stock",172.05999755859375,58371521.26369019,2791164928.0,Basic Materials
AMRZ,Amrize Ltd Ordinary Shares,37.36000061035156,162183171.9195366,22035634176.0,Basic Materials
AMT,American Tower Corporation (REIT) Common Stock,162.86000061035156,448094470.1589012,81109671936.0,Real Estate
AMTM,"Amentum Holdings, Inc. Common Stock",18.15999984741211,33470731.620981216,4736089600.0,Industrials
AN,"AutoNation, Inc. Common Stock",163.2899932861328,118968463.13219833,6872432128.0,Consumer Cyclical
ANDG,Andersen Group Inc. Class A Common Stock,56.7400016784668,28853553.80457134,6041732608.0,Consumer Cyclical
ANET,"Arista Networks, Inc. Common Stock",207.51499938964844,940194884.5681778,240111960064.0,Technology
ANF,Abercrombie & Fitch Company Common Stock,135.58999633789062,181102963.54325104,6208149504.0,Consumer Cyclical
AON,Aon plc Class A Ordinary Shares (Ireland),269.8999938964844,652931858.2188202,65546760192.0,Financial Services
AOS,A.O. Smith Corporation Common Stock,56.79999923706055,84936338.99802895,7694464512.0,Industrials
APAM,Artisan Partners Asset Management Inc. Class A Common Stock,35.25,31376620.017383575,2819623424.0,Financial Services
APD,"Air Products and Chemicals, Inc. Common Stock",278.2200012207031,337389176.4957153,65810255872.0,Basic Materials
APG,APi Group Corporation Common Stock,40.724998474121094,138249563.9816185,16445859840.0,Industrials
APH,Amphenol Corporation Common Stock,87.19000244140625,986539501.0805283,196525228032.0,Technology
APLE,"Apple Hospitality REIT, Inc. Common Shares",16.46500015258789,40104841.83841781,3654560256.0,Real Estate
APO,"Apollo Global Management, Inc. (New) Common Stock",114.54000091552734,357244853.1104034,76625928192.0,Financial Services
APTV,Aptiv PLC Ordinary Shares,43.58000183105469,171029495.35297927,9402300416.0,Consumer Cyclical
AQN,Algonquin Power & Utilities Corp. Common Shares,5.114999771118164,24628948.54777517,4265256448.0,Utilities
AR,Antero Resources Corporation Common Stock,34.17499923706055,147346116.43352985,11910188032.0,Energy
ARE,"Alexandria Real Estate Equities, Inc. Common Stock",47.380001068115234,95043550.93657914,8648648704.0,Real Estate
ARES,Ares Management Corporation Class A Common Stock,118.26000213623047,277214651.05763435,43655200768.0,Financial Services
ARIS,Aris Mining Corporation Common Shares,17.47100067138672,29699411.51871376,4033655808.0,Basic Materials
ARMK,Aramark Common Stock,55.45000076293945,126719147.10542011,14968629248.0,Industrials
AROC,"Archrock, Inc. Common Stock",30.479999542236328,52220073.85166569,5658163712.0,Energy
ARR,"ARMOUR Residential REIT, Inc.",13.625,66937301.117464066,2250693376.0,Real Estate
ARW,"Arrow Electronics, Inc. Common Stock",243.55999755859375,125280429.45252076,10899868672.0,Technology
ARX,Accelerant Holdings Class A Common Shares,19.729999542236328,38421712.15626164,4311192576.0,Financial Services
AS,"Amer Sports, Inc. Ordinary Shares",27.204999923706055,197568604.49971294,16157197312.0,Consumer Cyclical
ASAN,"Asana, Inc. Class A Common Stock",8.5649995803833,82644306.60511212,1890148352.0,Technology
ASB,Associated Banc-Corp Common Stock,29.03499984741211,65245615.79937382,5678524416.0,Financial Services
ASH,Ashland Inc. Common Stock,69.7750015258789,45269479.78983116,3260945664.0,Basic Materials
ASM,Avino Silver & Gold Mines Ltd. Common Shares (Canada),5.520100116729736,21625080.486538243,1226354944.0,Basic Materials
ATEN,"A10 Networks, Inc. Common Stock",27.825000762939453,29781292.310217094,1813773440.0,Technology
ATI,ATI Inc. Common Stock,191.94500732421875,304434927.044223,27810076672.0,Industrials
ATKR,Atkore Inc. Common Stock,94.77999877929688,71430709.6182663,3180578304.0,Industrials
ATMU,Atmus Filtration Technologies Inc. Common Stock,46.04999923706055,34345549.08084126,3714228480.0,Consumer Cyclical
ATO,Atmos Energy Corporation Common Stock,157.10499572753906,165116962.9842186,28209258496.0,Utilities
ATR,"AptarGroup, Inc. Common Stock",120.33499908447266,54097502.01359825,7770885632.0,Healthcare
AU,AngloGold Ashanti PLC Ordinary Shares,94.83999633789062,234901085.9994995,53014732800.0,Basic Materials
AUB,Atlantic Union Bankshares Corporation Common Stock,38.834999084472656,54758197.325092696,5616910336.0,Financial Services
AVA,Avista Corporation Common Stock,35.2400016784668,24800915.32978916,3126493440.0,Utilities
AVEX,AEVEX Corp. Class A Common Stock,14.41100025177002,20678143.19582944,997206717.4878826,
AVNT,Avient Corporation Common Stock,41.58000183105469,27327502.57795868,3798565376.0,Basic Materials
AVTR,"Avantor, Inc. Common Stock",15.3149995803833,134718575.68104511,9956002816.0,Healthcare
AVY,Avery Dennison Corporation Common Stock,170.11000061035156,141025607.40792236,12885570560.0,Consumer Cyclical
AWI,Armstrong World Industries Inc Common Stock,164.3350067138672,56415729.26611404,6949804544.0,Industrials
AWK,"American Water Works Company, Inc. Common Stock",129.80499267578125,247982372.5540924,28072456192.0,Utilities
AX,"Axos Financial, Inc. Common Stock",88.93000030517578,37879959.795189664,5301229568.0,Financial Services
AXP,American Express Company Common Stock,302.8500061035156,1023916523.0433044,216382783488.0,Financial Services
AXS,Axis Capital Holdings Limited Common Stock,94.94999694824219,68064591.78656845,7322560000.0,Financial Services
AXTA,Axalta Coating Systems Ltd. Common Shares,32.38999938964844,69448410.88479996,7270259712.0,Basic Materials
AYI,Acuity Inc. Common Stock,309.6300048828125,116013450.52252197,9408144384.0,Industrials
AZN,AstraZeneca PLC Ordinary Shares,156.76499938964844,483605035.0064346,245303623680.0,Healthcare
AZO,"AutoZone, Inc. Common Stock",2806.570068359375,1166994466.784851,47402303488.0,Consumer Cyclical
AZZ,AZZ Inc.,139.49000549316406,32376139.5916481,4081294080.0,Industrials
B,Barrick Mining Corporation Common Shares,40.15010070800781,343729753.82880783,72188493824.0,Basic Materials
BA,Boeing Company (The) Common Stock,193.27499389648438,1643038294.970459,163159293952.0,Industrials
BAC,Bank of America Corporation Common Stock,53.814998626708984,2226799591.210641,437046771712.0,Financial Services
BAH,Booz Allen Hamilton Holding Corporation Common Stock,67.55000305175781,126982581.15357895,8920334336.0,Industrials
BALL,Ball Corporation Common Stock,56.630001068115234,121139742.708951,16004077568.0,Consumer Cyclical
BAM,Brookfield Asset Management Inc Class A Limited Voting Shares,44.66999816894531,145454771.06316528,75054858240.0,Financial Services
BANC,"Banc of California, Inc. Common Stock",17.774999618530273,49400663.25371714,2891308288.0,Financial Services
BAP,Credicorp Ltd. Common Stock,374.17999267578125,125535056.53689575,29829101568.0,Financial Services
BAX,Baxter International Inc. Common Stock,23.486299514770508,163005180.5028391,12400149504.0,Healthcare
BB,BlackBerry Limited Common Stock,9.259900093078613,152267625.7573451,4489529344.0,Technology
BBT,Beacon Financial Corporation Common stock,28.299999237060547,35352390.824570656,2577344768.0,Financial Services
BBVA,Banco Bilbao Vizcaya Argentaria S.A. Common Stock,26.90999984741211,38258491.04818916,160168804352.0,Financial Services
BBWI,"Bath & Body Works, Inc.",16.2450008392334,109628916.35165358,3504595456.0,Consumer Cyclical
BBY,"Best Buy Co., Inc. Common Stock",87.51000213623047,300531235.2552635,18702321664.0,Consumer Cyclical
BC,Brunswick Corporation Common Stock,65.86000061035156,53756119.337343596,4552602624.0,Consumer Cyclical
BCC,"Boise Cascade, L.L.C. Common Stock",75.375,26740937.695170593,2591031808.0,Basic Materials
BCE,"BCE, Inc. Common Stock",19.780000686645508,94732039.10568047,21802452992.0,Communication Services
BCO,Brinks Company (The) Common Stock,102.50499725341797,47312998.841480255,4465368064.0,Industrials
BCS,Barclays PLC Common Stock,23.725000381469727,115376912.04746714,87858266112.0,Financial Services
BDC,Belden Inc Common Stock,113.15499877929688,47281614.23257599,4511772672.0,Technology
BDX,"Becton, Dickinson and Company Common Stock",176.49000549316406,325463755.3064949,48430374912.0,Healthcare
BE,Bloom Energy Corporation Class A Common Stock,291.6199951171875,4813498796.169153,77858308096.0,Industrials
BEN,"Franklin Templeton, Inc. Common Stock",33.040000915527344,129684744.93520737,17223806976.0,Financial Services
BEPC,Brookfield Renewable Corporation Brookfield Renewable Corporation Class A Subordinate Voting Shares,28.489999771118164,54394565.94632435,5777208320.0,Utilities
BETA,"Beta Technologies, Inc. Class A Common Stock",21.889999389648438,83747193.82458954,4898797568.0,Industrials
BFH,"Bread Financial Holdings, Inc. Common Stock",98.0999984741211,63765456.08394928,4078973696.0,Financial Services
BFLY,"Butterfly Network, Inc. Class A Common Stock",8.885000228881836,46738290.211862944,1949207552.0,Healthcare
BG,Bunge Limited Common Shares,106.79000091552734,230294477.5124939,24128239616.0,Consumer Defensive
BH,Biglari Holdings Inc. Class B Common Stock,360.45001220703125,43361852.201934814,1142622592.0,Consumer Cyclical
BHE,"Benchmark Electronics, Inc. Common Stock",87.40499877929688,31434978.104826353,2646401024.0,Technology
BHVN,Biohaven Ltd. Common Shares ,12.895000457763672,40039743.53468342,1925808128.0,Healthcare
BILL,"BILL Holdings, Inc. Common Stock",43.72999954223633,81047297.04054698,4742298624.0,Technology
BIO,"Bio-Rad Laboratories, Inc. Class A Common Stock",368.4100036621094,100876158.5081253,9947955200.0,Healthcare
BIPC,Brookfield Infrastructure Corporation Brookfield Infrastructure Corporation,36.72999954223633,41961010.297968484,4533978624.0,Utilities
BIRK,Birkenstock Holding plc Ordinary Shares,33.31999969482422,70404456.56879577,5075153920.0,Consumer Cyclical
BJ,"BJ's Wholesale Club Holdings, Inc. Common Stock",94.75,166737358.40806732,11330426880.0,Consumer Defensive
BKD,Brookdale Senior Living Inc. Common Stock,10.875,49805623.61781216,3000738560.0,Healthcare
BKE,"Buckle, Inc. (The) Common Stock",42.869998931884766,20824533.534972,2094125312.0,Consumer Cyclical
BKH,Black Hills Corporation Common Stock,70.72000122070312,73312505.20162201,5573342208.0,Utilities
BKSY,BlackSky Technology Inc. Class A Common Stock,21.979999542236328,21019848.137903214,892161664.0,Industrials
BKU,"BankUnited, Inc. Common Stock",43.4900016784668,44776496.4559618,3179807488.0,Financial Services
BKV,BKV Corporation Common Stock,21.6299991607666,63155451.44550057,2590940672.0,Energy
BLDR,"Builders FirstSource, Inc. Common Stock",56.53300094604492,219157401.76717225,6366481920.0,Industrials
BLK,"BlackRock, Inc. Common Stock",1062.6500244140625,548480170.9681396,172786925568.0,Financial Services
BLSH,Bullish Ordinary Shares,34.060001373291016,51479153.78798962,5260711936.0,Technology
BMI,"Badger Meter, Inc. Common Stock",129.21499633789062,50582117.61733093,3657415680.0,Technology
BMNR,"BitMine Immersion Technologies, Inc. Common Stock",26.260000228881836,1014856198.2322483,14806191104.0,Financial Services
BMO,Bank Of Montreal Common Stock,165.55999755859375,116354086.80766296,120104984576.0,Financial Services
BMY,Bristol-Myers Squibb Company Common Stock,61.02000045776367,737620589.902269,131080994816.0,Healthcare
BN,Brookfield Corporation Class A Limited Voting Shares,37.01499938964844,194972715.68344116,84918648832.0,Financial Services
BNL,"Broadstone Net Lease, Inc. Common Stock",18.489999771118164,36265755.460785866,4415475712.0,Real Estate
BNS,Bank Nova Scotia Halifax Pfd 3 Ordinary Shares,91.33999633789062,171864359.28490752,112353828864.0,Financial Services
BNY,The Bank of New York Mellon Corporation Common Stock,145.3699951171875,603390412.8333435,110521540608.0,Financial Services
BOH,Bank of Hawaii Corporation Common Stock,69.0199966430664,32209460.237241745,2961541120.0,Financial Services
BOOT,"Boot Barn Holdings, Inc. Common Stock",121.68000030517578,91554517.45024033,4245329152.0,Consumer Cyclical
BOX,"Box, Inc. Class A Common Stock",34.38999938964844,87996091.25707626,4754007040.0,Technology
BP,BP p.l.c. Common Stock,44.845001220703125,411093512.60878295,117834792960.0,Energy
BR,"Broadridge Financial Solutions, Inc. Common Stock",157.10499572753906,170165614.1400284,19611310080.0,Technology
BRBR,"BellRing Brands, Inc. Common Stock ",7.545000076293945,29641330.30206909,1116270720.0,Consumer Defensive
BRC,Brady Corporation Common Stock,85.01000213623047,23971558.84673538,4059127296.0,Industrials
BRO,"Brown & Brown, Inc. Common Stock",60.09000015258789,148638864.79662055,22415548416.0,Financial Services
BROS,Dutch Bros Inc. Class A Common Stock,38.689998626708984,170277611.52966747,7803387392.0,Consumer Cyclical
BRX,Brixmor Property Group Inc. Common Stock,27.30500030517578,99074167.5658451,8887022592.0,Real Estate
BSX,Boston Scientific Corporation Common Stock,42.595001220703125,930063757.9358666,63795085312.0,Healthcare
BTG,B2Gold Corp Common shares (Canada),5.195000171661377,112643488.77809393,7147124736.0,Basic Materials
BTI,"British American Tobacco  Industries, p.l.c. Common Stock ADR",52.61000061035156,296026339.3605202,118714277888.0,Consumer Defensive
BTU,Peabody Energy Corporation Common Stock ,24.774999618530273,64611096.680493355,3561917952.0,Energy
BUD,Anheuser-Busch Inbev SA Sponsored ADR (Belgium),73.37000274658203,180611153.1944332,154418888704.0,Consumer Defensive
BURL,"Burlington Stores, Inc. Common Stock",275.0400085449219,410576842.68464816,14923006976.0,Consumer Cyclical
BVN,Buenaventura Mining Company Inc.,31.299999237060547,38372242.04302921,8696510464.0,Basic Materials
BW,"Babcock & Wilcox Enterprises, Inc. Common Stock",5.695000171661377,32061369.143800832,1081486464.0,Industrials
BWA,BorgWarner Inc. Common Stock,61.04999923706055,149781185.41539517,13219983360.0,Consumer Cyclical
BWXT,"BWX Technologies, Inc. Common Stock",134.7449951171875,164029963.815448,14309520384.0,Industrials
BX,Blackstone Inc. Common Stock,112.07499694824219,530535096.4796379,149938159616.0,Financial Services
BXDC,Blackstone Digital Infrastructure Trust Inc. Common Stock,17.315000534057617,52749093.61151705,1741889053.7261963,
BXMT,"Blackstone Mortgage Trust, Inc. Common Stock",10.9350004196167,33537529.497492123,2298091776.0,Real Estate
BXP,"BXP, Inc. Common Stock",60.52000045776367,87644158.52993107,11583390720.0,Real Estate
BXSL,Blackstone Secured Lending Fund Common Shares of Beneficial Interest,23.665000915527344,34586718.94309692,5682163200.0,Financial Services
BYD,Boyd Gaming Corporation Common Stock,67.73999786376953,79638219.17169037,5450609152.0,Consumer Cyclical
BZH,"Beazer Homes USA, Inc. Common Stock",33.39500045776367,25590220.03125324,886830720.0,Consumer Cyclical
C,"Citigroup, Inc. Common Stock",128.52999877929688,1291366067.3849182,231108837376.0,Financial Services
CACI,"CACI International, Inc. Class A Common Stock",618.9949951171875,158369697.01549682,13618212864.0,Technology
CAG,"ConAgra Brands, Inc. Common Stock",13.40999984741211,197440216.57684574,7135413248.0,Consumer Defensive
CAH,"Cardinal Health, Inc. Common Stock",228.56500244140625,418310006.4841339,55732121600.0,Healthcare
CALX,"Calix, Inc Common Stock",34.91999816894531,39687714.15124283,2197902848.0,Technology
CALY,Callaway Golf Company Common Stock,14.550000190734863,32030112.929969598,2743100416.0,Consumer Cyclical
CARR,Carrier Global Corporation Common Stock ,55.24100112915039,400087833.5259203,46711844864.0,Industrials
CAT,"Caterpillar, Inc. Common Stock",847.1599731445312,1855919724.9801362,368751181824.0,Industrials
CAVA,"CAVA Group, Inc. Common Stock",54.1349983215332,204661112.28739738,6481809920.0,Consumer Cyclical
CB,Chubb Limited  Common Stock,331.3599853515625,548031580.3372864,131418873856.0,Financial Services
CBOE,"Cboe Global Markets, Inc. Common Stock",270.8999938964844,309972852.5261505,30336163840.0,Financial Services
CBRE,CBRE Group Inc Common Stock Class A,130.24000549316406,276496980.24213636,40004825088.0,Real Estate
CBT,Cabot Corporation Common Stock,77.4000015258789,32004140.680073928,4071122944.0,Basic Materials
CBZ,"CBIZ, Inc. Common Stock",54.709999084472656,53505227.46951904,2966638848.0,Industrials
CC,Chemours Company (The) Common Stock,13.71500015258789,26371985.24550724,2287584768.0,Basic Materials
CCI,Crown Castle Inc. Common Stock,66.62999725341797,253405612.2699585,31670902784.0,Real Estate
CCJ,Cameco Corporation Common Stock,85.23999786376953,261173103.47104034,43004526592.0,Energy
CCK,"Crown Holdings, Inc.",106.0999984741211,111875995.26090965,12217068544.0,Consumer Cyclical
CCL,Carnival Corporation Ltd. Common Shares,25.862600326538086,611883456.794817,30865043456.0,Consumer Cyclical
CDE,"Coeur Mining, Inc. Common Stock",17.67620086669922,665215502.517746,21154902016.0,Basic Materials
CDP,COPT Defense Properties Common Shares of Beneficial Interest,33.560001373291016,32408860.20245876,4077145600.0,Real Estate
CE,Celanese Corporation Common Stock,44.4900016784668,91186922.6127409,4981504000.0,Basic Materials
CF,"CF Industries Holdings, Inc. Common Stock",115.31500244140625,320940467.6028595,21010272256.0,Basic Materials
CFG,"Citizens Financial Group, Inc. Common Stock",64.36000061035156,266565932.1801834,29073833984.0,Financial Services
CFR,"Cullen/Frost Bankers, Inc. Common Stock",155.0800018310547,80661482.46881256,10045418496.0,Financial Services
CGAU,Centerra Gold Inc. Common Shares,21.46500015258789,26271142.222952463,4533924864.0,Basic Materials
CHD,"Church & Dwight Company, Inc. Common Stock",94.43000030517578,175601409.40102196,22390861824.0,Consumer Defensive
CHE,Chemed Corp,508.45001220703125,78403752.243927,6789648384.0,Healthcare
CHH,"Choice Hotels International, Inc. Common Stock",103.51000213623047,56844906.55086593,4516390400.0,Consumer Cyclical
CHWY,"Chewy, Inc. Class A Common Stock",18.09000015258789,219255847.23239326,8175200768.0,Consumer Cyclical
CI,The Cigna Group Common Stock,270.3599853515625,447703756.4668762,74346700800.0,Healthcare
CIEN,Ciena Corporation Common Stock,393.94500732421875,904809289.5227356,48203554816.0,Technology
CL,Colgate-Palmolive Company Common Stock,84.33999633789062,459622609.83894956,70250856448.0,Consumer Defensive
CLF,Cleveland-Cliffs Inc. Common Stock,11.40999984741211,167581674.64365578,6758046720.0,Basic Materials
CLH,"Clean Harbors, Inc. Common Stock",319.2650146484375,116742293.65656129,16884001792.0,Industrials
CLS,"Celestica, Inc. Common Stock",387.6050109863281,784409280.2766098,41690460160.0,Technology
CLX,Clorox Company (The) Common Stock,80.40499877929688,269640938.40101624,10772534272.0,Consumer Defensive
CM,Canadian Imperial Bank of Commerce Common Stock,111.0199966430664,174194743.95360222,104158355456.0,Financial Services
CMBT,CMB.TECH NV Ordinary Shares,19.790000915527344,20710199.46118927,5594472960.0,Energy
CMC,Commercial Metals Company Common Stock,63.91999816894531,72033518.90015335,7490373632.0,Industrials
CMG,"Chipotle Mexican Grill, Inc. Common Stock",32.25,468709519.6561527,45491777536.0,Consumer Cyclical
CMI,Cummins Inc. Common Stock,530.0399780273438,598217291.822586,75849834496.0,Industrials
CMS,CMS Energy Corporation Common Stock,63.68000030517578,248650512.6359272,21082220544.0,Utilities
CNA,CNA Financial Corporation Common Stock,46.2400016784668,29016381.782069586,12887179264.0,Financial Services
CNC,Centene Corporation Common Stock,63.130001068115234,300044488.1198332,32981575680.0,Healthcare
CNH,CNH Industrial N.V. Common Shares,13.4399995803833,226298861.3315743,22080018432.0,Industrials
CNI,Canadian National Railway Company Common Stock,120.01000213623047,166507173.27138978,73927843840.0,Industrials
CNK,"Cinemark Holdings Inc Cinemark Holdings, Inc. Common Stock",35.93000030517578,76317873.12769356,4112552704.0,Communication Services
CNM,"Core & Main, Inc. Class A Common Stock",41.619998931884766,120458401.4944067,8013524992.0,Industrials
CNO,"CNO Financial Group, Inc. Common Stock",54.04999923706055,60046408.927356526,5093301248.0,Financial Services
CNP,"CenterPoint Energy, Inc (Holding Co) Common Stock",37.66999816894531,250004422.4610321,26184130560.0,Utilities
CNQ,Canadian Natural Resources Limited Common Stock,48.39500045776367,326035731.5466467,105703415808.0,Energy
CNR,"Core Natural Resources, Inc. Common Stock",89.06500244140625,45965324.30408935,4881229312.0,Energy
CNS,Cohen & Steers Inc Common Stock,73.22000122070312,23407187.39162445,3937089792.0,Financial Services
CNX,CNX Resources Corporation Common Stock,31.510000228881836,68840601.90572405,5376271360.0,Energy
COF,Capital One Financial Corporation Common Stock,195.3300018310547,704337464.4734504,127282855936.0,Financial Services
COHR,Coherent Corp. Common Stock,337.3299865722656,2043985071.1139557,59712188416.0,Technology
COLD,"Americold Realty Trust, Inc. Common Stock",13.880000114440918,50819137.502220154,3987171584.0,Real Estate
COMP,"Compass, Inc. Class A Common Stock",9.25,158314020.55785656,7968151040.0,Real Estate
CON,"Concentra Group Holdings Parent, Inc. Common Stock",35.75,34923358.972408295,4386610176.0,Healthcare
COP,ConocoPhillips Common Stock,126.88999938964844,890664054.3520157,163706257408.0,Energy
COR,"Cencora, Inc. Common Stock",308.5400085449219,413114835.09256744,61824188416.0,Healthcare
COUR,"Coursera, Inc. Common Stock",5.034999847412109,34343974.890202045,1398675968.0,Consumer Defensive
CP,Canadian Pacific Kansas City Limited Common Shares,86.22250366210938,204794437.26421967,79591833600.0,Industrials
CPA,"Copa Holdings, S.A. Class A Common Stock",133.7100067138672,44784136.58337708,5275094016.0,Industrials
CPAY,"Corpay, Inc. Common Stock",395.70001220703125,189537667.35101318,26813411328.0,Technology
CPK,Chesapeake Utilities Corporation Common Stock,127.62000274658203,24462674.29284172,3188802048.0,Utilities
CPNG,"Coupang, Inc. Class A Common Stock",13.725000381469727,227666501.52673417,26172035072.0,Consumer Cyclical
CPRI,Capri Holdings Limited Ordinary Shares,14.354999542236328,83946178.52102718,1434851712.0,Consumer Cyclical
CPT,Camden Property Trust Common Stock,95.91999816894531,117490339.43162994,10482233344.0,Real Estate
CR,Crane Company Common Stock,208.77000427246094,76104870.93044281,11469902848.0,Industrials
CRBG,Corebridge Financial Inc. Common Stock,34.060001373291016,165258818.61064434,15254335488.0,Financial Services
CRC,California Resources Corporation Common Stock,52.57500076293945,50799656.82214089,5018323968.0,Energy
CRCL,"Circle Internet Group, Inc. Class A Common Stock",80.6500015258789,1242639040.9758573,25261295616.0,Financial Services
CRGY,Crescent Energy Company Class A Common Stock,13.395000457763672,91035574.30992298,4731381248.0,Energy
CRH,CRH PLC Ordinary Shares,82.20999908447266,473528201.0449726,57906360320.0,Basic Materials
CRI,"Carter's, Inc. Common Stock",31.75,47434755.839077376,1134008448.0,Consumer Cyclical
CRK,"Comstock Resources, Inc. Common Stock",12.819999694824219,34072445.82077751,4341179904.0,Energy
CRL,"Charles River Laboratories International, Inc. Common Stock",289.7749938964844,268932618.09771425,13103366144.0,Healthcare
CRM,"Salesforce, Inc. Common Stock",233.72000122070312,2883228324.267488,202573217792.0,Technology
CRS,Carpenter Technology Corporation Common Stock,388.94000244140625,288834120.2674103,22494138368.0,Industrials
CSL,Carlisle Companies Incorporated Common Stock,332.2300109863281,171909585.72302398,13088785408.0,Industrials
CSQR,"Csquare, Inc. Common Stock",17.270000457763672,33523239.70575447,2878602010.0341797,
CSTM,Constellium SE Ordinary Shares (France),24.459999084472656,40005427.685748294,3592840192.0,Basic Materials
CSW,"CSW Industrials, Inc. Common Stock",305.32501220703125,37109269.24954224,4741568000.0,Industrials
CTRE,"CareTrust REIT, Inc. Common Stock",36.150001525878906,85482571.5356411,9331218432.0,Real Estate
CTRI,"Centuri Holdings, Inc. Common Stock",20.979999542236328,35329469.99036598,1992001024.0,Utilities
CTVA,"Corteva, Inc. Common Stock ",11.944999694824219,423357379.7674961,57265434624.0,Basic Materials
CUBE,CubeSmart Common Shares,37.619998931884766,109249436.1447111,8840805376.0,Real Estate
CUBI,"Customers Bancorp, Inc Common Stock",75.6050033569336,23153862.686761476,2648312064.0,Financial Services
CURB,Curbline Properties Corp. Common Stock,28.329999923706055,43163754.97315159,3348715520.0,Real Estate
CUZ,Cousins Properties Incorporated Common Stock,28.09000015258789,40716778.023695946,4586509824.0,Real Estate
CVE,Cenovus Energy Inc Common Stock,32.334999084472656,226913759.98045617,61911302144.0,Energy
CVI,CVR Energy Inc. Common Stock,54.869998931884766,59995583.27913513,4947613696.0,Energy
CVNA,Carvana Co. Class A Common Stock,63.869998931884766,504508333.1223114,79870353408.0,Consumer Cyclical
CVS,CVS Health Corporation Common Stock,86.69999694824219,693910662.8009338,122902659072.0,Healthcare
CVSA,Covista Inc. Common Shares,125.8499984741211,43888688.154024504,4267787264.0,Consumer Defensive
CVX,Chevron Corporation Common Stock,207.1999969482422,2030701341.8941147,417103970304.0,Energy
CWEN,"Clearway Energy, Inc. Class C Common Stock",29.40999984741211,36673526.66836357,7815895040.0,Utilities
CWK,Cushman & Wakefield Ltd. Common Shares,12.0,26156555.962137412,3040716032.0,Real Estate
CX,"Cemex, S.A.B. de C.V. Sponsored ADR",9.555000305175781,72785088.9835001,15439591424.0,Basic Materials
CXT,"Crane NXT, Co. Common Stock",48.78499984741211,27307567.392090797,2871158016.0,Industrials
CXW,"CoreCivic, Inc. Common Stock",33.39500045776367,73294195.38410874,3404408320.0,Industrials
D,"Dominion Energy, Inc. Common Stock",61.18000030517578,308040382.728014,57565151232.0,Utilities
DAC,Danaos Corporation Common Stock,164.5709991455078,21024637.07775116,2822280960.0,Industrials
DAL,"Delta Air Lines, Inc. Common Stock",84.16500091552734,586906673.5796547,51383508992.0,Industrials
DAN,Dana Incorporated Common Stock ,28.084999084472656,43026275.285987474,3236982272.0,Consumer Cyclical
DAR,Darling Ingredients Inc. Common Stock,62.93000030517578,139235552.8806858,10687202304.0,Consumer Defensive
DB,Deutsche Bank AG Common Stock,35.005001068115234,75400419.65401211,76231032832.0,Financial Services
DCH,Dauch Corporation Common Stock,5.614999771118164,22726280.39078045,1574130560.0,Consumer Cyclical
DCI,"Donaldson Company, Inc. Common Stock",89.22000122070312,60197673.08410492,10244798464.0,Industrials
DCO,Ducommun Incorporated Common Stock,174.9499969482422,40424823.18641815,2483158528.0,Industrials
DD,"DuPont de Nemours, Inc. Common Stock",130.3800048828125,140236944.1746933,17138013184.0,Basic Materials
DDS,"Dillard's, Inc. Common Stock",647.5399780273438,124859672.22465515,9691869184.0,Consumer Cyclical
DE,Deere & Company Common Stock,686.8800048828125,852869680.3803345,183323705344.0,Industrials
DECK,Deckers Outdoor Corporation Common Stock,79.23999786376953,273048915.43156624,10809435136.0,Consumer Cyclical
DEI,"Douglas Emmett, Inc. Common Stock",9.805000305175781,22732094.850153733,2159605248.0,Real Estate
DELL,Dell Technologies Inc. Class C Common Stock ,564.4949951171875,4670390800.827454,329319219200.0,Technology
DEO,Diageo plc Common Stock,84.87999725341797,84150506.80841407,47662862336.0,Consumer Defensive
DG,Dollar General Corporation Common Stock,119.09500122070312,292184691.23607635,27614603264.0,Consumer Defensive
DGX,Quest Diagnostics Incorporated Common Stock,231.72500610351562,266001570.5965271,25819639808.0,Healthcare
DHI,"D.R. Horton, Inc. Common Stock",135.3300018310547,406571674.4089233,37728907264.0,Consumer Cyclical
DHR,Danaher Corporation Common Stock,215.6300048828125,925875793.032904,141581385728.0,Healthcare
DHT,"DHT Holdings, Inc.",23.649999618530273,94097718.40374012,3418194176.0,Energy
DINO,HF Sinclair Corporation Common Stock,113.1050033569336,302363100.4952137,19239770112.0,Energy
DIS,Walt Disney Company (The) Common Stock,102.27999877929688,894523883.9823425,180032995328.0,Communication Services
DK,"Delek US Holdings, Inc. Common Stock",74.75499725341797,210050699.20894355,4612619776.0,Energy
DKS,Dick's Sporting Goods Inc Common Stock,136.9499969482422,394677181.6314163,11508429824.0,Consumer Cyclical
DLB,Dolby Laboratories Common Stock,59.16999816894531,56119612.481845856,5795288064.0,Industrials
DLR,"Digital Realty Trust, Inc. Common Stock",178.74000549316406,334600042.07320404,70940352512.0,Real Estate
DNA,"Ginkgo Bioworks Holdings, Inc. Class A Common Stock",12.332500457763672,20186348.576420117,455220320.0,Healthcare
DNOW,DNOW Inc. Common Stock,15.774999618530273,35900210.42607298,2849185536.0,Industrials
DOC,"Healthpeak Properties, Inc. Common Stock",19.46500015258789,104296715.90520363,14533419008.0,Real Estate
DOCN,"DigitalOcean Holdings, Inc. Common Stock",140.5500030517578,365793155.47081757,15271705600.0,Technology
DOCS,"Doximity, Inc. Class A Common Stock",27.924999237060547,77310634.76781006,4320682496.0,Healthcare
DOV,Dover Corporation Common Stock,190.4199981689453,253877585.9642372,25389916160.0,Industrials
DOW,Dow Inc. Common Stock ,28.014999389648438,259313810.09308892,21576318976.0,Basic Materials
DPC,DPC Holdings PLC Ordinary Shares,41.599998474121094,52543444.70237923,6216990611.591217,
DRI,"Darden Restaurants, Inc. Common Stock",200.24000549316406,275475451.1158363,23600789504.0,Consumer Cyclical
DT,"Dynatrace, Inc. Common Stock",59.15999984741211,374723852.8558239,14811358208.0,Technology
DTE,DTE Energy Company Common Stock,124.38999938964844,247665518.32935333,28221423616.0,Utilities
DTM,"DT Midstream, Inc. Common Stock ",121.65249633789062,110027915.23532715,13326768128.0,Energy
DUK,Duke Energy Corporation (Holding Company) Common Stock,114.04000091552734,473742255.38540536,93860552704.0,Utilities
DV,"DoubleVerify Holdings, Inc. Common Stock",13.489999771118164,49365327.316758156,2069859072.0,Communication Services
DVA,DaVita Inc. Common Stock,178.14999389648438,128810225.72238922,11682632704.0,Healthcare
DVN,Devon Energy Corporation Common Stock,47.6260986328125,618938450.7555405,54009999360.0,Energy
DX,"Dynex Capital, Inc. Common Stock",11.015000343322754,85166310.4194324,3132235264.0,Real Estate
DXC,DXC Technology Company Common Stock ,11.149999618530273,29479640.576676942,1772744576.0,Technology
DXYZ,Destiny Tech100 Inc. Common Stock,32.7599983215332,24610768.769785117,979471168.0,Financial Services
DY,"Dycom Industries, Inc. Common Stock",273.9800109863281,182440844.8500641,8727072768.0,Industrials
EAT,"Brinker International, Inc. Common Stock",200.35000610351562,315278202.0162796,9050686464.0,Consumer Cyclical
ECG,"Everus Construction Group, Inc. Common Stock",125.11000061035156,44237102.79055252,5835319808.0,Industrials
ECL,Ecolab Inc. Common Stock,274.0899963378906,326397166.2059067,75405590528.0,Basic Materials
ECO,Okeanis Eco Tankers Corp. Common Stock,87.58999633789062,64880289.93505707,2808872704.0,Industrials
ED,"Consolidated Edison, Inc. Common Stock",103.3499984741211,223148523.10360375,39789862912.0,Utilities
EDU,"New Oriental Education & Technology Group, Inc. Sponsored ADR representing 10 Ordinary Share (Cayman Islands)",55.314998626708984,35249250.534318924,9125822464.0,Consumer Defensive
EFOR,"Everforth, Inc. Common Stock",34.310001373291016,22866354.702031326,1256649984.0,Technology
EFX,"Equifax, Inc. Common Stock",140.15499877929688,299658971.88455045,19780345856.0,Industrials
EG,"Everest Group, Ltd. Common Stock",367.7699890136719,157977860.5246231,14175692800.0,Financial Services
EGO,Eldorado Gold Corporation Ordinary Shares,38.1150016784668,132565733.62251434,11376546816.0,Basic Materials
EGP,"EastGroup Properties, Inc. Common Stock",195.2899932861328,110529451.8270874,10649267200.0,Real Estate
EHC,Encompass Health Corporation Common Stock,119.97000122070312,105770843.17078705,12062842880.0,Healthcare
EIX,Edison International Common Stock,53.54999923706055,277023638.2761818,22432731136.0,Utilities
EL,"Estee Lauder Companies, Inc. (The) Common Stock",92.45999908447266,284969898.51429784,35430576128.0,Consumer Defensive
ELAN,Elanco Animal Health Incorporated Common Stock,22.18000030517578,124545188.60713005,11616207872.0,Healthcare
ELF,"e.l.f. Beauty, Inc. Common Stock",104.48999786376953,137545445.47744408,5694271488.0,Consumer Defensive
ELS,"Equity Lifestyle Properties, Inc. Common Stock",58.27000045776367,100442051.69905797,12183337984.0,Real Estate
ELV,"Elevance Health, Inc. Common Stock",387.8999938964844,498982600.89604187,89803407360.0,Healthcare
EMBJ,Embraer S.A. Common Stock,75.48999786376953,91633986.60737991,13300598784.0,Industrials
EME,"EMCOR Group, Inc. Common Stock",794.22998046875,266098319.14923096,32810708992.0,Industrials
EMN,Eastman Chemical Company Common Stock,65.24500274658203,80998330.88450356,7755917824.0,Basic Materials
EMR,Emerson Electric Company Common Stock,161.9199981689453,371271024.75005037,82578333696.0,Industrials
ENB,Enbridge Inc Common Stock,45.90999984741211,270855633.59528905,105643999232.0,Energy
ENOV,Enovis Corporation Common Stock,17.75,37488459.6098217,1066020672.0,Healthcare
ENS,EnerSys Common Stock,196.51499938964844,97466411.58508377,6370561024.0,Industrials
ENVA,"Enova International, Inc. Common Stock",172.7899932861328,73824203.57002258,5578106880.0,Financial Services
EOG,"EOG Resources, Inc. Common Stock",141.55499267578125,470105401.34107363,77987471360.0,Energy
EPAM,"EPAM Systems, Inc. Common Stock",108.83000183105469,127626965.63726425,5914963456.0,Technology
EPD,Enterprise Products Partners L.P. Common Stock,36.04199981689453,114363130.97231293,85256159232.0,Energy
EPR,EPR Properties Common Stock,56.439998626708984,53121911.51574478,4598833152.0,Real Estate
EPRT,"Essential Properties Realty Trust, Inc. Common Stock",25.834999084472656,66364312.659635544,6402657280.0,Real Estate
EQH,"Equitable Holdings, Inc. Common Stock",52.63999938964844,171562795.1760292,14333842432.0,Financial Services
EQNR,Equinor ASA,42.58000183105469,164755731.5686981,106690117632.0,Energy
EQT,EQT Corporation Common Stock,50.27000045776367,395524716.1708212,33946755072.0,Energy
EQX,Equinox Gold Corp. Common Shares,11.055000305175781,156342980.686693,14400617472.0,Basic Materials
ERO,Ero Copper Corp. Common Shares,37.849998474121094,47014383.002758026,3712130816.0,Basic Materials
EROC,"ERock, Inc. Class A Common Stock",12.574999809265137,33946453.853272535,606992708.1769314,
ES,Eversource Energy (D/B/A) Common Stock,64.44000244140625,171413305.72218704,26487769088.0,Utilities
ESAB,ESAB Corporation Common Stock,69.91999816894531,65592416.07041626,4388114432.0,Industrials
ESE,ESCO Technologies Inc. Common Stock,276.2900085449219,65246707.52252655,6941673984.0,Technology
ESI,Element Solutions Inc. Common Stock,38.119998931884766,151272456.91760293,8285326336.0,Basic Materials
ESNT,Essent Group Ltd. Common Shares,60.41999816894531,57205996.46953201,6123285504.0,Financial Services
ESS,"Essex Property Trust, Inc. Common Stock",268.6199951171875,145618664.79034424,18946777088.0,Real Estate
ESTC,Elastic N.V. Ordinary Shares,93.77999877929688,167714096.41513214,9140540416.0,Technology
ETN,"Eaton Corporation, PLC Ordinary Shares",437.42498779296875,873294485.1362823,158337089536.0,Industrials
ETR,Entergy Corporation Common Stock,100.67990112304688,320055164.0093018,51045744640.0,Utilities
ETSY,"Etsy, Inc. Common Stock",72.69999694824219,243484649.73189697,6463270400.0,Consumer Cyclical
EVR,Evercore Inc. Class A Common Stock,261.6300048828125,130974878.90137939,11003538432.0,Financial Services
EW,Edwards Lifesciences Corporation Common Stock,85.31999969482422,299740473.9591587,49777909760.0,Healthcare
EXK,Endeavour Silver Corporation Ordinary Shares (Canada),8.5600004196167,77181776.92254391,3205763840.0,Basic Materials
EXP,Eagle Materials Inc Common Stock,171.8300018310547,82209550.68327102,5598400000.0,Basic Materials
EXPD,"Expeditors International of Washington, Inc. Common Stock",191.86000061035156,198764830.5417572,24722266112.0,Industrials
F,Ford Motor Company Common Stock,12.074999809265137,632944819.1716881,54649999360.0,Consumer Cyclical
FAF,First American Corporation (New) Common Stock,62.880001068115234,68933980.0326252,7279730176.0,Financial Services
FBIN,"Fortune Brands Innovations, Inc. Common Stock",38.5,90799137.35712814,4735168000.0,Industrials
FBK,FB Financial Corporation Common Stock,53.59000015258789,34990215.94215031,2711813632.0,Financial Services
FBP,First BanCorp. New Common Stock,27.020000457763672,39462194.06989422,4190744064.0,Financial Services
FCF,First Commonwealth Financial Corporation Common Stock,20.545000076293945,21975442.604330827,2119142784.0,Financial Services
FCN,"FTI Consulting, Inc. Common Stock",135.90499877929688,69919686.7924118,4180254720.0,Industrials
FCPT,"Four Corners Property Trust, Inc. Common Stock",21.600000381469727,27349449.786604784,2693245440.0,Real Estate
FCX,"Freeport-McMoRan, Inc. Common Stock",72.02999877929688,803281244.4426422,101598240768.0,Basic Materials
FDS,FactSet Research Systems Inc. Common Stock,265.5249938964844,250746430.59066924,9999252480.0,Financial Services
FDX,FedEx Corporation Common Stock,289.2900085449219,482190089.8627167,73813983232.0,Industrials
FDXF,"FedEx Freight Holding Company, Inc. Common Stock",112.97000122070312,216698293.17082214,16891063667.527252,
FE,FirstEnergy Corp. Common Stock,43.35499954223633,191250748.66726303,26772686848.0,Utilities
FERG,Ferguson Enterprises Inc. Common Stock,223.61000061035156,311267113.38391113,42688241664.0,Industrials
FHI,"Federated Hermes, Inc. Common Stock",56.25,39696115.5973053,4514707456.0,Financial Services
FHN,First Horizon Corporation Common Stock,23.399999618530273,122226212.69619866,11581481984.0,Financial Services
FICO,Fair Isaac Corporation Common Stock,659.3049926757812,735420982.1452179,20932968448.0,Technology
FIG,"Figma, Inc. Class A Common Stock",21.385000228881836,299465058.4357796,11726217216.0,Technology
FIGS,"FIGS, Inc. Class A Common Stock",13.604999542236328,36884397.04257431,2151516160.0,Consumer Cyclical
FIS,"Fidelity National Information Services, Inc. Common Stock",32.404998779296875,229311882.80608064,19718940672.0,Technology
FITB,Fifth Third Bancorp Common Stock,50.994998931884766,329173297.07324314,48974434304.0,Financial Services
FIX,"Comfort Systems USA, Inc. Common Stock",1741.02001953125,505668635.0820557,56276434944.0,Industrials
FLG,"Flagstar Bank, N.A. Common Stock",11.75,61304722.95306168,5468848128.0,Financial Services
FLO,"Flowers Foods, Inc. Common Stock",5.545000076293945,46419695.48074989,1298373760.0,Consumer Defensive
FLR,Fluor Corporation Common Stock,49.95500183105469,120721093.66543198,7189919232.0,Industrials
FLS,Flowserve Corporation Common Stock,74.55500030517578,113758727.96976128,9312658432.0,Industrials
FLUT,Flutter Entertainment plc Ordinary Shares,74.41000366210938,262376412.28100434,17070173184.0,Consumer Cyclical
FMC,FMC Corporation Common Stock,8.364999771118164,40425239.63484268,1554065024.0,Basic Materials
FMX,Fomento Economico Mexicano S.A.B. de C.V. Common Stock,115.4800033569336,49312719.87539482,40009633792.0,Consumer Defensive
FN,Fabrinet Ordinary Shares,464.8949890136719,302112945.370546,14513120256.0,Technology
FNB,F.N.B. Corporation Common Stock,17.475000381469727,79444557.33927803,6437607424.0,Financial Services
FND,"Floor & Decor Holdings, Inc. Common Stock",45.70000076293945,116894756.5496912,4945394176.0,Consumer Cyclical
FNF,"Fidelity National Financial, Inc. Common Stock",39.345001220703125,126701239.53327866,11813894144.0,Financial Services
FNV,Franco-Nevada Corporation,237.97000122070312,211789015.5071152,50617827328.0,Basic Materials
FOUR,"Shift4 Payments, Inc. Class A Common Stock",36.32500076293945,87503308.56133671,3313166592.0,Technology
FPS,"Forgent Power Solutions, Inc. Class A Common Stock",40.310001373291016,395428310.95142365,9015661568.0,Industrials
FR,"First Industrial Realty Trust, Inc. Common Stock",59.57500076293945,65168892.63216839,8353892864.0,Real Estate
FRO,Frontline Plc Ordinary Shares,52.83000183105469,192404521.6502823,10534515712.0,Energy
FRT,Federal Realty Investment Trust Common Stock,106.9000015258789,107461894.34489135,10030818304.0,Real Estate
FSK,FS KKR Capital Corp. Common Stock,10.960000038146973,20589568.53616657,3291212800.0,Financial Services
FSM,Fortuna Mining Corp. Common Shares,11.164999961853027,55487754.159991264,3595881984.0,Basic Materials
FSS,Federal Signal Corporation Common Stock,116.61000061035156,48585533.69743347,7046033408.0,Industrials
FTI,TechnipFMC plc Ordinary Share,68.94000244140625,216211089.7979614,29843709952.0,Energy
FTS,Fortis Inc. Common Shares,52.779998779296875,40388176.41605759,28089282560.0,Utilities
FTV,Fortive Corporation Common Stock ,57.029998779296875,115287207.79937974,16653033472.0,Technology
FUL,H. B. Fuller Company Common Stock,50.380001068115234,49945636.78483486,2744502784.0,Basic Materials
FUN,Six Flags Entertainment Corporation Common Stock New,11.5,29724021.981554605,1453914752.0,Consumer Cyclical
G,Genpact Limited Common Stock,33.349998474121094,65236002.64413719,5822392320.0,Technology
GAP,"Gap, Inc. (The) Common Stock",22.55500030517578,139974413.64417037,7316957184.0,Consumer Cyclical
GATX,GATX Corporation Common Stock,171.5449981689453,46811547.01357193,6190388224.0,Industrials
GBCI,"Glacier Bancorp, Inc. Common Stock",44.11000061035156,45513747.37030868,5913777152.0,Financial Services
GD,General Dynamics Corporation Common Stock,330.05999755859375,436476350.0058258,95506685952.0,Industrials
GDDY,GoDaddy Inc. Class A Common Stock,96.95999908447266,260927226.32151335,11954276352.0,Technology
GEF,Greif Inc. Class A Common Stock,82.08999633789062,32281953.490829468,4728346112.0,Consumer Cyclical
GENI,Genius Sports Limited Ordinary Shares,6.054999828338623,47026927.92579985,1843949696.0,Communication Services
GEO,Geo Group Inc (The) REIT,31.549999237060547,70252556.72124615,4130880768.0,Industrials
GEV,GE Vernova Inc. Common Stock,992.8250122070312,1996198764.858139,247446536192.0,Industrials
GFF,Griffon Corporation Common Stock,94.41999816894531,33358478.194503784,4344442880.0,Industrials
GFL,"GFL Environmental Inc. Subordinate voting shares, no par value",42.02000045776367,143547312.50208932,15206113280.0,Industrials
GGB,Gerdau S.A. Common Stock,5.034999847412109,57019626.64799404,9781200896.0,Basic Materials
GGG,Graco Inc. Common Stock,78.19999694824219,114698762.2627182,12178926592.0,Industrials
GHC,Graham Holdings Company Common Stock,1149.6600341796875,39883668.08703613,4754447872.0,Industrials
GIB,CGI Inc. Common Stock,70.16999816894531,31891822.670202635,14273708032.0,Technology
GIL,"Gildan Activewear, Inc. Class A Sub. Vot. Common Stock",41.10499954223633,80584299.6599493,9241998336.0,Consumer Cyclical
GIS,"General Mills, Inc. Common Stock",31.94499969482422,373251114.155035,19273445376.0,Consumer Defensive
GKOS,Glaukos Corporation Common Stock,164.08999633789062,140519769.1196472,10576704512.0,Healthcare
GL,Globe Life Inc. Common Stock,166.56500244140625,72279707.16204529,13137029120.0,Financial Services
GLOB,Globant S.A. Common Shares,35.255001068115234,37200001.130197905,1575190144.0,Technology
GLW,Corning Incorporated Common Stock,164.41000366210938,1284505103.3325944,141625327616.0,Technology
GM,General Motors Company Common Stock,78.45999908447266,640136968.0388412,76598001664.0,Consumer Cyclical
GME,GameStop Corporation Common Stock,24.584999084472656,230295697.41841316,8958120960.0,Consumer Cyclical
GMED,"Globus Medical, Inc. Class A Common Stock",75.73999786376953,118359822.29920426,9913228288.0,Healthcare
GNL,"Global Net Lease, Inc. Common Stock",8.255000114440918,22699732.39204383,2107305600.0,Real Estate
GNRC,Generac Holdlings Inc. Common Stock,217.93499755859375,290253558.9193634,10754958336.0,Industrials
GNW,Genworth Financial Inc Common Stock,9.59000015258789,46296721.05748634,3957989888.0,Financial Services
GOF,Guggenheim Strategic Opportunities Fund Common Shares of Beneficial Interest,8.694999694824219,25515709.48283062,2042312576.0,Financial Services
GOLD,"Gold.com, Inc. Common Stock",42.029998779296875,29077908.387223817,1375981056.0,Financial Services
GOLF,Acushnet Holdings Corp. Common Stock,84.0250015258789,28380454.162836075,4934642176.0,Consumer Cyclical
GPC,Genuine Parts Company Common Stock,127.69000244140625,120223225.41963653,18475966464.0,Consumer Cyclical
GPGI,"GPGI, Inc. Class A Common Stock",12.96500015258789,20673149.70809307,3855538176.0,Industrials
GPI,"Group 1 Automotive, Inc. Common Stock",249.34500122070312,73211952.07804565,3356821760.0,Consumer Cyclical
GPK,Graphic Packaging Holding Company,8.746199607849121,67566174.73826075,2834601216.0,Consumer Cyclical
GPN,Global Payments Inc. Common Stock,78.44000244140625,210743003.0845688,23135586304.0,Industrials
GPOR,Gulfport Energy Corporation Common Shares,154.77000427246094,46236319.46549759,3136780288.0,Energy
GRBK,"Green Brick Partners, Inc. Common Stock",66.58499908447266,25198609.40768852,2923006976.0,Consumer Cyclical
GRDN,"Guardian Pharmacy Services, Inc. Class A Common Stock",42.1150016784668,31897621.73323345,2761724416.0,Healthcare
GRMN,Garmin Ltd. Common Stock (Switzerland),280.45001220703125,228145282.12937316,52137713664.0,Technology
GRND,Grindr Inc. Common Stock,13.625,25378946.03733883,2671622912.0,Technology
GS,"Goldman Sachs Group, Inc. (The) Common Stock",902.6019897460938,2019940638.0298157,296424112128.0,Financial Services
GTES,Gates Industrial Corporation Ltd. Common Shares,27.719999313354492,45590937.90117712,6366751744.0,Industrials
GTY,Getty Realty Corporation Common Stock,28.139999389648438,22047024.33727684,2024889600.0,Real Estate
GVA,Granite Construction Incorporated Common Stock,120.02999877929688,68984106.0953354,5127085568.0,Industrials
GWRE,"Guidewire Software, Inc. Common Stock",151.71499633789062,236315319.07398528,12020554752.0,Technology
GWW,"W.W. Grainger, Inc. Common Stock",1282.8499755859375,347369434.22351074,60241580032.0,Industrials
GXO,"GXO Logistics, Inc. Common Stock ",46.70000076293945,63808537.65995026,5250833408.0,Industrials
H,Hyatt Hotels Corporation Class A Common Stock,159.13499450683594,127418447.26855469,15197558784.0,Consumer Cyclical
HAE,Haemonetics Corporation Common Stock,104.86000061035156,57584780.20913315,4630462464.0,Healthcare
HAFN,Hafnia Limited Common Shares,10.274999618530273,29652893.087869454,4577996800.0,Industrials
HAL,Halliburton Company Common Stock,31.924999237060547,352095639.12153035,30162036736.0,Energy
HASI,"HA Sustainable Infrastructure Capital, Inc. Common Stock",36.439998626708984,40220505.92166023,4840436224.0,Financial Services
HAWK,"HawkEye 360, Inc. Common Stock",14.6899995803833,22874236.681413747,1439113917.7720184,
HAYW,"Hayward Holdings, Inc. Common Stock",12.505000114440918,49610621.863810495,2745888000.0,Industrials
HBM,Hudbay Minerals Inc. Ordinary Shares (Canada),27.219999313354492,110309044.16630802,11911962624.0,Basic Materials
HCA,"HCA Healthcare, Inc. Common Stock",427.43499755859375,624333898.960556,92875456512.0,Healthcare
HCC,"Warrior Met Coal, Inc. Common Stock",89.77999877929688,60585480.23401489,5426998784.0,Basic Materials
HCI,"HCI Group, Inc. Common Stock",183.8300018310547,31397395.237576295,2339191040.0,Financial Services
HD,"Home Depot, Inc. (The) Common Stock",283.2699890136719,1507315019.34095,305063526400.0,Consumer Cyclical
HDB,HDFC Bank Limited Common Stock,22.344999313354492,237508868.10550117,112166387712.0,Financial Services
HE,"Hawaiian Electric Industries, Inc. Common Stock",8.904999732971191,29224261.279711675,1786871168.0,Utilities
HEI,Heico Corporation Common Stock,303.7699890136719,146412357.77763367,43702145024.0,Industrials
HESM,Hess Midstream LP Class A Representing Limited Partner Interests,37.875,52174905.10549164,8286308352.0,Energy
HGV,Hilton Grand Vacations Inc. Common Stock ,35.099998474121094,42767916.233250044,3107022592.0,Consumer Cyclical
HHH,Howard Hughes Holdings Inc. Common Stock,70.80999755859375,59162216.74937439,3696732160.0,Real Estate
HIG,"The Hartford Insurance Group, Inc. Common Stock",125.98999786376953,236004978.59302217,37147385856.0,Financial Services
HII,"Huntington Ingalls Industries, Inc. Common Stock",269.4599914550781,139044273.36639404,11066781696.0,Industrials
HIMS,"Hims & Hers Health, Inc. Class A Common Stock",29.075000762939453,272963848.90301573,6438283264.0,Healthcare
HIW,"Highwoods Properties, Inc. Common Stock",29.600000381469727,35852792.389268875,3400951296.0,Real Estate
HL,Hecla Mining Company Common Stock,17.155000686645508,675881267.5569813,13585278976.0,Basic Materials
HLI,"Houlihan Lokey, Inc. Class A Common Stock",126.4800033569336,114333301.3165203,9520987136.0,Financial Services
HLIO,"Helios Technologies, Inc. Common Stock",71.9000015258789,27457761.04114189,2262881024.0,Industrials
HLT,Hilton Worldwide Holdings Inc. Common Stock ,319.45001220703125,513577764.0995361,69610332160.0,Consumer Cyclical
HMC,"Honda Motor Company, Ltd. Common Stock",31.350000381469727,27705721.275896262,41073209344.0,Consumer Cyclical
HMY,Harmony Gold Mining Company Limited,17.350000381469727,73753768.81542969,12752664576.0,Basic Materials
HNGE,"Hinge Health, Inc. Class A Common Stock",98.18499755859375,166545297.74250945,7361752064.0,Healthcare
HNI,HNI Corporation Common Stock,47.244998931884766,26390075.132450294,3375581952.0,Consumer Cyclical
HOG,"Harley-Davidson, Inc. Common Stock",24.600000381469727,45945162.545814514,2760002816.0,Consumer Cyclical
HOMB,"Home BancShares, Inc. Common Stock",28.709999084472656,44880101.45722046,5917468160.0,Financial Services
HOS,"Hornbeck Offshore Services, Inc. Common Stock",7.559999942779541,21851959.5963222,2902125056.0,Industrials
HP,"Helmerich & Payne, Inc. Common Stock",38.404998779296875,44972549.345127106,4396813824.0,Energy
HPE,Hewlett Packard Enterprise Company Common Stock,69.23500061035156,1400722145.8860092,74975215616.0,Technology
HPQ,HP Inc. Common Stock,32.224998474121094,516098501.6295357,29055707136.0,Technology
HR,Healthcare Realty Trust Incorporated Common Stock,17.479999542236328,73770828.41823617,6643243008.0,Real Estate
HRB,"H&R Block, Inc. Common Stock",41.61000061035156,89915174.74268341,5550664192.0,Consumer Cyclical
HRI,Herc Holdings Inc. Common Stock ,137.49000549316406,127246641.1054306,4840538624.0,Industrials
HRL,Hormel Foods Corporation Common Stock,20.19499969482422,95158286.87410812,11466558464.0,Consumer Defensive
HSBC,"HSBC Holdings, plc. Common Stock",96.11499786376953,155392816.40392303,355422208000.0,Financial Services
HSY,The Hershey Company Common Stock,160.44000244140625,253162452.19426268,35168018432.0,Consumer Defensive
HTGC,"Hercules Capital, Inc. Common Stock",16.774999618530273,21551528.265482236,3278177280.0,Financial Services
HUBB,Hubbell Inc Common Stock,477.1099853515625,217847207.93350068,23695837184.0,Industrials
HUBS,"HubSpot, Inc. Common Stock",215.02999877929688,396480343.1252106,11491665920.0,Technology
HUM,Humana Inc. Common Stock,388.7300109863281,402532536.7331085,49008373760.0,Healthcare
HUN,Huntsman Corporation Common Stock,8.545000076293945,23189380.259692002,1675742848.0,Basic Materials
HXL,Hexcel Corporation Common Stock,86.69999694824219,77944132.53118515,6787205120.0,Industrials
HZO,"MarineMax, Inc.  (FL) Common Stock",52.39500045776367,41068145.05068302,1152596352.0,Consumer Cyclical
IAG,Iamgold Corporation Ordinary Shares,18.4950008392334,106613282.29407415,11551329280.0,Basic Materials
IBM,International Business Machines Corporation Common Stock,222.1300048828125,1337286306.084137,222904287232.0,Technology
IBN,ICICI Bank Limited Common Stock,27.524999618530273,126796098.1146883,103323000832.0,Financial Services
IBP,"Installed Building Products, Inc. Common Stock",193.1300048828125,94293077.96644287,5389571072.0,Consumer Cyclical
ICE,Intercontinental Exchange Inc. Common Stock,150.11500549316406,445800004.08297193,87858241536.0,Financial Services
IDA,"IDACORP, Inc. Common Stock",132.78500366210938,85425169.16796418,7928409600.0,Utilities
IDT,IDT Corporation Class B Common Stock,78.71499633789062,26356177.383776855,1703994112.0,Communication Services
IE,Ivanhoe Electric Inc. Common Stock,10.385000228881836,24106736.07980747,1602286208.0,Basic Materials
IEX,IDEX Corporation Common Stock,233.72000122070312,134216969.5506775,16331168768.0,Industrials
IFF,"International Flavors & Fragrances, Inc. Common Stock",82.76000213623047,144055208.57347298,21442938880.0,Basic Materials
IIPR,"Innovative Industrial Properties, Inc. Common Stock",50.880001068115234,22696823.59414215,1556126848.0,Real Estate
IMAX,Imax Corporation Common Stock,52.755001068115234,54889763.24303512,2847402240.0,Communication Services
IMO,Imperial Oil Limited Common Stock,125.7300033569336,84394527.23387375,65252540416.0,Energy
INFQ,"Infleqtion, Inc. Common Stock",13.114999771118164,110047116.03623696,2992741632.0,Technology
ING,"ING Group, N.V. Common Stock",34.779998779296875,76306691.49594955,104624078848.0,Financial Services
INGM,Ingram Micro Holding Corporation Common Stock,28.459999084472656,70419567.25321808,6098700800.0,Technology
INGR,Ingredion Incorporated Common Stock,95.98999786376953,62501352.2284626,6365678080.0,Consumer Defensive
INSP,"Inspire Medical Systems, Inc. Common Stock",70.50499725341797,68791408.99259071,1932080512.0,Healthcare
INSW,"International Seaways, Inc. Common Stock ",115.99500274658203,85640748.23959199,4990279680.0,Energy
INVH,Invitation Homes Inc. Common Stock,25.985000610351562,148560308.21219522,16587653120.0,Real Estate
INVX,"Innovex International, Inc. Common Stock",27.329999923706055,22985564.118154906,2035264384.0,Energy
IONQ,"IonQ, Inc. Common Stock",43.4900016784668,1020975617.8061035,15184443392.0,Technology
IOT,Samsara Inc. Class A Common Stock,41.00899887084961,283280539.91720617,22645350400.0,Technology
IP,International Paper Company Common Stock,31.979999542236328,185396079.68960953,18280753152.0,Consumer Cyclical
IQV,"IQVIA Holdings, Inc. Common Stock",259.010009765625,422745874.3206787,41917857792.0,Healthcare
IR,Ingersoll Rand Inc. Common Stock,76.20999908447266,369185791.08941686,27912679424.0,Industrials
IRM,Iron Mountain Incorporated (Delaware)Common Stock REIT,113.16000366210938,175989189.84201202,34027431936.0,Real Estate
IRT,"Independence Realty Trust, Inc. Common Stock",14.489999771118164,64189953.939358994,3667134720.0,Real Estate
IT,"Gartner, Inc. Common Stock",185.27999877929688,194255043.371521,10825944064.0,Technology
ITGR,Integer Holdings Corporation Common Stock,126.5,100881736.17915344,4275932928.0,Healthcare
ITT,ITT Inc. Common Stock ,206.99000549316406,177766994.3503998,17453631488.0,Industrials
ITW,Illinois Tool Works Inc. Common Stock,263.1099853515625,363226375.7067261,74728677376.0,Industrials
IVR,INVESCO MORTGAGE CAPITAL INC Common Stock,5.739999771118164,23050575.5096529,748090112.0,Real Estate
IVT,InvenTrust Properties Corp. Common Stock,30.450000762939453,21402352.45585251,2513244928.0,Real Estate
IVZ,Invesco Ltd Common Stock,30.665000915527344,135168926.4647072,14088257536.0,Financial Services
J,Jacobs Solutions Inc. Common Stock,137.80999755859375,111845205.62268066,16675382272.0,Industrials
JAN,"Janus Living, Inc. Class A-1 Common Stock",28.854999542236328,57447466.1091547,6766348591.213646,
JBL,Jabil Inc. Common Stock,304.82000732421875,443301085.99126893,31915003904.0,Technology
JBS,JBS N.V. Class A Common Shares,11.694999694824219,61878908.575623706,41330851840.0,Consumer Defensive
JBTM,JBT Marel Corporation Common Stock,109.70999908447266,64064019.7893589,5740688896.0,Industrials
JCI,Johnson Controls International plc Ordinary Share,156.8800048828125,477080210.5973816,86796689408.0,Industrials
JEF,Jefferies Financial Group Inc. Common Stock,45.95000076293945,125022319.9102827,11091982336.0,Financial Services
JHX,James Hardie Industries plc. Ordinary Shares,25.149999618530273,373337299.2700189,16562307072.0,Basic Materials
JLL,Jones Lang LaSalle Incorporated Common Stock,306.6650085449219,126894777.69250031,15782022144.0,Real Estate
JMKE,Jersey Mike's Subs Inc. Class A Common Stock,16.450000762939453,73536691.38398075,3834778735.3154583,
JNJ,Johnson & Johnson Common Stock,255.47500610351562,1688637168.1237335,643780313088.0,Healthcare
JOBY,"Joby Aviation, Inc. Common Stock",5.909900188446045,154853326.08192074,6295775232.0,Industrials
JPM,JP Morgan Chase & Co. Common Stock,332.2799987792969,2849138526.260184,934312542208.0,Financial Services
JXN,Jackson Financial Inc. Class A Common Stock ,132.25999450683594,123595507.42014694,9315749888.0,Financial Services
KAI,Kadant Inc Common Stock,269.1700134277344,45702951.88174286,3338437632.0,Industrials
KBH,KB Home Common Stock,45.52000045776367,88179471.6901865,2945319424.0,Consumer Cyclical
KBR,"KBR, Inc. Common Stock",34.14500045776367,52642439.09592724,4583823360.0,Industrials
KD,"Kyndryl Holdings, Inc. Common Stock",11.550000190734863,50879671.998324156,2798964736.0,Technology
KEX,Kirby Corporation Common Stock,138.88499450683594,60607567.25597153,7302767616.0,Industrials
KEY,KeyCorp Common Stock,20.101600646972656,323388002.705389,23028633600.0,Financial Services
KEYS,Keysight Technologies Inc. Common Stock,385.1499938964844,354890756.9494705,55670034432.0,Technology
KFY,Korn Ferry Common Stock,71.9800033569336,49843084.31281662,4109517568.0,Industrials
KGC,Kinross Gold Corporation Common Stock,23.989999771118164,198768423.90971652,34365394944.0,Basic Materials
KGS,"Kodiak Gas Services, Inc. Common Stock",54.625,109357879.84263153,6344783872.0,Energy
KHC,The Kraft Heinz Company Common Stock,22.174999237060547,522572182.5442961,28987461632.0,Consumer Defensive
KIM,Kimco Realty Corporation (HC) Common Stock,22.235000610351562,127524010.87860337,15830629376.0,Real Estate
KKR,KKR & Co. Inc. Common Stock,90.52999877929688,389061550.28711545,92913295360.0,Financial Services
KLAR,Klarna Group plc Ordinary Shares,12.53499984741211,74584576.08239174,5183118336.0,Financial Services
KMI,"Kinder Morgan, Inc. Common Stock",31.075000762939453,400469593.467021,69014102016.0,Energy
KMPR,Kemper Corporation,25.84000015258789,23044207.49996395,1597995904.0,Financial Services
KMT,Kennametal Inc. Common Stock,32.619998931884766,43694847.28992748,2205016320.0,Industrials
KMX,CarMax Inc,55.029998779296875,190524583.11114502,8540919808.0,Consumer Cyclical
KN,Knowles Corporation Common Stock,40.27000045776367,23483138.778273962,3008578560.0,Technology
KNF,Knife Riv Holding Co. Common Stock,50.470001220703125,60606322.95268631,3277251328.0,Basic Materials
KNSL,"Kinsale Capital Group, Inc. Common Stock",332.0350036621094,72959638.3058136,8283373568.0,Financial Services
KNTK,Kinetik Holdings Inc. Class A Common Stock,52.54499816894531,73398889.35327911,9194320896.0,Energy
KNX,Knight-Swift Transportation Holdings Inc.,66.95999908447266,252821571.53299752,11202495488.0,Industrials
KO,Coca-Cola Company (The) Common Stock,85.68000030517578,1347208115.5553956,381722165248.0,Consumer Defensive
KR,Kroger Company (The) Common Stock,59.0099983215332,490984886.4255854,34853502976.0,Consumer Defensive
KRC,Kilroy Realty Corporation Common Stock,33.70500183105469,49244782.76767807,4136913664.0,Real Estate
KRG,Kite Realty Group Trust Common Stock,24.4950008392334,52723984.33421993,5420374016.0,Real Estate
KRMN,Karman Holdings Inc. Common Stock,34.22999954223633,146869856.24736252,4663198720.0,Industrials
KSS,Kohl's Corporation Common Stock,18.90999984741211,67190155.38087997,1916243328.0,Consumer Cyclical
KT,KT Corporation Common Stock,18.875,25355583.590402223,9308572672.0,Communication Services
KTB,"Kontoor Brands, Inc. Common Stock ",64.63999938964844,49597382.41094818,3581725184.0,Consumer Cyclical
KVUE,Kenvue Inc. Common Stock,17.204999923706055,465382979.9710798,34160957440.0,Consumer Defensive
KVYO,"Klaviyo, Inc. Series A Common Stock",15.739999771118164,104232372.90972987,4567028224.0,Technology
KWR,Quaker Houghton Common Stock,161.3350067138672,22405406.718735505,2658245632.0,Basic Materials
L,Loews Corporation Common Stock,106.00499725341797,113491909.66679192,22262034432.0,Financial Services
LAD,"Lithia Motors, Inc. Common Stock",308.81500244140625,104889035.45768738,8013175808.0,Consumer Cyclical
LAZ,"Lazard, Inc. Common Stock",36.08000183105469,72185881.38937378,4209726976.0,Financial Services
LBRT,Liberty Energy Inc. Class A common stock,19.219999313354492,73648040.03185892,3420492032.0,Energy
LCII,LCI Industries,83.44000244140625,29947910.234210204,2287712768.0,Consumer Cyclical
LCLN,"Lincoln International, Inc. Class A Common Stock",23.7549991607666,23102329.794629477,826570151.9124832,
LDOS,"Leidos Holdings, Inc. Common Stock",118.26499938964844,158836326.14326477,16267834368.0,Technology
LEA,Lear Corporation Common Stock,121.5,80776286.8919632,8449336320.0,Consumer Cyclical
LEN,Lennar Corporation Class A Common Stock,79.80000305175781,453627241.06208116,18593490944.0,Consumer Cyclical
LEU,Centrus Energy Corp. Class A Common Stock,139.64999389648438,114630181.82218628,3398171136.0,Energy
LEVI,Levi Strauss & Co Class A Common Stock,19.875,50967160.938863374,7785526784.0,Consumer Cyclical
LH,Labcorp Holdings Inc. Common Stock,308.17999267578125,257831528.32644957,25907396608.0,Healthcare
LHX,"L3Harris Technologies, Inc. Common Stock",236.80999755859375,398506846.502121,46146777088.0,Industrials
LII,"Lennox International, Inc. Common Stock",357.75750732421875,177035951.0936981,12685495296.0,Industrials
LION,Lionsgate Studios Corp Common Shares,11.175000190734863,34342185.70495262,3313327104.0,nan
LLY,Eli Lilly and Company Common Stock,1145.3399658203125,2549102336.8652344,1003097554944.0,Healthcare
LMND,"Lemonade, Inc. Common Stock",46.29999923706055,51471262.65286064,3831132416.0,Financial Services
LMT,Lockheed Martin Corporation Common Stock,507.44000244140625,632472601.2712281,121435168768.0,Industrials
LNC,Lincoln National Corporation Common Stock,40.470001220703125,83067575.05465928,8365291008.0,Financial Services
LNG,"Cheniere Energy, Inc. Common Stock",269.2699890136719,608331203.9970887,57517694976.0,Energy
LOAR,Loar Holdings Inc. Common Stock,61.96500015258789,46010616.724936485,6135189504.0,Industrials
LOW,"Lowe's Companies, Inc. Common Stock",181.5500030517578,626457199.7670777,109540188160.0,Consumer Cyclical
LPG,Dorian LPG Ltd. Common Stock,57.48500061035156,35243950.7759079,2308553472.0,Energy
LPX,Louisiana-Pacific Corporation Common Stock,65.23999786376953,73454576.58524361,4601309696.0,Industrials
LRN,"Stride, Inc. Common Stock",78.69999694824219,56528101.96333313,3398140672.0,Consumer Defensive
LTC,"LTC Properties, Inc. Common Stock",43.099998474121094,27873687.50358925,2313357312.0,Real Estate
LTH,"Life Time Group Holdings, Inc. Common Stock",41.150001525878906,136901264.2770359,9236799488.0,Consumer Cyclical
LUMN,"Lumen Technologies, Inc. Common Stock",5.695000171661377,82424668.4056134,6887629312.0,Communication Services
LUV,Southwest Airlines Company Common Stock,42.45500183105469,249024758.6334656,18770917376.0,Industrials
LVS,Las Vegas Sands Corp. Common Stock,36.334999084472656,238268547.34262124,27585593344.0,Consumer Cyclical
LW,"Lamb Weston Holdings, Inc. Common Stock ",43.83000183105469,73719540.70788041,6538011136.0,Consumer Defensive
LXP,LXP Industrial Trust Common Stock (Maryland REIT),60.959999084472656,54335945.007959366,3582537984.0,Real Estate
LYB,LyondellBasell Industries NV Ordinary Shares Class A (Netherlands),58.66999816894531,222997616.135009,20973240320.0,Basic Materials
LYV,"Live Nation Entertainment, Inc. Common Stock",168.72500610351562,345347042.03957826,39638056960.0,Communication Services
LZB,La-Z-Boy Incorporated Common Stock,29.889999389648438,23658394.28591461,1240033792.0,Consumer Cyclical
M,Macy's Inc Common Stock,22.735000610351562,153522678.14895973,5492232192.0,Consumer Cyclical
MA,Mastercard Incorporated Common Stock,553.1749877929688,1528193109.6252503,495988178944.0,Financial Services
MAA,"Mid-America Apartment Communities, Inc. Common Stock",115.16999816894531,147487452.49150926,15167012864.0,Real Estate
MAC,Macerich Company (The) Common Stock,23.09000015258789,85370014.24527073,6778322944.0,Real Estate
MAIN,Main Street Capital Corporation Common Stock,55.13999938964844,25942509.03154373,5236473856.0,Financial Services
MAIR,Madison Air Solutions Corporation Class A Common Stock,25.079999923706055,65472883.76826153,12593237752.591988,
MAN,ManpowerGroup Common Stock,54.18000030517578,49064372.48866844,2681046016.0,Industrials
MANE,"Veradermics, Incorporated Common Stock",116.05500030517578,83565554.56429633,4110329600.0,Healthcare
MAS,Masco Corporation Common Stock,68.47000122070312,163432906.73648834,13288460288.0,Industrials
MATX,"Matson, Inc. Common Stock",230.8350067138672,70154413.78220215,6745472512.0,Industrials
MBC,"MasterBrand, Inc. Common Stock",7.014999866485596,23658097.135418583,1532283520.0,Consumer Cyclical
MBGL,Mobility Global Inc. Common Stock,17.149999618530273,77406063.96217346,5486400146.484375,
MC,Moelis & Company Class A Common Stock,56.22999954223633,52899598.21896801,4800442368.0,Financial Services
MCD,McDonald's Corporation Common Stock,232.3800048828125,1468749477.0802734,179408355328.0,Consumer Cyclical
MCK,McKesson Corporation Common Stock,902.5,768360570.137085,103541555200.0,Healthcare
MCO,Moody's Corporation Common Stock,441.04998779296875,371552303.0308014,81573445632.0,Financial Services
MCY,Mercury General Corporation Common Stock,102.47000122070312,31685965.185549926,5611975680.0,Financial Services
MDT,Medtronic plc. Ordinary Shares,85.9749984741211,1200061426.2872028,118229188608.0,Healthcare
MDU,"MDU Resources Group, Inc. Common Stock (Holding Company)",18.604999542236328,38530064.90058937,4070262016.0,Utilities
MET,"MetLife, Inc. Common Stock",94.81999969482422,292872491.6293213,61237731328.0,Financial Services
MFC,Manulife Financial Corporation Common Stock,42.9900016784668,69480491.28796539,72013504512.0,Financial Services
MFG,"Mizuho Financial Group, Inc. Sponosred ADR (Japan)",10.88010025024414,37886819.73350849,134130991104.0,Financial Services
MGA,"Magna International, Inc. Common Stock",64.77999877929688,70905419.33498994,17356687360.0,Consumer Cyclical
MGM,MGM Resorts International Common Stock,30.475000381469727,169315894.94497576,10259951616.0,Consumer Cyclical
MGY,Magnolia Oil & Gas Corporation Class A Common Stock,24.045000076293945,126192086.9131527,6644282368.0,Energy
MHK,"Mohawk Industries, Inc. Common Stock",126.5199966430664,138169997.0397831,8419173888.0,Consumer Cyclical
MHO,"M/I Homes, Inc. Common Stock",134.7449951171875,27295752.02682495,3494873344.0,Consumer Cyclical
MIAX,"Miami International Holdings, Inc. Common Stock",32.97999954223633,60859595.869281195,4269905408.0,Financial Services
MIR,"Mirion Technologies, Inc. Class A Common Stock",14.620100021362305,56699273.92416,4061885440.0,Industrials
MKC,"McCormick & Company, Incorporated Common Stock",44.560001373291016,183602489.1708208,13805527040.0,Consumer Defensive
MKL,Markel Group Inc. Common Stock,1737.56005859375,125236181.23789063,22080081920.0,Financial Services
MLI,"Mueller Industries, Inc. Common Stock",62.939998626708984,113231632.40970269,13496488960.0,Industrials
MLM,"Martin Marietta Materials, Inc. Common Stock",482.45660400390625,436122746.3592621,34980597760.0,Basic Materials
MMM,3M Company Common Stock,161.7899932861328,495985624.31730807,83438731264.0,Industrials
MMS,"Maximus, Inc. Common Stock",52.83000183105469,40782202.22461472,2958999040.0,Industrials
MO,"Altria Group, Inc.",67.36000061035156,525332888.3581276,115062054912.0,Consumer Defensive
MOD,Modine Manufacturing Company Common Stock,178.875,249764261.9602478,9597466624.0,Consumer Cyclical
MOH,Molina Healthcare Inc Common Stock,189.11000061035156,118785244.48113175,10483034112.0,Healthcare
MOS,Mosaic Company (The) Common Stock,21.155000686645508,200542250.9148596,8336813568.0,Basic Materials
MP,MP Materials Corp. Common Stock,46.650001525878906,264048949.39559707,9359238144.0,Basic Materials
MPC,Marathon Petroleum Corporation Common Stock,423.3299865722656,1207832154.3901565,115811270656.0,Energy
MRK,"Merck & Company, Inc. Common Stock (new)",144.25999450683594,1405778237.3449707,359503888384.0,Healthcare
MRP,"Millrose Properties, Inc. Class A Common Stock",24.610000610351562,64493619.984889604,5003023872.0,Real Estate
MRSH,Marsh Common Stock,170.0399932861328,480115227.1106659,84972232704.0,Financial Services
MS,Morgan Stanley Common Stock,190.59500122070312,1099497439.6071868,336438853632.0,Financial Services
MSA,MSA Safety Incorporated Common Stock,181.75999450683594,44003932.67148361,6984406016.0,Industrials
MSCI,MSCI Inc. Common Stock,537.1699829101562,316055771.162146,40147484672.0,Financial Services
MSGE,Madison Square Garden Entertainment Corp. Class A Common Stock,79.76000213623047,42550534.0558712,3614119680.0,Communication Services
MSGS,Madison Square Garden Sports Corp. Class A Common Stock (New),404.7550048828125,126681453.58516236,9484606464.0,Communication Services
MSI,"Motorola Solutions, Inc. Common Stock",447.9200134277344,388780110.085614,76466405376.0,Technology
MSM,"MSC Industrial Direct Company, Inc. Common Stock",130.4600067138672,91497444.63236007,6603266048.0,Industrials
MT,Arcelor Mittal NY Registry Shares NEW,64.44499969482422,92412938.22754097,56297676800.0,Basic Materials
MTB,M&T Bank Corporation Common Stock,219.3000030517578,243317236.8422737,34305638400.0,Financial Services
MTD,"Mettler-Toledo International, Inc. Common Stock",1487.1600341796875,295348267.59695435,25709309952.0,Healthcare
MTDR,Matador Resources Company Common Stock,53.560001373291016,102197560.09137192,7582420992.0,Energy
MTG,MGIC Investment Corporation Common Stock,27.09000015258789,74281830.51100731,6287075840.0,Financial Services
MTH,Meritage Homes Corporation Common Stock,63.79999923706055,57693709.88426037,4024174336.0,Consumer Cyclical
MTN,"Vail Resorts, Inc. Common Stock",140.33999633789062,148503546.50562897,4727143936.0,Consumer Cyclical
MTRN,Materion Corporation,313.9700012207031,64961512.47638092,5182180864.0,Basic Materials
MTZ,"MasTec, Inc. Common Stock",216.8699951171875,331559614.42315674,18856402944.0,Industrials
MUFG,"Mitsubishi UFJ Financial Group, Inc. Common Stock",22.795000076293945,69116146.5826869,263553744896.0,Financial Services
MUR,Murphy Oil Corporation Common Stock,37.709999084472656,63858204.3234539,5460669952.0,Energy
MUSA,Murphy USA Inc. Common Stock,516.1400146484375,129161885.3104004,9621652480.0,Consumer Cyclical
MUX,McEwen Inc. Common Stock,17.709999084472656,26069532.70855522,1198025984.0,Basic Materials
MWA,MUELLER WATER PRODUCTS Common Stock,21.760000228881836,33571620.229632184,3662708224.0,Industrials
NAD,Nuveen Quality Municipal Income Fund Common Stock,10.28499984741211,21425867.45148792,2559425280.0,Financial Services
NAT,Nordic American Tankers Limited Common Stock,8.414999961853027,38557298.71365514,1500253440.0,Energy
NATL,NCR Atleos Corporation Common Stock,45.459999084472656,37608181.02574082,3399185152.0,Technology
NCLH,Norwegian Cruise Line Holdings Ltd. Ordinary Shares,15.145000457763672,293658964.9166153,6704142848.0,Consumer Cyclical
NE,Noble Corporation plc A Ordinary Shares,40.470001220703125,52347189.07849045,7189487616.0,Energy
NEA,Nuveen AMT-Free Quality Municipal Income Fund Common Shares of Beneficial Interest Par Value $.01,10.09000015258789,26135707.13385906,3279593984.0,Financial Services
NEE,"NextEra Energy, Inc. Common Stock",76.65499877929688,968431374.2,172698550272.0,Utilities
NEM,Newmont Corporation,115.33000183105469,804448609.593045,132617715712.0,Basic Materials
NET,"Cloudflare, Inc. Class A Common Stock",348.6199951171875,1027565543.0187988,112029794304.0,Technology
NEU,NewMarket Corp Common Stock,927.125,106973512.42209473,7994343424.0,Basic Materials
NFG,National Fuel Gas Company Common Stock,76.72000122070312,68728793.25287934,7805578752.0,Energy
NG,Novagold Resources Inc.,6.545000076293945,41785383.66385937,3380804608.0,Basic Materials
NHC,National HealthCare Corporation Common Stock,227.4250030517578,23540081.252994537,3601494528.0,Healthcare
NHI,"National Health Investors, Inc. Common Stock",65.88500213623047,27111185.31517296,3482175232.0,Real Estate
NI,NiSource Inc Common Stock,39.46500015258789,225812794.8624792,20009644032.0,Utilities
NIC,Nicolet Bankshares Inc. Common Stock,166.61500549316406,26173445.159979247,3536580096.0,Financial Services
NJR,NewJersey Resources Corporation Common Stock,51.599998474121094,39554828.16975021,5372055552.0,Utilities
NKE,"Nike, Inc. Common Stock",33.85499954223633,1542595855.789832,54540828672.0,Consumer Cyclical
NLY,Annaly Capital Management Inc. Common Stock,18.565000534057617,246736927.86517733,16755070976.0,Real Estate
NNN,"NNN REIT, Inc. Common Stock",40.96500015258789,92264514.0479641,8506399232.0,Real Estate
NOC,Northrop Grumman Corporation Common Stock,480.80999755859375,481560559.03612673,73874194432.0,Industrials
NOG,"Northern Oil and Gas, Inc. Common Stock",23.825000762939453,50744543.79549427,2750032896.0,Energy
NOV,NOV Inc. Common Stock,18.895000457763672,64517581.934611514,7478910464.0,Energy
NOW,"ServiceNow, Inc. Common Stock",134.24000549316406,1595492348.7319322,136299208704.0,Technology
NPO,Enpro Inc. Common Stock,334.1199951171875,48519728.93317871,6236315648.0,Industrials
NRG,"NRG Energy, Inc. Common Stock",95.02999877929688,298714128.87381285,23699128320.0,Utilities
NSC,Norfolk Southern Corporation Common Stock,317.6050109863281,325622029.294162,73051619328.0,Industrials
NSP,"Insperity, Inc. Common Stock",46.520999908447266,22315313.660680007,1914729088.0,Industrials
NTR,Nutrien Ltd. Common Shares,70.0199966430664,199739027.3982296,38463131648.0,Basic Materials
NTST,NetSTREIT Corp. Common Stock,17.485000610351562,30683925.22894783,1955408512.0,Real Estate
NU,Nu Holdings Ltd. Class A Ordinary Shares,13.395000457763672,1040685361.2822313,72025571328.0,Financial Services
NUE,Nucor Corporation Common Stock,240.6699981689453,309944870.629969,57782968320.0,Basic Materials
NUVB,Nuvation Bio Inc. Class A Common Stock,5.065000057220459,29371731.24237418,2231388160.0,Healthcare
NVO,Novo Nordisk A/S Common Stock,37.33000183105469,564190171.4153808,196708450304.0,Healthcare
NVR,"NVR, Inc. Common Stock",5985.18017578125,252025643.54707032,16155154432.0,Consumer Cyclical
NVS,Novartis AG Common Stock,140.83999633789062,345280067.2769089,262564757504.0,Healthcare
NVST,Envista Holdings Corporation Common Stock,23.530000686645508,74095064.64936018,4171241984.0,Healthcare
NVT,nVent Electric plc Ordinary Shares ,169.7899932861328,305255251.842498,25324294144.0,Industrials
NXE,Nexgen Energy Ltd. Common Shares,9.01200008392334,38837942.92275701,6870553600.0,Energy
NYT,New York Times Company (The) Common Stock,62.41999816894531,238232562.8064743,10673747968.0,Communication Services
O,Realty Income Corporation Common Stock,53.91999816894531,502429724.1480812,56896094208.0,Real Estate
OBDC,Blue Owl Capital Corporation Common Stock,10.3149995803833,34933075.16597752,5441827840.0,Financial Services
OC,Owens Corning Inc Common Stock New,118.33499908447266,144206762.9484272,9885828096.0,Industrials
OGE,OGE Energy Corp Common Stock,45.22999954223633,83947677.95410462,9660382208.0,Utilities
OGN,Organon & Co. Common Stock ,13.75,32321775.520581245,3585931776.0,Healthcare
OGS,"ONE Gas, Inc. Common Stock",72.61000061035156,46720845.78235169,4948359680.0,Utilities
OHI,"Omega Healthcare Investors, Inc. Common Stock",45.6150016784668,96746417.28291377,15066431488.0,Real Estate
OI,"O-I Glass, Inc. Common Stock",5.605000019073486,22135163.819344617,1004934720.0,Consumer Cyclical
OII,"Oceaneering International, Inc. Common Stock",44.224998474121094,42976575.287863925,4965036544.0,Energy
OKE,"ONEOK, Inc. Common Stock",87.83499908447266,342713610.4543537,60001177600.0,Energy
OKLO,Oklo Inc. Class A common stock,35.689998626708984,386759728.69797325,7595100672.0,Utilities
OLN,Olin Corporation Common Stock,15.914999961853027,45546336.01928024,1981015552.0,Basic Materials
OMC,Omnicom Group Inc. Common Stock,74.02999877929688,248791359.66253662,22518341632.0,Communication Services
OMF,"OneMain Holdings, Inc. Common Stock",55.97999954223633,55854034.18839951,7137172992.0,Financial Services
ONON,On Holding AG Class A Ordinary Shares,30.875,347101129.54058725,8925203456.0,Consumer Cyclical
ONTO,Onto Innovation Inc. Common Stock,328.80999755859375,228346221.9991455,16471543808.0,Technology
OPLN,"OPENLANE, Inc. Common Stock",35.54999923706055,39071898.9806303,4263289856.0,Consumer Cyclical
OR,OR Royalties Inc. Common Shares,34.40999984741211,29098022.91097641,6741058560.0,Basic Materials
ORA,"Ormat Technologies, Inc. Common Stock",92.48999786376953,95680150.5813984,6042074112.0,Utilities
ORC,"Orchid Island Capital, Inc. Common Stock",5.105000019073486,33912767.723139,1271372800.0,Real Estate
ORCL,Oracle Corporation Common Stock,142.69000244140625,5220459168.547193,453069275136.0,Technology
ORI,Old Republic International Corporation Common Stock,38.029998779296875,61036920.64204178,9928905728.0,Financial Services
OSCR,"Oscar Health, Inc. Class A Common Stock",31.079999923706055,169817575.53113118,9894417408.0,Healthcare
OSK,Oshkosh Corporation (Holding Company)Common Stock,133.9149932861328,90433144.64027481,9200559104.0,Industrials
OTF,Blue Owl Technology Finance Corp. Common Stock,9.574999809265137,20690587.917275906,4914038272.0,Financial Services
OTIS,Otis Worldwide Corporation Common Stock ,63.904998779296875,329282322.80837095,26037784576.0,Industrials
OUT,OUTFRONT Media Inc. Common Stock,28.670000076293945,48243556.318007275,5023377408.0,Real Estate
OVV,Ovintiv Inc. (DE),60.34000015258789,209285599.27723256,17622185984.0,Energy
OWL,Blue Owl Capital Inc. Class A Common Stock,9.079999923706055,186574773.41446638,16596343808.0,Financial Services
OXY,Occidental Petroleum Corporation Common Stock,57.880001068115234,548447955.8857641,60608016384.0,Energy
P,"Everpure, Inc. Class A common stock",140.3800048828125,842008131.1342881,31789881344.0,Technology
PAAS,Pan American Silver Corp. Common Stock,45.29499816894531,156561787.18156815,21145518080.0,Basic Materials
PAC,"Grupo Aeroportuario Del Pacifico, S.A. B. de C.V. Grupo Aeroportuario Del Pacifico, S.A. de C.V. (each representing 10 Series B shares)",201.05499267578125,29982588.970809937,12445698048.0,Industrials
PACS,"PACS Group, Inc. Common Stock",42.79499816894531,33533535.788928222,7126214144.0,Healthcare
PAG,"Penske Automotive Group, Inc. Common Stock",204.16000366210938,85558928.89568329,14248186880.0,Consumer Cyclical
PAGS,PagSeguro Digital Ltd. Class A Common Shares,8.930000305175781,28769075.49343147,2664118784.0,Technology
PARR,"Par Pacific Holdings, Inc.  Common Stock",84.83000183105469,78227544.2366188,4140734208.0,Energy
PATH,"UiPath, Inc. Class A Common Stock",13.055000305175781,707858587.9333925,7064262144.0,Technology
PAY,"Paymentus Holdings, Inc. Class A Common Stock",30.700000762939453,37159652.19233227,4434964480.0,Technology
PAYC,"Paycom Software, Inc. Common Stock",221.0749969482422,165979729.99606323,9792260096.0,Technology
PB,"Prosperity Bancshares, Inc. Common Stock",67.53500366210938,80846125.48570862,8512120832.0,Financial Services
PBA,Pembina Pipeline Corp. Ordinary Shares (Canada),45.91999816894531,53067900.10331192,28124000256.0,Energy
PBF,PBF Energy Inc. Class A Common Stock,81.19999694824219,298410234.16565627,9196088320.0,Energy
PBH,Prestige Consumer Healthcare Inc. Common Stock,45.54999923706055,28738823.12205658,2324194048.0,Healthcare
PBI,Pitney Bowes Inc. Common Stock,16.684999465942383,30228251.007379055,2325049856.0,Industrials
PBR,Petroleo Brasileiro S.A. Petrobras ADS,21.610000610351562,437853371.3894714,135106142208.0,Energy
PCG,Pacific Gas & Electric Co. Common Stock,12.305000305175781,535779404.1620083,31361705984.0,Utilities
PCOR,"Procore Technologies, Inc. Common Stock",50.93000030517578,137009837.51650962,8114415616.0,Technology
PD,"PagerDuty, Inc. Common Stock",15.414999961853027,24065470.76338458,1064423744.0,Technology
PDI,PIMCO Dynamic Income Fund Common Stock,14.414999961853027,66665925.37066822,7159077888.0,Financial Services
PEB,Pebblebrook Hotel Trust Common Shares of Beneficial Interest,19.05500030517578,39715138.0068119,2009514496.0,Real Estate
PEG,Public Service Enterprise Group Incorporated Common Stock,68.04989624023438,238490201.9616089,36255371264.0,Utilities
PEN,"Penumbra, Inc. Common Stock",317.739990234375,120115020.34127808,12560302080.0,Healthcare
PFE,"Pfizer, Inc. Common Stock",27.78969955444336,891902090.503944,156769517568.0,Healthcare
PFGC,Performance Food Group Company Common Stock,93.81999969482422,137655134.6854782,14896751616.0,Consumer Defensive
PFS,"Provident Financial Services, Inc Common Stock",22.579999923706055,20170144.170822717,2987982080.0,Financial Services
PFSI,"PennyMac Financial Services, Inc. Common Stock",61.849998474121094,40124283.90651665,3625394944.0,Financial Services
PG,Procter & Gamble Company (The) Common Stock,144.88499450683594,1146771389.6859367,330941169664.0,Consumer Defensive
PGR,Progressive Corporation (The) Common Stock,209.4199981689453,593180737.2710197,125999923200.0,Financial Services
PH,Parker-Hannifin Corporation Common Stock,976.0900268554688,547528706.9223969,118145556480.0,Industrials
PHG,Koninklijke Philips N.V. NY Registry Shares,23.915000915527344,20056832.240576934,24025165824.0,Healthcare
PHIN,PHINIA Inc. Common Stock,60.06999969482422,26761485.618383408,2426540800.0,Consumer Cyclical
PHM,"PulteGroup, Inc. Common Stock",115.62999725341797,202849063.47341728,21888786432.0,Consumer Cyclical
PII,Polaris Inc. Common Stock,53.970001220703125,45220773.2335762,3319467008.0,Consumer Cyclical
PINS,"Pinterest, Inc. Class A Common Stock",19.15999984741211,281724405.5292444,10404922368.0,Communication Services
PIPR,Piper Sandler Companies Common Stock,65.44999694824219,59673488.3930336,5400623104.0,Financial Services
PJT,PJT Partners Inc. Class A Common Stock,138.7050018310547,66514352.92882004,7480708096.0,Financial Services
PK,Park Hotels & Resorts Inc. Common Stock ,15.529999732971191,46854451.92871213,3085509888.0,Real Estate
PKG,Packaging Corporation of America Common Stock,228.8300018310547,141699149.033918,20363415552.0,Consumer Cyclical
PL,Planet Labs PBC Class A Common Stock,17.55500030517578,210389077.101252,6323677696.0,Industrials
PLD,"Prologis, Inc. Common Stock",128.8699951171875,471463009.876181,132243308544.0,Real Estate
PLNT,"Planet Fitness, Inc. Common Stock",42.40999984741211,124009863.2012333,3727989504.0,Consumer Cyclical
PM,Philip Morris International Inc Common Stock,188.3249969482422,835234882.6954368,296682061824.0,Consumer Defensive
PNC,"PNC Financial Services Group, Inc. (The) Common Stock",221.08999633789062,408773865.6919891,95730524160.0,Financial Services
PNFP,"Pinnacle Financial Partners, Inc. Common stock",96.06999969482422,100590219.11832123,14821128192.0,Financial Services
PNR,Pentair plc. Ordinary Share,53.08000183105469,141329672.6600174,9104856064.0,Industrials
PNW,Pinnacle West Capital Corporation Common Stock,96.41999816894531,113824600.7195015,11776735232.0,Utilities
POR,Portland General Electric Co Common Stock,44.54999923706055,70756040.02237129,5756899328.0,Utilities
POST,"Post Holdings, Inc. Common Stock",72.72000122070312,72890447.04955292,3649374208.0,Consumer Defensive
PPG,"PPG Industries, Inc. Common Stock",105.5374984741211,185809233.77577934,23201452032.0,Basic Materials
PPL,PPL Corporation Common Stock,32.82500076293945,235680618.61788863,25785948160.0,Utilities
PR,Permian Resources Corporation Class A Common Stock,22.1299991607666,233720468.37553996,19741218816.0,Energy
PRG,"PROG Holdings, Inc. Common Stock",31.110000610351562,22977126.14542961,1484923136.0,Industrials
PRGO,Perrigo Company plc Ordinary Shares,14.274999618530273,40576343.63781528,1972604928.0,Healthcare
PRI,"Primerica, Inc. Common Stock",275.92999267578125,55793496.32279358,8894346240.0,Financial Services
PRIM,Primoris Services Corporation Common Stock,78.66999816894531,98202936.01786499,3929221632.0,Industrials
PRKS,United Parks & Resorts Inc. Common Stock,32.599998474121094,26012337.339215852,1754481920.0,Consumer Cyclical
PRLB,"Proto Labs, Inc. Common stock",99.30000305175781,21312675.248241425,1904182912.0,Industrials
PRM,"Perimeter Solutions, SA Common Stock",27.690000534057617,39334638.65492821,5041557504.0,Basic Materials
PRMB,Primo Brands Corporation Class A Common Stock,19.514999389648438,80707607.18706894,7474137600.0,Consumer Defensive
PRU,"Prudential Financial, Inc. Common Stock",112.53500366210938,179656584.05140075,40733011968.0,Financial Services
PS,Pershing Square Inc. Common Stock,51.744998931884766,35922193.64520188,20697999572.753906,
PSA,Public Storage Common Stock,284.3500061035156,250258600.8755539,55009312768.0,Real Estate
PSN,Parsons Corporation Common Stock,40.845001220703125,53602495.61290894,4914917376.0,Technology
PSX,Phillips 66 Common Stock,265.82501220703125,857295749.7665985,103669628928.0,Energy
PTY,Pimco Corporate & Income Opportunity Fund,11.0649995803833,22034227.948238563,2545682176.0,Financial Services
PUK,Prudential Public Limited Company Common Stock,24.565000534057617,27250836.94697094,33265719296.0,Financial Services
PUMP,ProPetro Holding Corp. Common Stock,9.260000228881836,41159443.59488688,1419230464.0,Energy
PVH,PVH Corp. Common Stock,75.70500183105469,68453421.3370575,3151675136.0,Consumer Cyclical
PWR,"Quanta Services, Inc. Common Stock",677.64501953125,517822600.4614624,93624844288.0,Industrials
Q,"Qnity Electronics, Inc. Common Stock",131.64999389648438,179229180.37046203,26025050112.0,Technology
QGEN,Qiagen N.V. Common Shares,44.810001373291016,89521931.57287598,8714089472.0,Healthcare
QSR,Restaurant Brands International Inc. Common Shares,69.87999725341797,248750028.3930977,35166887936.0,Consumer Cyclical
QTWO,"Q2 Holdings, Inc. Common Stock",56.470001220703125,36169040.357924655,3750011392.0,Technology
QXO,"QXO, Inc. Common Stock",12.015000343322754,241219116.77945113,12798277632.0,Industrials
R,"Ryder System, Inc. Common Stock",237.5,59881718.45245361,9378493440.0,Industrials
RACE,Ferrari N.V. Common Shares,388.7900085449219,167269547.5547928,71747018752.0,Consumer Cyclical
RAL,Ralliant Corporation Common Stock,73.41000366210938,97083015.77412339,7314411008.0,Technology
RAMP,"LiveRamp Holdings, Inc. Common Stock",37.665000915527344,50966879.52212791,2296530688.0,Technology
RBA,"RB Global, Inc. Common Stock",82.07499694824219,138910388.15660173,15107065856.0,Industrials
RBC,RBC Bearings Incorporated Common Stock,516.3400268554688,157161115.4354248,15092753408.0,Industrials
RBLX,Roblox Corporation Class A Common Stock,44.02750015258789,550459399.3421307,32082622464.0,Communication Services
RBRK,"Rubrik, Inc. Class A Common Stock",118.66999816894531,317465611.0744934,18872420352.0,Technology
RCI,"Rogers Communication, Inc. Common Stock",30.920000076293945,43171076.71039724,19669602304.0,Communication Services
RCL,Royal Caribbean Cruises Ltd. Common Stock,278.6400146484375,817974306.1910431,69270085632.0,Consumer Cyclical
RCUS,"Arcus Biosciences, Inc. Common Stock",24.40999984741211,44964798.363479614,3524587776.0,Healthcare
RDDT,"Reddit, Inc. Class A Common Stock",147.98500061035156,722911147.5257492,29661751296.0,Communication Services
RDN,Radian Group Inc. Common Stock,32.57500076293945,54579778.72668686,4768139776.0,Financial Services
RDW,Redwire Corporation Common Stock,10.845000267028809,147049214.91608232,2783667712.0,Industrials
RDY,Dr. Reddy's Laboratories Ltd Common Stock,12.28499984741211,37914683.158979416,9779281920.0,Healthcare
REXR,"Rexford Industrial Realty, Inc. Common Stock",36.834999084472656,108862946.61647263,8480086528.0,Real Estate
REZI,"Resideo Technologies, Inc. Common Stock ",18.479999542236328,38588413.8161541,2878266880.0,Industrials
RF,Regions Financial Corporation Common Stock,27.125,259501288.1876896,25238413312.0,Financial Services
RGA,"Reinsurance Group of America, Incorporated Common Stock",248.72000122070312,84372144.70204774,16100125696.0,Financial Services
RH,RH Common Stock,120.69000244140625,113274023.947052,2639166976.0,Consumer Cyclical
RHI,Robert Half Inc. Common Stock,35.95500183105469,66618051.248040006,3919890432.0,Industrials
RHP,"Ryman Hospitality Properties, Inc. (REIT)",121.65249633789062,70274751.71978302,8448505856.0,Real Estate
RIG,Transocean Ltd (Switzerland) Common Stock,5.159900188446045,243490820.84990063,6343879168.0,Energy
RIO,Rio Tinto Plc Common Stock,94.08999633789062,169046560.08695984,161123418112.0,Basic Materials
RITM,Rithm Capital Corp. Common Stock,8.71500015258789,58071031.27370167,5419340288.0,Real Estate
RJF,"Raymond James Financial, Inc. Common Stock",157.92999267578125,210866604.2086792,33728702464.0,Financial Services
RKT,"Rocket Companies, Inc. Class A Common Stock",11.694999694824219,465286346.5388945,36924616704.0,Financial Services
RL,Ralph Lauren Corporation Common Stock,363.5799865722656,231748598.2734085,20153395200.0,Consumer Cyclical
RLI,RLI Corp. Common Stock (DE),55.869998931884766,41250833.64133835,5617425408.0,Financial Services
RMD,ResMed Inc. Common Stock,219.47000122070312,269802252.92516786,31678527488.0,Healthcare
RNG,"RingCentral, Inc. Class A Common Stock",78.16000366210938,114243518.82052001,5784889344.0,Technology
RNR,RenaissanceRe Holdings Ltd. Common Stock,324.6099853515625,101883304.11224365,13477356544.0,Financial Services
RNST,Renasant Corporation Common Stock,40.04499816894531,29153822.322222136,3664176640.0,Financial Services
ROG,Rogers Corporation Common Stock,160.97000122070312,37199341.312301636,2356720640.0,Technology
ROK,"Rockwell Automation, Inc. Common Stock",454.4100036621094,287919544.0920776,46206795776.0,Industrials
ROL,"Rollins, Inc. Common Stock",30.065000534057617,251292176.03807372,16791975936.0,Consumer Cyclical
RPM,RPM International Inc. Common Stock,99.43000030517578,92465975.11731263,12540924928.0,Basic Materials
RRC,Range Resources Corporation Common Stock,38.2599983215332,104397140.78964233,9622922240.0,Energy
RRX,Regal Rexnord Corporation Common Stock,160.75999450683594,176082331.8818039,10371350528.0,Industrials
RS,"Reliance, Inc. Common Stock",399.94500732421875,105907568.8430542,20048003072.0,Basic Materials
RSG,"Republic Services, Inc. Common Stock",209.89999389648438,337754094.62933195,68453916672.0,Industrials
RSI,"Rush Street Interactive, Inc. Class A Common Stock",19.959999084472656,84648587.9198536,6136717824.0,Consumer Cyclical
RTX,RTX Corporation Common Stock,185.1699981689453,744218426.7276726,266303651840.0,Industrials
RVTY,"Revvity, Inc. Common Stock",151.97000122070312,318493980.4475647,13511996416.0,Healthcare
RXO,"RXO, Inc. Common Stock",23.649999618530273,37372649.14145937,3237499648.0,Industrials
RY,Royal Bank Of Canada Common Stock,195.5399932861328,199225880.4516899,285947068416.0,Financial Services
RYAN,"Ryan Specialty Holdings, Inc. Class A Common Stock",37.720001220703125,83173605.73495865,10113654784.0,Financial Services
RYN,Rayonier Inc. REIT Common Stock,18.065000534057617,69933573.6781067,6058307072.0,Real Estate
S,"SentinelOne, Inc. Class A Common Stock",24.985000610351562,195087435.66958657,6814801920.0,Technology
SAH,"Sonic Automotive, Inc. Common Stock",63.02000045776367,23621130.14287281,2378539520.0,Consumer Cyclical
SAM,"Boston Beer Company, Inc. (The) Common Stock",166.57000732421875,45357993.23664246,1691247104.0,Consumer Defensive
SAN,"Banco Santander, S.A. Sponsored ADR (Spain)",13.352499961853027,103741867.96055384,212532477952.0,Financial Services
SAP,SAP  SE ADS,207.8000030517578,393203224.42328036,238666366976.0,Technology
SARO,"StandardAero, Inc. Common Stock",21.104999542236328,90525950.77448483,7958611968.0,Industrials
SBH,"Sally Beauty Holdings, Inc. (Name to be changed from Sally Holdings, Inc.) Common Stock",16.450000762939453,21133991.319743536,1491403136.0,Consumer Cyclical
SBSW,D/B/A Sibanye-Stillwater Limited ADS,9.96500015258789,57919515.70779991,9114466304.0,Basic Materials
SCCO,Southern Copper Corporation Common Stock,205.23500061035156,207228552.627771,164638998528.0,Basic Materials
SCHW,Charles Schwab Corporation (The) Common Stock,96.63999938964844,866733362.1794975,185393430528.0,Financial Services
SCI,Service Corporation International Common Stock,76.9000015258789,78452763.25779037,10919682048.0,Consumer Cyclical
SDEV,Stablecoin Development Corporation Common Stock,7.255000114440918,105685235.93648453,364681280.9781742,
SDRL,Seadrill Limited Common Shares,43.93000030517578,28014878.84716797,2980725248.0,Energy
SEB,Seaboard Corporation Common Stock,4024.625,44663062.691748045,4136075008.0,Industrials
SECZ,Securitize Corp. Common Stock,12.819999694824219,63120520.66601114,2086535410.7033587,
SEI,"Solaris Energy Infrastructure, Inc. Class A Common Stock",74.79000091552734,189835108.4918499,6486374912.0,Energy
SF,Stifel Financial Corporation Common Stock,70.2300033569336,105364980.76803474,12122418176.0,Financial Services
SFBS,"ServisFirst Bancshares, Inc. Common Stock",40.224998474121094,28977145.94542732,4560780800.0,Financial Services
SG,"Sweetgreen, Inc. Class A Common Stock",9.095000267028809,41066613.316330954,802933632.0,Consumer Cyclical
SGHC,Super Group (SGHC) Limited Ordinary Shares,11.170000076293945,34669463.18197918,6975894016.0,Consumer Cyclical
SGI,Somnigroup International Inc. Common Stock,62.35499954223633,201306070.3717207,13848360960.0,Consumer Cyclical
SHAK,"Shake Shack, Inc. Class A Common Stock",61.07500076293945,90342204.328866,2701423360.0,Consumer Cyclical
SHO,"Sunstone Hotel Investors, Inc. Sunstone Hotel Investors, Inc. Common Shares",11.395000457763672,21055515.246236227,2043523840.0,Real Estate
SHW,Sherwin-Williams Company (The) Common Stock,320.1000061035156,546792257.352382,76903358464.0,Basic Materials
SIG,Signet Jewelers Limited Common Shares,100.61000061035156,117386352.02350922,3672324608.0,Consumer Cyclical
SITE,"SiteOne Landscape Supply, Inc. Common Stock",89.44000244140625,98489519.51136017,4234758656.0,Industrials
SJM,The J.M. Smucker Company Common Stock,116.8499984741211,156552193.63458365,13067680768.0,Consumer Defensive
SKM,"SK Telecom Co., Ltd. Common Stock",36.599998474121094,40864689.85083389,14161703936.0,Communication Services
SKT,Tanger Inc. Common Stock,35.025001525878906,31998719.627005387,4384681472.0,Real Estate
SKY,"Champion Homes, Inc. Common Stock",87.86499786376953,44592196.52147369,4369279488.0,Consumer Cyclical
SLB,SLB Limited Common Shares,48.619998931884766,716888543.2083552,82013749248.0,Energy
SLF,Sun Life Financial Inc. Common Stock,78.6259994506836,40417520.57322197,43777249280.0,Financial Services
SLG,SL Green Realty Corp Common Stock,48.900001525878906,43230905.86907234,4000609536.0,Real Estate
SLGN,Silgan Holdings Inc. Common Stock,34.880001068115234,47399709.708037,4023842816.0,Consumer Cyclical
SM,SM Energy Company Common Stock,35.2400016784668,147727165.28073025,9012290560.0,Energy
SMA,"SmartStop Self Storage REIT, Inc. Common Stock",32.43000030517578,24545606.702070236,1772912384.0,Real Estate
SMG,Scotts Miracle-Gro Company (The) Common Stock,48.9900016784668,57384611.37974453,3256259840.0,Basic Materials
SMR,NuScale Power Corporation Class A Common Stock,7.729899883270264,330118917.44464934,4218516992.0,Industrials
SN,"SharkNinja, Inc. Ordinary Shares",181.7449951171875,347746769.17652893,23572742144.0,Consumer Cyclical
SNA,Snap-On Incorporated Common Stock,368.75,107386879.12185669,19337668608.0,Industrials
SNAP,Snap Inc. Class A Common Stock,5.599899768829346,179014871.57995826,9014252544.0,Communication Services
SNDR,"Schneider National, Inc. Common Stock",32.76499938964844,22340154.609884262,5956724224.0,Industrials
SNN,"Smith & Nephew SNATS, Inc. Common Stock",26.450000762939453,38444278.715509795,11621750784.0,Healthcare
SNOW,Snowflake Inc. Common Stock,339.7349853515625,1465584903.6606934,119839105024.0,Technology
SNX,TD SYNNEX Corporation Common Stock,278.4599914550781,302229728.8922745,20662140928.0,Technology
SO,Southern Company (The) Common Stock,83.66000366210938,542519310.5215317,102083207168.0,Utilities
SOBO,South Bow Corporation Common Shares,33.86000061035156,26275093.82742386,7590521856.0,Energy
SOLV,Solventum Corporation Common Stock,88.23999786376953,75527942.42396697,15172040704.0,Healthcare
SON,Sonoco Products Company Common Stock,48.665000915527344,58555008.891563036,4779312640.0,Consumer Cyclical
SPB,"Spectrum Brands Holdings, Inc. Common Stock",78.1449966430664,24667670.358914185,1959684736.0,Consumer Defensive
SPG,"Simon Property Group, Inc. Common Stock",200.80999755859375,253155261.37157592,78441603072.0,Real Estate
SPGI,S&P Global Inc. Common Stock,385.510009765625,766423905.1858276,122648592384.0,Financial Services
SPHR,Sphere Entertainment Co. Class A Common Stock,127.79000091552734,70459742.63557816,5012821504.0,Communication Services
SPNT,SiriusPoint Ltd. Common Shares,24.420000076293945,27282349.31088419,2828618240.0,Financial Services
SPOT,Spotify Technology S.A. Ordinary Shares,471.79998779296875,739997413.1612885,108032786432.0,Communication Services
SPXC,"SPX Technologies, Inc. Common Stock",173.6649932861328,109957622.64758377,9467153408.0,Industrials
SQM,Sociedad Quimica y Minera S.A. Common Stock,64.58499908447266,69884567.10632324,20675895296.0,Basic Materials
SR,Spire Inc. Common Stock,77.52999877929688,43593529.55886841,4815624704.0,Utilities
SRE,DBA Sempra Common Stock,78.25,274859940.5469391,55483445248.0,Utilities
SSB,SouthState Bank Corporation Common Stock,102.05999755859375,65699169.26314087,10146445312.0,Financial Services
SSD,"Simpson Manufacturing Company, Inc. Common Stock",173.5399932861328,52693656.19899063,7100595712.0,Basic Materials
ST,Sensata Technologies Holding plc Ordinary Shares,43.435001373291016,55976598.500852585,6064478720.0,Technology
STAG,"Stag Industrial, Inc. Common Stock",36.08000183105469,59585114.66740723,7323025408.0,Real Estate
STE,STERIS plc (Ireland) Ordinary Shares,207.77000427246094,137939038.8048668,20811399168.0,Healthcare
STM,STMicroelectronics N.V. Common Stock,57.28110122680664,454080485.4070675,44727738368.0,Technology
STN,Stantec Inc Common Stock,67.58999633789062,23799134.15072479,7914063360.0,Industrials
STNG,Scorpio Tankers Inc. Common Shares,86.1500015258789,97202484.85588837,4194313216.0,Energy
STT,State Street Corporation Common Stock,175.80999755859375,383849806.8448059,52750979072.0,Financial Services
STUB,"StubHub Holdings, Inc. Class A Common Stock",5.375,39843211.41913471,2279166720.0,Communication Services
STWD,"STARWOOD PROPERTY TRUST, INC. Starwood Property Trust Inc.",13.015000343322754,72428210.54261017,5930092032.0,Real Estate
STZ,"Constellation Brands, Inc. Common Stock",112.95999908447266,267462798.94445458,20879124480.0,Consumer Defensive
SU,Suncor Energy  Inc. Common Stock,69.46499633789062,289453148.15426177,80441278464.0,Energy
SUI,"Sun Communities, Inc. Common Stock",110.75,121817440.7124527,14854868992.0,Real Estate
SUNB,"Sunbelt Rentals Holdings, Inc. Common Stock",76.7300033569336,473323136.6570797,59548389376.0,Industrials
SVM,Silvercorp Metals Inc. Common Shares,10.520000457763672,20389478.15783596,2696504832.0,Basic Materials
SW,Smurfit WestRock plc Ordinary Shares,42.56999969482422,190464800.51934814,22197809152.0,Consumer Cyclical
SWK,"Stanley Black & Decker, Inc. Common Stock",91.36499786376953,153996316.82754058,13472194560.0,Industrials
SWX,"Southwest Gas Holdings, Inc. Common Stock (DE)",82.7249984741211,68676765.61855468,6376684032.0,Utilities
SXI,Standex International Corporation Common Stock,289.3550109863281,38559037.255859375,3242305536.0,Industrials
SXT,Sensient Technologies Corporation Common Stock,128.8000030517578,42144450.77973785,5615483904.0,Basic Materials
SYF,Synchrony Financial Common Stock,71.94000244140625,213725307.51888275,24510187520.0,Financial Services
SYK,Stryker Corporation Common Stock,274.7900085449219,867608130.4592987,105480282112.0,Healthcare
SYY,Sysco Corporation Common Stock,77.43000030517578,384387075.20078087,39180472320.0,Consumer Defensive
T,AT&T Inc.,24.295000076293945,950053899.3775927,175455338496.0,Communication Services
TAC,TransAlta Corporation Ordinary Shares,12.3100004196167,22796034.628212117,3825648640.0,Utilities
TALO,"Talos Energy, Inc. Common Stock",16.719999313354492,34837017.76109743,2886833152.0,Energy
TAP,Molson Coors Beverage Company Class B Common Stock,36.77000045776367,211588756.34145164,7087113728.0,Consumer Defensive
TBBB,BBB Foods Inc. Class A Common Shares,52.5099983215332,32673859.16335411,6164375040.0,Consumer Defensive
TD,Toronto Dominion Bank (The) Common Stock,117.94000244140625,179807477.0832672,194589573120.0,Financial Services
TDC,Teradata Corporation Common Stock,30.045000076293945,43683155.18838835,2560290048.0,Technology
TDG,Transdigm Group Incorporated Common Stock,1090.27001953125,437951053.1224365,63256412160.0,Industrials
TDOC,"Teladoc Health, Inc. Common Stock",5.485000133514404,20272730.114823055,1117356672.0,Healthcare
TDS,"Telephone and Data Systems, Inc. Common Shares",35.54999923706055,59068596.37039471,4294978048.0,Communication Services
TDW,Tidewater Inc. Common Stock,82.08499908447266,48544787.8959713,4533290496.0,Energy
TDY,Teledyne Technologies Incorporated Common Stock,617.6300048828125,166723939.65499878,27739338752.0,Technology
TECK,Teck Resources Ltd Ordinary Shares,68.37000274658203,201873564.12501946,31864469504.0,Basic Materials
TEL,TE Connectivity plc Ordinary Shares,220.32749938964844,380066667.8364563,58209939456.0,Technology
TEN,Tsakos Energy Navigation Ltd Common Shares,50.11000061035156,27157172.40095062,1378940416.0,Energy
TEVA,Teva Pharmaceutical Industries Limited Ordinary Shares,39.459999084472656,203125356.1396683,46021906625.007195,
TEX,Terex Corporation Common Stock,56.79499816894531,68091610.77151565,6865429504.0,Industrials
TFC,Truist Financial Corporation Common Stock,46.47999954223633,380833326.33909035,60800339968.0,Financial Services
TFII,TFI International Inc. Common Shares,118.61499786376953,30557995.360839844,10927974400.0,Industrials
TFX,Teleflex Incorporated Common Stock,124.41999816894531,105150102.14590988,5685952000.0,Healthcare
TGB,Trekor Metals Limited Common Shares,8.890000343322754,46576132.57402949,2992240896.0,Basic Materials
TGT,Target Corporation Common Stock,155.3249969482422,526822159.0908577,71164755968.0,Consumer Defensive
THC,Tenet Healthcare Corporation Common Stock,258.8800048828125,191565166.08950806,21326260224.0,Healthcare
THG,Hanover Insurance Group Inc,219.77000427246094,71061810.70942001,7850740736.0,Financial Services
THO,"Thor Industries, Inc. Common Stock",69.5199966430664,63100053.47271919,3729910784.0,Consumer Cyclical
TJX,"TJX Companies, Inc. (The) Common Stock",133.05999755859375,1170790959.6718369,139493785600.0,Consumer Cyclical
TKO,"TKO Group Holdings, Inc. Class A Common Stock",175.0,226036653.87680054,35820240896.0,Communication Services
TKR,Timken Company (The) Common Stock,122.71499633789062,112808703.7184906,8124951040.0,Industrials
TM,Toyota Motor Corporation Common Stock,181.75860595703125,58190931.45699463,228169056256.0,Consumer Cyclical
TMO,Thermo Fisher Scientific Inc Common Stock,655.1599731445312,1482116190.2389495,221718970368.0,Healthcare
TNET,"TriNet Group, Inc. Common Stock",63.14500045776367,20471576.325120162,3054730496.0,Industrials
TNK,Teekay Tankers Ltd.,103.3125,47826985.00776062,3337415936.0,Energy
TNL,Travel   Leisure Co. Common  Stock,62.810001373291016,46231112.16999626,3993447168.0,Consumer Cyclical
TOL,"Toll Brothers, Inc. Common Stock",136.6300048828125,157412441.48080444,12039005184.0,Consumer Cyclical
TOST,"Toast, Inc. Class A Common Stock",29.71500015258789,257814165.5143589,18787891200.0,Technology
TPB,"Turning Point Brands, Inc. Common Stock",55.93000030517578,26733226.499990083,1437458432.0,Consumer Defensive
TPC,Tutor Perini Corporation Common Stock,87.05000305175781,36541567.76145935,4557216768.0,Industrials
TPL,Texas Pacific Land Corporation Common Stock,339.5625,139072826.8022705,25359230976.0,Energy
TPR,"Tapestry, Inc. Common Stock",118.03500366210938,365094285.1483566,23103514624.0,Consumer Cyclical
TREX,"Trex Company, Inc. Common Stock",43.650001525878906,71306883.55679207,4594401792.0,Industrials
TRGP,"Targa Resources, Inc. Common Stock",281.0,317383947.79452515,62135676928.0,Energy
TRLV,Trulieve Cannabis Corp. Subordinate Voting Shares,10.614999771118164,31747175.668322276,2283823360.0,Healthcare
TRN,"Trinity Industries, Inc. Common Stock",26.155000686645508,20007247.91827049,2223575296.0,Industrials
TRNO,Terreno Realty Corporation Common Stock,64.61499786376953,50327803.687288664,7128837632.0,Real Estate
TRP,TC Energy Corporation Common Stock,59.04999923706055,206316819.30644685,64849989632.0,Energy
TRU,TransUnion Common Stock,63.560001373291016,207063896.4013632,14710090752.0,Financial Services
TRV,"The Travelers Companies, Inc. Common Stock",360.5,495598304.7646362,76367659008.0,Financial Services
TSM,Taiwan Semiconductor Manufacturing Company Ltd.,474.04998779296875,4427126665.489288,2207466913792.0,Technology
TSN,"Tyson Foods, Inc. Common Stock",51.86000061035156,192912114.74196243,18504759296.0,Consumer Defensive
TT,Trane Technologies plc,464.5199890136719,501875766.23959655,96372359168.0,Industrials
TTC,Toro Company (The) Common Stock,98.41999816894531,87026843.78385162,8917763072.0,Industrials
TTE,TotalEnergies SE Ordinary Shares,84.68000030517578,139073136.10172692,201294495744.0,Energy
TU,Telus Corporation Ordinary Shares,8.03499984741211,60945155.73571567,14592375808.0,Communication Services
TWLO,Twilio Inc. Class A Common Stock,294.0299987792969,708116889.1507721,35468963840.0,Technology
TXNM,"TXNM Energy, Inc. Common Stock",58.42499923706055,103038209.84055424,5957095936.0,Utilities
TXT,Textron Inc. Common Stock,77.67500305175781,150717921.64939576,13752878080.0,Industrials
TYL,"Tyler Technologies, Inc. Common Stock",323.29998779296875,240409950.95976257,14048062464.0,Technology
U,Unity Software Inc. Common Stock,43.58000183105469,422732250.19370425,18373711872.0,Technology
UBER,"Uber Technologies, Inc. Common Stock",68.17500305175781,1342942513.6805031,144041328640.0,Technology
UBS,UBS Group AG Registered Ordinary Shares,47.744998931884766,111232866.10841656,165823954944.0,Financial Services
UCB,"United Community Banks, Inc. Common Stock",34.10499954223633,29714432.911569595,4183970048.0,Financial Services
UDR,"UDR, Inc. Common Stock",33.28499984741211,146700302.68468112,13108843520.0,Real Estate
UEC,Uranium Energy Corp. Common Stock,9.3149995803833,93861744.82031727,5455967744.0,Energy
UGI,UGI Corporation Common Stock,37.13999938964844,75188214.79665223,8223736832.0,Utilities
UHS,"Universal Health Services, Inc. Common Stock",174.72999572753906,137506233.3376732,10247291904.0,Healthcare
UI,Ubiquiti Inc. Common Stock,615.7899780273438,82416094.91665038,33658015744.0,Technology
ULS,UL Solutions Inc. Class A Common Stock,66.7249984741211,66304676.7264431,14518591488.0,Industrials
UMAC,"Unusual Machines, Inc. Common Stock",22.219999313354492,61159661.549136735,1251410432.0,Technology
UMC,United Microelectronics Corporation (NEW) Common Stock,26.295000076293945,258120232.42489472,55161450496.0,Technology
UNF,Unifirst Corporation Common Stock,251.4499969482422,100481746.09074631,4946744320.0,Industrials
UNFI,"United Natural Foods, Inc. Common Stock",45.564998626708984,32545713.47069397,2682747136.0,Consumer Defensive
UNH,UnitedHealth Group Incorporated Common Stock (DE),372.29998779296875,1907729637.9711945,354507325440.0,Healthcare
UNM,Unum Group Common Stock,88.70999908447266,185755812.27085838,14830971904.0,Financial Services
UNP,Union Pacific Corporation Common Stock,277.3900146484375,672714009.5725586,171165040640.0,Industrials
UPS,"United Parcel Service, Inc. Common Stock",92.7249984741211,458958837.06501657,84950540288.0,Industrials
URI,"United Rentals, Inc. Common Stock",1071.16064453125,491798338.8929688,61966753792.0,Industrials
USB,U.S. Bancorp Common Stock,57.525001525878906,476667696.00395316,96271998976.0,Financial Services
USFD,US Foods Holding Corp. Common Stock,97.0,250592940.5131027,20886730752.0,Consumer Defensive
UTI,Universal Technical Institute Inc Common Stock,19.28499984741211,38814543.420567706,1153694208.0,Consumer Defensive
UTZ,Utz Brands Inc Class A Common Stock ,14.270000457763672,21269514.30136013,1261409152.0,Consumer Defensive
UUUU,Energy Fuels Inc Ordinary Shares (Canada),10.71500015258789,85298358.45837212,3661818368.0,Energy
V,Visa Inc.,360.6400146484375,2225506099.062982,684160843776.0,Financial Services
VAC,Marriott Vacations Worldwide Corporation Common Stock,104.44999694824219,42907903.97570419,3492844800.0,Consumer Cyclical
VAL,Valaris Limited Common Shares,78.19499969482422,109385680.96906662,5845800960.0,Energy
VEEV,Veeva Systems Inc. Class A Common Stock,273.3399963378906,401124244.97572327,42418495488.0,Healthcare
VFC,V.F. Corporation Common Stock,14.329999923706055,110878700.6269331,4927941632.0,Consumer Cyclical
VG,"Venture Global, Inc. Class A common stock",13.104999542236328,206684297.539316,38988951552.0,Energy
VGNT,Versigent PLC Ordinary Shares,46.61000061035156,35037112.93903656,3301631744.8844147,
VIA,"Via Transportation, Inc. Class A Common Stock",29.18000030517578,25785729.02522316,2146857984.0,Technology
VICI,VICI Properties Inc. Common Stock,22.665000915527344,259900959.25992242,27604013056.0,Real Estate
VIK,Viking Holdings Ltd Ordinary Shares,80.65499877929688,388171498.54580384,37678391296.0,Consumer Cyclical
VIRT,"Virtu Financial, Inc. Class A Common Stock",58.494998931884766,66135662.43300553,5465812480.0,Financial Services
VLO,Valero Energy Corporation Common Stock,407.1499938964844,1543956799.4074326,110644764672.0,Energy
VLTO,Veralto Corp Common Stock ,94.83000183105469,162041064.48950195,22797115392.0,Industrials
VMC,Vulcan Materials Company (Holding Company) Common Stock,243.1999969482422,311618394.6563835,32123215872.0,Basic Materials
VMI,"Valmont Industries, Inc. Common Stock",478.0,84471878.92807007,9242062848.0,Industrials
VMRK,Vivmark Residential Common Shares of Beneficial Interest,59.689998626708984,390898814.767313,50504560640.0,Real Estate
VNO,Vornado Realty Trust Common Stock,33.63999938964844,48387714.782578275,7105259008.0,Real Estate
VNT,Vontier Corporation Common Stock ,31.774999618530273,41851448.01211176,4252053504.0,Technology
VOYA,"Voya Financial, Inc. Common Stock",96.7300033569336,116098395.57432938,9325988864.0,Financial Services
VOYG,"Voyager Technologies, Inc. Class A Common Stock",30.8799991607666,85469659.45331708,2079870464.0,Industrials
VPG,"Vishay Precision Group, Inc. Common Stock",79.0999984741211,21674615.350061417,825600256.0,Technology
VRT,"Vertiv Holdings, LLC Class A Common Stock",251.6699981689453,1321351662.1397057,95523258368.0,Industrials
VSH,"Vishay Intertechnology, Inc. Common Stock",37.959999084472656,107643742.16368409,4721777664.0,Technology
VST,Vistra Corp. Common Stock,138.6699981689453,722765811.9527321,50253815808.0,Utilities
VSTS,Vestis Corporation Common Stock,14.045000076293945,22756617.92584896,1737958272.0,Industrials
VSXY,Victorias Secret & Co. Common Stock ,91.26000213623047,141125104.54692727,5797648896.0,Consumer Cyclical
VTR,"Ventas, Inc. Common Stock",84.0250015258789,324146353.22460175,46555013120.0,Real Estate
VVV,Valvoline Inc. Common Stock,30.655000686645508,87461532.0487874,3821620224.0,Consumer Cyclical
VVX,"V2X, Inc. Common Stock",70.69000244140625,54215831.96208191,2294793728.0,Industrials
VYLR,Vylor Inc. Common Stock,69.20999908447266,753954072.830967,46213330532.77588,
VYX,NCR Voyix Corporation Common Stock,6.704999923706055,22960330.651348114,1123198720.0,Technology
VZ,Verizon Communications Inc. Common Stock,45.915000915527344,1010387326.2617581,209005969408.0,Communication Services
W,Wayfair Inc. Class A Common Stock,100.91500091552734,243323403.6994377,12845898752.0,Consumer Cyclical
WAB,Westinghouse Air Brake Technologies Corporation Common Stock,288.239990234375,216060072.20645753,47129501696.0,Industrials
WAL,Western Alliance Bancorporation Common Stock (DE),76.56999969482422,87640402.66841583,8537142784.0,Financial Services
WAT,Waters Corporation Common Stock,426.75,294573289.91903687,39091228672.0,Healthcare
WBI,WaterBridge Infrastructure LLC Class A Shares Representing Limited Liability Company Interests,28.80500030517578,22624191.950977705,4016030208.0,Energy
WCC,"WESCO International, Inc. Common Stock",382.239990234375,172831299.6359558,17042366464.0,Industrials
WCN,"Waste Connections, Inc. Common Shares",154.19000244140625,202395991.8217865,40638697472.0,Industrials
WEC,"WEC Energy Group, Inc. Common Stock",101.4000015258789,294064688.2673954,34709475328.0,Utilities
WELL,Welltower Inc. Common Stock,228.07000732421875,603098867.0102508,172375244800.0,Real Estate
WEX,WEX Inc. common stock,169.24000549316406,103044885.39924622,6402060288.0,Technology
WFC,Wells Fargo & Company Common Stock,80.41999816894531,1148738704.4688835,269801209856.0,Financial Services
WH,"Wyndham Hotels & Resorts, Inc. Common Stock ",71.55999755859375,84707841.01541138,5165093888.0,Consumer Cyclical
WHD,"Cactus, Inc. Class A Common Stock",63.32500076293945,49951294.83830509,4748828672.0,Energy
WHR,Whirlpool Corporation Common Stock,30.344999313354492,98085155.23902245,2306754048.0,Consumer Cyclical
WK,Workiva Inc. Class A Common Stock,71.19000244140625,78358994.54442902,4096784384.0,Technology
WKC,World Kinect Corporation Common Stock,35.790000915527344,40324237.16247749,1818184192.0,Energy
WLK,Westlake Corporation Common Stock,63.8650016784668,54798269.233169556,9090167808.0,Basic Materials
WLY,"John Wiley & Sons, Inc. Common Stock",47.52000045776367,26054716.853990555,2415601152.0,Communication Services
WM,"Waste Management, Inc. Common Stock",204.8699951171875,458743972.7923584,86594297856.0,Industrials
WMB,"Williams Companies, Inc. (The) Common Stock",70.43499755859375,525169301.06895906,89872228352.0,Energy
WMS,"Advanced Drainage Systems, Inc. Common Stock",127.43499755859375,99046473.16449738,9709116416.0,Industrials
WOLF,"Wolfspeed, Inc. Common Stock New",35.1505012512207,72020458.19049835,1316973056.0,Technology
WOR,"Worthington Enterprises, Inc. Common Shares",60.375,30774432.446123503,2852920832.0,Industrials
WPC,W. P. Carey Inc. REIT,64.44499969482422,109934992.49844551,16002320384.0,Real Estate
WPM,Wheaton Precious Metals Corp Common Shares (Canada),135.86500549316406,263278256.03796157,68728029184.0,Basic Materials
WRB,W.R. Berkley Corporation Common Stock,68.98999786376953,263864452.94428748,26082447360.0,Financial Services
WRBY,Warby Parker Inc. Class A Common Stock,26.969999313354492,89728743.61425772,2939399680.0,Healthcare
WSM,"Williams-Sonoma, Inc. Common Stock (DE)",232.08999633789062,257078587.4982071,26229878784.0,Consumer Cyclical
WSO,"Watsco, Inc. Common Stock",296.70001220703125,141711339.63334656,12593472512.0,Industrials
WST,"West Pharmaceutical Services, Inc. Common Stock",365.3800048828125,228534476.35615236,23418941440.0,Healthcare
WT,"WisdomTree, Inc. Common Stock",24.31999969482422,68981519.68093911,3643866112.0,Financial Services
WTM,"White Mountains Insurance Group, Ltd. Common Stock",2021.760009765625,39796771.92231445,4911967232.0,Financial Services
WTRG,"Essential Utilities, Inc. Common Stock",39.25,102883013.19927597,12029374464.0,Utilities
WTS,"Watts Water Technologies, Inc. Class A Common Stock",363.6499938964844,68824871.23425293,11637664768.0,Industrials
WTTR,"Select Water Solutions, Inc. Class A common stock",20.049999237060547,37366727.59026909,2906772992.0,Energy
WU,Western Union Company (The) Common Stock,5.994999885559082,57003327.63718142,2164689664.0,Financial Services
WY,Weyerhaeuser Company Common Stock,18.485000610351562,151332103.845998,15971509248.0,Real Estate
XOM,ExxonMobil Holdings Corporation Common Stock,164.39999389648438,2258838724.593094,675874930688.0,Energy
XPO,"XPO, Inc. Common Stock",185.94500732421875,199576346.12008363,21514637312.0,Industrials
XYL,Xylem Inc. Common Stock New,101.90499877929688,299350524.0305176,24810309632.0,Industrials
XYZ,"Block, Inc. Class A Common Stock,",74.37999725341797,295969409.5393963,47613005824.0,Technology
YELP,Yelp Inc. Common Stock,18.209999084472656,28698289.42208748,1112946816.0,Communication Services
YETI,"YETI Holdings, Inc. Common Stock",41.04499816894531,73567754.55915451,2913348096.0,Consumer Cyclical
YOU,"Clear Secure, Inc. Class A Common Stock",41.529998779296875,86977706.69656754,5839566336.0,Technology
YUM,"Yum! Brands, Inc.",136.41000366210938,321947441.9038132,39195418624.0,Consumer Cyclical
YUMC,"Yum China Holdings, Inc. Common Stock",39.849998474121094,54025863.285498045,14405273600.0,Consumer Cyclical
ZBH,"Zimmer Biomet Holdings, Inc. Common Stock",88.04000091552734,201381532.0969475,17735745536.0,Healthcare
ZETA,Zeta Global Holdings Corp. Class A Common Stock,32.60499954223633,164326391.48850346,7665955328.0,Technology
ZIM,ZIM Integrated Shipping Services Ltd. Ordinary Shares,29.670000076293945,50670300.99977255,3501698816.0,Industrials
ZTS,Zoetis Inc. Class A Common Stock,69.26000213623047,333623645.8582932,30062018560.0,Healthcare
ZWS,Zurn Elkay Water Solutions Corporation Common Stock,47.880001068115234,40739626.81145382,7599063552.0,Industrials
