ticker,name,price,dollar_volume,market_cap,sector
AAL,"American Airlines Group, Inc. - Common Stock",12.970000267028809,921422304.3957818,8499694080.0,Industrials
AAOI,"Applied Optoelectronics, Inc. - Common Stock",114.98999786376953,767555354.9406201,9067992064.0,Technology
AAON,"AAON, Inc. - Common Stock",83.5,95440238.49470368,6229182976.0,Industrials
AAPL,Apple Inc. - Common Stock,332.80010986328125,13736690209.883396,4672253853696.0,Technology
ABCL,AbCellera Biologics Inc. - Common Shares,13.800000190734863,60797336.76822114,3539439616.0,Healthcare
ABNB,"Airbnb, Inc. - Class A Common Stock",162.72999572753906,800411692.4518455,100212768768.0,Consumer Cyclical
ABSI,Absci Corporation - Common Stock,10.975000381469727,38084698.43227358,1453570816.0,Healthcare
ACAD,ACADIA Pharmaceuticals Inc. - Common Stock,20.229999542236328,53787875.64962292,4702136832.0,Healthcare
ACCV,Accelevation Holdings Corp. - Class A ordinary shares,17.690000534057617,146862876.92741904,2114410762.1393967,
ACGL,Arch Capital Group Ltd. - Common Stock,92.94999694824219,405142000.58647233,33088935936.0,Financial Services
ACHC,"Acadia Healthcare Company, Inc. - Common Stock",27.65999984741211,39275990.954203986,2761353984.0,Healthcare
ACIW,"ACI Worldwide, Inc. - Common Stock",50.05500030517578,37272382.307741925,5236548096.0,Technology
ACLS,"Axcelis Technologies, Inc. - Common Stock",147.36000061035156,42132837.8273201,3474167296.0,Technology
ACMR,"ACM Research, Inc. - Class A Common Stock",83.6449966430664,82758335.81041832,5272792576.0,Technology
ACT,"Enact Holdings, Inc. - Common Stock",45.2599983215332,21577761.19227276,6809565696.0,Financial Services
ADBE,Adobe Inc. - Common Stock,237.8300018310547,1382957731.350837,100412473344.0,Technology
ADEA,Adeia Inc.  - Common Stock,26.399999618530273,25936584.30459299,2916358656.0,Technology
ADI,"Analog Devices, Inc. - Common Stock",415.6499938964844,1198235009.627498,173573767168.0,Technology
ADMA,ADMA Biologics Inc - Common Stock,9.895000457763672,29772546.735806465,2097840512.0,Healthcare
ADP,"Automatic Data Processing, Inc. - Common Stock",257.95001220703125,589348216.0759674,106335322112.0,Technology
ADPT,Adaptive Biotechnologies Corporation - Common Stock,28.149999618530273,66807826.80124722,3876583168.0,Healthcare
ADRX,"ADARx Pharmaceuticals, Inc. - Common stock",18.43000030517578,29285378.68716812,1968348452.3431778,
ADSK,"Autodesk, Inc. - Common Stock",211.7949981689453,486202173.1252037,43745787904.0,Technology
ADUS,Addus HomeCare Corporation - Common Stock,111.80999755859375,24108793.387550354,2244252672.0,Healthcare
AEHR,Aehr Test Systems - Common Stock,106.5999984741211,241828153.93543243,3166304000.0,Technology
AEIS,"Advanced Energy Industries, Inc. - Common Stock",305.0950012207031,136278657.13550568,11169266688.0,Industrials
AEP,"American Electric Power Company, Inc. - Common Stock",119.79499816894531,494613598.1022186,68169388032.0,Utilities
AEVA,"Aeva Technologies, Inc. - Common Stock",14.766400337219238,21220675.165469028,1083924608.0,Technology
AFRM,"Affirm Holdings, Inc. - Class A Common Stock",71.08499908447266,280504571.7592392,22649401344.0,Financial Services
AGIO,"Agios Pharmaceuticals, Inc. - Common Stock",32.029998779296875,33411663.356645204,2009863808.0,Healthcare
AGNC,AGNC Investment Corp. - Common Stock,8.885000228881836,409137978.9009436,12287515648.0,Real Estate
AGYS,"Agilysys, Inc. - Common Stock",100.12999725341797,22914878.471207045,2991928832.0,Technology
AKAM,"Akamai Technologies, Inc. - Common Stock",111.32499694824219,641681821.5738678,15778646016.0,Technology
ALAB,"Astera Labs, Inc. - Common Stock",349.6724853515625,1326226065.8050294,48667774976.0,Technology
ALGM,"Allegro MicroSystems, Inc. - Common Stock",39.525001525878906,88857321.9403061,6525991424.0,Technology
ALGN,"Align Technology, Inc. - Common Stock",144.90750122070312,132807177.65942231,10658109440.0,Healthcare
ALGT,Allegiant Travel Company - Common Stock,77.51249694824219,37539826.43759918,2066734336.0,Industrials
ALHC,"Alignment Healthcare, Inc. - Common Stock",7.900000095367432,111096293.12319021,2709310464.0,Healthcare
ALKS,Alkermes plc - Ordinary Shares,41.630001068115234,98871681.04240322,7584577024.0,Healthcare
ALKT,"Alkami Technology, Inc. - Common Stock",14.020000457763672,37194792.45646401,1989120896.0,Technology
ALM,Almonty Industries Inc. - Common Shares,13.542499542236328,94790431.1944294,4894546944.0,Basic Materials
ALMS,Alumis Inc. - Common Stock,6.835000038146973,26804005.63014698,1297549440.0,Healthcare
ALNT,Allient Inc. - Common Stock,119.12999725341797,23076284.86271591,1612518144.0,Technology
ALNY,"Alnylam Pharmaceuticals, Inc. - Common Stock",221.75999450683594,334663173.4738037,33817577472.0,Healthcare
ALRM,"Alarm.com Holdings, Inc. - Common Stock",54.970001220703125,25332672.73252411,2685235456.0,Technology
AMAT,"Applied Materials, Inc. - Common Stock",539.1699829101562,2894276415.6959777,361856630784.0,Technology
AMBA,"Ambarella, Inc. - Ordinary Shares",68.98999786376953,127980403.65468827,2950823936.0,Technology
AMD,"Advanced Micro Devices, Inc. - Common Stock",630.9600219726562,12694409255.966166,830676729856.0,Technology
AMGN,Amgen Inc. - Common Stock,402.489990234375,1272824135.7909303,211089768448.0,Healthcare
AMKR,"Amkor Technology, Inc. - Common Stock",56.099998474121094,193339508.86540452,12255436800.0,Technology
AMLX,"Amylyx Pharmaceuticals, Inc. - Common Stock",27.829999923706055,44084326.97450638,3577794048.0,Healthcare
AMPL,"Amplitude, Inc. - Class A Common Stock",14.260000228881836,20753198.682486534,1535218432.0,Technology
AMRX,"Amneal Pharmaceuticals, Inc. - Class A Common Stock",20.110000610351562,53812952.5247303,5980242944.0,Healthcare
AMSC,American Superconductor Corporation - Common Stock,30.350000381469727,20303214.83930769,1372850432.0,Industrials
AMZN,"Amazon.com, Inc. - Common Stock",250.77000427246094,8671360570.38213,2708551237632.0,Consumer Cyclical
ANAB,"AnaptysBio, Inc. - Common Stock",48.59000015258789,31146532.260864068,1645047168.0,Healthcare
ANDE,"The Andersons, Inc. - Common Stock",67.78500366210938,24996069.987365723,2461086464.0,Consumer Defensive
ANIP,"ANI Pharmaceuticals, Inc. - Common Stock",71.91999816894531,29854967.37894974,1633536512.0,Healthcare
APA,APA Corporation - Common Stock,43.45000076293945,269087289.87722456,15813114880.0,Energy
APLD,Applied Digital Corporation - Common Stock,25.209999084472656,417270591.08294487,7474347520.0,Technology
APP,Applovin Corporation - Class A Common Stock,271.80999755859375,1592486253.8582306,103077388288.0,Communication Services
APPF,"AppFolio, Inc. - Class A Common Stock",204.23500061035156,57730074.82664871,7316442112.0,Technology
APPN,Appian Corporation - Class A Common Stock,36.880001068115234,32396853.81834221,2410984960.0,Technology
APPS,"Digital Turbine, Inc. - Common Stock",11.295000076293945,33003467.879829217,1357802368.0,Technology
ARCB,ArcBest Corporation - Common Stock,133.07000732421875,30400150.22104187,3044924928.0,Industrials
ARCC,Ares Capital Corporation - Closed End Fund,18.815000534057617,93091760.77123852,14098378752.0,Financial Services
ARQT,"Arcutis Biotherapeutics, Inc. - Common stock",25.190000534057617,89918997.14999962,2971357952.0,Healthcare
ARWR,"Arrowhead Pharmaceuticals, Inc. - Common Stock",64.45999908447266,162973613.28029823,11536162816.0,Healthcare
ARXS,"Arxis, Inc. - Class A Common Stock",49.400001525878906,58979021.00420227,21280666965.146645,
ASML,ASML Holding N.V. - New York Registry Shares,1862.1700439453125,2300175754.9009886,650304356352.0,Technology
ASND,Ascendis Pharma A/S - Ordinary Share,227.4499969482422,214885263.2102379,17106610176.0,Healthcare
ASO,"Academy Sports and Outdoors, Inc. - Common Stock",48.150001525878906,102231563.86586037,3255264256.0,Consumer Cyclical
ASST,"Strive, Inc. - Class A Common Stock",29.649999618530273,244444258.89993972,2551840768.0,Financial Services
ATEC,"Alphatec Holdings, Inc. - Common Stock",9.970000267028809,24344802.68510876,1348732288.0,Healthcare
ATEX,Anterix Inc. - Common Stock,84.68000030517578,23955109.334172823,1662321536.0,Communication Services
ATRC,"AtriCure, Inc. - Common Stock",54.63999938964844,91831419.19590835,2700237312.0,Healthcare
ATRO,Astronics Corporation - Common Stock,68.58999633789062,42992078.908255,3215787520.0,Industrials
AUGO,Aura Minerals Inc. - Common Shares,82.36000061035156,87254945.52256775,7074991104.0,Basic Materials
AUR,"Aurora Innovation, Inc.  - Class A Common Stock",5.610000133514404,199075716.6628357,12908764160.0,Consumer Cyclical
AVAH,Aveanna Healthcare Holdings Inc. - Common Stock,12.6850004196167,43825291.491460755,3060435456.0,Healthcare
AVAV,"AeroVironment, Inc. - Common Stock",140.05999755859375,338474858.5539001,7547412992.0,Industrials
AVGO,Broadcom Inc. - Common Stock,354.18499755859375,8698113271.06004,1708518408192.0,Technology
AVPT,"AvePoint, Inc. - Class A Common Stock",14.225000381469727,28741121.94481001,2748234752.0,Technology
AVT,"Avnet, Inc. - Common Stock",107.75,134333110.13862762,7563845632.0,Technology
AXGN,"Axogen, Inc. - Common Stock",37.625,60420777.08540344,2381903872.0,Healthcare
AXON,"Axon Enterprise, Inc. - Common Stock",414.5150146484375,474497348.89653933,39400144896.0,Industrials
AXSM,"Axsome Therapeutics, Inc. - Common Stock",177.67999267578125,140736396.94230652,11052352512.0,Healthcare
AXTI,AXT Inc - Common Stock,86.02999877929688,630374820.6686767,4412093952.0,Technology
AYA,Aya Gold & Silver Inc. - Common Shares,26.860000610351562,35136547.21562233,4149681664.0,Basic Materials
AZTA,"Azenta, Inc. - Common Stock",38.2400016784668,31789056.601167105,1301985408.0,Healthcare
BAND,Bandwidth Inc. - Class A Common Stock,62.20000076293945,52803091.5151762,1591500928.0,Technology
BATRK,"Atlanta Braves Holdings, Inc. - Series C Common Stock",51.79999923706055,24908658.29566803,3179679744.0,Communication Services
BBIO,"BridgeBio Pharma, Inc. - Common Stock",67.27999877929688,202718309.3808609,14626785280.0,Healthcare
BBNX,"Beta Bionics, Inc. - Common Stock",18.649999618530273,31331232.434673212,799916672.0,Healthcare
BCPC,Balchem Corporation - Common Stock,166.42999267578125,36303409.87047424,5341162496.0,Basic Materials
BCRX,"BioCryst Pharmaceuticals, Inc. - Common Stock",8.085000038146973,49701150.884258844,2074689664.0,Healthcare
BEAM,Beam Therapeutics Inc. - Common Stock,24.30500030517578,50030196.855169296,2493364224.0,Healthcare
BELFB,Bel Fuse Inc. - Class B Common Stock,258.45001220703125,35609173.214767456,3477736448.0,Technology
BGC,"BGC Group, Inc. - Class A Common Stock",12.0600004196167,48492960.529682204,5819709952.0,Financial Services
BIIB,Biogen Inc. - Common Stock,220.2100067138672,232218724.8765518,31574292480.0,Healthcare
BJRI,"BJ's Restaurants, Inc. - Common Stock",61.474998474121094,23202796.764118195,1293710720.0,Consumer Cyclical
BKNG,Booking Holdings Inc. - Common Stock,159.22500610351562,1497132448.138176,134464659456.0,Consumer Cyclical
BKR,Baker Hughes Company - Common Stock,56.09000015258789,483209472.9893135,60925370368.0,Energy
BL,"BlackLine, Inc. - Common Stock",27.5,25072007.520376205,1705976704.0,Technology
BLBD,Blue Bird Corporation - Common Stock,56.53499984741211,30885460.84359627,1945384064.0,Industrials
BLFS,"BioLife Solutions, Inc. - Common Stock",37.3849983215332,35291565.12593231,1691646464.0,Healthcare
BLLN,"BillionToOne, Inc. - Class A common stock",104.72000122070312,70185536.14748383,4733983232.0,Healthcare
BLMN,"Bloomin' Brands, Inc. - Common Stock",8.305000305175781,20804760.70199852,758601344.0,Consumer Cyclical
BLZE,"Backblaze, Inc. - Common Stock",14.460000038146973,23473773.005328275,821413056.0,Technology
BMRN,BioMarin Pharmaceutical Inc. - Common Stock,57.755001068115234,123495319.71282253,12470021120.0,Healthcare
BOKF,BOK Financial Corporation - Common Stock,127.73500061035156,37384269.877679445,8164928000.0,Financial Services
BPOP,"Popular, Inc. - Common Stock",157.32000732421875,91764814.51690674,10434800640.0,Financial Services
BRKR,Bruker Corporation - Common Stock,63.709999084472656,137758453.51937485,8154270208.0,Healthcare
BRUN,Boost Run Inc. - Class A Common Stock,16.575000762939453,33227011.106349945,1351286528.0,Technology
BRZE,"Braze, Inc. - Class A Common Stock",25.6299991607666,70658568.43571082,2763667968.0,Technology
BSP,Bending Spoons S.p.A. - Ordinary Shares,32.14500045776367,93121398.51144847,20419125010.730324,
BSY,"Bentley Systems, Incorporated - Class B Common Stock",32.38999938964844,87423740.52514991,9691141120.0,Technology
BTDR,Bitdeer Technologies Group - Ordinary Shares,11.069999694824219,115329173.01389237,3147238400.0,Technology
BULL,Webull Corporation - Class A Ordinary Shares,7.431399822235107,102206997.52416253,4953297408.0,Technology
BUSE,First Busey Corporation - Common Stock,29.674999237060547,24097152.914481543,2496301568.0,Financial Services
BWIN,"The Baldwin Insurance Group, Inc. - Class A Common Stock",31.795000076293945,171570819.46603984,2763772928.0,Financial Services
BZ,KANZHUN LIMITED - American Depository Shares,14.914999961853027,126764904.1488491,7198684672.0,Communication Services
CACC,Credit Acceptance Corporation - Common Stock,526.5349731445312,70528232.80739136,6256272896.0,Financial Services
CAE,CAE Inc - Common Shares,23.989999771118164,22735144.514168642,7711503872.0,Industrials
CAI,"Caris Life Sciences, Inc. - Common Stock",28.31999969482422,143107813.34799576,6739895808.0,Healthcare
CAKE,The Cheesecake Factory Incorporated - Common Stock,108.38999938964844,138734798.24290466,5105440768.0,Consumer Cyclical
CALM,"Cal-Maine Foods, Inc. - Common Stock",66.5199966430664,86197965.89030457,3520230656.0,Consumer Defensive
CAMT,Camtek Ltd. - Ordinary Shares,163.9199981689453,52077968.31281891,6700383232.0,Technology
CAPR,"Capricor Therapeutics, Inc. - Common Stock",9.01990032196045,31913453.65329237,496797664.0,Healthcare
CAR,"Avis Budget Group, Inc. - Common Stock",111.33999633789062,49786304.127787784,4650281984.0,Industrials
CARG,"CarGurus, Inc. - Class A Common Stock",30.229999542236328,41327558.39727821,2898451200.0,Communication Services
CART,Maplebear Inc. - Common Stock,44.22999954223633,188408933.79984704,10798320640.0,Consumer Cyclical
CASY,"Caseys General Stores, Inc. - Common Stock",618.280029296875,494573510.1550293,24028248064.0,Consumer Cyclical
CATY,Cathay General Bancorp - Common Stock,60.56999969482422,29907104.81624489,4093560064.0,Financial Services
CBC,"Central Bancompany, Inc. - Class A Common Stock",31.829999923706055,55767126.81941471,7704879616.0,Financial Services
CBRL,"Cracker Barrel Old Country Store, Inc. - Common Stock",54.619998931884766,56233058.84119511,1134336640.0,Consumer Cyclical
CBRS,Cerebras Systems Inc. - Class A Common Stock,168.2100067138672,1317461987.3878746,39960648931.58342,
CBSH,"Commerce Bancshares, Inc. - Common Stock",55.06999969482422,58398842.61779022,8336278016.0,Financial Services
CCC,CCC Intelligent Solutions Holdings Inc. - Common Stock,6.485000133514404,85388204.67031848,3981604352.0,Technology
CCEP,Coca-Cola Europacific Partners plc - Ordinary Shares,100.93000030517578,188245570.54901046,46081372160.0,Consumer Defensive
CCXI,Churchill Capital Corp XI - Class A Ordinary Shares,12.0649995803833,27410251.864708327,724099968.0,Financial Services
CDNA,"CareDx, Inc. - Common Stock",66.98500061035156,76376579.89233246,2608439552.0,Healthcare
CDNS,"Cadence Design Systems, Inc. - Common Stock",348.3349914550781,831705386.6541626,79303991296.0,Technology
CDW,CDW Corporation - Common Stock,134.10000610351562,212401193.89466858,17913745408.0,Technology
CECO,CECO Environmental Corp. - Common Stock,75.0,49740978.19908142,4458920960.0,Industrials
CEG,Constellation Energy Corporation - Common Stock When-Issued,255.2899932861328,797383758.551281,103250493440.0,Utilities
CELC,Celcuity Inc. - Common Stock,72.12999725341797,79233135.33861046,4339281408.0,Healthcare
CELH,"Celsius Holdings, Inc. - Common Stock",26.844999313354492,202156847.08431682,6890144256.0,Consumer Defensive
CENX,Century Aluminum Company - Common Stock,35.7400016784668,68091656.43786983,4570520064.0,Basic Materials
CERT,"Certara, Inc. - Common Stock",9.265000343322754,22442085.724619675,1159294720.0,Healthcare
CEVA,"CEVA, Inc. - Common Stock",37.16999816894531,20488727.62635231,771421568.0,Technology
CG,The Carlyle Group Inc. - Common Stock,40.15999984741211,137114501.89207268,15432773632.0,Financial Services
CGEM,"Cullinan Therapeutics, Inc. - Common Stock",14.739999771118164,23564672.937418938,1325706752.0,Healthcare
CGNX,Cognex Corporation - Common Stock,65.08000183105469,91050897.80776367,10337354752.0,Technology
CGON,"CG Oncology, Inc. - Common stock",68.0199966430664,74125289.65847664,6343991808.0,Healthcare
CHDN,"Churchill Downs, Incorporated - Common Stock",76.6050033569336,91092061.19247398,5808469504.0,Consumer Cyclical
CHEF,"The Chefs' Warehouse, Inc. - Common Stock",116.55999755859375,68433764.35261841,4455544320.0,Consumer Defensive
CHKP,Check Point Software Technologies Ltd. - Ordinary Shares,130.32000732421875,155248300.6993622,13714157568.0,Technology
CHRD,Chord Energy Corporation - Common Stock,137.30999755859375,101232793.23442689,8239140864.0,Energy
CHRW,"C.H. Robinson Worldwide, Inc. - Common Stock",156.25999450683594,211725704.1787529,17772492800.0,Industrials
CHTR,"Charter Communications, Inc. - Class A Common Stock",109.2249984741211,373602527.8240906,18694311936.0,Communication Services
CHYM,"Chime Financial, Inc. - Class A Common Stock",27.3799991607666,232503481.50193405,12544417792.0,Technology
CIFR,Cipher Digital Inc. - Common Stock,15.595000267028809,594135970.0936401,6432976384.0,Technology
CIGI,Colliers International Group Inc.  - Subordinate Voting Shares,90.51000213623047,25952020.849215318,4783572992.0,Real Estate
CINF,Cincinnati Financial Corporation - Common Stock,161.6750030517578,113509091.10521546,26206375936.0,Financial Services
CLBK,"Columbia Financial, Inc. - Common Stock",11.369999885559082,54168151.91692071,1191987072.0,Financial Services
CLBT,Cellebrite DI Ltd. - Ordinary Shares,11.145000457763672,32280006.544804573,2821303552.0,Technology
CLDX,"Celldex Therapeutics, Inc. - Common Stock",31.690000534057617,68589823.51018295,2973913344.0,Healthcare
CLMT,"Calumet, Inc - Common Stock",55.51750183105469,86268928.54120636,4957460480.0,Basic Materials
CLSK,"CleanSpark, Inc. - Common Stock",12.595000267028809,232178333.48307943,3257724672.0,Financial Services
CLYM,"Climb Bio, Inc. - Common Stock",10.859999656677246,20538962.012022257,854077120.0,Healthcare
CMCSA,Comcast Corporation - Class A Common Stock,21.48859977722168,734127499.807991,88982069248.0,Communication Services
CME,CME Group Inc. - Class A Common Stock,264.5899963378906,464302089.89245605,99238477824.0,Financial Services
CMPS,COMPASS Pathways Plc - American Depository Shares,11.845000267028809,41641308.22645865,1999549824.0,Healthcare
CNXC,Concentrix Corporation - Common Stock,25.059999465942383,60035438.24855204,1635291776.0,Technology
COAG,"Hemab Therapeutics Holdings, Inc. - Common Stock",30.450000762939453,23819541.969402313,1418647032.4923687,
COCO,"The Vita Coco Company, Inc. - Common Stock",56.18000030517578,81647347.67695427,2977400064.0,Consumer Defensive
COGT,"Cogent Biosciences, Inc. - Common Stock",30.979999542236328,66510839.40985298,5845189120.0,Healthcare
COHU,"Cohu, Inc. - Common Stock",74.19999694824219,59334678.558171846,2597459712.0,Technology
COIN,"Coinbase Global, Inc. - Class A Common Stock",182.5800018310547,1757473422.1893165,45353566208.0,Financial Services
COKE,"Coca-Cola Consolidated, Inc. - Common Stock",192.75999450683594,107471911.70926285,12608275456.0,Consumer Defensive
COLB,"Columbia Banking System, Inc. - Common Stock",28.844999313354492,83112998.17569837,8394008576.0,Financial Services
COLL,"Collegium Pharmaceutical, Inc. - Common Stock",22.0,20204803.590183258,720731200.0,Healthcare
COLM,Columbia Sportswear Company - Common Stock,57.14500045776367,38512903.4462286,2849157120.0,Consumer Cyclical
COO,"The Cooper Companies, Inc.  - Common Stock",57.2599983215332,316588669.05443764,10432188416.0,Healthcare
CORT,Corcept Therapeutics Incorporated - Common Stock,116.21499633789062,194630026.56097564,12543198208.0,Healthcare
CORZ,"Core Scientific, Inc. - Common Stock",16.5,192299319.10984117,5607229952.0,Technology
COST,Costco Wholesale Corporation - Common Stock,916.2899780273438,2138069824.9818726,402288508928.0,Consumer Defensive
CPB,The Campbell's Company - Common Stock,19.594999313354492,155810834.98745918,6414416384.0,Consumer Defensive
CPRT,"Copart, Inc. - Common Stock",27.395000457763672,303063869.9946604,30874034176.0,Industrials
CRAI,"CRA International,Inc. - Common Stock",170.91000366210938,20816420.8338089,1048926080.0,Industrials
CRDO,Credo Technology Group Holding Ltd - Ordinary Shares,218.75999450683594,1572341036.1676636,30377730048.0,Technology
CRML,Critical Metals Corp. - Ordinary Shares,7.069900035858154,78894793.04424632,998858176.0,Basic Materials
CROX,"Crocs, Inc. - Common Stock",118.36000061035156,135004431.12062532,5269643264.0,Consumer Cyclical
CRSP,CRISPR Therapeutics AG - Common Shares,54.91999816894531,88293122.09128037,5060893696.0,Healthcare
CRUS,"Cirrus Logic, Inc. - Common Stock",121.66000366210938,98900479.94347382,5499900928.0,Technology
CRWD,"CrowdStrike Holdings, Inc. - Class A Common Stock",268.5299987792969,2539431309.109389,217033244672.0,Technology
CRWV,"CoreWeave, Inc. - Class A Common Stock",89.75,2636995724.7163057,49296338944.0,Technology
CSCO,"Cisco Systems, Inc. - Common Stock",111.80999755859375,1939997791.2801743,432304652288.0,Technology
CSGP,"CoStar Group, Inc. - Common Stock",27.235000610351562,176906730.30917627,11795302400.0,Real Estate
CSIQ,Canadian Solar Inc. - Common Shares,11.289999961853027,22038836.55043626,884694656.0,Technology
CSX,CSX Corporation - Common Stock,47.309898376464844,497909669.46382105,91215863808.0,Industrials
CTAS,Cintas Corporation - Common Stock,192.27999877929688,411006374.8988098,79905857536.0,Industrials
CTSH,Cognizant Technology Solutions Corporation - Class A Common Stock,58.95000076293945,403930360.96453476,27618469888.0,Technology
CVBF,CVB Financial Corporation - Common Stock,22.21500015258789,32433252.139428712,3883383552.0,Financial Services
CVCO,"Cavco Industries, Inc. - Common Stock",583.8200073242188,56862285.00464783,4034359808.0,Consumer Cyclical
CVLT,"Commvault Systems, Inc. - Common Stock",151.72999572753906,83459498.97104874,5497620992.0,Technology
CWST,"Casella Waste Systems, Inc. - Class A Common Stock",82.3499984741211,46329552.71653938,5746059776.0,Industrials
CYTK,"Cytokinetics, Incorporated - Common Stock",64.76000213623047,139065727.27819443,10369061888.0,Healthcare
CZR,"Caesars Entertainment, Inc. - Common Stock",29.6200008392334,134750807.56396493,6045055488.0,Consumer Cyclical
DASH,"DoorDash, Inc. - Common Stock",187.5500030517578,816538181.7041245,83957981184.0,Consumer Cyclical
DAVE,Dave Inc.  - Class A Common Stock,350.0400085449219,105993600.07741395,4613921792.0,Technology
DBX,"Dropbox, Inc. - Class A Common Stock",33.8849983215332,166462544.17918167,7540910080.0,Technology
DDOG,"Datadog, Inc. - Class A Common Stock",277.5400085449219,797442228.6200836,81039638528.0,Technology
DFTX,"Definium Therapeutics, Inc.  - Common Shares",37.05500030517578,91354995.6867241,5082429952.0,Healthcare
DGII,Digi International Inc. - Common Stock,76.4800033569336,26212381.686701585,2615764224.0,Technology
DIOD,Diodes Incorporated - Common Stock,104.76000213623047,45207683.5970871,4091003136.0,Technology
DJCO,Daily Journal Corp. (S.C.) - Common Stock,659.4000244140625,41103512.982177734,881889280.0,Technology
DJT,Trump Media & Technology Group Corp. - Common Stock,8.904999732971191,27691764.62267971,2415309568.0,Communication Services
DKNG,DraftKings Inc. - Class A Common Stock,18.895000457763672,306857795.63056695,11741137920.0,Consumer Cyclical
DLO,DLocal Limited - Class A Common Shares,13.8100004196167,21524342.093533516,4265430784.0,Technology
DLTR,"Dollar Tree, Inc. - Common Stock",111.7249984741211,327131365.10695076,22494058496.0,Consumer Defensive
DNLI,Denali Therapeutics Inc. - Common Stock,20.06999969482422,36360887.51582146,3411303424.0,Healthcare
DNTH,"Dianthus Therapeutics, Inc. - Common Stock",88.9000015258789,87942499.47668648,5795987456.0,Healthcare
DOCU,"DocuSign, Inc. - Common Stock",68.56999969482422,228691037.48080748,12152396800.0,Technology
DORM,"Dorman Products, Inc. - Common Stock",125.09500122070312,25788398.03884735,3732599296.0,Consumer Cyclical
DOX,Amdocs Limited - Ordinary Shares,57.56999969482422,54689503.97402954,6266988544.0,Technology
DPZ,Domino's Pizza Inc - Common Stock,297.2298889160156,222370178.57221374,10536863744.0,Consumer Cyclical
DRH,Diamondrock Hospitality Company - Common Stock,12.555000305175781,37894881.97625713,2479046400.0,Real Estate
DRS,"Leonardo DRS, Inc. - Common Stock",36.77000045776367,34125744.42475605,9686827008.0,Industrials
DSGX,The Descartes Systems Group Inc. - Common Stock,80.55000305175781,54595304.89063263,6337265152.0,Technology
DUOL,"Duolingo, Inc. - Class A Common Stock",144.33999633789062,157362907.033873,6556393472.0,Technology
DXCM,"DexCom, Inc. - Common Stock",84.91020202636719,361042450.5834961,31622834176.0,Healthcare
DXPE,"DXP Enterprises, Inc. - Common Stock",193.16000366210938,24421761.654804993,2864931072.0,Industrials
DYN,"Dyne Therapeutics, Inc. - Common Stock",15.25,68361944.01522675,3426797056.0,Healthcare
EBAY,eBay Inc. - Common Stock,106.7699966430664,545574255.9324955,46297800704.0,Consumer Cyclical
EBC,"Eastern Bankshares, Inc. - Common Stock",21.360000610351562,51928116.08290062,4926708736.0,Financial Services
ECHO,EchoStar Corporation - Common stock,93.33999633789062,299381644.963707,26608949248.0,Communication Services
ECPG,Encore Capital Group Inc - Common Stock,97.4000015258789,32813361.35552902,2068549504.0,Financial Services
EEFT,"Euronet Worldwide, Inc. - Common Stock",63.75,38019310.27349472,2670587136.0,Technology
ELMT,The Elmet Group Co. - Common Stock,22.290000915527344,28401046.55473137,678942238.3065033,
ELVN,"Enliven Therapeutics, Inc.  - Common Stock",46.1349983215332,74019649.84285164,4198414592.0,Healthcare
ENPH,"Enphase Energy, Inc. - Common Stock",33.540000915527344,162969554.48262978,4735536128.0,Technology
ENSG,"The Ensign Group, Inc. - Common Stock",172.52000427246094,62778688.03127213,10190683136.0,Healthcare
ENTG,"Entegris, Inc. - Common Stock",167.7899932861328,283749408.21761703,21011308544.0,Technology
EQIX,"Equinix, Inc. - Common Stock",1029.1500244140625,507672029.78244627,102541590528.0,Real Estate
EQPT,EquipmentShare.com Inc - Class A Common Stock,18.204999923706055,63270508.39929037,4624111616.0,Industrials
ERAS,"Erasca, Inc. - Common Stock",14.864999771118164,69349785.88771372,5486018048.0,Healthcare
ERIE,Erie Indemnity Company - Class A Common Stock,219.89999389648438,44047088.14650116,12795853824.0,Financial Services
ESLT,Elbit Systems Ltd. - Ordinary Shares,699.5,52851773.17242432,34197893120.0,Industrials
ESQ,"Esquire Financial Holdings, Inc. - Common Stock",118.97000122070312,25429096.402151488,1422409600.0,Financial Services
ESTA,Establishment Labs Holdings Inc. - Common Shares,63.3650016784668,21813553.843568802,2185074688.0,Healthcare
ETON,"Eton Pharmaceuticals, Inc. - Common Stock",54.66999816894531,31716384.20050354,1678401792.0,Healthcare
ETOR,eToro Group Ltd. - Class A Common Shares,25.31999969482422,28979408.132433318,2407284992.0,Financial Services
EVER,"EverQuote, Inc. - Class A Common Stock",19.299999237060547,20180000.575180434,831625792.0,Communication Services
EVRG,"Evergy, Inc. - Common Stock",79.31999969482422,186138349.8966671,18790072320.0,Utilities
EWBC,"East West Bancorp, Inc. - Common Stock",125.44499969482422,104192439.3378849,17571770368.0,Financial Services
EWTX,"Edgewise Therapeutics, Inc. - Common Stock",41.255001068115234,71202436.52320424,4640654336.0,Healthcare
EXC,Exelon Corporation - Common Stock,40.79999923706055,343435704.42608356,45053005824.0,Utilities
EXE,Expand Energy Corporation - Common Stock,85.54000091552734,308958211.5256752,22955800576.0,Energy
EXEL,"Exelixis, Inc. - Common Stock",58.27000045776367,118836278.42682323,14332932096.0,Healthcare
EXLS,"ExlService Holdings, Inc. - Common Stock",35.900001525878906,69144700.04289436,5368792064.0,Technology
EXPE,"Expedia Group, Inc. - Common Stock",265.19000244140625,662570220.9238098,32891299840.0,Consumer Cyclical
EXPO,"Exponent, Inc. - Common Stock",67.61000061035156,38666299.07428589,3187018752.0,Industrials
EXTR,"Extreme Networks, Inc. - Common Stock",23.469999313354492,30507868.17478285,2801634304.0,Technology
EYE,"National Vision Holdings, Inc. - Common Stock",16.540000915527344,37779488.43717499,1347341184.0,Consumer Cyclical
EZPW,"EZCORP, Inc. - Class A Non-Voting Common Stock",30.690000534057617,20418018.132468604,2011041664.0,Financial Services
FA,First Advantage Corporation - Common Stock,18.579999923706055,34259790.66852264,3548431360.0,Industrials
FANG,"Diamondback Energy, Inc. - Common Stock",184.3800048828125,622262196.9192626,57221943296.0,Energy
FAST,Fastenal Company - Common Stock,50.67499923706055,337065931.4192823,55584780288.0,Industrials
FCEL,"FuelCell Energy, Inc. - Common Stock",18.190000534057617,96227748.24110928,1295257984.0,Industrials
FCFS,"FirstCash Holdings, Inc. - Common Stock",215.30999755859375,80039059.90784606,9803761664.0,Financial Services
FCNCA,"First Citizens BancShares, Inc. - Class A Common Stock",2062.60498046875,136304397.94348145,24188678144.0,Financial Services
FEIM,"Frequency Electronics, Inc. - Common Stock",86.55999755859375,33127828.99250717,710890880.0,Technology
FELE,"Franklin Electric Co., Inc. - Common Stock",98.6050033569336,30392396.45487976,4258421504.0,Industrials
FER,Ferrovial N.V. - Ordinary Shares,53.51499938964844,91726498.69405594,40115101696.0,Industrials
FFBC,First Financial Bancorp. - Common Stock,31.719999313354492,29863440.70315647,3376449024.0,Financial Services
FFIN,"First Financial Bankshares, Inc. - Common Stock",32.01499938964844,27018766.558408737,4673659392.0,Financial Services
FFIV,"F5, Inc. - Common Stock",457.5249938964844,234213333.29490662,23075010560.0,Technology
FHB,"First Hawaiian, Inc. - Common Stock",25.06999969482422,53411932.611846924,3108940032.0,Financial Services
FIBK,"First Interstate BancSystem, Inc. - Common Stock",35.93000030517578,45764910.68140755,3491960832.0,Financial Services
FIGR,"Figure Technology Solutions, Inc. - Class A Common Stock",28.649999618530273,162469614.40094367,8391283200.0,Financial Services
FISV,"Fiserv, Inc. - Common Stock",44.334999084472656,365356786.45315206,26024609792.0,nan
FIVE,"Five Below, Inc. - Common Stock",222.64999389648438,261015272.9921875,13635783680.0,Consumer Cyclical
FIVN,"Five9, Inc. - Common Stock",34.400001525878906,83105237.74322662,2314934784.0,Technology
FLEX,Flex Ltd. - Ordinary Shares,116.87999725341797,352913761.0430374,41140412416.0,Technology
FLNC,"Fluence Energy, Inc. - Class A Common Stock",7.570000171661377,70437779.31953177,1821410048.0,Utilities
FLYW,Flywire Corporation - Voting Common Stock,17.75,24709424.120132826,2159601152.0,Technology
FORM,"FormFactor, Inc. - Common Stock",148.7949981689453,152341479.92276382,8778486784.0,Technology
FOX,Fox Corporation - Class B Common Stock,55.65999984741211,70073086.1712656,23937607680.0,Communication Services
FOXA,Fox Corporation - Class A Common Stock,62.04999923706055,310575196.0212078,26838626304.0,Communication Services
FRME,First Merchants Corporation - Common Stock,39.8849983215332,20571576.99140682,2558530048.0,Financial Services
FROG,JFrog Ltd. - Ordinary shares,95.80500030517578,148464448.15883905,11040399360.0,Technology
FRPT,"Freshpet, Inc. - Common Stock",60.22999954223633,62984090.274367526,3190575360.0,Consumer Defensive
FRSH,Freshworks Inc. - Class A Common Stock,12.78499984741211,53447426.03907452,3107305472.0,Technology
FRVO,Fervo Energy Company - Class A common stock,14.800000190734863,104128616.03193521,4353652584.161884,
FSLR,"First Solar, Inc. - Common Stock",176.25,468840156.40719604,21542856704.0,Technology
FSLY,"Fastly, Inc. - Class A Common Stock",26.30500030517578,212649408.6696659,3596994048.0,Technology
FSV,FirstService Corporation - Common Shares,128.97000122070312,27210852.336605836,5974024192.0,Real Estate
FTAI,FTAI Aviation Ltd. - Common Stock,167.81500244140625,240717997.41010132,18643904512.0,Industrials
FTDR,"Frontdoor, Inc. - Common Stock",77.91000366210938,46830358.00669861,5513531904.0,Consumer Cyclical
FTNT,"Fortinet, Inc. - Common Stock",180.80999755859375,660710099.9406983,117874769920.0,Technology
FTRE,Fortrea Holdings Inc. - Common Stock,19.8700008392334,28713074.37020712,1559639936.0,Healthcare
FULT,Fulton Financial Corporation - Common Stock,22.639999389648438,40234060.81566048,4450218496.0,Financial Services
FWONK,Liberty Media Corporation - Series C Common Stock,90.44999694824219,216014287.6866333,24241004544.0,Communication Services
GCT,GigaCloud Technology Inc - Class A Ordinary Shares,53.36000061035156,33116729.238141634,1845147776.0,Technology
GEHC,GE HealthCare Technologies Inc. - Common Stock,64.18000030517578,233523612.89960212,29128996864.0,Healthcare
GEN,Gen Digital Inc. - Common Stock,22.114999771118164,290032914.78448665,17936660480.0,Technology
GFS,GlobalFoundries Inc. - Ordinary Share,50.005001068115234,175336986.86776906,24770623488.0,Technology
GH,"Guardant Health, Inc. - Common Stock",177.40499877929688,312271480.83123624,21582770176.0,Healthcare
GIII,"G-III Apparel Group, LTD. - Common Stock",27.239999771118164,22547649.035652637,1160238336.0,Consumer Cyclical
GILD,"Gilead Sciences, Inc. - Common Stock",144.24000549316406,857705090.1938248,179285114880.0,Healthcare
GLBE,Global-E Online Ltd. - ordinary shares,39.17499923706055,60513845.09165172,6093856768.0,Consumer Cyclical
GLNG,Golar LNG Limited - Common Shares,49.06999969482422,68838861.16236344,5340694016.0,Energy
GLPI,"Gaming and Leisure Properties, Inc. - Common Stock",37.81999969482422,133814845.00707778,12417289216.0,Real Estate
GLXY,Galaxy Digital Inc. - Class A common stock,23.229999542236328,115716648.73587799,14255102976.0,Financial Services
GNTX,Gentex Corporation - Common Stock,22.13990020751953,47192124.65317078,4807388160.0,Consumer Cyclical
GO,Grocery Outlet Holding Corp. - Common Stock,11.625,26005714.915060423,1150370944.0,Consumer Defensive
GOOG,Alphabet Inc. - Class C Capital Stock,339.7799987792969,5965765950.282797,3992829296640.0,Communication Services
GOOGL,Alphabet Inc. - Class A Common Stock,342.92999267578125,9229893744.975067,4018022907904.0,Communication Services
GPRE,"Green Plains, Inc. - Common Stock",15.28499984741211,21221060.918546297,1106104320.0,Basic Materials
GRAL,"GRAIL, Inc. - Common Stock",141.69000244140625,149816874.47028047,3445553152.0,Healthcare
GRPN,"Groupon, Inc. - Common Stock",19.190000534057617,22950726.36444559,732788672.0,Communication Services
GSAT,"Globalstar, Inc. - Common Stock",83.20999908447266,45719846.09841385,10585328640.0,Communication Services
GSHD,"Goosehead Insurance, Inc. - Class A Common Stock",45.52000045776367,27105317.969527245,2052801664.0,Financial Services
GTLB,GitLab Inc. - Class A Common Stock,49.46500015258789,194546925.7971077,7950868480.0,Technology
GTX,Garrett Motion Inc. - Common Stock,27.270000457763672,65623398.5058218,5128029184.0,Consumer Cyclical
HALO,"Halozyme Therapeutics, Inc. - Common Stock",109.12000274658203,277713340.0524494,12160742400.0,Healthcare
HAPN,"Happen, Inc. - Common Stock",15.460000038146973,25180136.76069641,1926150656.0,Financial Services
HAS,"Hasbro, Inc. - Common Stock",89.7699966430664,152483187.43071252,12411207680.0,Consumer Cyclical
HBAN,Huntington Bancshares Incorporated - Common Stock,15.28499984741211,487990204.1165358,33367150592.0,Financial Services
HELP,Helus Pharma Inc.  - Common Stock,11.5600004196167,22300193.16299839,968903744.0,Healthcare
HLNE,Hamilton Lane Incorporated - Class A Common Stock,88.8550033569336,57178645.32550011,5414812672.0,Financial Services
HON,Honeywell International Inc. - Common Stock,213.60499572753906,607020938.1083885,63833300992.0,Industrials
HOOD,"Robinhood Markets, Inc. - Class A Common Stock",114.11000061035156,2560573402.1682854,102457352192.0,Financial Services
HQY,"HealthEquity, Inc. - Common Stock",90.03500366210938,81328047.46324158,7745047040.0,Healthcare
HRMY,"Harmony Biosciences Holdings, Inc. - Common Stock",39.61000061035156,44927588.44160233,2407201280.0,Healthcare
HSIC,"Henry Schein, Inc. - Common Stock",84.3949966430664,97118932.32650909,9976829952.0,Healthcare
HST,"Host Hotels & Resorts, Inc. - Common Stock",22.55500030517578,188112973.08054313,15374296064.0,Real Estate
HTFL,"Heartflow, Inc. - Common Stock",49.494998931884766,95213400.30534057,4134209792.0,Healthcare
HTO,H2O America  - Common Stock,60.34000015258789,28833269.632730104,2671929088.0,Utilities
HUBG,"Hub Group, Inc. - Class A Common Stock",29.774999618530273,45968014.16361809,2177982464.0,Industrials
HURN,Huron Consulting Group Inc. - Common Stock,162.9550018310547,38793181.88096695,2398960384.0,Industrials
HUT,Hut 8 Corp. - Common Stock,89.36000061035156,425127890.30731356,11050212352.0,Financial Services
HWC,Hancock Whitney Corporation - Common Stock,72.7249984741211,64682226.703654096,5953352704.0,Financial Services
HWKN,"Hawkins, Inc. - Common Stock",131.41000366210938,22090429.22758789,2558395648.0,Basic Materials
HYMC,Hycroft Mining Holding Corporation - Class A Common Stock,18.729999542236328,44292061.07837276,2022974208.0,Basic Materials
IBKR,"Interactive Brokers Group, Inc. - Class A Common Stock",88.48500061035156,327359455.9238922,152653348864.0,Financial Services
IBOC,International Bancshares Corporation - Common Stock,69.41000366210938,27166820.493638612,4376416768.0,Financial Services
IBRX,"ImmunityBio, Inc. - Common Stock",10.135000228881836,109574317.7731041,8282620416.0,Healthcare
ICHR,Ichor Holdings - Ordinary Shares,63.41999816894531,39586895.29067306,2103991168.0,Technology
ICLR,ICON plc - Ordinary Shares,161.32000732421875,177825267.80270997,12187279360.0,Healthcare
ICUI,"ICU Medical, Inc. - Common Stock",160.97999572753906,39755721.40311432,3954612992.0,Healthcare
IDCC,"InterDigital, Inc. - Common Stock",335.0799865722656,68793063.94335786,8818299904.0,Technology
IDXX,"IDEXX Laboratories, Inc. - Common Stock",520.1900024414062,243283230.12616882,40225992704.0,Healthcare
IDYA,"IDEAYA Biosciences, Inc. - Common Stock",37.38999938964844,32242682.520497132,3646337792.0,Healthcare
IESC,"IES Holdings, Inc. - Common Stock",340.0199890136719,78716735.84640503,12746806272.0,Industrials
ILMN,"Illumina, Inc. - Common Stock",268.43499755859375,994723566.0691497,30502000640.0,Healthcare
IMMX,"Immix Biopharma, Inc. - Common Stock",9.805000305175781,20059866.021781158,879933568.0,Healthcare
IMNM,"Immunome, Inc. - Common Stock",21.06999969482422,30871863.853787612,2926327552.0,Healthcare
IMVT,"Immunovant, Inc.  - Common Stock",33.564998626708984,54313040.4269043,7857264640.0,Healthcare
INBX,"Inhibrx Biosciences, Inc. - Common Stock",97.23500061035156,38445726.14859009,1619752064.0,Healthcare
INCY,Incyte Corporation - Common Stock,115.05750274658203,192027614.66196862,25536874496.0,Healthcare
INDB,Independent Bank Corp. - Common Stock,79.50499725341797,30320273.36696472,3867213312.0,Financial Services
INDV,"Indivior Pharmaceuticals, Inc.  - Common Stock",35.650001525878906,65843355.629053116,4090343168.0,Healthcare
INIO,INNIO N.V. - Ordinary Shares,19.905000686645508,113551431.08605842,14928750514.98413,
INOD,Innodata Inc. - Common Stock,70.73999786376953,103423805.26222,1843769728.0,Technology
INSM,Insmed Incorporated - Common Stock,109.41000366210938,268368292.0106247,27947372544.0,Healthcare
INTA,"Intapp, Inc. - Common Stock",36.369998931884766,20236463.481920242,2978196480.0,Technology
INTC,Intel Corporation - Common Stock,119.9000015258789,12378947688.337818,529879171072.0,Technology
INTR,Inter & Co. Inc. - Class A Common Shares,5.454999923706055,24791311.56945877,2410663680.0,Financial Services
INTU,Intuit Inc. - Common Stock,280.510009765625,1089563465.129956,86002769920.0,Technology
INVA,"Innoviva, Inc. - Common Stock",20.719999313354492,21451158.61045885,1527992064.0,Healthcare
IOND,Ionic Digital Inc. - Class A Common Stock,83.80000305175781,65004612.729746245,3770679602.3174286,
IONS,"Ionis Pharmaceuticals, Inc. - Common Stock",43.334999084472656,216843328.10544777,9186170880.0,Healthcare
IOSP,Innospec Inc. - Common Stock,97.69999694824219,20956486.225402832,2289086464.0,Basic Materials
IOVA,"Iovance Biotherapeutics, Inc. - Common Stock",14.28499984741211,209810374.15586394,3750603264.0,Healthcare
IPAR,"Interparfums, Inc. - Common Stock",113.0999984741211,25043325.67193184,3584965888.0,Consumer Defensive
IPGP,IPG Photonics Corporation - Common Stock,84.93000030517578,30973924.87685013,3357502464.0,Technology
IRDM,Iridium Communications Inc - Common Stock,49.099998474121094,52527247.279275894,5035183104.0,Communication Services
IREN,IREN Limited - Ordinary Shares,41.39500045776367,1560384812.292983,17149432832.0,Financial Services
IRON,"Disc Medicine, Inc. - Common Stock",64.91999816894531,38479555.546496585,2921887488.0,Healthcare
IRTC,"iRhythm Holdings, Inc.  - Common Stock",110.94999694824219,59932712.892598726,3909577216.0,Healthcare
ISRG,"Intuitive Surgical, Inc. - Common Stock",394.3500061035156,913502575.043129,128324452352.0,Healthcare
ITRI,"Itron, Inc. - Common Stock",86.6449966430664,54921653.90088844,4085741824.0,Technology
JAZZ,Jazz Pharmaceuticals plc - Ordinary Shares,237.31500244140625,169924935.3284027,15691151360.0,Healthcare
JBHT,"J.B. Hunt Transport Services, Inc. - Common Stock",233.2949981689453,293950452.1947304,25169426432.0,Industrials
JKHY,"Jack Henry & Associates, Inc. - Common Stock",143.08999633789062,159935465.18444824,11262188544.0,Technology
KALU,Kaiser Aluminum Corporation - Common Stock,152.05999755859375,32235655.32538452,2667354368.0,Basic Materials
KDP,Keurig Dr Pepper Inc. - Common Stock,30.475000381469727,328245905.62211037,43151790080.0,Consumer Defensive
KLAC,KLA Corporation  - Common Stock,206.30999755859375,1718140041.6790986,228763271168.0,Technology
KLIC,"Kulicke and Soffa Industries, Inc. - Common Stock",101.86499786376953,64629800.3325943,4261159936.0,Technology
KMB,Kimberly-Clark Corporation - Common Stock,94.33000183105469,471215171.59465563,32858775552.0,Consumer Defensive
KNSA,"Kiniksa Pharmaceuticals International, plc - Class A Ordinary Shares",75.88999938964844,43901744.71748962,5993471488.0,Healthcare
KOD,Kodiak Sciences Inc - Common Stock,90.94000244140625,273314327.71361846,2070260992.0,Healthcare
KRYS,"Krystal Biotech, Inc. - Common Stock",321.3999938964844,95632552.90676117,10250692608.0,Healthcare
KSPI,Joint Stock Company Kaspi.kz - American Depository Shares,93.93000030517578,59752153.73426056,18559963136.0,Technology
KTOS,"Kratos Defense & Security Solutions, Inc. - Common Stock",42.79999923706055,187516228.86072674,8753432576.0,Industrials
KURA,"Kura Oncology, Inc. - Common Stock",10.670000076293945,20793456.28720808,1053382592.0,Healthcare
KYMR,"Kymera Therapeutics, Inc. - Common Stock",107.34500122070312,87340592.90886383,9701182464.0,Healthcare
LAMR,Lamar Advertising Company - Class A Common Stock,144.8800048828125,73843077.13898316,15076573184.0,Real Estate
LASR,"nLIGHT, Inc. - Common Stock",40.404998779296875,34504645.98082123,2308761600.0,Technology
LAUR,"Laureate Education, Inc. - Common Stock",38.900001525878906,36531049.06721382,4960354304.0,Consumer Defensive
LBTYA,Liberty Global Ltd. - Class A Common Shares,8.920000076293945,28631467.79266901,3618938880.0,Communication Services
LECO,"Lincoln Electric Holdings, Inc. - Common Shares",274.69000244140625,108634864.78182983,13986177024.0,Industrials
LFST,"LifeStance Health Group, Inc. - Common Stock",11.774999618530273,72215077.46710214,4960360448.0,Healthcare
LFUS,"Littelfuse, Inc. - Common Stock",458.69500732421875,77213384.18502502,10650784768.0,Technology
LGN,Legence Corp. - Class A Common stock,53.44499969482422,49642068.66380539,8723530752.0,Industrials
LGND,Ligand Pharmaceuticals Incorporated - Common Stock,304.0050048828125,77584525.84033203,5698294272.0,Healthcare
LIF,"Life360, Inc. - Common Stock",42.72999954223633,23515778.84698944,3411990528.0,Technology
LIFE,Ethos Technologies Inc. - Class A Common Stock,33.93000030517578,63685586.36302376,3725720064.0,Financial Services
LIN,Linde plc - Ordinary Shares,477.7900085449219,966993593.6334518,213606678528.0,Basic Materials
LIND,Lindblad Expeditions Holdings Inc.  - Common Stock,34.630001068115234,25413115.487384986,1625399680.0,Consumer Cyclical
LINE,"Lineage, Inc. - Common Stock",34.5,35332975.22158203,9327735808.0,Real Estate
LITE,Lumentum Holdings Inc. - Common Stock,1087.3900146484375,4576502683.691534,87330578432.0,Technology
LIVN,LivaNova PLC - Ordinary Shares,75.83999633789062,50240628.590774536,4299772928.0,Healthcare
LKQ,LKQ Corporation - Common Stock,22.799999237060547,75708840.50459652,6078374912.0,Consumer Cyclical
LLYVK,"Liberty Live Holdings, Inc. - Series C Liberty Live Group Common Stock",97.41000366210938,29761913.251486205,8999505920.0,Communication Services
LMAT,"LeMaitre Vascular, Inc. - Common Stock",78.94000244140625,20658210.283181764,1806442496.0,Healthcare
LNT,Alliant Energy Corporation - Common Stock,64.44499969482422,172151355.27548218,17626175488.0,Utilities
LNTH,"Lantheus Holdings, Inc. - Common Stock",99.97000122070312,99384914.88696595,6576350208.0,Healthcare
LOGI,Logitech International S.A. - Registered Shares,104.4749984741211,71563464.13138428,14255115264.0,Technology
LOPE,"Grand Canyon Education, Inc. - Common Stock",156.61000061035156,50901055.34975891,3951068672.0,Consumer Defensive
LPLA,LPL Financial Holdings Inc. - Common Stock,314.8699951171875,246176893.66644287,27464523776.0,Financial Services
LPTH,"LightPath Technologies, Inc. - Class A Common Stock",11.005000114440918,28542248.27875457,617973376.0,Technology
LQDA,Liquidia Corporation - Common Stock,28.684999465942383,144429804.7417779,6019472896.0,Healthcare
LRCX,Lam Research Corporation - Common Stock,348.7749938964844,2840594939.706929,375590256640.0,Technology
LSCC,Lattice Semiconductor Corporation - Common Stock,135.84249877929688,204274669.58566743,15963797504.0,Technology
LSTR,"Landstar System, Inc. - Common Stock",173.8699951171875,57869280.47345581,5852253184.0,Industrials
LULU,lululemon athletica inc. - Common Stock,94.08999633789062,728214619.9476792,11010665472.0,Consumer Cyclical
LUNR,"Intuitive Machines, Inc. - Class A Common Stock",14.640700340270996,113156377.28535739,2413202688.0,Industrials
LYFT,"Lyft, Inc. - Class A Common Stock",15.359999656677246,143962713.7985041,5577790464.0,Technology
MANH,"Manhattan Associates, Inc. - Common Stock",204.25,126500909.19516906,12125976576.0,Technology
MAR,Marriott International - Class A Common Stock,357.3999938964844,534387229.24035645,86629163008.0,Consumer Cyclical
MARA,"MARA Holdings, Inc. - Common Stock",11.21500015258789,535285480.7560978,4355524608.0,Financial Services
MAT,"Mattel, Inc. - Common Stock",14.824999809265137,93625788.07772855,3894091008.0,Consumer Cyclical
MATW,Matthews International Corporation - Class A Common Stock,19.28499984741211,23123950.902031325,628321152.0,Industrials
MAZE,"Maze Therapeutics, Inc. - Common Stock",26.440000534057617,22686429.71702099,1387062656.0,Healthcare
MBLY,Mobileye Global Inc. - Class A Common Stock,7.264999866485596,44500936.148326516,6750489600.0,Consumer Cyclical
MBX,"MBX Biosciences, Inc. - Common Stock",58.380001068115234,32008223.000948332,3026621184.0,Healthcare
MCHP,Microchip Technology Incorporated - Common Stock,81.6500015258789,610854345.715881,38781681664.0,Technology
MCRI,"Monarch Casino & Resort, Inc. - Common Stock",118.43000030517578,23396954.408372115,2165757184.0,Consumer Cyclical
MDB,"MongoDB, Inc. - Class A Common Stock",358.0350036621094,1107297502.188472,29886404608.0,Technology
MDGL,"Madrigal Pharmaceuticals, Inc. - Common Stock",491.29998779296875,120633095.06289062,12306758656.0,Healthcare
MDLN,Medline Inc. - Class A common stock,35.33000183105469,295510553.68754274,44574203904.0,Healthcare
MDLZ,"Mondelez International, Inc. - Class A Common Stock",58.11000061035156,483090541.2038086,80151093248.0,Consumer Defensive
MEDP,"Medpace Holdings, Inc. - Common Stock",604.6500244140625,148271379.65949097,16255749120.0,Healthcare
MELI,"MercadoLibre, Inc. - Common Stock",1687.324951171875,1160771000.2886474,94782226432.0,Consumer Cyclical
MEOH,Methanex Corporation - Common Stock,58.55500030517578,53915198.467824936,4886326784.0,Basic Materials
META,"Meta Platforms, Inc. - Class A Common Stock",728.844970703125,16418954326.059448,1641625812992.0,Communication Services
MFP,"Midera Food Processing, Inc. - Common Stock",41.75,20503281.184976198,1888371496.25,
MGNI,"Magnite, Inc. - Common Stock",24.84000015258789,54142792.0043787,3354691072.0,Communication Services
MIDD,The Middleby Corporation - Common Stock,103.9800033569336,65541791.01668205,4755582464.0,Industrials
MIRM,"Mirum Pharmaceuticals, Inc. - common stock",82.13009643554688,70815219.9135315,6374069760.0,Healthcare
MKSI,MKS Inc. - Common Stock,280.7850036621094,324432422.6887268,17514977280.0,Technology
MKTX,"MarketAxess Holdings, Inc. - Common Stock",164.1999969482422,143871609.62788925,5748406784.0,Financial Services
MLTX,MoonLake Immunotherapeutics - Class A Ordinary Shares,11.220000267028809,22839608.031444024,1137876352.0,Healthcare
MLYS,"Mineralys Therapeutics, Inc. - Common Stock",23.739999771118164,41148872.43554573,2690596864.0,Healthcare
MMED,"MiniMed Group, Inc. - Common Stock",19.600000381469727,57508784.72702932,6366245376.0,Healthcare
MMSI,"Merit Medical Systems, Inc. - Common Stock",86.23500061035156,50939066.83948898,5169728512.0,Healthcare
MMYT,MakeMyTrip Limited - Ordinary Shares,44.470001220703125,44665065.6062706,4592884736.0,Consumer Cyclical
MNDY,monday.com Ltd. - Ordinary Shares,78.77999877929688,102388341.93167572,3447665920.0,Technology
MNST,Monster Beverage Corporation - Common Stock,42.55500030517578,433914628.76404154,84866121728.0,Consumer Defensive
MORN,"Morningstar, Inc. - Common Stock",185.58999633789062,57744344.53654327,7467076608.0,Financial Services
MPWR,"Monolithic Power Systems, Inc. - Common Stock",1431.0,913815101.9864502,57940336640.0,Technology
MRCY,Mercury Systems Inc - Common Stock,84.30999755859375,54976617.97317505,4819911168.0,Industrials
MRNA,"Moderna, Inc. - Common Stock",188.14500427246094,2463578304.21117,53777076224.0,Healthcare
MRVL,"Marvell Technology, Inc. - Common Stock",272.0299987792969,4261967748.1518617,205776404480.0,Technology
MRX,Marex Group Limited - Ordinary Shares,73.20999908447266,57531869.887607574,5415315968.0,Financial Services
MSFT,Microsoft Corporation - Common Stock,514.760009765625,10457024137.650555,3642750140416.0,Technology
MSTR,Strategy Inc - Class A Common Stock,156.8300018310547,3340994437.8585343,51720114176.0,Technology
MTCH,"Match Group, Inc. - Common Stock",40.81999969482422,141449957.38516006,9540140032.0,Communication Services
MTSI,"MACOM Technology Solutions Holdings, Inc. - Common Stock",323.6050109863281,364333484.8258209,21021097984.0,Technology
MU,"Micron Technology, Inc. - Common Stock",1074.0550537109375,26725993090.314545,1113028296704.0,Technology
MWH,"SOLV Energy, Inc. - Class A common stock",25.170000076293945,34162707.47090874,4994904064.0,Utilities
MXL,"MaxLinear, Inc - Common Stock",105.05509948730469,244646555.52500534,6021121024.0,Technology
MYRG,"MYR Group, Inc. - Common Stock",305.0899963378906,68747557.5087204,4385858048.0,Industrials
MZTI,The Marzetti Company - Common Stock,99.63999938964844,45357923.82421188,2763486720.0,Consumer Defensive
NAMS,NewAmsterdam Pharma Company N.V. - Ordinary Shares,22.93000030517578,44937188.24286346,2688390912.0,Healthcare
NAVN,"Navan, Inc. - Class A Common Stock",21.15999984741211,108198236.37712708,5174369280.0,Technology
NBIS,Nebius Group N.V. - Class A Ordinary Shares,242.2449951171875,3559879406.6092286,58325491712.0,Communication Services
NBIX,"Neurocrine Biosciences, Inc. - Common Stock",142.86000061035156,190017641.9917473,15934018560.0,Healthcare
NCNO,"nCino, Inc. - Common Stock",18.790000915527344,46448656.52701302,2315622144.0,Technology
NDAQ,"Nasdaq, Inc. - Common Stock",90.5,296412801.7642304,52309102592.0,Financial Services
NDSN,Nordson Corporation - Common Stock,332.3500061035156,112390088.27268219,17163078656.0,Industrials
NEO,"NeoGenomics, Inc. - Common Stock",18.3700008392334,38575043.66091957,2268940032.0,Healthcare
NEOG,Neogen Corporation - Common Stock,12.335000038146973,56915883.716825485,2569288704.0,Healthcare
NESR,National Energy Services Reunited Corp - Ordinary Shares,24.662500381469727,63191001.196193315,3420387328.0,Energy
NFLX,"Netflix, Inc. - Common Stock",66.95989990234375,2562908497.6293917,314044317696.0,Communication Services
NKTR,Nektar Therapeutics - Common Stock,43.650001525878906,105424558.73126526,2466831104.0,Healthcare
NMIH,NMI Holdings Inc - Common Stock,38.70500183105469,29919901.590460967,3324628992.0,Financial Services
NMRK,"Newmark Group, Inc. - Class A Common Stock",12.760000228881836,29104489.623435497,3516855296.0,Real Estate
NN,NextNav Inc. - Common stock,14.135000228881836,35667831.77169695,2627526144.0,Technology
NNE,Nano Nuclear Energy Inc. - common stock,15.680000305175781,31796499.400263023,933273728.0,Industrials
NOVT,Novanta Inc. - Common Shares,149.22000122070312,49613828.58193207,5434791936.0,Technology
NRIX,"Nurix Therapeutics, Inc. - Common stock",22.950000762939453,37026272.34847641,2666670336.0,Healthcare
NSIT,"Insight Enterprises, Inc. - Common Stock",161.33999633789062,58868736.05619659,4605421568.0,Technology
NTAP,"NetApp, Inc. - Common Stock",226.88999938964844,476691755.3324364,36190203904.0,Technology
NTCT,"NetScout Systems, Inc. - Common Stock",41.244998931884766,24882893.85562744,2703621376.0,Technology
NTLA,"Intellia Therapeutics, Inc. - Common Stock",12.194999694824219,53567195.87362137,1643686016.0,Healthcare
NTNX,"Nutanix, Inc. - Class A Common Stock",72.51000213623047,158385413.54498863,18227712000.0,Technology
NTRA,"Natera, Inc. - Common Stock",406.3074951171875,614019537.6901795,47032082432.0,Healthcare
NTRS,Northern Trust Corporation - Common Stock,171.2899932861328,182286585.90316468,34002309120.0,Financial Services
NTSK,"Netskope, Inc. - Class A Common Stock",18.010000228881836,121421527.47542448,6167631872.0,Technology
NUAI,"New Era Energy & Digital, Inc. - Common Stock",6.300000190734863,57249272.03832211,651077568.0,Technology
NUTX,Nutex Health Inc. - Common Stock,218.0,32475337.285791017,1350831104.0,Healthcare
NVAX,"Novavax, Inc. - Common Stock",10.399999618530273,51743890.88497162,1519150208.0,Healthcare
NVDA,NVIDIA Corporation - Common Stock,234.59759521484375,24213283899.132057,5259457986560.0,Technology
NVMI,Nova Ltd. - Ordinary Shares,395.2099914550781,196083292.38731995,11601614848.0,Technology
NVTS,Navitas Semiconductor Corporation - Common Stock,12.505000114440918,162980323.9219467,2917667584.0,Technology
NWE,"NorthWestern Energy Group, Inc.  - Common Stock",69.1500015258789,32315111.67289505,4341929984.0,Utilities
NWL,Newell Brands Inc. - Common Stock,5.385000228881836,32467805.670228384,2553270528.0,Consumer Defensive
NWS,News Corporation - Class B Common Stock,31.635000228881836,38812408.43047266,17630640128.0,Communication Services
NWSA,News Corporation - Class A Common Stock,28.65999984741211,130705491.02927475,15774218240.0,Communication Services
NXPI,NXP Semiconductors N.V. - Common Stock,243.65499877929688,811348009.4627578,55400468480.0,Technology
NXST,"Nexstar Media Group, Inc. - Common Stock",156.52000427246094,64637309.37366867,5217693696.0,Communication Services
NXT,Nextpower Inc. - Common Stock,83.43000030517578,167712214.66124648,12198116352.0,Technology
OCTV,Octave Intelligence plc - Class B Ordinary Shares,19.030000686645508,57879372.19628916,5100317972.0,
OCUL,"Ocular Therapeutix, Inc. - Common Stock",7.005000114440918,30871082.030018568,2446520832.0,Healthcare
ODD,ODDITY Tech Ltd. - Class A Ordinary Shares,19.094999313354492,32314167.7947917,741682816.0,Consumer Defensive
ODFL,"Old Dominion Freight Line, Inc. - Common Stock",179.9600067138672,319537504.59015733,37398904832.0,Industrials
OKTA,"Okta, Inc. - Class A Common Stock",213.4001007080078,737249011.4208603,30927570944.0,Technology
OLED,Universal Display Corporation - Common Stock,79.12000274658203,57405206.629601285,3617130496.0,Technology
OLLI,"Ollie's Bargain Outlet Holdings, Inc. - Common Stock",88.09500122070312,139224403.41729584,4293011456.0,Consumer Defensive
OMDA,"Omada Health, Inc. - Common Stock",20.649999618530273,30364654.523162365,1360847360.0,Healthcare
OMER,Omeros Corporation - Common Stock,18.5,27455684.698056795,1353661696.0,Healthcare
ON,ON Semiconductor Corporation - Common Stock,83.38500213623047,879448259.4627949,26827948032.0,Technology
ONB,Old National Bancorp - Common Stock,24.750099182128906,115267364.82868385,9682845696.0,Financial Services
ONDS,Ondas Inc - Common Stock,7.164999961853027,446983384.8379351,4191677184.0,Technology
OPCH,"Option Care Health, Inc. - Common Stock",22.719999313354492,49386554.56291647,3591850240.0,Healthcare
ORKA,"Oruka Therapeutics, Inc. - Common Stock",83.41000366210938,88461738.04580688,6008530432.0,Healthcare
ORLY,"O'Reilly Automotive, Inc. - Common Stock",84.67430114746094,515196711.66007996,69234909184.0,Consumer Cyclical
OSIS,"OSI Systems, Inc. - Common Stock",197.72999572753906,44360881.274082184,3151886592.0,Technology
OSW,OneSpaWorld Holdings Limited - Common Shares,23.5,20496935.355467606,2255301376.0,Consumer Cyclical
OTEX,Open Text Corporation - Common Shares,22.084999084472656,27453074.192829132,5515646976.0,Technology
OTTR,Otter Tail Corporation - Common Stock,88.87000274658203,21560728.27344246,3738605824.0,Industrials
OUST,"Ouster, Inc. - Common Stock",43.10499954223633,83910453.56046543,2564314880.0,Technology
OZK,Bank OZK - Common Stock,46.53499984741211,52938912.667388916,5270878208.0,Financial Services
PAGP,"Plains GP Holdings, L.P. - Class A Shares representing limited partner interests",25.96500015258789,46535349.403299525,6511197184.0,Energy
PANW,"Palo Alto Networks, Inc. - Common Stock",401.6600036621094,2280299978.114647,277804974080.0,Technology
PATK,"Patrick Industries, Inc. - Common Stock",67.65499877929688,42923537.763240054,2455280640.0,Consumer Cyclical
PAYO,Payoneer Global Inc. - Common Stock,7.15500020980835,20358931.20584042,2402452480.0,Technology
PAYX,"Paychex, Inc. - Common Stock",98.91999816894531,389969963.60595167,41162022912.0,Technology
PBLS,"Parabilis Medicines, Inc. - Common Stock",29.46500015258789,44678010.810971454,3639906935.4496765,
PCAR,PACCAR Inc. - Common Stock,108.93000030517578,409602546.5296329,64506028032.0,Industrials
PCTY,Paylocity Holding Corporation - Common Stock,145.73500061035156,96389230.31128235,7684240384.0,Technology
PCVX,"Vaxcyte, Inc. - Common Stock",55.900001525878906,82505852.40866661,8842009600.0,Healthcare
PDFS,"PDF Solutions, Inc. - Common Stock",55.470001220703125,27379716.885813903,1955120128.0,Technology
PECO,"Phillips Edison & Company, Inc. - Common Stock",37.63999938964844,42106226.2477684,5456280064.0,Real Estate
PEGA,Pegasystems Inc. - Common Stock,33.939998626708984,74750729.27702828,5783766016.0,Technology
PENG,"Penguin Solutions, Inc. - Common Stock",61.310001373291016,74050672.14371014,2511660800.0,Technology
PENN,"PENN Entertainment, Inc. - Common Stock",14.885000228881836,53309202.76956453,2270411520.0,Consumer Cyclical
PEP,"PepsiCo, Inc. - Common Stock",125.44499969482422,1194801852.8409774,187196637184.0,Consumer Defensive
PFG,Principal Financial Group Inc - Common Stock,111.7300033569336,157349018.97854805,24544956416.0,Financial Services
PGEN,"Precigen, Inc. - Common Stock",8.359999656677246,37903800.19423914,2365806848.0,Healthcare
PGNY,"Progyny, Inc. - Common Stock",25.350000381469727,31409760.764779948,2106534272.0,Healthcare
PGY,Pagaya Technologies Ltd. - Class A Ordinary Shares,18.209999084472656,49512427.437710956,1725246336.0,Technology
PHVS,Pharvaris N.V. - Ordinary Shares,31.170000076293945,41450884.35262489,2726041088.0,Healthcare
PI,"Impinj, Inc. - Common Stock",189.2100067138672,69738539.5621254,4986021888.0,Technology
PLAB,"Photronics, Inc. - Common Stock",31.354000091552734,25447318.60111637,1662776320.0,Technology
PLMR,"Palomar Holdings, Inc. - Common stock",126.3550033569336,31006247.1114048,3509463296.0,Financial Services
PLPC,Preformed Line Products Company - Common Stock,424.6575012207031,28957739.85888214,1951862784.0,Industrials
PLSE,"Pulse Biosciences, Inc - Common Stock",48.869998931884766,32941946.151064683,3976235520.0,Healthcare
PLTR,Palantir Technologies Inc. - Class A Common Stock,189.47500610351562,4084385877.3263106,402392121344.0,Technology
PLUS,ePlus inc. - Common Stock,93.7300033569336,20696947.319839098,2335075072.0,Technology
PLXS,Plexus Corp. - Common Stock,274.3699951171875,52965428.46540222,6528965120.0,Technology
PODD,Insulet Corporation - Common Stock,131.32000732421875,220755310.509906,9481413632.0,Healthcare
POET,POET Technologies Inc. - Common Shares,7.820000171661377,64885346.3580447,1335143168.0,Technology
POOL,Pool Corporation - Common Stock,162.4199981689453,140167124.76521072,6379254784.0,Industrials
POWI,"Power Integrations, Inc. - Common Stock",55.17499923706055,38096650.07776356,2715107072.0,Technology
POWL,"Powell Industries, Inc. - Common Stock",196.1999969482422,93976559.29857254,6366616064.0,Industrials
PPC,Pilgrim's Pride Corporation - Common Stock,27.06999969482422,40804659.38756599,7098015232.0,Consumer Defensive
PPLI,People Incorporated - Common Stock,41.39500045776367,52388406.63269691,2807290112.0,Communication Services
PPTA,Perpetua Resources Corp. - Common Shares,20.229999542236328,20729492.350988578,2984160256.0,Basic Materials
PRAX,"Praxis Precision Medicines, Inc. - Common Stock",295.0799865722656,134782538.0234558,9594425344.0,Healthcare
PRCH,"Porch Group, Inc. - Common Stock",17.389999389648438,25067577.12630997,1862860544.0,Financial Services
PRCT,PROCEPT BioRobotics Corporation - Common Stock,17.229999542236328,26908180.432429124,1167237120.0,Healthcare
PRDO,Perdoceo Education Corporation - Common Stock,32.275001525878906,22654730.904973984,2089447808.0,Consumer Defensive
PRGS,Progress Software Corporation - Common Stock,36.72999954223633,24123511.92681961,1675993984.0,Technology
PRVA,"Privia Health Group, Inc. - Common Stock",20.149999618530273,25020039.876443673,2640904704.0,Healthcare
PSKY,Paramount Skydance Corporation - Class B Common Stock,9.140000343322754,265142074.80715322,11499503616.0,Communication Services
PSMT,"PriceSmart, Inc. - Common Stock",170.1999969482422,36076857.10698853,5264805376.0,Consumer Defensive
PSNL,"Personalis, Inc. - Common Stock",16.204999923706055,32597813.799538516,1748045696.0,Healthcare
PTC,PTC Inc. - Common Stock,144.16000366210938,233032867.94908142,13917012992.0,Technology
PTCT,"PTC Therapeutics, Inc. - Common Stock",63.22999954223633,81968587.05548763,5597715968.0,Healthcare
PTEN,"Patterson-UTI Energy, Inc. - Common Stock",11.1850004196167,94112198.57912174,4868596224.0,Energy
PTGX,"Protagonist Therapeutics, Inc. - Common Stock",138.97999572753906,101873329.51323013,9334169600.0,Healthcare
PTRN,Pattern Group Inc. - Series A Common Stock,17.594999313354492,32807951.854260255,3895422976.0,Consumer Cyclical
PURR,Hyperliquid Strategies Inc - Common Stock,12.085000038146973,288880919.762399,2332505344.0,Financial Services
PVLA,"Palvella Therapeutics, Inc. - Common Stock",130.00999450683594,32482573.440719604,2146564352.0,Healthcare
PWP,Perella Weinberg Partners - Class A Common Stock,15.880000114440918,33485908.450798653,1544130048.0,Financial Services
PYPL,"PayPal Holdings, Inc. - Common Stock",52.810001373291016,629818213.2565546,45039501312.0,Financial Services
PZZA,"Papa John's International, Inc. - Common Stock",19.56999969482422,30883471.209791183,711319168.0,Consumer Cyclical
QBTS,D-Wave Quantum Inc. - Common Stock,16.135000228881836,272582189.3278738,6236163584.0,Technology
QCOM,QUALCOMM Incorporated - Common Stock,185.17999267578125,2733758167.029416,184021483520.0,Technology
QLYS,"Qualys, Inc. - Common Stock",193.16000366210938,125672409.40374756,6029504000.0,Technology
QMCO,Quantum Corporation - Common Stock,33.82500076293945,50145922.29656239,956874816.0,Technology
QNT,Quantinuum Inc. - Class A Common Stock,46.349998474121094,98139364.53057937,1819857834.838829,
QRVO,"Qorvo, Inc. - Common Stock",113.93250274658203,216563830.23482284,9196286976.0,Technology
QUBT,Quantum Computing Inc. - Common Stock,8.255000114440918,58614376.85484147,1791467520.0,Technology
QURE,uniQure N.V. - Ordinary Shares,23.3700008392334,98424157.87607518,3153397248.0,Healthcare
RARE,Ultragenyx Pharmaceutical Inc. - Common Stock,15.119999885559082,87045248.2738646,1407849088.0,Healthcare
RCAT,"Red Cat Holdings, Inc. - Common Stock",6.320000171661377,61412307.17259212,1275180160.0,Industrials
RDNT,"RadNet, Inc. - Common Stock",70.12000274658203,55560155.64393272,5678830592.0,Healthcare
REAL,"The RealReal, Inc. - Common Stock",8.895000457763672,23366469.80104046,1136408192.0,Consumer Cyclical
REG,Regency Centers Corporation - Common Stock,71.62000274658203,97353456.55015106,14109775872.0,Real Estate
REGN,"Regeneron Pharmaceuticals, Inc. - Common Stock",736.0449829101562,576400629.0066589,82509160448.0,Healthcare
RELY,"Remitly Global, Inc. - Common stock",22.354999542236328,89318977.99657097,5008444416.0,Technology
REPL,"Replimune Group, Inc. - Common Stock",13.055000305175781,28058521.870446205,1329910144.0,Healthcare
REYN,Reynolds Consumer Products Inc. - Common Stock,22.104999542236328,33747987.95064201,4573651968.0,Consumer Cyclical
RGEN,Repligen Corporation - Common Stock,182.2050018310547,193151346.14240265,9139748864.0,Healthcare
RGLD,"Royal Gold, Inc. - Common Stock",234.69000244140625,161070999.4665741,21768282112.0,Basic Materials
RGTI,"Rigetti Computing, Inc.  - Common stock",15.375,264062400.44975814,5013273088.0,Technology
RIOT,"Riot Platforms, Inc. - Common Stock",19.599899291992188,349504113.11876374,7854169600.0,Financial Services
RIVN,"Rivian Automotive, Inc. - Class A Common Stock",14.114999771118164,359675663.48848104,23006359552.0,Consumer Cyclical
RKLB,Rocket Lab Corporation - Common Stock,73.41000366210938,1429159809.7563796,40864755712.0,Industrials
RLAY,"Relay Therapeutics, Inc. - Common Stock",18.625,66156238.428631976,4108905472.0,Healthcare
RMBS,"Rambus, Inc. - Common Stock",112.0999984741211,244885751.13472635,9107295232.0,Technology
ROAD,"Construction Partners, Inc. - Common Stock",91.75,54319385.74822082,5475776000.0,Industrials
ROIV,Roivant Sciences Ltd. - Common Shares,35.7400016784668,339728746.3983412,29427439616.0,Healthcare
ROKU,"Roku, Inc. - Class A Common Stock",152.0399932861328,314831218.4611847,22733334528.0,Communication Services
ROP,"Roper Technologies, Inc. - Common Stock",355.6000061035156,324928375.41894376,38855184384.0,Technology
ROST,"Ross Stores, Inc. - Common Stock",228.64999389648438,435144594.70634764,72244322304.0,Consumer Cyclical
RPD,"Rapid7, Inc. - Common Stock",12.270000457763672,22017064.39357548,723208832.0,Technology
RPRX,Royalty Pharma plc - Class A Ordinary Shares,57.147499084472656,191192489.10486907,35002384384.0,Healthcare
RRR,"Red Rock Resorts, Inc. - Class A Common Stock",50.314998626708984,60960087.7207613,5574649344.0,Consumer Cyclical
RUM,RUM Group Inc. - Class A Common Stock,7.614999771118164,49455531.48981953,3616935424.0,Communication Services
RUN,Sunrun Inc. - Common Stock,7.71999979019165,61683579.60988307,2032941056.0,Technology
RUSHA,"Rush Enterprises, Inc. - Class A Common Stock",47.04499816894531,32161298.51143112,5660258304.0,Consumer Cyclical
RVMD,"Revolution Medicines, Inc. - Common Stock",205.72999572753906,407690051.93114394,43829653504.0,Healthcare
RYTM,"Rhythm Pharmaceuticals, Inc. - Common Stock",93.55999755859375,67606159.81090394,6886109184.0,Healthcare
SAIA,"Saia, Inc. - Common Stock",352.3349914550781,116709746.04175873,9185813504.0,Industrials
SAIC,Science Applications International Corporation - Common Stock,127.0999984741211,53957072.4930584,5345845248.0,Technology
SAIL,"SailPoint, Inc. - Common Stock",20.155000686645508,112406524.55931664,9979584512.0,Technology
SANM,Sanmina Corporation - Common Stock,226.15499877929688,119797166.82554016,10915101696.0,Technology
SATL,Satellogic Inc. - Class A Common Stock,5.75,29720580.08653574,783304768.0,Industrials
SBAC,SBA Communications Corporation - Class A Common Stock,159.3300018310547,167066453.2347122,19592351744.0,Real Estate
SBCF,Seacoast Banking Corporation of Florida - Common Stock,32.5098991394043,27533118.990225792,3260998656.0,Financial Services
SBET,"Sharplink, Inc. - Common Stock",9.3149995803833,78613484.952317,1851049344.0,Financial Services
SBLK,Star Bulk Carriers Corp. - Common Shares,30.610000610351562,60087141.47866974,3453996032.0,Industrials
SBRA,"Sabra Health Care REIT, Inc. - Common Stock",19.165000915527344,49790543.65743637,5367272448.0,Real Estate
SBUX,Starbucks Corporation - Common Stock,94.51000213623047,659481992.7679996,114091204608.0,Consumer Cyclical
SDGR,"Schrodinger, Inc. - Common Stock",30.729999542236328,75699920.68719578,1425787904.0,Healthcare
SEDG,"SolarEdge Technologies, Inc. - Common Stock",32.67499923706055,109245671.60256004,2120792576.0,Technology
SEIC,SEI Investments Company - Common Stock,103.38999938964844,91394572.78861313,12857655296.0,Financial Services
SEZL,Sezzle Inc. - Common Stock,108.37999725341797,53530117.93636475,3970957824.0,Financial Services
SFD,"Smithfield Foods, Inc. - Common Stock",18.875,42974926.1080143,8213988864.0,Consumer Defensive
SFM,"Sprouts Farmers Market, Inc. - Common Stock",64.18499755859375,146826503.9500885,6918973440.0,Consumer Defensive
SFNC,Simmons First National Corporation - Common Stock,22.764999389648438,33765863.4739418,3310810880.0,Financial Services
SGML,Sigma Lithium Corporation - common shares,8.8149995803833,24488257.933980037,1123544320.0,Basic Materials
SGRY,"Surgery Partners, Inc. - Common Stock",13.25,32931768.559960365,1845947520.0,Healthcare
SHAZ,"SharonAI Holdings, Inc. - Class A Common Stock",51.125,81178246.83347626,1991211904.0,Technology
SHC,Sotera Health Company - Common Stock,18.350000381469727,35653251.11459446,5173844480.0,Healthcare
SHLS,"Shoals Technologies Group, Inc. - Class A Common Stock",8.319999694824219,31275497.139363192,1151171712.0,Technology
SHOO,"Steven Madden, Ltd. - Common Stock",45.849998474121094,50252774.31539764,3110026496.0,Consumer Cyclical
SHOP,Shopify Inc. - Class A Subordinate Voting Shares,151.10000610351562,1431696370.8028717,163783344128.0,Technology
SIGI,"Selective Insurance Group, Inc. - Common Stock",85.55750274658203,43677817.33719826,5395588096.0,Financial Services
SIRI,SiriusXM Holdings Inc. - Common Stock,25.65999984741211,114487411.98323727,9700785152.0,Communication Services
SITM,SiTime Corporation - Common Stock,712.8724975585938,291502820.6803528,17189355520.0,Technology
SKYW,"SkyWest, Inc. - Common Stock",96.63999938964844,33962135.91685486,3762174208.0,Industrials
SLAB,"Silicon Laboratories, Inc. - Common Stock",222.4600067138672,59535897.47021866,7325672448.0,Technology
SLDE,"Slide Insurance Holdings, Inc. - Common Stock",23.639999389648438,34900759.98684273,2894010368.0,Financial Services
SLM,SLM Corporation - Common Stock,22.700000762939453,50691616.926425554,4837239808.0,Financial Services
SLS,"SELLAS Life Sciences Group, Inc.  - Common Stock",11.579999923706055,74915545.0601716,2718189312.0,Healthcare
SMCI,"Super Micro Computer, Inc. - Common Stock",43.494998931884766,1529085714.527843,25153009664.0,Technology
SMMT,Summit Therapeutics Inc.  - Common Stock,16.735000610351562,124673071.20309067,13915785216.0,Healthcare
SMPL,The Simply Good Foods Company - Common Stock,9.770000457763672,23004280.85722656,902984768.0,Consumer Defensive
SMTC,Semtech Corporation - Common Stock,197.375,587024967.4973023,14469670912.0,Technology
SNDK,Sandisk Corporation - Common Stock When-Issued,1722.5,16111812272.247437,247385161728.0,Technology
SNDX,"Syndax Pharmaceuticals, Inc. - Common Stock",17.709999084472656,32174248.32003975,1711502720.0,Healthcare
SNEX,StoneX Group Inc. - Common Stock,65.92500305175781,59279339.69238663,8323157504.0,Financial Services
SNPS,"Synopsys, Inc. - Common Stock",488.4800109863281,946822990.4389282,75811454976.0,Technology
SOFI,"SoFi Technologies, Inc.  - Common Stock",15.84000015258789,743341933.3139423,22098767872.0,Financial Services
SOLS,Solstice Advanced Materials Inc. - Common Stock,57.53499984741211,121980242.48853016,9908899840.0,Basic Materials
SONO,"Sonos, Inc. - Common Stock",17.920000076293945,35581055.91763411,1719994368.0,Technology
SOUN,"SoundHound AI, Inc. - Class A Common Stock",5.855000019073486,116807392.29351282,2844538368.0,Technology
SPSC,"SPS Commerce, Inc. - Common Stock",81.9800033569336,43237882.41712914,2806393856.0,Technology
SRAD,Sportradar Group AG - Class A Ordinary Shares,11.734999656677246,29387289.512961816,3882885632.0,Technology
SRPT,"Sarepta Therapeutics, Inc. - Common Stock",17.260000228881836,55606097.602528475,2232955136.0,Healthcare
SRRK,Scholar Rock Holding Corporation - Common Stock,46.939998626708984,111871523.57414246,6648258560.0,Healthcare
SSNC,"SS&C Technologies Holdings, Inc. - Common Stock",78.31999969482422,120380358.40968017,18596407296.0,Technology
SSRM,SSR Mining Inc. - Common Stock,33.189998626708984,80672768.43227176,7579648512.0,Basic Materials
STAA,STAAR Surgical Company - Common Stock,22.625,25547189.022359468,1168856192.0,Healthcare
STEP,StepStone Group Inc. - Class A Common Stock,45.560001373291016,52190202.507086374,6419343872.0,Financial Services
STLD,"Steel Dynamics, Inc. - Common Stock",231.1300048828125,232513116.2238678,34151501824.0,Basic Materials
STNE,StoneCo Ltd. - Class A Common Share,9.414999961853027,44543375.78172574,2254072320.0,Technology
STOK,"Stoke Therapeutics, Inc. - Common Stock",25.530000686645508,25562617.383270454,1915784064.0,Healthcare
STRA,"Strategic Education, Inc. - Common Stock",80.02999877929688,24813006.222247314,1809027840.0,Consumer Defensive
STRL,"Sterling Infrastructure, Inc. - Common Stock",533.9749755859375,260457044.7822937,14521899008.0,Industrials
STX,Seagate Technology Holdings PLC - Ordinary Shares (Ireland),848.3400268554688,3616531848.5814605,195705798656.0,Technology
SUPN,"Supernus Pharmaceuticals, Inc. - Common Stock",42.310001373291016,26852787.93164139,2442206464.0,Healthcare
SWKS,"Skyworks Solutions, Inc. - Common Stock",84.8550033569336,618146750.4280434,11351138304.0,Technology
SYM,Symbotic Inc. - Class A Common Stock,43.625,69858076.86109848,25131718656.0,Industrials
SYNA,Synaptics Incorporated - Common Stock,121.08499908447266,92315703.78162917,3570467840.0,Technology
SYRE,"Spyre Therapeutics, Inc. - Common Stock",91.65499877929688,111953120.03172608,7623794176.0,Healthcare
TARS,"Tarsus Pharmaceuticals, Inc. - Common Stock",73.6500015258789,63518527.70718384,3639216896.0,Healthcare
TBBK,"The Bancorp, Inc. - Common Stock",48.75,36455691.40387344,2043419008.0,Financial Services
TCBI,"Texas Capital Bancshares, Inc. - Common Stock",93.5999984741211,51540229.86171456,4237881600.0,Financial Services
TEAM,Atlassian Corporation  - Class A Common Stock,187.41000366210938,569906635.5040802,46030761984.0,Technology
TECH,Bio-Techne Corp - Common Stock,72.41000366210938,223361076.719014,11334821888.0,Healthcare
TEM,"Tempus AI, Inc. - Class A Common Stock",77.00499725341797,509267245.47747153,10789095424.0,Healthcare
TENB,"Tenable Holdings, Inc. - Common Stock",37.04999923706055,161328314.65461445,3686392064.0,Technology
TER,"Teradyne, Inc. - Common Stock",447.8299865722656,935029228.4845688,57410670592.0,Technology
TGTX,"TG Therapeutics, Inc. - Common Stock",54.150001525878906,97878367.07138482,8340732928.0,Healthcare
TH,Target Hospitality Corp. - Common Stock,18.809999465942383,53859777.55054436,1881388416.0,Industrials
THRM,Gentherm Inc - Common Stock,30.850000381469727,22772616.947158813,1168082816.0,Consumer Cyclical
TIGO,Millicom International Cellular S.A. - Common Stock,87.5999984741211,76883709.7240471,15821760512.0,Communication Services
TLN,Talen Energy Corporation - Common Stock,317.4949951171875,257169351.76272583,14979675136.0,Utilities
TMDX,"TransMedics Group, Inc. - Common Stock",78.87999725341797,61586093.23609619,2996776704.0,Healthcare
TMUS,"T-Mobile US, Inc. - Common Stock",163.78500366210938,861779098.1293014,192104759296.0,Communication Services
TNDM,"Tandem Diabetes Care, Inc. - Common Stock",16.524999618530273,38152111.04210186,1318516480.0,Healthcare
TNGX,"Tango Therapeutics, Inc. - Common Stock",23.094999313354492,75998740.17113113,3998594816.0,Healthcare
TPG,TPG Inc. - Class A Common Stock,44.93000030517578,122624585.53708458,18618345472.0,Financial Services
TRAX,"First Tracks Biotherapeutics, Inc. - Ordinary Shares",32.63249969482422,26523732.305893708,1140631886.9726067,
TRI,Thomson Reuters Corp - Common Shares,97.66000366210938,147505154.70733643,42334707712.0,Industrials
TRIP,"TripAdvisor, Inc. - Common Stock",8.484999656677246,39497687.61354747,1016118336.0,Consumer Cyclical
TRMB,Trimble Inc. - Common Stock,57.689998626708984,134947839.62574863,13330890752.0,Technology
TRMD,TORM plc - Class A Common Stock,39.689998626708984,73665067.06524277,3465894144.0,Energy
TROW,"T. Rowe Price Group, Inc. - Common Stock",105.69999694824219,159976080.7371292,22904791040.0,Financial Services
TRVI,"Trevi Therapeutics, Inc. - Common Stock",14.03499984741211,25471386.779403307,2318082048.0,Healthcare
TSCO,Tractor Supply Company - Common Stock,31.334999084472656,307335745.0168861,17434001408.0,Consumer Cyclical
TSEM,Tower Semiconductor Ltd. - Ordinary Shares,241.89999389648438,436834234.1176956,23621834752.0,Technology
TSLA,"Tesla, Inc.  - Common Stock",371.2300109863281,13591974161.651718,1447884357632.0,Consumer Cyclical
TTAN,"ServiceTitan, Inc. - Class A Common Stock",67.375,271490171.0358818,5538222592.0,Technology
TTD,"The Trade Desk, Inc. - Class A Common Stock",11.920000076293945,347753832.0882163,6540732416.0,Communication Services
TTEK,"Tetra Tech, Inc. - Common Stock",33.29499816894531,73407331.44290924,9130544128.0,Industrials
TTMI,"TTM Technologies, Inc. - Common Stock",131.52999877929688,229589397.99060822,12667147264.0,Technology
TTWO,"Take-Two Interactive Software, Inc. - Common Stock",202.75999450683594,503449877.19664764,39742693376.0,Communication Services
TVTX,"Travere Therapeutics, Inc. - Common Stock",56.70000076293945,99038297.95832539,6122652672.0,Healthcare
TW,Tradeweb Markets Inc. - Class A Common Stock,102.62000274658203,130192615.76036605,22356387840.0,Financial Services
TWST,Twist Bioscience Corporation - Common Stock,185.25,374222869.07101744,8226090496.0,Healthcare
TXG,"10x Genomics, Inc. - Common Stock",92.3740005493164,241772203.89559937,8622669824.0,Healthcare
TXN,Texas Instruments Incorporated - Common Stock,293.29998779296875,1540650589.9214447,234220634112.0,Technology
TXRH,"Texas Roadhouse, Inc. - Common Stock",155.6199951171875,196763011.41916505,11729048576.0,Consumer Cyclical
TYRA,"Tyra Biosciences, Inc. - Common Stock",20.399999618530273,35124951.64123058,1323929600.0,Healthcare
UAL,"United Airlines Holdings, Inc. - Common Stock",111.9800033569336,423659511.96665,34217764864.0,Industrials
UBSI,"United Bankshares, Inc. - Common Stock",46.689998626708984,53255010.80665398,6363851776.0,Financial Services
UCTT,"Ultra Clean Holdings, Inc. - Common Stock",73.19000244140625,66156353.81661987,3245353216.0,Technology
UFPI,"UFP Industries, Inc. - Common Stock",77.86499786376953,36392741.4589138,4417944576.0,Basic Materials
UFPT,"UFP Technologies, Inc. - Common Stock",301.9700012207031,31025681.962884523,2126917120.0,Healthcare
ULTA,"Ulta Beauty, Inc. - Common Stock",545.360107421875,262975263.9338379,22959906816.0,Consumer Cyclical
UMBF,UMB Financial Corporation - Common Stock,130.4600067138672,92320414.01795426,10612497408.0,Financial Services
UNIT,Uniti Group Inc. - Common Stock,8.114999771118164,21749931.455464266,2413901312.0,Real Estate
UPST,"Upstart Holdings, Inc. - Common stock",23.0049991607666,108783367.49187183,2420545536.0,Financial Services
UPWK,Upwork Inc. - Common Stock,8.085000038146973,21562030.227192976,1041694080.0,Communication Services
URBN,"Urban Outfitters, Inc. - Common Stock",80.5,76866156.2151535,6402795008.0,Consumer Cyclical
URGN,UroGen Pharma Ltd. - Ordinary Shares,41.369998931884766,31041510.943122674,2147323136.0,Healthcare
USAR,"USA Rare Earth, Inc. - Common Stock",13.604999542236328,213218774.8792286,4050530816.0,Basic Materials
USDE,StablecoinX Inc. - Class A Common Stock,14.250499725341797,58055649.36230783,342658892.99988747,
UTHR,United Therapeutics Corporation - Common Stock,543.3250122070312,466533925.52130735,21584955392.0,Healthcare
VC,Visteon Corporation - Common Stock,88.18000030517578,49617594.771593094,2645644288.0,Consumer Cyclical
VCTR,"Victory Capital Holdings, Inc. - Common Stock",114.58000183105469,81252572.15506363,6775279616.0,Financial Services
VCYT,"Veracyte, Inc. - Common Stock",45.5,63073680.924332425,3437507328.0,Healthcare
VECO,Veeco Instruments Inc. - Common Stock,58.40999984741211,31570773.315439988,2656694016.0,Technology
VERA,"Vera Therapeutics, Inc. - Class A Common Stock",29.939899444580078,81422738.38593102,2437326080.0,Healthcare
VIAV,Viavi Solutions Inc. - Common Stock,47.36000061035156,225125418.84436035,9230910464.0,Technology
VICR,Vicor Corporation - Common Stock,309.1099853515625,224209109.1283966,8138304000.0,Technology
VIR,"Vir Biotechnology, Inc. - Common Stock",11.079999923706055,21867424.270774268,1778459648.0,Healthcare
VISN,"Vistance Networks, Inc.  - Common Stock",6.150000095367432,46516289.31691086,1463324544.0,Technology
VKTX,"Viking Therapeutics, Inc. - Common Stock",30.09000015258789,290044675.17557544,3732310784.0,Healthcare
VLY,Valley National Bancorp - Common Stock,12.795000076293945,99022617.8281951,7559640064.0,Financial Services
VNOM,"Viper Energy, Inc.  - Class A Common Stock",40.665000915527344,82362892.08849029,23560974336.0,Energy
VOR,Vor Biopharma Inc. - Common Stock,18.3799991607666,27768758.685239695,1241398400.0,Healthcare
VRDN,"Viridian Therapeutics, Inc.  - Common Stock",19.420000076293945,38155481.14059057,2535480832.0,Healthcare
VRNS,"Varonis Systems, Inc. - Common Stock",47.959999084472656,80572710.79291496,5311149056.0,Technology
VRSK,"Verisk Analytics, Inc. - Common Stock",164.22500610351562,219899836.67713165,23286511616.0,Industrials
VRSN,"VeriSign, Inc. - Common Stock",286.1499938964844,206810869.9114685,26097575936.0,Technology
VRTX,Vertex Pharmaceuticals Incorporated - Common Stock,504.45001220703125,510126261.8792175,132188405760.0,Healthcare
VSAT,"ViaSat, Inc. - Common Stock",72.33999633789062,118230595.5729477,10184272896.0,Technology
VSEC,VSE Corporation - Common Stock,167.53500366210938,71388184.73045044,5478002176.0,Industrials
VSNT,"Versant Media Group, Inc. - Class A Common Stock",30.790000915527344,59597972.49501534,5156251136.0,Communication Services
VTRS,Viatris Inc. - Common Stock,17.440000534057617,152381500.05560237,18836889600.0,Healthcare
WAFD,"WaFd, Inc. - Common Stock",30.56999969482422,49129586.28257103,2485306880.0,Financial Services
WAY,Waystar Holding Corp. - Common Stock,24.989999771118164,50536230.681146905,4600044544.0,Healthcare
WBD,"Warner Bros. Discovery, Inc. - Series A Common Stock",30.950000762939453,1471335294.367414,70488145920.0,Communication Services
WDAY,"Workday, Inc. - Class A Common Stock",186.6999969482422,464475153.3865967,45153759232.0,Technology
WDC,Western Digital Corporation - Common Stock,422.11248779296875,3330824045.416739,165854232576.0,Technology
WDFC,WD-40 Company - Common Stock,202.8000030517578,25414077.4439003,2684353280.0,Basic Materials
WEN,Wendy's Company (The) - Common Stock,6.215000152587891,40817427.3480773,1428594432.0,Consumer Cyclical
WERN,"Werner Enterprises, Inc. - Common Stock",35.400001525878906,30133947.35105438,2300885504.0,Industrials
WFRD,Weatherford International plc - Ordinary shares,81.0999984741211,82542120.20468788,6461833728.0,Energy
WGS,GeneDx Holdings Corp. - Class A Common Stock,72.8499984741211,67119465.5636921,2532082688.0,Healthcare
WINA,Winmark Corporation - Common Stock,297.0799865722656,30414105.6302536,1105202688.0,Consumer Cyclical
WING,Wingstop Inc. - Common Stock,106.02999877929688,141609415.21613616,3062470912.0,Consumer Cyclical
WIX,Wix.com Ltd. - Ordinary Shares,71.86000061035156,86924931.75688477,3107744768.0,Technology
WLTH,Wealthfront Corporation - Common Stock,10.125,40067517.95651398,1508548352.0,Technology
WMG,Warner Music Group Corp. - Class A Common Stock,27.229999542236328,58961213.8402174,14665381888.0,Communication Services
WMT,Walmart Inc. - Common Stock,104.0999984741211,2323244416.7497826,845975322624.0,Consumer Defensive
WSBC,"WesBanco, Inc. - Common Stock",37.97999954223633,45289398.55732403,3813218048.0,Financial Services
WSC,WillScot Holdings Corporation - Class A Common Stock,17.290000915527344,49075170.72512627,3400048128.0,Industrials
WSE,Wise Group plc - Class A Ordinary Shares,11.38010025024414,20726667.19151497,11194939430.094624,
WSFS,WSFS Financial Corporation - Common Stock,77.6050033569336,28223443.058190536,4019808768.0,Financial Services
WTFC,Wintrust Financial Corporation - Common Stock,144.33999633789062,66266900.85566406,10098306048.0,Financial Services
WTW,Willis Towers Watson Public Limited Company - Ordinary Shares,287.7250061035156,165819691.27588502,29380036608.0,Financial Services
WULF,TeraWulf Inc. - Common Stock,15.335000038146973,440229960.79454935,8155642368.0,Financial Services
WWD,"Woodward, Inc. - Common Stock",331.1724853515625,252099232.0399475,19615023104.0,Industrials
WYFI,"WhiteFiber, Inc. - Ordinary Shares",17.8799991607666,23946215.781271555,720360640.0,Technology
WYNN,"Wynn Resorts, Limited - Common Stock",76.57499694824219,193930959.927874,9139920896.0,Consumer Cyclical
XE,"X-Energy, Inc. - Class A Common Stock",14.475000381469727,111059837.37288065,5884181057.820358,
XEL,Xcel Energy Inc. - Common Stock,71.4000015258789,425231419.5116661,47622119424.0,Utilities
XENE,Xenon Pharmaceuticals Inc. - Common Shares,37.3650016784668,106209232.04284649,5660323328.0,Healthcare
XERS,"Xeris Biopharma Holdings, Inc. - Common Stock",9.135000228881836,28596170.032529164,1439418752.0,Healthcare
XMTR,"Xometry, Inc. - Class A Common Stock",103.25,81789675.51575622,4741199360.0,Industrials
XNCR,"Xencor, Inc. - Common Stock",24.135000228881836,34349436.40415144,1798608768.0,Healthcare
XP,XP Inc. - Class A Common Stock,21.405000686645508,161502857.7409706,9605896192.0,Financial Services
XRAY,DENTSPLY SIRONA Inc. - Common Stock,8.595000267028809,46603963.26752634,2107170304.0,Healthcare
Z,"Zillow Group, Inc. - Class C Capital Stock",27.604999542236328,127065514.06308556,7086934016.0,Communication Services
ZBIO,"Zenas BioPharma, Inc. - Common Stock",28.360000610351562,21599789.721878815,2050459648.0,Healthcare
ZBRA,Zebra Technologies Corporation - Class A Common Stock,377.36248779296875,194507587.77884826,16153912320.0,Technology
ZD,"Ziff Davis, Inc. - Common Stock",55.15999984741211,40848512.45055447,1888882304.0,Communication Services
ZG,"Zillow Group, Inc. - Class A Common Stock",28.290000915527344,30051794.143421937,7229730304.0,Communication Services
ZION,Zions Bancorporation N.A. - Common Stock,62.959999084472656,100047016.0128086,9885421568.0,Financial Services
ZM,"Zoom Communications, Inc. - Class A Common Stock",92.32499694824219,269552887.57255095,28060839936.0,Technology
ZS,"Zscaler, Inc. - Common Stock",197.67999267578125,663053286.3147247,27463303168.0,Technology
ZYME,Zymeworks Inc. - Common Stock,25.2549991607666,21357032.239076424,1907151488.0,Healthcare
A,"Agilent Technologies, Inc. Common Stock",167.75,388400309.53270876,40121294848.0,Healthcare
AA,Alcoa Corporation Common Stock ,42.08000183105469,170945030.5248909,13085948928.0,Basic Materials
AAMI,Acadian Asset Management Inc. Common Stock,95.94000244140625,42827587.51502075,3250895616.0,Financial Services
AAP,Advance Auto Parts Inc.,38.45000076293945,71979726.23454686,2573342208.0,Consumer Cyclical
ABBV,AbbVie Inc. Common Stock,262.2699890136719,1074039939.6132812,447310397440.0,Healthcare
ABCB,Ameris Bancorp Common Stock,80.81999969482422,41499410.58978005,5605132288.0,Financial Services
ABG,Asbury Automotive Group Inc Common Stock,176.80499267578125,49140703.53452454,3787585024.0,Consumer Cyclical
ABM,ABM Industries Incorporated Common Stock,49.10559844970703,27626868.331824113,2897612544.0,Industrials
ABT,Abbott Laboratories Common Stock,97.36000061035156,881865649.2555656,183003594752.0,Healthcare
ACA,"Arcosa, Inc. Common Stock ",146.77999877929688,106363430.35110931,7139638784.0,Industrials
ACI,"Albertsons Companies, Inc. Class A Common Stock",11.704999923706055,96266169.60259104,5779385344.0,Consumer Defensive
ACM,AECOM Common Stock,59.810001373291016,95685051.56487712,8172866560.0,Industrials
ACN,Accenture plc Class A Ordinary Shares (Ireland),199.27999877929688,1276532364.8448822,109458079744.0,Technology
ACVA,ACV Auctions Inc. Class A Common Stock,10.454999923706055,158447138.34288368,1251773696.0,Consumer Cyclical
ADC,Agree Realty Corporation Common Stock,66.06500244140625,109783516.3589615,9060301824.0,Real Estate
ADM,Archer-Daniels-Midland Company Common Stock,80.56999969482422,300767626.0335671,42529914880.0,Consumer Defensive
ADT,ADT Inc. Common Stock,6.264999866485596,53898909.5253124,5150442496.0,Industrials
AEE,Ameren Corporation Common Stock,100.0199966430664,189387477.79558945,29406291968.0,Utilities
AEG,Aegon Ltd. New York Registry Shares,8.479999542236328,41736168.74804382,13430915072.0,Financial Services
AEM,Agnico Eagle Mines Limited Common Stock,182.72000122070312,334279128.61216736,100612169728.0,Basic Materials
AEO,"American Eagle Outfitters, Inc. Common Stock",17.635000228881836,129446536.68637638,2465003776.0,Consumer Cyclical
AER,AerCap Holdings N.V. Ordinary Shares,144.24000549316406,161590182.5346985,22031704064.0,Industrials
AES,The AES Corporation Common Stock,14.914999961853027,117480490.09008622,10568996864.0,Utilities
AESI,Atlas Energy Solutions Inc. Common Stock,12.109999656677246,47588579.32246423,1766298752.0,Energy
AFG,"American Financial Group, Inc. Common Stock",139.0500030517578,56819245.71249695,11712241664.0,Financial Services
AFL,AFLAC Incorporated Common Stock,111.19999694824219,232558266.34384233,57860030464.0,Financial Services
AG,First Majestic Silver Corp. Ordinary Shares (Canada),17.58919906616211,174103524.2928404,10089792512.0,Basic Materials
AGCO,AGCO Corporation Common Stock,113.0,126354911.8168335,8748713984.0,Industrials
AGI,Alamos Gold Inc. Class A Common Shares,32.19499969482422,125547960.2608078,15065576448.0,Basic Materials
AGM,Federal Agricultural Mortgage Corporation Common Stock,214.8000946044922,25949970.632587433,2424932608.0,Financial Services
AGO,Assured Guaranty Ltd. Common Stock,68.45999908447266,38910542.49230079,3198607872.0,Financial Services
AGX,"Argan, Inc. Common Stock",385.2550048828125,159228552.85101318,5635366912.0,Industrials
AHR,"American Healthcare REIT, Inc. Common Stock",51.04999923706055,166282309.10402983,11872212992.0,Real Estate
AI,"C3.ai, Inc. Class A Common Stock",11.140000343322754,49317645.95125599,1657640320.0,Technology
AIG,"American International Group, Inc. New Common Stock",75.08000183105469,370433641.01251984,39452291072.0,Financial Services
AIR,AAR Corp. Common Stock,102.69000244140625,71882262.06786194,4967941120.0,Industrials
AIT,"Applied Industrial Technologies, Inc. Common Stock",344.7250061035156,90664955.75128326,11736660992.0,Industrials
AIZ,"Assurant, Inc. Common Stock",267.6700134277344,108658221.25531617,13949007872.0,Financial Services
AJG,Arthur J. Gallagher & Co. Common Stock,226.0850067138672,341968748.42045975,63241887744.0,Financial Services
AKR,Acadia Realty Trust Common Stock,18.603500366210938,23831384.1492157,2923151360.0,Real Estate
ALB,Albemarle Corporation Common Stock,104.09010314941406,295579895.49380034,14496920576.0,Basic Materials
ALC,Alcon Inc. Ordinary Shares,63.584999084472656,118042320.79091263,32349126656.0,Healthcare
ALG,"Alamo Group, Inc. Common Stock",158.64999389648438,33670903.025700375,2074540928.0,Industrials
ALH,Alliance Laundry Holdings Inc. Common Stock,21.349899291992188,21852167.737787247,4253092608.0,Consumer Cyclical
ALK,"Alaska Air Group, Inc. Common Stock",39.270999908447266,115066405.47857055,4461005312.0,Industrials
ALL,Allstate Corporation (The) Common Stock,224.5399932861328,571416260.843866,64725315584.0,Financial Services
ALLE,Allegion plc Ordinary Shares,155.38499450683594,158237940.57882842,12900079616.0,Industrials
ALLY,Ally Financial Inc. Common Stock,38.060001373291016,146766406.6147833,12677521408.0,Financial Services
ALSN,"Allison Transmission Holdings, Inc. Common Stock",117.33000183105469,94850258.47169343,10312345600.0,Consumer Cyclical
ALV,"Autoliv, Inc. Common Stock",111.79499816894531,80726192.55327225,8738664448.0,Consumer Cyclical
AM,Antero Midstream Corporation Common Stock,20.485000610351562,53666419.91064072,10756112384.0,Energy
AMBQ,"Ambiq Micro, Inc. Common Stock",69.63999938964844,37937269.81433258,1525802368.0,Technology
AMCR,Amcor plc Ordinary Shares,41.970001220703125,135314113.92021713,19876241408.0,Consumer Cyclical
AME,"AMETEK, Inc.",252.73500061035156,350685454.3672317,53473062912.0,Industrials
AMG,"Affiliated Managers Group, Inc. Common Stock",376.06500244140625,100234496.63782044,9185705984.0,Financial Services
AMH,American Homes 4 Rent Common Shares of Beneficial Interest,30.360000610351562,102228138.49679223,13097966592.0,Real Estate
AMN,AMN Healthcare Services Inc,36.619998931884766,20943014.062759973,1340057728.0,Healthcare
AMP,"Ameriprise Financial, Inc. Common Stock",491.3299865722656,351673396.91626894,49126531072.0,Financial Services
AMPX,"Amprius Technologies, Inc. Common Stock",9.604999542236328,50856733.41952877,1414060544.0,Industrials
AMR,"Alpha Metallurgical Resources, Inc. Common Stock",172.58999633789062,58195916.23681488,2791164928.0,Basic Materials
AMRZ,Amrize Ltd Ordinary Shares,37.5099983215332,161501617.68083382,22035634176.0,Basic Materials
AMT,American Tower Corporation (REIT) Common Stock,163.42999267578125,445627669.4105927,81109671936.0,Real Estate
AMTM,"Amentum Holdings, Inc. Common Stock",17.950000762939453,33235420.949137688,4736089600.0,Industrials
AN,"AutoNation, Inc. Common Stock",163.27999877929688,118401388.04673615,6872432128.0,Consumer Cyclical
ANDG,Andersen Group Inc. Class A Common Stock,56.93000030517578,28717586.202254105,6041732608.0,Consumer Cyclical
ANET,"Arista Networks, Inc. Common Stock",206.6999969482422,935505182.263594,240111960064.0,Technology
ANF,Abercrombie & Fitch Company Common Stock,135.46499633789062,180122202.12514955,6208149504.0,Consumer Cyclical
AON,Aon plc Class A Ordinary Shares (Ireland),270.42498779296875,650021789.642572,65546760192.0,Financial Services
AOS,A.O. Smith Corporation Common Stock,56.72999954223633,84451525.6411438,7694464512.0,Industrials
APAM,Artisan Partners Asset Management Inc. Class A Common Stock,35.369998931884766,31053613.86732273,2819623424.0,Financial Services
APD,"Air Products and Chemicals, Inc. Common Stock",277.92498779296875,335566032.4898041,65810255872.0,Basic Materials
APG,APi Group Corporation Common Stock,40.61000061035156,137623556.86202088,16445859840.0,Industrials
APH,Amphenol Corporation Common Stock,87.09500122070312,980878150.1525314,196525228032.0,Technology
APLE,"Apple Hospitality REIT, Inc. Common Shares",16.43000030517578,39935760.235199355,3654560256.0,Real Estate
APO,"Apollo Global Management, Inc. (New) Common Stock",114.81999969482422,355462921.2017578,76625928192.0,Financial Services
APTV,Aptiv PLC Ordinary Shares,43.34000015258789,170130293.47263432,9402300416.0,Consumer Cyclical
AQN,Algonquin Power & Utilities Corp. Common Shares,5.099999904632568,24480034.110141993,4265256448.0,Utilities
AR,Antero Resources Corporation Common Stock,34.04999923706055,146412974.88528347,11910188032.0,Energy
ARE,"Alexandria Real Estate Equities, Inc. Common Stock",47.435001373291016,94323505.61973247,8648648704.0,Real Estate
ARES,Ares Management Corporation Class A Common Stock,118.34010314941406,274647332.57534254,43655200768.0,Financial Services
ARIS,Aris Mining Corporation Common Shares,17.5,29530689.889404297,4033655808.0,Basic Materials
ARMK,Aramark Common Stock,55.41999816894531,125991456.8272438,14968629248.0,Industrials
AROC,"Archrock, Inc. Common Stock",30.875,51922503.65914001,5658163712.0,Energy
ARR,"ARMOUR Residential REIT, Inc.",13.699999809265137,66458057.186015174,2250693376.0,Real Estate
ARW,"Arrow Electronics, Inc. Common Stock",245.7100067138672,123274816.77189103,10899868672.0,Technology
ARX,Accelerant Holdings Class A Common Shares,19.73150062561035,38306702.31465979,4311192576.0,Financial Services
AS,"Amer Sports, Inc. Ordinary Shares",27.049999237060547,196370951.97234344,16157197312.0,Consumer Cyclical
ASAN,"Asana, Inc. Class A Common Stock",8.515000343322754,82319368.50472808,1890148352.0,Technology
ASB,Associated Banc-Corp Common Stock,28.885000228881836,65030163.29535828,5678524416.0,Financial Services
ASH,Ashland Inc. Common Stock,69.30000305175781,44954820.37678146,3260945664.0,Basic Materials
ASM,Avino Silver & Gold Mines Ltd. Common Shares (Canada),5.514999866485596,21529902.518125437,1226354944.0,Basic Materials
ATEN,"A10 Networks, Inc. Common Stock",27.8799991607666,29616779.26519203,1813773440.0,Technology
ATI,ATI Inc. Common Stock,191.35499572753906,302000090.97604215,27810076672.0,Industrials
ATKR,Atkore Inc. Common Stock,94.79499816894531,71103906.31202698,3180578304.0,Industrials
ATMU,Atmus Filtration Technologies Inc. Common Stock,45.654998779296875,34020701.75405121,3714228480.0,Consumer Cyclical
ATO,Atmos Energy Corporation Common Stock,157.11000061035156,164340907.15169525,28209258496.0,Utilities
ATR,"AptarGroup, Inc. Common Stock",120.57499694824219,53772277.0098526,7770885632.0,Healthcare
AU,AngloGold Ashanti PLC Ordinary Shares,94.78500366210938,234001851.33341217,53014732800.0,Basic Materials
AUB,Atlantic Union Bankshares Corporation Common Stock,38.63999938964844,54507654.86753464,5616910336.0,Financial Services
AVA,Avista Corporation Common Stock,35.2400016784668,24663935.681264877,3126493440.0,Utilities
AVEX,AEVEX Corp. Class A Common Stock,14.414999961853027,20509090.810464762,997483487.8503208,
AVNT,Avient Corporation Common Stock,41.79499816894531,27055927.24419403,3798565376.0,Basic Materials
AVTR,"Avantor, Inc. Common Stock",15.234999656677246,134023408.62774491,9956002816.0,Healthcare
AVY,Avery Dennison Corporation Common Stock,171.27999877929688,140137943.65979767,12885570560.0,Consumer Cyclical
AWI,Armstrong World Industries Inc Common Stock,164.77999877929688,56028128.637542725,6949804544.0,Industrials
AWK,"American Water Works Company, Inc. Common Stock",129.88499450683594,246034155.1161705,28072456192.0,Utilities
AX,"Axos Financial, Inc. Common Stock",88.3499984741211,37695812.29963722,5301229568.0,Financial Services
AXP,American Express Company Common Stock,302.3900146484375,1020743745.4981568,216382783488.0,Financial Services
AXS,Axis Capital Holdings Limited Common Stock,95.08999633789062,67529200.41250458,7322560000.0,Financial Services
AXTA,Axalta Coating Systems Ltd. Common Shares,32.064998626708984,69077233.6587244,7270259712.0,Basic Materials
AYI,Acuity Inc. Common Stock,312.0199890136719,114376524.34103699,9408144384.0,Industrials
AZN,AstraZeneca PLC Ordinary Shares,156.60000610351562,481081362.3887558,245303623680.0,Healthcare
AZO,"AutoZone, Inc. Common Stock",2796.52001953125,1162964906.2949462,47402303488.0,Consumer Cyclical
AZZ,AZZ Inc.,139.55499267578125,32205025.040045165,4081294080.0,Industrials
B,Barrick Mining Corporation Common Shares,40.025001525878906,341430714.1987537,72188493824.0,Basic Materials
BA,Boeing Company (The) Common Stock,192.3249969482422,1590516832.5721412,163159293952.0,Industrials
BAC,Bank of America Corporation Common Stock,53.665000915527344,2217741091.9195604,437046771712.0,Financial Services
BAH,Booz Allen Hamilton Holding Corporation Common Stock,67.5199966430664,125227493.56111756,8920334336.0,Industrials
BALL,Ball Corporation Common Stock,56.79499816894531,120300722.81165162,16004077568.0,Consumer Cyclical
BAM,Brookfield Asset Management Inc Class A Limited Voting Shares,44.724998474121094,144744641.11683464,75054858240.0,Financial Services
BANC,"Banc of California, Inc. Common Stock",17.69499969482422,49144167.50874176,2891308288.0,Financial Services
BAP,Credicorp Ltd. Common Stock,373.5849914550781,124774643.24183044,29829101568.0,Financial Services
BAX,Baxter International Inc. Common Stock,23.44499969482422,162292339.71975288,12400149504.0,Healthcare
BB,BlackBerry Limited Common Stock,9.194999694824219,151456396.84263307,4489529344.0,Technology
BBT,Beacon Financial Corporation Common stock,28.204999923706055,35173302.54967947,2577344768.0,Financial Services
BBVA,Banco Bilbao Vizcaya Argentaria S.A. Common Stock,26.809999465942383,37970171.71573915,160168804352.0,Financial Services
BBWI,"Bath & Body Works, Inc.",16.104999542236328,108666828.94247016,3504595456.0,Consumer Cyclical
BBY,"Best Buy Co., Inc. Common Stock",87.98999786376953,299436473.1892204,18702321664.0,Consumer Cyclical
BC,Brunswick Corporation Common Stock,66.125,53444906.94993744,4552602624.0,Consumer Cyclical
BCC,"Boise Cascade, L.L.C. Common Stock",75.24500274658203,26623884.741028212,2591031808.0,Basic Materials
BCE,"BCE, Inc. Common Stock",19.895000457763672,93760536.36407948,21802452992.0,Communication Services
BCO,Brinks Company (The) Common Stock,101.7699966430664,46850185.433992006,4465368064.0,Industrials
BCS,Barclays PLC Common Stock,23.639999389648438,114886487.82795104,87858266112.0,Financial Services
BDC,Belden Inc Common Stock,113.5199966430664,47070625.52550087,4511772672.0,Technology
BDX,"Becton, Dickinson and Company Common Stock",176.54269409179688,324068157.2333664,48430374912.0,Healthcare
BE,Bloom Energy Corporation Class A Common Stock,291.1000061035156,4797212641.522453,77858308096.0,Industrials
BEN,"Franklin Templeton, Inc. Common Stock",33.19499969482422,128340211.9267807,17223806976.0,Financial Services
BEPC,Brookfield Renewable Corporation Brookfield Renewable Corporation Class A Subordinate Voting Shares,28.523799896240234,53904785.41268291,5777208320.0,Utilities
BETA,"Beta Technologies, Inc. Class A Common Stock",21.80500030517578,83341761.3099289,4898797568.0,Industrials
BFH,"Bread Financial Holdings, Inc. Common Stock",98.33000183105469,63359262.734939575,4078973696.0,Financial Services
BFLY,"Butterfly Network, Inc. Class A Common Stock",8.8149995803833,46434155.640112974,1949207552.0,Healthcare
BG,Bunge Limited Common Shares,107.23500061035156,229034475.87554854,24128239616.0,Consumer Defensive
BH,Biglari Holdings Inc. Class B Common Stock,359.239990234375,43295997.88067017,1142622592.0,Consumer Cyclical
BHE,"Benchmark Electronics, Inc. Common Stock",87.94000244140625,31220562.87840729,2646401024.0,Technology
BHVN,Biohaven Ltd. Common Shares ,12.789999961853027,39823675.98925991,1925808128.0,Healthcare
BILL,"BILL Holdings, Inc. Common Stock",43.41999816894531,80541385.08901367,4742298624.0,Technology
BIO,"Bio-Rad Laboratories, Inc. Class A Common Stock",366.9849853515625,100412522.70494385,9947955200.0,Healthcare
BIPC,Brookfield Infrastructure Corporation Brookfield Infrastructure Corporation,36.83000183105469,41588032.98134384,4533978624.0,Utilities
BIRK,Birkenstock Holding plc Ordinary Shares,33.11000061035156,69880342.0647335,5075153920.0,Consumer Cyclical
BJ,"BJ's Wholesale Club Holdings, Inc. Common Stock",94.5999984741211,165451636.17993432,11330426880.0,Consumer Defensive
BKD,Brookdale Senior Living Inc. Common Stock,10.9350004196167,48664582.47127996,3000738560.0,Healthcare
BKE,"Buckle, Inc. (The) Common Stock",43.04999923706055,20702009.93747864,2094125312.0,Consumer Cyclical
BKH,Black Hills Corporation Common Stock,70.86000061035156,72907169.13602753,5573342208.0,Utilities
BKSY,BlackSky Technology Inc. Class A Common Stock,22.110000610351562,20855159.423394777,892161664.0,Industrials
BKU,"BankUnited, Inc. Common Stock",43.185001373291016,44573519.084888265,3179807488.0,Financial Services
BKV,BKV Corporation Common Stock,21.530000686645508,63038482.37549114,2590940672.0,Energy
BLDR,"Builders FirstSource, Inc. Common Stock",56.97999954223633,218180623.05209255,6366481920.0,Industrials
BLK,"BlackRock, Inc. Common Stock",1068.68505859375,545107870.3781006,172786925568.0,Financial Services
BLSH,Bullish Ordinary Shares,34.189998626708984,51276332.47854843,5260711936.0,Technology
BMI,"Badger Meter, Inc. Common Stock",129.25,49874959.6365036,3657415680.0,Technology
BMNR,"BitMine Immersion Technologies, Inc. Common Stock",26.21500015258789,1009967761.6041574,14806191104.0,Financial Services
BMO,Bank Of Montreal Common Stock,165.44000244140625,114327873.75052795,120104984576.0,Financial Services
BMY,Bristol-Myers Squibb Company Common Stock,60.650001525878906,734406562.7499679,131080994816.0,Healthcare
BN,Brookfield Corporation Class A Limited Voting Shares,37.060001373291016,193408214.57461968,84918648832.0,Financial Services
BNL,"Broadstone Net Lease, Inc. Common Stock",18.559999465942383,36036117.39215183,4415475712.0,Real Estate
BNS,Bank Nova Scotia Halifax Pfd 3 Ordinary Shares,90.98999786376953,171212542.45347595,112353828864.0,Financial Services
BNY,The Bank of New York Mellon Corporation Common Stock,145.52999877929688,601073614.2145599,110521540608.0,Financial Services
BOH,Bank of Hawaii Corporation Common Stock,68.875,31736483.99606018,2961541120.0,Financial Services
BOOT,"Boot Barn Holdings, Inc. Common Stock",120.1500015258789,90687516.68181649,4245329152.0,Consumer Cyclical
BOX,"Box, Inc. Class A Common Stock",34.400001525878906,87555361.436063,4754007040.0,Technology
BP,BP p.l.c. Common Stock,44.724998474121094,409028702.45246696,117834792960.0,Energy
BR,"Broadridge Financial Solutions, Inc. Common Stock",157.42010498046875,169424601.9578064,19611310080.0,Technology
BRBR,"BellRing Brands, Inc. Common Stock ",7.699999809265137,29395248.98397422,1116270720.0,Consumer Defensive
BRC,Brady Corporation Common Stock,85.30999755859375,23818706.88922882,4059127296.0,Industrials
BRO,"Brown & Brown, Inc. Common Stock",60.31999969482422,147696443.948505,22415548416.0,Financial Services
BROS,Dutch Bros Inc. Class A Common Stock,38.744998931884766,169315863.76983032,7803387392.0,Consumer Cyclical
BRX,Brixmor Property Group Inc. Common Stock,27.274999618530273,98457352.7172265,8887022592.0,Real Estate
BSX,Boston Scientific Corporation Common Stock,42.98189926147461,925110150.2159914,63795085312.0,Healthcare
BTG,B2Gold Corp Common shares (Canada),5.175000190734863,111869225.1456615,7147124736.0,Basic Materials
BTI,"British American Tobacco  Industries, p.l.c. Common Stock ADR",52.380001068115234,294807954.9904987,118714277888.0,Consumer Defensive
BTU,Peabody Energy Corporation Common Stock ,24.915000915527344,64393910.00482254,3561917952.0,Energy
BUD,Anheuser-Busch Inbev SA Sponsored ADR (Belgium),73.2699966430664,179627281.71169472,154418888704.0,Consumer Defensive
BURL,"Burlington Stores, Inc. Common Stock",272.1499938964844,405780607.8497559,14923006976.0,Consumer Cyclical
BVN,Buenaventura Mining Company Inc.,31.309999465942383,37962042.83078823,8696510464.0,Basic Materials
BW,"Babcock & Wilcox Enterprises, Inc. Common Stock",5.683499813079834,31871405.016788483,1081486464.0,Industrials
BWA,BorgWarner Inc. Common Stock,60.59000015258789,148843823.2559557,13219983360.0,Consumer Cyclical
BWXT,"BWX Technologies, Inc. Common Stock",134.07000732421875,162934188.95946044,14309520384.0,Industrials
BX,Blackstone Inc. Common Stock,112.86000061035156,525787680.2700424,149938159616.0,Financial Services
BXDC,Blackstone Digital Infrastructure Trust Inc. Common Stock,17.5049991607666,52534729.0635005,1761002915.57312,
BXMT,"Blackstone Mortgage Trust, Inc. Common Stock",11.024999618530273,33104202.422380447,2298091776.0,Real Estate
BXP,"BXP, Inc. Common Stock",60.64500045776367,87234474.44431266,11583390720.0,Real Estate
BXSL,Blackstone Secured Lending Fund Common Shares of Beneficial Interest,23.604999542236328,34265720.553129576,5682163200.0,Financial Services
BYD,Boyd Gaming Corporation Common Stock,67.69999694824219,78858254.07679825,5450609152.0,Consumer Cyclical
BZH,"Beazer Homes USA, Inc. Common Stock",33.40999984741211,25509847.781604957,886830720.0,Consumer Cyclical
C,"Citigroup, Inc. Common Stock",128.35000610351562,1285742159.8277848,231108837376.0,Financial Services
CACI,"CACI International, Inc. Class A Common Stock",623.010009765625,157024735.1571533,13618212864.0,Technology
CAG,"ConAgra Brands, Inc. Common Stock",13.380000114440918,195318246.50286093,7135413248.0,Consumer Defensive
CAH,"Cardinal Health, Inc. Common Stock",227.0500030517578,416184460.0733887,55732121600.0,Healthcare
CALX,"Calix, Inc Common Stock",35.25,39364524.6724205,2197902848.0,Technology
CALY,Callaway Golf Company Common Stock,14.529999732971191,31802428.66329808,2743100416.0,Consumer Cyclical
CARR,Carrier Global Corporation Common Stock ,55.33000183105469,398156340.96489793,46711844864.0,Industrials
CAT,"Caterpillar, Inc. Common Stock",847.0900268554688,1848269912.184082,368751181824.0,Industrials
CAVA,"CAVA Group, Inc. Common Stock",53.98500061035156,203900604.56017455,6481809920.0,Consumer Cyclical
CB,Chubb Limited  Common Stock,330.95001220703125,542741837.835846,131418873856.0,Financial Services
CBOE,"Cboe Global Markets, Inc. Common Stock",273.4700012207031,306808181.571434,30336163840.0,Financial Services
CBRE,CBRE Group Inc Common Stock Class A,130.85000610351562,275023857.8619751,40004825088.0,Real Estate
CBT,Cabot Corporation Common Stock,78.02999877929688,31787464.670144655,4071122944.0,Basic Materials
CBZ,"CBIZ, Inc. Common Stock",54.71500015258789,53313121.6363699,2966638848.0,Industrials
CC,Chemours Company (The) Common Stock,13.704999923706055,26170172.348354816,2287584768.0,Basic Materials
CCI,Crown Castle Inc. Common Stock,66.93000030517578,252323904.14518967,31670902784.0,Real Estate
CCJ,Cameco Corporation Common Stock,84.93000030517578,258128166.0141945,43004526592.0,Energy
CCK,"Crown Holdings, Inc.",106.16000366210938,111206474.14596558,12217068544.0,Consumer Cyclical
CCL,Carnival Corporation Ltd. Common Shares,25.677799224853516,607912411.189792,30865043456.0,Consumer Cyclical
CDE,"Coeur Mining, Inc. Common Stock",17.655000686645508,661440175.827683,21154902016.0,Basic Materials
CDP,COPT Defense Properties Common Shares of Beneficial Interest,33.56999969482422,32255601.72145958,4077145600.0,Real Estate
CE,Celanese Corporation Common Stock,44.529998779296875,90715169.66699906,4981504000.0,Basic Materials
CF,"CF Industries Holdings, Inc. Common Stock",115.56999969482422,319181323.9520763,21010272256.0,Basic Materials
CFG,"Citizens Financial Group, Inc. Common Stock",64.26000213623047,264470446.20547485,29073833984.0,Financial Services
CFR,"Cullen/Frost Bankers, Inc. Common Stock",154.36500549316406,80327947.4298706,10045418496.0,Financial Services
CGAU,Centerra Gold Inc. Common Shares,21.56999969482422,26083799.618611526,4533924864.0,Basic Materials
CHD,"Church & Dwight Company, Inc. Common Stock",94.19999694824219,173656436.87462464,22390861824.0,Consumer Defensive
CHE,Chemed Corp,503.0299987792969,77822129.78265686,6789648384.0,Healthcare
CHH,"Choice Hotels International, Inc. Common Stock",103.08999633789062,56265551.68315277,4516390400.0,Consumer Cyclical
CHWY,"Chewy, Inc. Class A Common Stock",18.145000457763672,218246238.70588455,8175200768.0,Consumer Cyclical
CI,The Cigna Group Common Stock,268.2200927734375,444054885.0222229,74346700800.0,Healthcare
CIEN,Ciena Corporation Common Stock,388.7250061035156,895295533.1721694,48203554816.0,Technology
CL,Colgate-Palmolive Company Common Stock,84.45999908447266,456502679.3793575,70250856448.0,Consumer Defensive
CLF,Cleveland-Cliffs Inc. Common Stock,11.425000190734863,166372953.88412976,6758046720.0,Basic Materials
CLH,"Clean Harbors, Inc. Common Stock",318.8999938964844,115820271.30381012,16884001792.0,Industrials
CLS,"Celestica, Inc. Common Stock",384.67999267578125,778239042.9172729,41690460160.0,Technology
CLX,Clorox Company (The) Common Stock,79.94000244140625,268101629.85744324,10772534272.0,Consumer Defensive
CM,Canadian Imperial Bank of Commerce Common Stock,110.7300033569336,173201615.51618654,104158355456.0,Financial Services
CMBT,CMB.TECH NV Ordinary Shares,19.690000534057617,20609686.218224622,5594472960.0,Energy
CMC,Commercial Metals Company Common Stock,63.57500076293945,71545408.23405457,7490373632.0,Industrials
CMG,"Chipotle Mexican Grill, Inc. Common Stock",32.09000015258789,465768562.38458043,45491777536.0,Consumer Cyclical
CMI,Cummins Inc. Common Stock,529.1950073242188,594236582.4202423,75849834496.0,Industrials
CMS,CMS Energy Corporation Common Stock,63.779998779296875,246440575.39250565,21082220544.0,Utilities
CNA,CNA Financial Corporation Common Stock,46.05500030517578,28788471.343829345,12887179264.0,Financial Services
CNC,Centene Corporation Common Stock,62.525001525878906,298078131.7999649,32981575680.0,Healthcare
CNH,CNH Industrial N.V. Common Shares,13.319999694824219,225167994.8605419,22080018432.0,Industrials
CNI,Canadian National Railway Company Common Stock,119.55000305175781,165543249.21437377,73927843840.0,Industrials
CNK,"Cinemark Holdings Inc Cinemark Holdings, Inc. Common Stock",35.89500045776367,75710646.68807602,4112552704.0,Communication Services
CNM,"Core & Main, Inc. Class A Common Stock",41.45000076293945,119963964.33721466,8013524992.0,Industrials
CNO,"CNO Financial Group, Inc. Common Stock",53.599998474121094,59800897.57024155,5093301248.0,Financial Services
CNP,"CenterPoint Energy, Inc (Holding Co) Common Stock",37.53499984741211,248086511.1881256,26184130560.0,Utilities
CNQ,Canadian Natural Resources Limited Common Stock,48.448001861572266,324566210.0217417,105703415808.0,Energy
CNR,"Core Natural Resources, Inc. Common Stock",89.44000244140625,45710792.11999512,4881229312.0,Energy
CNS,Cohen & Steers Inc Common Stock,73.4800033569336,23319897.550968934,3937089792.0,Financial Services
CNX,CNX Resources Corporation Common Stock,31.540000915527344,68513194.48801498,5376271360.0,Energy
COF,Capital One Financial Corporation Common Stock,195.1199951171875,701670407.8360717,127282855936.0,Financial Services
COHR,Coherent Corp. Common Stock,333.80499267578125,2028640823.823166,59712188416.0,Technology
COLD,"Americold Realty Trust, Inc. Common Stock",13.850000381469727,50292419.96699562,3987171584.0,Real Estate
COMP,"Compass, Inc. Class A Common Stock",9.274999618530273,156743129.05132085,7968151040.0,Real Estate
CON,"Concentra Group Holdings Parent, Inc. Common Stock",35.872501373291016,34678145.30475521,4386610176.0,Healthcare
COP,ConocoPhillips Common Stock,126.86000061035156,885672225.4306915,163706257408.0,Energy
COR,"Cencora, Inc. Common Stock",308.1300048828125,409988277.78485715,61824188416.0,Healthcare
COUR,"Coursera, Inc. Common Stock",5.070000171661377,34084330.213224865,1398675968.0,Consumer Defensive
CP,Canadian Pacific Kansas City Limited Common Shares,86.02999877929688,203983701.3575302,79591833600.0,Industrials
CPA,"Copa Holdings, S.A. Class A Common Stock",132.27999877929688,44507821.495858766,5275094016.0,Industrials
CPAY,"Corpay, Inc. Common Stock",396.489990234375,187394396.9354065,26813411328.0,Technology
CPK,Chesapeake Utilities Corporation Common Stock,127.48999786376953,24245001.80204048,3188802048.0,Utilities
CPNG,"Coupang, Inc. Class A Common Stock",13.595000267028809,226058943.60396346,26172035072.0,Consumer Cyclical
CPRI,Capri Holdings Limited Ordinary Shares,14.324999809265137,83517735.41892438,1434851712.0,Consumer Cyclical
CPT,Camden Property Trust Common Stock,95.74500274658203,116579161.33497086,10482233344.0,Real Estate
CR,Crane Company Common Stock,208.97500610351562,75198621.56013183,11469902848.0,Industrials
CRBG,Corebridge Financial Inc. Common Stock,34.18000030517578,164015848.95888597,15254335488.0,Financial Services
CRC,California Resources Corporation Common Stock,52.33000183105469,50599104.29503937,5018323968.0,Energy
CRCL,"Circle Internet Group, Inc. Class A Common Stock",80.54010009765625,1237191110.3369994,25261295616.0,Financial Services
CRGY,Crescent Energy Company Class A Common Stock,13.364999771118164,90642000.3369154,4731381248.0,Energy
CRH,CRH PLC Ordinary Shares,82.12000274658203,471592780.53077507,57906360320.0,Basic Materials
CRI,"Carter's, Inc. Common Stock",31.28499984741211,47085078.829050064,1134008448.0,Consumer Cyclical
CRK,"Comstock Resources, Inc. Common Stock",12.850000381469727,33858376.69088163,4341179904.0,Energy
CRL,"Charles River Laboratories International, Inc. Common Stock",288.5899963378906,268067729.60306853,13103366144.0,Healthcare
CRM,"Salesforce, Inc. Common Stock",234.28500366210938,2875108219.4543734,202573217792.0,Technology
CRS,Carpenter Technology Corporation Common Stock,387.614990234375,286309943.4482788,22494138368.0,Industrials
CSL,Carlisle Companies Incorporated Common Stock,333.4800109863281,170981406.09048158,13088785408.0,Industrials
CSQR,"Csquare, Inc. Common Stock",17.344999313354492,33333714.919941425,2890266338.0615234,
CSTM,Constellium SE Ordinary Shares (France),24.5,39478035.33682213,3592840192.0,Basic Materials
CSW,"CSW Industrials, Inc. Common Stock",304.9100036621094,36720289.808605954,4741568000.0,Industrials
CTRE,"CareTrust REIT, Inc. Common Stock",36.31999969482422,84591735.46841812,9331218432.0,Real Estate
CTRI,"Centuri Holdings, Inc. Common Stock",21.110000610351562,34951818.742889404,1992001024.0,Utilities
CTVA,"Corteva, Inc. Common Stock ",11.960100173950195,417827390.7887801,57265434624.0,Basic Materials
CUBE,CubeSmart Common Shares,37.71500015258789,107669175.49440841,8840805376.0,Real Estate
CUBI,"Customers Bancorp, Inc Common Stock",75.06999969482422,22827865.603723526,2648312064.0,Financial Services
CURB,Curbline Properties Corp. Common Stock,28.270000457763672,42225885.77393551,3348715520.0,Real Estate
CUZ,Cousins Properties Incorporated Common Stock,28.190000534057617,40487120.80617046,4586509824.0,Real Estate
CVE,Cenovus Energy Inc Common Stock,32.36000061035156,225785425.8600006,61911302144.0,Energy
CVI,CVR Energy Inc. Common Stock,55.06999969482422,59715639.52822304,4947613696.0,Energy
CVNA,Carvana Co. Class A Common Stock,63.86000061035156,500790860.90200424,79870353408.0,Consumer Cyclical
CVS,CVS Health Corporation Common Stock,85.80049896240234,687288706.0450344,122902659072.0,Healthcare
CVSA,Covista Inc. Common Shares,125.42500305175781,43524541.43329773,4267787264.0,Consumer Defensive
CVX,Chevron Corporation Common Stock,206.9499969482422,2020265612.6621628,417103970304.0,Energy
CWEN,"Clearway Energy, Inc. Class C Common Stock",29.510000228881836,36424658.068648815,7815895040.0,Utilities
CWK,Cushman & Wakefield Ltd. Common Shares,12.069999694824219,25796883.027314566,3040716032.0,Real Estate
CX,"Cemex, S.A.B. de C.V. Sponsored ADR",9.510000228881836,72129462.58296165,15439591424.0,Basic Materials
CXT,"Crane NXT, Co. Common Stock",48.61000061035156,27112977.060596466,2871158016.0,Industrials
CXW,"CoreCivic, Inc. Common Stock",33.52000045776367,72863171.77761403,3404408320.0,Industrials
D,"Dominion Energy, Inc. Common Stock",61.31999969482422,307004093.7774162,57565151232.0,Utilities
DAC,Danaos Corporation Common Stock,164.54400634765625,20690693.232931517,2822280960.0,Industrials
DAL,"Delta Air Lines, Inc. Common Stock",83.76499938964844,582657786.1306183,51383508992.0,Industrials
DAN,Dana Incorporated Common Stock ,27.704999923706055,42800021.995030686,3236982272.0,Consumer Cyclical
DAR,Darling Ingredients Inc. Common Stock,63.160701751708984,138411138.49465162,10687202304.0,Consumer Defensive
DB,Deutsche Bank AG Common Stock,34.91999816894531,74961352.23276596,76231032832.0,Financial Services
DCH,Dauch Corporation Common Stock,5.59499979019165,22504104.29055965,1574130560.0,Consumer Cyclical
DCI,"Donaldson Company, Inc. Common Stock",89.21499633789062,59638875.77509613,10244798464.0,Industrials
DCO,Ducommun Incorporated Common Stock,174.05999755859375,40280152.446014404,2483158528.0,Industrials
DD,"DuPont de Nemours, Inc. Common Stock",130.50999450683594,139697608.09910887,17138013184.0,Basic Materials
DDS,"Dillard's, Inc. Common Stock",645.0599975585938,123960697.43479005,9691869184.0,Consumer Cyclical
DE,Deere & Company Common Stock,681.4249877929688,847481015.5218627,183323705344.0,Industrials
DECK,Deckers Outdoor Corporation Common Stock,78.83999633789062,271685366.72196656,10809435136.0,Consumer Cyclical
DEI,"Douglas Emmett, Inc. Common Stock",9.864999771118164,22535534.925439645,2159605248.0,Real Estate
DELL,Dell Technologies Inc. Class C Common Stock ,566.5549926757812,4657662878.238864,329319219200.0,Technology
DEO,Diageo plc Common Stock,84.70999908447266,83728884.05875245,47662862336.0,Consumer Defensive
DG,Dollar General Corporation Common Stock,119.04499816894531,291025096.4390022,27614603264.0,Consumer Defensive
DGX,Quest Diagnostics Incorporated Common Stock,231.64500427246094,264943603.67556685,25819639808.0,Healthcare
DHI,"D.R. Horton, Inc. Common Stock",135.67999267578125,404563358.66801757,37728907264.0,Consumer Cyclical
DHR,Danaher Corporation Common Stock,215.5850067138672,921120829.4963325,141581385728.0,Healthcare
DHT,"DHT Holdings, Inc.",23.459999084472656,93448509.75267105,3418194176.0,Energy
DINO,HF Sinclair Corporation Common Stock,113.20999908447266,300991071.4257599,19239770112.0,Energy
DIS,Walt Disney Company (The) Common Stock,102.1500015258789,890824874.4847202,180032995328.0,Communication Services
DK,"Delek US Holdings, Inc. Common Stock",74.79000091552734,209568684.3443203,4612619776.0,Energy
DKS,Dick's Sporting Goods Inc Common Stock,136.47500610351562,391324952.96640015,11508429824.0,Consumer Cyclical
DLB,Dolby Laboratories Common Stock,59.095001220703125,55857006.96866989,5795288064.0,Industrials
DLR,"Digital Realty Trust, Inc. Common Stock",179.39999389648438,331758284.2934982,70940352512.0,Real Estate
DNA,"Ginkgo Bioworks Holdings, Inc. Class A Common Stock",12.196800231933594,20046036.27027788,455220320.0,Healthcare
DNOW,DNOW Inc. Common Stock,15.755000114440918,35652243.288808584,2849185536.0,Industrials
DOC,"Healthpeak Properties, Inc. Common Stock",19.524999618530273,103681797.095825,14533419008.0,Real Estate
DOCN,"DigitalOcean Holdings, Inc. Common Stock",143.9499969482422,363476941.5288078,15271705600.0,Technology
DOCS,"Doximity, Inc. Class A Common Stock",28.315000534057617,76410378.27698755,4320682496.0,Healthcare
DOV,Dover Corporation Common Stock,189.8249969482422,252694792.57898942,25389916160.0,Industrials
DOW,Dow Inc. Common Stock ,27.985000610351562,257781406.21296883,21576318976.0,Basic Materials
DPC,DPC Holdings PLC Ordinary Shares,41.65999984741211,52203002.74753475,6208773950.120087,
DRI,"Darden Restaurants, Inc. Common Stock",199.52999877929688,273988246.08435977,23600789504.0,Consumer Cyclical
DT,"Dynatrace, Inc. Common Stock",58.970001220703125,373303840.5713379,14811358208.0,Technology
DTE,DTE Energy Company Common Stock,124.33000183105469,246263892.9767639,28221423616.0,Utilities
DTM,"DT Midstream, Inc. Common Stock ",121.36250305175781,108902444.2246048,13326768128.0,Energy
DUK,Duke Energy Corporation (Holding Company) Common Stock,114.05999755859375,471131985.67900085,93860552704.0,Utilities
DV,"DoubleVerify Holdings, Inc. Common Stock",13.489999771118164,49150392.49940491,2069859072.0,Communication Services
DVA,DaVita Inc. Common Stock,177.60000610351562,128193726.30687256,11682632704.0,Healthcare
DVN,Devon Energy Corporation Common Stock,47.39500045776367,617022554.5008287,54009999360.0,Energy
DX,"Dynex Capital, Inc. Common Stock",11.0600004196167,84477473.62827674,3132235264.0,Real Estate
DXC,DXC Technology Company Common Stock ,11.085000038146973,29311647.316113234,1772744576.0,Technology
DXYZ,Destiny Tech100 Inc. Common Stock,32.755001068115234,24219045.389213942,979471168.0,Financial Services
DY,"Dycom Industries, Inc. Common Stock",276.260009765625,181430371.0638794,8727072768.0,Industrials
EAT,"Brinker International, Inc. Common Stock",199.61000061035156,313907465.0865158,9050686464.0,Consumer Cyclical
ECG,"Everus Construction Group, Inc. Common Stock",125.4800033569336,43813181.118494034,5835319808.0,Industrials
ECL,Ecolab Inc. Common Stock,274.5050048828125,324299342.39489746,75405590528.0,Basic Materials
ECO,Okeanis Eco Tankers Corp. Common Stock,86.43000030517578,64250854.33995743,2808872704.0,Industrials
ED,"Consolidated Edison, Inc. Common Stock",103.41999816894531,221859276.46661147,39789862912.0,Utilities
EDU,"New Oriental Education & Technology Group, Inc. Sponsored ADR representing 10 Ordinary Share (Cayman Islands)",55.209999084472656,35118595.51198387,9125822464.0,Consumer Defensive
EFOR,"Everforth, Inc. Common Stock",34.47050094604492,22556790.57611561,1256649984.0,Technology
EFX,"Equifax, Inc. Common Stock",140.75999450683594,296799167.132357,19780345856.0,Industrials
EG,"Everest Group, Ltd. Common Stock",368.5400085449219,157130975.44912568,14175692800.0,Financial Services
EGO,Eldorado Gold Corporation Ordinary Shares,38.029998779296875,131624932.97857209,11376546816.0,Basic Materials
EGP,"EastGroup Properties, Inc. Common Stock",195.72999572753906,109924653.14223328,10649267200.0,Real Estate
EHC,Encompass Health Corporation Common Stock,119.87999725341797,104493876.23509559,12062842880.0,Healthcare
EIX,Edison International Common Stock,53.310001373291016,275240595.93720263,22432731136.0,Utilities
EL,"Estee Lauder Companies, Inc. (The) Common Stock",91.41000366210938,282751418.3548935,35430576128.0,Consumer Defensive
ELAN,Elanco Animal Health Incorporated Common Stock,22.125,123401571.89209327,11616207872.0,Healthcare
ELF,"e.l.f. Beauty, Inc. Common Stock",102.95999908447266,136477167.9578415,5694271488.0,Consumer Defensive
ELS,"Equity Lifestyle Properties, Inc. Common Stock",58.150001525878906,98974721.4582592,12183337984.0,Real Estate
ELV,"Elevance Health, Inc. Common Stock",386.19989013671875,497082536.6690216,89803407360.0,Healthcare
EMBJ,Embraer S.A. Common Stock,74.69000244140625,90575969.64284973,13300598784.0,Industrials
EME,"EMCOR Group, Inc. Common Stock",792.8800048828125,264247329.81550902,32810708992.0,Industrials
EMN,Eastman Chemical Company Common Stock,65.27999877929688,80362007.95212555,7755917824.0,Basic Materials
EMR,Emerson Electric Company Common Stock,161.67999267578125,367203256.18659973,82578333696.0,Industrials
ENB,Enbridge Inc Common Stock,45.89500045776367,268757294.47664964,105643999232.0,Energy
ENOV,Enovis Corporation Common Stock,17.959999084472656,37313918.342120364,1066020672.0,Healthcare
ENS,EnerSys Common Stock,195.83999633789062,96648177.36754608,6370561024.0,Industrials
ENVA,"Enova International, Inc. Common Stock",173.5050048828125,73464766.93509826,5578106880.0,Financial Services
EOG,"EOG Resources, Inc. Common Stock",141.27499389648438,467797773.0264282,77987471360.0,Energy
EPAM,"EPAM Systems, Inc. Common Stock",108.68499755859375,126258182.74887848,5914963456.0,Technology
EPD,Enterprise Products Partners L.P. Common Stock,35.94499969482422,113542421.36357728,85256159232.0,Energy
EPR,EPR Properties Common Stock,56.52000045776367,52744301.830723956,4598833152.0,Real Estate
EPRT,"Essential Properties Realty Trust, Inc. Common Stock",25.81999969482422,65827197.87777023,6402657280.0,Real Estate
EQH,"Equitable Holdings, Inc. Common Stock",52.90999984741211,170459187.45233688,14333842432.0,Financial Services
EQNR,Equinor ASA,42.48500061035156,163791513.0403099,106690117632.0,Energy
EQT,EQT Corporation Common Stock,50.10499954223633,393102355.8104658,33946755072.0,Energy
EQX,Equinox Gold Corp. Common Shares,11.005000114440918,155934124.53845358,14400617472.0,Basic Materials
ERO,Ero Copper Corp. Common Shares,37.66999816894531,46718256.37072525,3712130816.0,Basic Materials
EROC,"ERock, Inc. Class A Common Stock",12.4399995803833,33580534.714573145,599284825.9053755,
ES,Eversource Energy (D/B/A) Common Stock,64.59750366210938,170293671.48890916,26487769088.0,Utilities
ESAB,ESAB Corporation Common Stock,69.87000274658203,64740399.280699156,4388114432.0,Industrials
ESE,ESCO Technologies Inc. Common Stock,275.1549987792969,64926610.365400694,6941673984.0,Technology
ESI,Element Solutions Inc. Common Stock,37.779998779296875,149884913.17510605,8285326336.0,Basic Materials
ESNT,Essent Group Ltd. Common Shares,60.060001373291016,56719545.746089175,6123285504.0,Financial Services
ESS,"Essex Property Trust, Inc. Common Stock",268.5,144767145.57910767,18946777088.0,Real Estate
ESTC,Elastic N.V. Ordinary Shares,93.94000244140625,166031631.68076935,9140540416.0,Technology
ETN,"Eaton Corporation, PLC Ordinary Shares",436.6400146484375,868292399.1107178,158337089536.0,Industrials
ETR,Entergy Corporation Common Stock,100.7750015258789,318580533.71425855,51045744640.0,Utilities
ETSY,"Etsy, Inc. Common Stock",72.97000122070312,241851551.25967103,6463270400.0,Consumer Cyclical
EVR,Evercore Inc. Class A Common Stock,262.7799987792969,129460192.71903992,11003538432.0,Financial Services
EW,Edwards Lifesciences Corporation Common Stock,85.61000061035156,298371350.3680092,49777909760.0,Healthcare
EXK,Endeavour Silver Corporation Ordinary Shares (Canada),8.545000076293945,77015424.76983528,3205763840.0,Basic Materials
EXP,Eagle Materials Inc Common Stock,173.07000732421875,81835419.05466613,5598400000.0,Basic Materials
EXPD,"Expeditors International of Washington, Inc. Common Stock",191.66000366210938,197066129.55873108,24722266112.0,Industrials
F,Ford Motor Company Common Stock,12.0649995803833,629761232.8503716,54649999360.0,Consumer Cyclical
FAF,First American Corporation (New) Common Stock,62.70000076293945,68450974.00321026,7279730176.0,Financial Services
FBIN,"Fortune Brands Innovations, Inc. Common Stock",38.459999084472656,90298060.18773918,4735168000.0,Industrials
FBK,FB Financial Corporation Common Stock,53.03499984741211,34621688.32014923,2711813632.0,Financial Services
FBP,First BanCorp. New Common Stock,26.878999710083008,39257213.01178102,4190744064.0,Financial Services
FCF,First Commonwealth Financial Corporation Common Stock,20.420000076293945,21776236.74460411,2119142784.0,Financial Services
FCN,"FTI Consulting, Inc. Common Stock",136.98500061035156,69240091.99265441,4180254720.0,Industrials
FCPT,"Four Corners Property Trust, Inc. Common Stock",21.6299991607666,27190935.7831501,2693245440.0,Real Estate
FCX,"Freeport-McMoRan, Inc. Common Stock",71.7300033569336,799801950.3081818,101598240768.0,Basic Materials
FDS,FactSet Research Systems Inc. Common Stock,269.1600036621094,249339637.7221985,9999252480.0,Financial Services
FDX,FedEx Corporation Common Stock,287.6499938964844,479804154.6601944,73813983232.0,Industrials
FDXF,"FedEx Freight Holding Company, Inc. Common Stock",112.37000274658203,215641779.4331356,16801353015.873817,
FE,FirstEnergy Corp. Common Stock,43.459999084472656,189687401.60038835,26772686848.0,Utilities
FERG,Ferguson Enterprises Inc. Common Stock,224.3699951171875,307913811.7388031,42688241664.0,Industrials
FHI,"Federated Hermes, Inc. Common Stock",56.83000183105469,39463069.9462532,4514707456.0,Financial Services
FHN,First Horizon Corporation Common Stock,23.239999771118164,121250234.66805105,11581481984.0,Financial Services
FICO,Fair Isaac Corporation Common Stock,657.52001953125,730937207.2145996,20932968448.0,Technology
FIG,"Figma, Inc. Class A Common Stock",21.264999389648438,298153766.8630203,11726217216.0,Technology
FIGS,"FIGS, Inc. Class A Common Stock",13.720000267028809,36615802.15933347,2151516160.0,Consumer Cyclical
FIS,"Fidelity National Information Services, Inc. Common Stock",32.60499954223633,227486563.80125046,19718940672.0,Technology
FITB,Fifth Third Bancorp Common Stock,50.96500015258789,327261288.08029634,48974434304.0,Financial Services
FIX,"Comfort Systems USA, Inc. Common Stock",1742.9300537109375,502350228.8890991,56276434944.0,Industrials
FLG,"Flagstar Bank, N.A. Common Stock",11.760000228881836,60867718.991325475,5468848128.0,Financial Services
FLO,"Flowers Foods, Inc. Common Stock",5.559899806976318,46064581.5606333,1298373760.0,Consumer Defensive
FLR,Fluor Corporation Common Stock,49.72999954223633,119829086.14762402,7189919232.0,Industrials
FLS,Flowserve Corporation Common Stock,74.54499816894531,113279174.40943222,9312658432.0,Industrials
FLUT,Flutter Entertainment plc Ordinary Shares,75.55000305175781,261315432.35821533,17070173184.0,Consumer Cyclical
FMC,FMC Corporation Common Stock,8.395000457763672,40112881.59829445,1554065024.0,Basic Materials
FMX,Fomento Economico Mexicano S.A.B. de C.V. Common Stock,114.4800033569336,48764162.221804045,40009633792.0,Consumer Defensive
FN,Fabrinet Ordinary Shares,461.42999267578125,299682291.28926086,14513120256.0,Technology
FNB,F.N.B. Corporation Common Stock,17.450000762939453,79015005.80879536,6437607424.0,Financial Services
FND,"Floor & Decor Holdings, Inc. Common Stock",45.79499816894531,116294494.67844848,4945394176.0,Consumer Cyclical
FNF,"Fidelity National Financial, Inc. Common Stock",39.375,126075145.7985344,11813894144.0,Financial Services
FNV,Franco-Nevada Corporation,237.80999755859375,211030151.21005553,50617827328.0,Basic Materials
FOUR,"Shift4 Payments, Inc. Class A Common Stock",35.869998931884766,86910548.15798569,3313166592.0,Technology
FPS,"Forgent Power Solutions, Inc. Class A Common Stock",40.21500015258789,393204748.6198362,9015661568.0,Industrials
FR,"First Industrial Realty Trust, Inc. Common Stock",59.70000076293945,64432817.07646485,8353892864.0,Real Estate
FRO,Frontline Plc Ordinary Shares,52.08000183105469,190520685.5632515,10534515712.0,Energy
FRT,Federal Realty Investment Trust Common Stock,107.05999755859375,106653367.493898,10030818304.0,Real Estate
FSK,FS KKR Capital Corp. Common Stock,10.96500015258789,20356388.721983336,3291212800.0,Financial Services
FSM,Fortuna Mining Corp. Common Shares,11.164999961853027,55318694.28881888,3595881984.0,Basic Materials
FSS,Federal Signal Corporation Common Stock,116.76000213623047,48163596.95229568,7046033408.0,Industrials
FTI,TechnipFMC plc Ordinary Share,69.00499725341797,215050176.71966362,29843709952.0,Energy
FTS,Fortis Inc. Common Shares,52.72999954223633,39958375.87808342,28089282560.0,Utilities
FTV,Fortive Corporation Common Stock ,56.77000045776367,114325695.30424213,16653033472.0,Technology
FUL,H. B. Fuller Company Common Stock,50.439998626708984,49654532.75313644,2744502784.0,Basic Materials
FUN,Six Flags Entertainment Corporation Common Stock New,11.53499984741211,29482196.06865406,1453914752.0,Consumer Cyclical
G,Genpact Limited Common Stock,33.51499938964844,64590429.45381012,5822392320.0,Technology
GAP,"Gap, Inc. (The) Common Stock",22.385000228881836,139266739.48640507,7316957184.0,Consumer Cyclical
GATX,GATX Corporation Common Stock,172.4199981689453,46467161.64906845,6190388224.0,Industrials
GBCI,"Glacier Bancorp, Inc. Common Stock",43.86000061035156,45289699.32676621,5913777152.0,Financial Services
GD,General Dynamics Corporation Common Stock,329.3500061035156,433593550.24696654,95506685952.0,Industrials
GDDY,GoDaddy Inc. Class A Common Stock,96.48999786376953,259630706.049078,11954276352.0,Technology
GEF,Greif Inc. Class A Common Stock,82.4800033569336,31979555.27548752,4728346112.0,Consumer Cyclical
GENI,Genius Sports Limited Ordinary Shares,6.099999904632568,46607219.22782962,1843949696.0,Communication Services
GEO,Geo Group Inc (The) REIT,31.510000228881836,69882952.7357254,4130880768.0,Industrials
GEV,GE Vernova Inc. Common Stock,991.35498046875,1986809326.2659302,247446536192.0,Industrials
GFF,Griffon Corporation Common Stock,94.68000030517578,33113844.255585097,4344442880.0,Industrials
GFL,"GFL Environmental Inc. Subordinate voting shares, no par value",42.060001373291016,141851662.5746828,15206113280.0,Industrials
GGG,Graco Inc. Common Stock,78.21009826660156,114066819.60843047,12178926592.0,Industrials
GHC,Graham Holdings Company Common Stock,1147.31005859375,39594569.92158203,4754447872.0,Industrials
GIB,CGI Inc. Common Stock,70.1500015258789,31691153.23453789,14273708032.0,Technology
GIL,"Gildan Activewear, Inc. Class A Sub. Vot. Common Stock",40.84000015258789,79920035.61513004,9241998336.0,Consumer Cyclical
GIS,"General Mills, Inc. Common Stock",32.005001068115234,370880301.1368807,19273445376.0,Consumer Defensive
GKOS,Glaukos Corporation Common Stock,164.63499450683594,139622983.89893723,10576704512.0,Healthcare
GL,Globe Life Inc. Common Stock,166.1999969482422,71944869.21795578,13137029120.0,Financial Services
GLOB,Globant S.A. Common Shares,35.334999084472656,37021895.99367867,1575190144.0,Technology
GLW,Corning Incorporated Common Stock,163.5500030517578,1277320981.9919503,141625327616.0,Technology
GM,General Motors Company Common Stock,78.3499984741211,634874434.1365325,76598001664.0,Consumer Cyclical
GME,GameStop Corporation Common Stock,24.405000686645508,226509075.0694317,8958120960.0,Consumer Cyclical
GMED,"Globus Medical, Inc. Class A Common Stock",75.86000061035156,117651422.47455673,9913228288.0,Healthcare
GNL,"Global Net Lease, Inc. Common Stock",8.274999618530273,22550675.663234044,2107305600.0,Real Estate
GNRC,Generac Holdlings Inc. Common Stock,216.14999389648438,288211968.9503021,10754958336.0,Industrials
GNW,Genworth Financial Inc Common Stock,9.494999885559082,45880188.076488495,3957989888.0,Financial Services
GOF,Guggenheim Strategic Opportunities Fund Common Shares of Beneficial Interest,8.65999984741211,25341599.545648765,2042312576.0,Financial Services
GOLD,"Gold.com, Inc. Common Stock",42.334999084472656,28965981.923588943,1375981056.0,Financial Services
GOLF,Acushnet Holdings Corp. Common Stock,83.88999938964844,28248270.60300064,4934642176.0,Consumer Cyclical
GPC,Genuine Parts Company Common Stock,126.8550033569336,119239883.5901516,18475966464.0,Consumer Cyclical
GPGI,"GPGI, Inc. Class A Common Stock",12.885000228881836,20502016.655323885,3855538176.0,Industrials
GPI,"Group 1 Automotive, Inc. Common Stock",249.72000122070312,72789239.35596466,3356821760.0,Consumer Cyclical
GPK,Graphic Packaging Holding Company,8.864999771118164,66889366.30593042,2834601216.0,Consumer Cyclical
GPN,Global Payments Inc. Common Stock,79.16500091552734,209589427.43099022,23135586304.0,Industrials
GPOR,Gulfport Energy Corporation Common Shares,154.9550018310547,45852435.083337404,3136780288.0,Energy
GRBK,"Green Brick Partners, Inc. Common Stock",66.86000061035156,25040746.448776245,2923006976.0,Consumer Cyclical
GRDN,"Guardian Pharmacy Services, Inc. Class A Common Stock",41.875,31747075.47094345,2761724416.0,Healthcare
GRMN,Garmin Ltd. Common Stock (Switzerland),282.3949890136719,226313897.05434722,52137713664.0,Technology
GRND,Grindr Inc. Common Stock,13.579999923706055,24854221.42096596,2671622912.0,Technology
GS,"Goldman Sachs Group, Inc. (The) Common Stock",902.1500244140625,2011604676.3457398,296424112128.0,Financial Services
GTES,Gates Industrial Corporation Ltd. Common Shares,27.915000915527344,45165239.058475494,6366751744.0,Industrials
GTY,Getty Realty Corporation Common Stock,28.260000228881836,21942060.881283093,2024889600.0,Real Estate
GVA,Granite Construction Incorporated Common Stock,119.22000122070312,67982753.88057403,5127085568.0,Industrials
GWRE,"Guidewire Software, Inc. Common Stock",152.97000122070312,234611256.97953492,12020554752.0,Technology
GWW,"W.W. Grainger, Inc. Common Stock",1278.7449951171875,344593911.75480956,60241580032.0,Industrials
GXO,"GXO Logistics, Inc. Common Stock ",46.38999938964844,63386311.704818726,5250833408.0,Industrials
H,Hyatt Hotels Corporation Class A Common Stock,159.47000122070312,126669302.93741913,15197558784.0,Consumer Cyclical
HAE,Haemonetics Corporation Common Stock,104.87000274658203,57343044.90195236,4630462464.0,Healthcare
HAFN,Hafnia Limited Common Shares,10.1850004196167,29451913.61020384,4577996800.0,Industrials
HAL,Halliburton Company Common Stock,31.984899520874023,350988805.5955955,30162036736.0,Energy
HASI,"HA Sustainable Infrastructure Capital, Inc. Common Stock",36.3849983215332,39922204.89149036,4840436224.0,Financial Services
HAWK,"HawkEye 360, Inc. Common Stock",14.720000267028809,22791463.519592714,1442052951.5996246,
HAYW,"Hayward Holdings, Inc. Common Stock",12.53499984741211,49321982.190971375,2745888000.0,Industrials
HBM,Hudbay Minerals Inc. Ordinary Shares (Canada),27.05500030517578,109679429.98120537,11911962624.0,Basic Materials
HCA,"HCA Healthcare, Inc. Common Stock",426.7049865722656,622163423.3071502,92875456512.0,Healthcare
HCC,"Warrior Met Coal, Inc. Common Stock",89.95999908447266,60339793.657095715,5426998784.0,Basic Materials
HCI,"HCI Group, Inc. Common Stock",183.27000427246094,31203922.591038514,2339191040.0,Financial Services
HD,"Home Depot, Inc. (The) Common Stock",283.2850036621094,1498529197.1162276,305063526400.0,Consumer Cyclical
HDB,HDFC Bank Limited Common Stock,22.2450008392334,235657775.42555055,112166387712.0,Financial Services
HE,"Hawaiian Electric Industries, Inc. Common Stock",8.895000457763672,29050775.20018215,1786871168.0,Utilities
HEI,Heico Corporation Common Stock,304.7699890136719,145139776.70110473,43702145024.0,Industrials
HESM,Hess Midstream LP Class A Representing Limited Partner Interests,37.72999954223633,51912880.74010029,8286308352.0,Energy
HGV,Hilton Grand Vacations Inc. Common Stock ,35.220001220703125,42544681.22701035,3107022592.0,Consumer Cyclical
HHH,Howard Hughes Holdings Inc. Common Stock,70.80500030517578,58740025.53865738,3696732160.0,Real Estate
HIG,"The Hartford Insurance Group, Inc. Common Stock",125.84010314941406,234402937.95338136,37147385856.0,Financial Services
HII,"Huntington Ingalls Industries, Inc. Common Stock",269.2699890136719,137121653.4791153,11066781696.0,Industrials
HIMS,"Hims & Hers Health, Inc. Class A Common Stock",28.729999542236328,270593709.3330561,6438283264.0,Healthcare
HIW,"Highwoods Properties, Inc. Common Stock",29.729999542236328,35642873.57648392,3400951296.0,Real Estate
HL,Hecla Mining Company Common Stock,17.184999465942383,669518000.7091811,13585278976.0,Basic Materials
HLI,"Houlihan Lokey, Inc. Class A Common Stock",127.45500183105469,113741036.64183044,9520987136.0,Financial Services
HLIO,"Helios Technologies, Inc. Common Stock",71.91000366210938,27259637.980999757,2262881024.0,Industrials
HLT,Hilton Worldwide Holdings Inc. Common Stock ,318.989990234375,511153506.825354,69610332160.0,Consumer Cyclical
HMC,"Honda Motor Company, Ltd. Common Stock",31.235000610351562,27328615.05674095,41073209344.0,Consumer Cyclical
HMY,Harmony Gold Mining Company Limited,17.28499984741211,73443197.82958946,12752664576.0,Basic Materials
HNGE,"Hinge Health, Inc. Class A Common Stock",97.34500122070312,165717381.49889222,7361752064.0,Healthcare
HNI,HNI Corporation Common Stock,47.2599983215332,26140246.2711668,3375581952.0,Consumer Cyclical
HOG,"Harley-Davidson, Inc. Common Stock",24.524999618530273,45508542.87576523,2760002816.0,Consumer Cyclical
HOMB,"Home BancShares, Inc. Common Stock",28.549999237060547,44595859.0858057,5917468160.0,Financial Services
HOS,"Hornbeck Offshore Services, Inc. Common Stock",7.695000171661377,21735709.02530372,2902125056.0,Industrials
HP,"Helmerich & Payne, Inc. Common Stock",38.54999923706055,44564493.989734076,4396813824.0,Energy
HPE,Hewlett Packard Enterprise Company Common Stock,69.87000274658203,1387309423.1884186,74975215616.0,Technology
HPQ,HP Inc. Common Stock,32.30500030517578,513480003.5356388,29055707136.0,Technology
HR,Healthcare Realty Trust Incorporated Common Stock,17.55500030517578,73339888.81595573,6643243008.0,Real Estate
HRB,"H&R Block, Inc. Common Stock",41.845001220703125,89272357.1107811,5550664192.0,Consumer Cyclical
HRI,Herc Holdings Inc. Common Stock ,138.58999633789062,126754258.44210052,4840538624.0,Industrials
HRL,Hormel Foods Corporation Common Stock,20.281999588012695,94186626.827147,11466558464.0,Consumer Defensive
HSBC,"HSBC Holdings, plc. Common Stock",95.88500213623047,154335062.25932312,355422208000.0,Financial Services
HSY,The Hershey Company Common Stock,159.55999755859375,251461872.29719543,35168018432.0,Consumer Defensive
HTGC,"Hercules Capital, Inc. Common Stock",16.768999099731445,21417909.627938747,3278177280.0,Financial Services
HUBB,Hubbell Inc Common Stock,474.18499755859375,215723032.23383942,23695837184.0,Industrials
HUBS,"HubSpot, Inc. Common Stock",213.1199951171875,394901054.2957794,11491665920.0,Technology
HUM,Humana Inc. Common Stock,383.19000244140625,400260571.2015381,49008373760.0,Healthcare
HUN,Huntsman Corporation Common Stock,8.545000076293945,22952871.320330333,1675742848.0,Basic Materials
HXL,Hexcel Corporation Common Stock,85.93000030517578,76920860.15776825,6787205120.0,Industrials
HZO,"MarineMax, Inc.  (FL) Common Stock",52.39500045776367,40916432.707107544,1152596352.0,Consumer Cyclical
IAG,Iamgold Corporation Ordinary Shares,18.490100860595703,106158774.54906979,11551329280.0,Basic Materials
IBM,International Business Machines Corporation Common Stock,221.9949951171875,1331723488.148358,222904287232.0,Technology
IBN,ICICI Bank Limited Common Stock,27.436599731445312,125993093.70216179,103323000832.0,Financial Services
IBP,"Installed Building Products, Inc. Common Stock",193.6699981689453,93681580.42509612,5389571072.0,Consumer Cyclical
ICE,Intercontinental Exchange Inc. Common Stock,150.5500030517578,443562362.9702225,87858241536.0,Financial Services
IDA,"IDACORP, Inc. Common Stock",132.97999572753906,84811010.05423966,7928409600.0,Utilities
IDT,IDT Corporation Class B Common Stock,77.98999786376953,26052523.883853912,1703994112.0,Communication Services
IE,Ivanhoe Electric Inc. Common Stock,10.454999923706055,23969919.90137291,1602286208.0,Basic Materials
IEX,IDEX Corporation Common Stock,233.1300048828125,133367972.37350464,16331168768.0,Industrials
IFF,"International Flavors & Fragrances, Inc. Common Stock",83.18000030517578,142166883.59555703,21442938880.0,Basic Materials
IIPR,"Innovative Industrial Properties, Inc. Common Stock",50.77000045776367,22532626.046520997,1556126848.0,Real Estate
IMAX,Imax Corporation Common Stock,52.369998931884766,54551999.84967442,2847402240.0,Communication Services
IMO,Imperial Oil Limited Common Stock,125.83000183105469,83823640.96178436,65252540416.0,Energy
INFQ,"Infleqtion, Inc. Common Stock",13.289999961853027,109274853.54652882,2992741632.0,Technology
ING,"ING Group, N.V. Common Stock",34.64250183105469,75835258.6929512,104624078848.0,Financial Services
INGM,Ingram Micro Holding Corporation Common Stock,28.395000457763672,70168967.78077927,6098700800.0,Technology
INGR,Ingredion Incorporated Common Stock,95.83000183105469,61911987.44953537,6365678080.0,Consumer Defensive
INSP,"Inspire Medical Systems, Inc. Common Stock",71.1500015258789,68305934.07601508,1932080512.0,Healthcare
INSW,"International Seaways, Inc. Common Stock ",114.4000015258789,84648271.28904648,4990279680.0,Energy
INVH,Invitation Homes Inc. Common Stock,26.094999313354492,147261078.05877018,16587653120.0,Real Estate
INVX,"Innovex International, Inc. Common Stock",27.545000076293945,22782480.196353532,2035264384.0,Energy
IONQ,"IonQ, Inc. Common Stock",44.005001068115234,1015099002.9801134,15184443392.0,Technology
IOT,Samsara Inc. Class A Common Stock,40.93000030517578,281457814.31791687,22645350400.0,Technology
IP,International Paper Company Common Stock,31.905000686645508,184016034.99073046,18280753152.0,Consumer Cyclical
IQV,"IQVIA Holdings, Inc. Common Stock",258.67999267578125,420399547.3509491,41917857792.0,Healthcare
IR,Ingersoll Rand Inc. Common Stock,76.17500305175781,367476736.6721535,27912679424.0,Industrials
IRM,Iron Mountain Incorporated (Delaware)Common Stock REIT,113.58999633789062,174696703.3312668,34027431936.0,Real Estate
IRT,"Independence Realty Trust, Inc. Common Stock",14.505000114440918,63735090.47274375,3667134720.0,Real Estate
IT,"Gartner, Inc. Common Stock",186.84500122070312,193536930.4977066,10825944064.0,Technology
ITGR,Integer Holdings Corporation Common Stock,126.5250015258789,100681578.26161766,4275932928.0,Healthcare
ITT,ITT Inc. Common Stock ,206.39500427246094,177098684.3869156,17453631488.0,Industrials
ITW,Illinois Tool Works Inc. Common Stock,262.55999755859375,361429026.23800963,74728677376.0,Industrials
IVR,INVESCO MORTGAGE CAPITAL INC Common Stock,5.757199764251709,22815283.389062595,748090112.0,Real Estate
IVT,InvenTrust Properties Corp. Common Stock,30.354999542236328,21285032.464443587,2513244928.0,Real Estate
IVZ,Invesco Ltd Common Stock,30.795000076293945,134206694.38518944,14088257536.0,Financial Services
J,Jacobs Solutions Inc. Common Stock,138.14999389648438,111272566.63342437,16675382272.0,Industrials
JAN,"Janus Living, Inc. Class A-1 Common Stock",28.920000076293945,57099919.86553135,6780410845.804962,
JBL,Jabil Inc. Common Stock,305.5799865722656,440847703.86769104,31915003904.0,Technology
JBS,JBS N.V. Class A Common Shares,11.614999771118164,61308495.09012222,41330851840.0,Consumer Defensive
JBTM,JBT Marel Corporation Common Stock,109.01000213623047,63490676.58671188,5740688896.0,Industrials
JCI,Johnson Controls International plc Ordinary Share,155.41000366210938,473246267.06790924,86796689408.0,Industrials
JEF,Jefferies Financial Group Inc. Common Stock,46.279998779296875,124129949.01319198,11091982336.0,Financial Services
JHX,James Hardie Industries plc. Ordinary Shares,25.325000762939453,372036527.811957,16562307072.0,Basic Materials
JLL,Jones Lang LaSalle Incorporated Common Stock,308.9700012207031,125866994.30156402,15782022144.0,Real Estate
JMKE,Jersey Mike's Subs Inc. Class A Common Stock,16.6200008392334,73103990.42470703,3869704217.1422176,
JNJ,Johnson & Johnson Common Stock,255.59500122070312,1669955072.488147,643780313088.0,Healthcare
JOBY,"Joby Aviation, Inc. Common Stock",5.909999847412109,154326502.35053664,6295775232.0,Industrials
JPM,JP Morgan Chase & Co. Common Stock,331.2699890136719,2838722419.1090317,934312542208.0,Financial Services
JXN,Jackson Financial Inc. Class A Common Stock ,131.72000122070312,123082367.79590607,9315749888.0,Financial Services
KAI,Kadant Inc Common Stock,269.0,45548213.340802,3338437632.0,Industrials
KBH,KB Home Common Stock,45.68000030517578,87598246.75181694,2945319424.0,Consumer Cyclical
KBR,"KBR, Inc. Common Stock",34.40999984741211,52116218.93697262,4583823360.0,Industrials
KD,"Kyndryl Holdings, Inc. Common Stock",11.484999656677246,50098823.36809611,2798964736.0,Technology
KEX,Kirby Corporation Common Stock,138.25999450683594,59817610.27373429,7302767616.0,Industrials
KEY,KeyCorp Common Stock,20.075000762939453,321683933.3729353,23028633600.0,Financial Services
KEYS,Keysight Technologies Inc. Common Stock,384.1600036621094,351489584.5437393,55670034432.0,Technology
KFY,Korn Ferry Common Stock,72.2699966430664,49540216.672303006,4109517568.0,Industrials
KGC,Kinross Gold Corporation Common Stock,24.084999084472656,196932173.75902557,34365394944.0,Basic Materials
KGS,"Kodiak Gas Services, Inc. Common Stock",55.459999084472656,108714421.19292755,6344783872.0,Energy
KHC,The Kraft Heinz Company Common Stock,22.145000457763672,520155307.5070063,28987461632.0,Consumer Defensive
KIM,Kimco Realty Corporation (HC) Common Stock,22.174999237060547,126857878.57805404,15830629376.0,Real Estate
KKR,KKR & Co. Inc. Common Stock,90.875,386582185.4960159,92913295360.0,Financial Services
KLAR,Klarna Group plc Ordinary Shares,12.515000343322754,74141314.81509142,5183118336.0,Financial Services
KMI,"Kinder Morgan, Inc. Common Stock",30.96500015258789,398121081.0349468,69014102016.0,Energy
KMPR,Kemper Corporation,25.81999969482422,22843903.383012008,1597995904.0,Financial Services
KMT,Kennametal Inc. Common Stock,32.79999923706055,43347647.987688825,2205016320.0,Industrials
KMX,CarMax Inc,54.48500061035156,189196432.3652176,8540919808.0,Consumer Cyclical
KN,Knowles Corporation Common Stock,40.14500045776367,23272852.314160347,3008578560.0,Technology
KNF,Knife Riv Holding Co. Common Stock,50.709999084472656,60323804.387290575,3277251328.0,Basic Materials
KNSL,"Kinsale Capital Group, Inc. Common Stock",332.1700134277344,72059721.71366271,8283373568.0,Financial Services
KNTK,Kinetik Holdings Inc. Class A Common Stock,51.90999984741211,72746922.4297781,9194320896.0,Energy
KNX,Knight-Swift Transportation Holdings Inc.,66.59500122070312,251379500.34371948,11202495488.0,Industrials
KO,Coca-Cola Company (The) Common Stock,85.48999786376953,1340424416.50251,381722165248.0,Consumer Defensive
KR,Kroger Company (The) Common Stock,58.900001525878906,488860969.32477,34853502976.0,Consumer Defensive
KRC,Kilroy Realty Corporation Common Stock,33.7400016784668,48880535.99697971,4136913664.0,Real Estate
KRG,Kite Realty Group Trust Common Stock,24.399999618530273,52397096.928667165,5420374016.0,Real Estate
KRMN,Karman Holdings Inc. Common Stock,34.220001220703125,145796629.03677902,4663198720.0,Industrials
KSS,Kohl's Corporation Common Stock,18.899999618530273,66714214.80846004,1916243328.0,Consumer Cyclical
KT,KT Corporation Common Stock,18.8700008392334,24960049.989336014,9308572672.0,Communication Services
KTB,"Kontoor Brands, Inc. Common Stock ",64.30000305175781,49246957.427345276,3581725184.0,Consumer Cyclical
KVUE,Kenvue Inc. Common Stock,17.235000610351562,462817264.44823915,34160957440.0,Consumer Defensive
KVYO,"Klaviyo, Inc. Series A Common Stock",15.824999809265137,103905948.38150024,4567028224.0,Technology
KWR,Quaker Houghton Common Stock,162.08999633789062,22256178.19960022,2658245632.0,Basic Materials
L,Loews Corporation Common Stock,105.91000366210938,112888783.74774475,22262034432.0,Financial Services
LAD,"Lithia Motors, Inc. Common Stock",308.8399963378906,103577782.21592712,8013175808.0,Consumer Cyclical
LAZ,"Lazard, Inc. Common Stock",36.34000015258789,71900970.58170605,4209726976.0,Financial Services
LBRT,Liberty Energy Inc. Class A common stock,18.989999771118164,72636674.87716036,3420492032.0,Energy
LCII,LCI Industries,83.45500183105469,29612864.73340454,2287712768.0,Consumer Cyclical
LCLN,"Lincoln International, Inc. Class A Common Stock",24.270000457763672,22955158.081674576,846432981.7833557,
LDOS,"Leidos Holdings, Inc. Common Stock",118.9000015258789,158028159.11750144,16267834368.0,Technology
LEA,Lear Corporation Common Stock,121.0250015258789,80357487.38037185,8449336320.0,Consumer Cyclical
LEN,Lennar Corporation Class A Common Stock,79.94999694824219,450788774.6050323,18593490944.0,Consumer Cyclical
LEU,Centrus Energy Corp. Class A Common Stock,140.7899932861328,114262776.90159683,3398171136.0,Energy
LEVI,Levi Strauss & Co Class A Common Stock,19.704999923706055,50392623.39888716,7785526784.0,Consumer Cyclical
LH,Labcorp Holdings Inc. Common Stock,306.7101135253906,256216748.1365219,25907396608.0,Healthcare
LHX,"L3Harris Technologies, Inc. Common Stock",236.86000061035156,396540092.3146164,46146777088.0,Industrials
LII,"Lennox International, Inc. Common Stock",358.0950012207031,175425933.62664184,12685495296.0,Industrials
LION,Lionsgate Studios Corp Common Shares,11.220000267028809,34127832.86330404,3313327104.0,nan
LLY,Eli Lilly and Company Common Stock,1144.68994140625,2538842249.343872,1003097554944.0,Healthcare
LMND,"Lemonade, Inc. Common Stock",46.27000045776367,51248027.67149334,3831132416.0,Financial Services
LMT,Lockheed Martin Corporation Common Stock,504.3599853515625,628073972.2197876,121435168768.0,Industrials
LNC,Lincoln National Corporation Common Stock,40.02000045776367,82557578.23234215,8365291008.0,Financial Services
LNG,"Cheniere Energy, Inc. Common Stock",268.8900146484375,603735467.3574035,57517694976.0,Energy
LOAR,Loar Holdings Inc. Common Stock,61.75,45656261.76386414,6135189504.0,Industrials
LOW,"Lowe's Companies, Inc. Common Stock",181.36000061035156,623738572.1959572,109540188160.0,Consumer Cyclical
LPG,Dorian LPG Ltd. Common Stock,57.005001068115234,34776580.61896648,2308553472.0,Energy
LPX,Louisiana-Pacific Corporation Common Stock,65.19000244140625,72930267.62766266,4601309696.0,Industrials
LRN,"Stride, Inc. Common Stock",79.13999938964844,56230517.916591644,3398140672.0,Consumer Defensive
LTC,"LTC Properties, Inc. Common Stock",43.380001068115234,27608830.292552568,2313357312.0,Real Estate
LTH,"Life Time Group Holdings, Inc. Common Stock",41.150001525878906,135888066.88196564,9236799488.0,Consumer Cyclical
LUMN,"Lumen Technologies, Inc. Common Stock",5.730000019073486,82017034.3844482,6887629312.0,Communication Services
LUV,Southwest Airlines Company Common Stock,42.150001525878906,247359536.7821293,18770917376.0,Industrials
LVS,Las Vegas Sands Corp. Common Stock,36.420799255371094,236697029.835186,27585593344.0,Consumer Cyclical
LW,"Lamb Weston Holdings, Inc. Common Stock ",43.53499984741211,72174922.15188941,6538011136.0,Consumer Defensive
LXP,LXP Industrial Trust Common Stock (Maryland REIT),60.935001373291016,54188207.72099495,3582537984.0,Real Estate
LYB,LyondellBasell Industries NV Ordinary Shares Class A (Netherlands),58.619998931884766,221705736.47629413,20973240320.0,Basic Materials
LYV,"Live Nation Entertainment, Inc. Common Stock",168.1929931640625,341658392.00010985,39638056960.0,Communication Services
LZB,La-Z-Boy Incorporated Common Stock,29.93000030517578,23481368.76143837,1240033792.0,Consumer Cyclical
M,Macy's Inc Common Stock,22.6299991607666,152576692.63642302,5492232192.0,Consumer Cyclical
MA,Mastercard Incorporated Common Stock,554.125,1519698664.5145142,495988178944.0,Financial Services
MAA,"Mid-America Apartment Communities, Inc. Common Stock",114.72000122070312,146401577.88603973,15167012864.0,Real Estate
MAC,Macerich Company (The) Common Stock,22.915000915527344,84377588.234375,6778322944.0,Real Estate
MAIN,Main Street Capital Corporation Common Stock,55.08000183105469,25758034.200946044,5236473856.0,Financial Services
MAIR,Madison Air Solutions Corporation Class A Common Stock,24.915000915527344,64512094.40773163,12497910188.363205,
MAN,ManpowerGroup Common Stock,54.35499954223633,48398386.59547863,2681046016.0,Industrials
MANE,"Veradermics, Incorporated Common Stock",116.31999969482422,83235872.8617611,4110329600.0,Healthcare
MAS,Masco Corporation Common Stock,68.40499877929688,162825406.2008133,13288460288.0,Industrials
MATX,"Matson, Inc. Common Stock",232.0,69694130.71138915,6745472512.0,Industrials
MBC,"MasterBrand, Inc. Common Stock",7.09499979019165,23519165.467408895,1532283520.0,Consumer Cyclical
MBGL,Mobility Global Inc. Common Stock,17.059999465942383,76557247.26974125,5455999755.859375,
MC,Moelis & Company Class A Common Stock,56.56999969482422,52405405.550992586,4800442368.0,Financial Services
MCD,McDonald's Corporation Common Stock,231.4199981689453,1450414408.3432548,179408355328.0,Consumer Cyclical
MCK,McKesson Corporation Common Stock,888.3624877929688,759433171.4773681,103541555200.0,Healthcare
MCO,Moody's Corporation Common Stock,440.82000732421875,366268723.2064514,81573445632.0,Financial Services
MCY,Mercury General Corporation Common Stock,102.33999633789062,31577162.236273192,5611975680.0,Financial Services
MDT,Medtronic plc. Ordinary Shares,86.36000061035156,1182574722.394956,118229188608.0,Healthcare
MDU,"MDU Resources Group, Inc. Common Stock (Holding Company)",18.625,38322805.912260816,4070262016.0,Utilities
MET,"MetLife, Inc. Common Stock",94.51000213623047,290814020.0282192,61237731328.0,Financial Services
MFC,Manulife Financial Corporation Common Stock,42.880001068115234,69171558.7982111,72013504512.0,Financial Services
MFG,"Mizuho Financial Group, Inc. Sponosred ADR (Japan)",10.819999694824219,37612085.374057196,134130991104.0,Financial Services
MGA,"Magna International, Inc. Common Stock",64.30999755859375,70478892.85388947,17356687360.0,Consumer Cyclical
MGM,MGM Resorts International Common Stock,30.364999771118164,168309152.34078836,10259951616.0,Consumer Cyclical
MGY,Magnolia Oil & Gas Corporation Class A Common Stock,24.125,125674255.31514016,6644282368.0,Energy
MHK,"Mohawk Industries, Inc. Common Stock",127.5199966430664,137565812.3466114,8419173888.0,Consumer Cyclical
MHO,"M/I Homes, Inc. Common Stock",135.4250030517578,27123931.099253844,3494873344.0,Consumer Cyclical
MIAX,"Miami International Holdings, Inc. Common Stock",33.41999816894531,60469071.72121124,4269905408.0,Financial Services
MIR,"Mirion Technologies, Inc. Class A Common Stock",14.680000305175781,56249502.97739506,4061885440.0,Industrials
MKC,"McCormick & Company, Incorporated Common Stock",44.529998779296875,181681339.47800675,13805527040.0,Consumer Defensive
MKL,Markel Group Inc. Common Stock,1731.0899658203125,123290739.39718628,22080081920.0,Financial Services
MLI,"Mueller Industries, Inc. Common Stock",62.93000030517578,112641533.50394973,13496488960.0,Industrials
MLM,"Martin Marietta Materials, Inc. Common Stock",483.75,433016816.22402954,34980597760.0,Basic Materials
MMM,3M Company Common Stock,161.27999877929688,492045651.4070648,83438731264.0,Industrials
MMS,"Maximus, Inc. Common Stock",53.34000015258789,40502785.23645592,2958999040.0,Industrials
MO,"Altria Group, Inc.",67.19740295410156,522703931.29166794,115062054912.0,Consumer Defensive
MOD,Modine Manufacturing Company Common Stock,178.1699981689453,248510130.20855254,9597466624.0,Consumer Cyclical
MOH,Molina Healthcare Inc Common Stock,186.33999633789062,117899091.09280396,10483034112.0,Healthcare
MOS,Mosaic Company (The) Common Stock,21.270000457763672,199527989.35684985,8336813568.0,Basic Materials
MP,MP Materials Corp. Common Stock,46.935001373291016,262855403.7531763,9359238144.0,Basic Materials
MPC,Marathon Petroleum Corporation Common Stock,422.7699890136719,1202725918.3068404,115811270656.0,Energy
MRK,"Merck & Company, Inc. Common Stock (new)",143.47500610351562,1395810526.0416627,359503888384.0,Healthcare
MRP,"Millrose Properties, Inc. Class A Common Stock",24.670000076293945,63643272.79023361,5003023872.0,Real Estate
MRSH,Marsh Common Stock,170.4199981689453,477239468.46746445,84972232704.0,Financial Services
MS,Morgan Stanley Common Stock,191.0,1089845632.2487946,336438853632.0,Financial Services
MSA,MSA Safety Incorporated Common Stock,182.42999267578125,43664116.08110962,6984406016.0,Industrials
MSCI,MSCI Inc. Common Stock,539.1400146484375,314504834.9963379,40147484672.0,Financial Services
MSGE,Madison Square Garden Entertainment Corp. Class A Common Stock,79.73999786376953,42184210.209285736,3614119680.0,Communication Services
MSGS,Madison Square Garden Sports Corp. Class A Common Stock (New),402.4200134277344,125661545.7806488,9484606464.0,Communication Services
MSI,"Motorola Solutions, Inc. Common Stock",449.010009765625,387118501.49087524,76466405376.0,Technology
MSM,"MSC Industrial Direct Company, Inc. Common Stock",130.58999633789062,90655966.3085556,6603266048.0,Industrials
MT,Arcelor Mittal NY Registry Shares NEW,64.06999969482422,91274952.30155525,56297676800.0,Basic Materials
MTB,M&T Bank Corporation Common Stock,218.56500244140625,241702204.1712799,34305638400.0,Financial Services
MTD,"Mettler-Toledo International, Inc. Common Stock",1489.1199951171875,293885362.4574524,25709309952.0,Healthcare
MTDR,Matador Resources Company Common Stock,53.345001220703125,101585571.93564758,7582420992.0,Energy
MTG,MGIC Investment Corporation Common Stock,27.125,72908115.2734581,6287075840.0,Financial Services
MTH,Meritage Homes Corporation Common Stock,63.959999084472656,57446650.07518768,4024174336.0,Consumer Cyclical
MTN,"Vail Resorts, Inc. Common Stock",139.49000549316406,147328244.1219017,4727143936.0,Consumer Cyclical
MTRN,Materion Corporation,305.8299865722656,63587774.15064697,5182180864.0,Basic Materials
MTZ,"MasTec, Inc. Common Stock",218.6199951171875,330026192.77404785,18856402944.0,Industrials
MUFG,"Mitsubishi UFJ Financial Group, Inc. Common Stock",22.729799270629883,68388797.25999375,263553744896.0,Financial Services
MUR,Murphy Oil Corporation Common Stock,37.66999816894531,63534331.382752225,5460669952.0,Energy
MUSA,Murphy USA Inc. Common Stock,516.3599853515625,128303267.19589233,9621652480.0,Consumer Cyclical
MUX,McEwen Inc. Common Stock,17.809999465942383,25940705.921737768,1198025984.0,Basic Materials
MWA,MUELLER WATER PRODUCTS Common Stock,21.889999389648438,33182949.52914238,3662708224.0,Industrials
NAD,Nuveen Quality Municipal Income Fund Common Stock,10.28499984741211,21175955.839945603,2559425280.0,Financial Services
NAT,Nordic American Tankers Limited Common Stock,8.300000190734863,38247138.21398282,1500253440.0,Energy
NATL,NCR Atleos Corporation Common Stock,45.380001068115234,37218950.45173073,3399185152.0,Technology
NCLH,Norwegian Cruise Line Holdings Ltd. Ordinary Shares,14.984999656677246,290464730.78999853,6704142848.0,Consumer Cyclical
NE,Noble Corporation plc A Ordinary Shares,40.75,51840540.15880966,7189487616.0,Energy
NEA,Nuveen AMT-Free Quality Municipal Income Fund Common Shares of Beneficial Interest Par Value $.01,10.135000228881836,25725251.45391655,3279593984.0,Financial Services
NEE,"NextEra Energy, Inc. Common Stock",76.91500091552734,963872275.1589134,172698550272.0,Utilities
NEM,Newmont Corporation,115.19999694824219,801747114.2159507,132617715712.0,Basic Materials
NET,"Cloudflare, Inc. Class A Common Stock",351.0249938964844,1022778898.1779785,112029794304.0,Technology
NEU,NewMarket Corp Common Stock,927.0,106189304.74084473,7994343424.0,Basic Materials
NFG,National Fuel Gas Company Common Stock,76.69999694824219,68129048.72728042,7805578752.0,Energy
NG,Novagold Resources Inc.,6.574999809265137,41528343.975423336,3380804608.0,Basic Materials
NHC,National HealthCare Corporation Common Stock,226.81500244140625,23416661.633770753,3601494528.0,Healthcare
NHI,"National Health Investors, Inc. Common Stock",66.0199966430664,26894008.17056503,3482175232.0,Real Estate
NI,NiSource Inc Common Stock,39.52000045776367,224956402.78992444,20009644032.0,Utilities
NIC,Nicolet Bankshares Inc. Common Stock,166.0399932861328,25995147.944425203,3536580096.0,Financial Services
NJR,NewJersey Resources Corporation Common Stock,51.595001220703125,39198288.55516815,5372055552.0,Utilities
NKE,"Nike, Inc. Common Stock",33.689998626708984,1506320975.788831,54540828672.0,Consumer Cyclical
NLY,Annaly Capital Management Inc. Common Stock,18.684999465942383,244690728.68088952,16755070976.0,Real Estate
NNN,"NNN REIT, Inc. Common Stock",40.900001525878906,89901354.09061813,8506399232.0,Real Estate
NOC,Northrop Grumman Corporation Common Stock,479.8900146484375,472293917.2956909,73874194432.0,Industrials
NOG,"Northern Oil and Gas, Inc. Common Stock",23.56999969482422,50334094.81839981,2750032896.0,Energy
NOV,NOV Inc. Common Stock,18.94499969482422,64025838.88428497,7478910464.0,Energy
NOW,"ServiceNow, Inc. Common Stock",135.1699981689453,1586720894.2090888,136299208704.0,Technology
NPO,Enpro Inc. Common Stock,334.2300109863281,47760154.38962708,6236315648.0,Industrials
NRG,"NRG Energy, Inc. Common Stock",95.2499008178711,296192615.99446297,23699128320.0,Utilities
NSC,Norfolk Southern Corporation Common Stock,317.5050048828125,324061515.3570679,73051619328.0,Industrials
NSP,"Insperity, Inc. Common Stock",46.900001525878906,22167268.290157318,1914729088.0,Industrials
NTR,Nutrien Ltd. Common Shares,70.20500183105469,198953693.32035065,38463131648.0,Basic Materials
NTST,NetSTREIT Corp. Common Stock,17.549999237060547,30318121.1493,1955408512.0,Real Estate
NU,Nu Holdings Ltd. Class A Ordinary Shares,13.375,1031812851.2626162,72025571328.0,Financial Services
NUE,Nucor Corporation Common Stock,240.86500549316406,308189000.44791186,57782968320.0,Basic Materials
NUVB,Nuvation Bio Inc. Class A Common Stock,5.130000114440918,28824519.23287034,2231388160.0,Healthcare
NVO,Novo Nordisk A/S Common Stock,37.185001373291016,561352487.1750641,196708450304.0,Healthcare
NVR,"NVR, Inc. Common Stock",5960.06005859375,249786962.11342773,16155154432.0,Consumer Cyclical
NVS,Novartis AG Common Stock,140.27000427246094,343555220.23633194,262564757504.0,Healthcare
NVST,Envista Holdings Corporation Common Stock,23.514999389648438,73588827.41002998,4171241984.0,Healthcare
NVT,nVent Electric plc Ordinary Shares ,169.74000549316406,303120748.5693985,25324294144.0,Industrials
NXE,Nexgen Energy Ltd. Common Shares,8.989999771118164,38477713.325013444,6870553600.0,Energy
NYT,New York Times Company (The) Common Stock,61.88999938964844,236168512.6692047,10673747968.0,Communication Services
O,Realty Income Corporation Common Stock,54.0098991394043,499077723.3944874,56896094208.0,Real Estate
OBDC,Blue Owl Capital Corporation Common Stock,10.305000305175781,34627468.402871706,5441827840.0,Financial Services
OC,Owens Corning Inc Common Stock New,118.25,143353771.66686097,9885828096.0,Industrials
OGE,OGE Energy Corp Common Stock,45.220001220703125,82195423.11967544,9660382208.0,Utilities
OGN,Organon & Co. Common Stock ,13.725000381469727,32152347.974935435,3585931776.0,Healthcare
OGS,"ONE Gas, Inc. Common Stock",72.4800033569336,46470377.45687141,4948359680.0,Utilities
OHI,"Omega Healthcare Investors, Inc. Common Stock",45.869998931884766,95818995.2788992,15066431488.0,Real Estate
OI,"O-I Glass, Inc. Common Stock",5.635000228881836,21956912.101863004,1004934720.0,Consumer Cyclical
OII,"Oceaneering International, Inc. Common Stock",44.474998474121094,42840157.27769394,4965036544.0,Energy
OKE,"ONEOK, Inc. Common Stock",87.46499633789062,340782325.325943,60001177600.0,Energy
OKLO,Oklo Inc. Class A common stock,36.005001068115234,383864484.7030287,7595100672.0,Utilities
OLN,Olin Corporation Common Stock,15.954999923706055,44934400.89053345,1981015552.0,Basic Materials
OMC,Omnicom Group Inc. Common Stock,73.9800033569336,247755482.87047654,22518341632.0,Communication Services
OMF,"OneMain Holdings, Inc. Common Stock",56.38999938964844,55453260.77932358,7137172992.0,Financial Services
ONON,On Holding AG Class A Ordinary Shares,30.684999465942383,343905330.21203995,8925203456.0,Consumer Cyclical
ONTO,Onto Innovation Inc. Common Stock,327.9599914550781,226213654.96493682,16471543808.0,Technology
OPLN,"OPENLANE, Inc. Common Stock",35.560001373291016,38737444.49027538,4263289856.0,Consumer Cyclical
OR,OR Royalties Inc. Common Shares,34.27000045776367,28876133.357954025,6741058560.0,Basic Materials
ORA,"Ormat Technologies, Inc. Common Stock",92.74500274658203,95110603.29256745,6042074112.0,Utilities
ORC,"Orchid Island Capital, Inc. Common Stock",5.144999980926514,33657535.17529754,1271372800.0,Real Estate
ORCL,Oracle Corporation Common Stock,141.86000061035156,5204046366.606936,453069275136.0,Technology
ORI,Old Republic International Corporation Common Stock,38.07500076293945,60203627.50608444,9928905728.0,Financial Services
OSCR,"Oscar Health, Inc. Class A Common Stock",30.905000686645508,169126613.65330154,9894417408.0,Healthcare
OSK,Oshkosh Corporation (Holding Company)Common Stock,134.0449981689453,89652431.15499648,9200559104.0,Industrials
OTF,Blue Owl Technology Finance Corp. Common Stock,9.585000038146973,20482167.26516824,4914038272.0,Financial Services
OTIS,Otis Worldwide Corporation Common Stock ,63.875,327278731.9439713,26037784576.0,Industrials
OUT,OUTFRONT Media Inc. Common Stock,28.729999542236328,47776633.385688975,5023377408.0,Real Estate
OVV,Ovintiv Inc. (DE),60.27000045776367,208248381.69446927,17622185984.0,Energy
OWL,Blue Owl Capital Inc. Class A Common Stock,9.149999618530273,184085310.58240604,16596343808.0,Financial Services
OXY,Occidental Petroleum Corporation Common Stock,57.75,545109504.7030197,60608016384.0,Energy
P,"Everpure, Inc. Class A common stock",140.08999633789062,836533150.6544495,31789881344.0,Technology
PAAS,Pan American Silver Corp. Common Stock,45.34000015258789,155710077.9410757,21145518080.0,Basic Materials
PAC,"Grupo Aeroportuario Del Pacifico, S.A. B. de C.V. Grupo Aeroportuario Del Pacifico, S.A. de C.V. (each representing 10 Series B shares)",199.89999389648438,29410773.968014527,12445698048.0,Industrials
PACS,"PACS Group, Inc. Common Stock",42.415000915527344,33288598.21517525,7126214144.0,Healthcare
PAG,"Penske Automotive Group, Inc. Common Stock",203.8249969482422,84871721.50297165,14248186880.0,Consumer Cyclical
PAGS,PagSeguro Digital Ltd. Class A Common Shares,8.954999923706055,28503199.80200968,2664118784.0,Technology
PARR,"Par Pacific Holdings, Inc.  Common Stock",85.05000305175781,77712380.06894302,4140734208.0,Energy
PATH,"UiPath, Inc. Class A Common Stock",13.09000015258789,705902173.5475016,7064262144.0,Technology
PAY,"Paymentus Holdings, Inc. Class A Common Stock",30.90999984741211,37025353.36470757,4434964480.0,Technology
PAYC,"Paycom Software, Inc. Common Stock",221.77000427246094,165106341.36183318,9792260096.0,Technology
PB,"Prosperity Bancshares, Inc. Common Stock",67.18000030517578,80115463.9170105,8512120832.0,Financial Services
PBA,Pembina Pipeline Corp. Ordinary Shares (Canada),45.93000030517578,52555190.62140808,28124000256.0,Energy
PBF,PBF Energy Inc. Class A Common Stock,80.63999938964844,296991899.993148,9196088320.0,Energy
PBH,Prestige Consumer Healthcare Inc. Common Stock,45.4900016784668,28570715.673871614,2324194048.0,Healthcare
PBI,Pitney Bowes Inc. Common Stock,16.670000076293945,30042472.87387104,2325049856.0,Industrials
PBR,Petroleo Brasileiro S.A. Petrobras ADS,21.459999084472656,431987299.6209297,135106142208.0,Energy
PCG,Pacific Gas & Electric Co. Common Stock,12.295000076293945,532042943.9554666,31361705984.0,Utilities
PCOR,"Procore Technologies, Inc. Common Stock",50.994998931884766,136495339.95715886,8114415616.0,Technology
PD,"PagerDuty, Inc. Common Stock",15.34000015258789,23887055.426753808,1064423744.0,Technology
PDI,PIMCO Dynamic Income Fund Common Stock,14.484999656677246,66113549.97627912,7159077888.0,Financial Services
PEB,Pebblebrook Hotel Trust Common Shares of Beneficial Interest,19.0,39355705.21870079,2009514496.0,Real Estate
PEG,Public Service Enterprise Group Incorporated Common Stock,68.06500244140625,235225863.5882782,36255371264.0,Utilities
PEN,"Penumbra, Inc. Common Stock",317.989990234375,119347385.25491333,12560302080.0,Healthcare
PFE,"Pfizer, Inc. Common Stock",27.55500030517578,884258758.3156475,156769517568.0,Healthcare
PFGC,Performance Food Group Company Common Stock,93.29000091552734,136349193.2271553,14896751616.0,Consumer Defensive
PFS,"Provident Financial Services, Inc Common Stock",22.469999313354492,20008138.84301548,2987982080.0,Financial Services
PFSI,"PennyMac Financial Services, Inc. Common Stock",62.494998931884766,39732479.21544876,3625394944.0,Financial Services
PG,Procter & Gamble Company (The) Common Stock,144.50999450683594,1141991353.2247758,330941169664.0,Consumer Defensive
PGR,Progressive Corporation (The) Common Stock,209.24000549316406,589300857.1993774,125999923200.0,Financial Services
PH,Parker-Hannifin Corporation Common Stock,971.5549926757812,544992066.3252442,118145556480.0,Industrials
PHIN,PHINIA Inc. Common Stock,60.33000183105469,26494829.73840027,2426540800.0,Consumer Cyclical
PHM,"PulteGroup, Inc. Common Stock",115.8550033569336,201560880.3377754,21888786432.0,Consumer Cyclical
PII,Polaris Inc. Common Stock,53.83000183105469,44807361.00189743,3319467008.0,Consumer Cyclical
PINS,"Pinterest, Inc. Class A Common Stock",19.28499984741211,280097977.8408707,10404922368.0,Communication Services
PIPR,Piper Sandler Companies Common Stock,65.66000366210938,58949115.90104675,5400623104.0,Financial Services
PJT,PJT Partners Inc. Class A Common Stock,138.69000244140625,65961741.70806579,7480708096.0,Financial Services
PK,Park Hotels & Resorts Inc. Common Stock ,15.505000114440918,46506285.33959007,3085509888.0,Real Estate
PKG,Packaging Corporation of America Common Stock,229.13999938964844,140886469.89497527,20363415552.0,Consumer Cyclical
PL,Planet Labs PBC Class A Common Stock,17.43000030517578,207164664.51758766,6323677696.0,Industrials
PLD,"Prologis, Inc. Common Stock",129.2050018310547,468180573.9125061,132243308544.0,Real Estate
PLNT,"Planet Fitness, Inc. Common Stock",42.2599983215332,123418094.69976616,3727989504.0,Consumer Cyclical
PM,Philip Morris International Inc Common Stock,187.2949981689453,832156405.9480591,296682061824.0,Consumer Defensive
PNC,"PNC Financial Services Group, Inc. (The) Common Stock",221.32000732421875,406219124.6806488,95730524160.0,Financial Services
PNFP,"Pinnacle Financial Partners, Inc. Common stock",95.05000305175781,98842576.15736084,14821128192.0,Financial Services
PNR,Pentair plc. Ordinary Share,53.31999969482422,140434597.8554283,9104856064.0,Industrials
PNW,Pinnacle West Capital Corporation Common Stock,95.7699966430664,111949359.78007317,11776735232.0,Utilities
POR,Portland General Electric Co Common Stock,44.3849983215332,69980229.41564675,5756899328.0,Utilities
POST,"Post Holdings, Inc. Common Stock",72.71499633789062,72359254.91882324,3649374208.0,Consumer Defensive
PPG,"PPG Industries, Inc. Common Stock",105.44999694824219,184938053.99244842,23201452032.0,Basic Materials
PPL,PPL Corporation Common Stock,32.845001220703125,234548525.11489677,25785948160.0,Utilities
PR,Permian Resources Corporation Class A Common Stock,22.075000762939453,232521084.425527,19741218816.0,Energy
PRG,"PROG Holdings, Inc. Common Stock",31.56999969482422,22832563.63748131,1484923136.0,Industrials
PRGO,Perrigo Company plc Ordinary Shares,14.335000038146973,40246033.27480622,1972604928.0,Healthcare
PRI,"Primerica, Inc. Common Stock",275.8500061035156,55391883.898887634,8894346240.0,Financial Services
PRIM,Primoris Services Corporation Common Stock,78.41000366210938,96856204.37814331,3929221632.0,Industrials
PRKS,United Parks & Resorts Inc. Common Stock,32.40999984741211,25763920.41449661,1754481920.0,Consumer Cyclical
PRLB,"Proto Labs, Inc. Common stock",99.08000183105469,21078711.439678192,1904182912.0,Industrials
PRM,"Perimeter Solutions, SA Common Stock",27.639999389648438,39007313.69680977,5041557504.0,Basic Materials
PRMB,Primo Brands Corporation Class A Common Stock,19.4950008392334,80244846.85910845,7474137600.0,Consumer Defensive
PRU,"Prudential Financial, Inc. Common Stock",112.40499877929688,178220815.07498017,40733011968.0,Financial Services
PS,Pershing Square Inc. Common Stock,52.005001068115234,35879878.513012886,20802000427.246094,
PSA,Public Storage Common Stock,284.5350036621094,248535271.21037596,55009312768.0,Real Estate
PSN,Parsons Corporation Common Stock,41.290000915527344,52850633.8852005,4914917376.0,Technology
PSX,Phillips 66 Common Stock,265.7650146484375,854200117.6457062,103669628928.0,Energy
PTY,Pimco Corporate & Income Opportunity Fund,11.095000267028809,21951412.90448594,2545682176.0,Financial Services
PUK,Prudential Public Limited Company Common Stock,24.46500015258789,26967267.30628834,33265719296.0,Financial Services
PUMP,ProPetro Holding Corp. Common Stock,9.229999542236328,40855443.16180305,1419230464.0,Energy
PVH,PVH Corp. Common Stock,75.48999786376953,67965851.14858627,3151675136.0,Consumer Cyclical
PWR,"Quanta Services, Inc. Common Stock",677.4299926757812,513219997.1948608,93624844288.0,Industrials
Q,"Qnity Electronics, Inc. Common Stock",131.5,177986157.4328476,26025050112.0,Technology
QGEN,Qiagen N.V. Common Shares,45.0099983215332,88781061.94222966,8714089472.0,Healthcare
QSR,Restaurant Brands International Inc. Common Shares,70.06500244140625,247300272.993721,35166887936.0,Consumer Cyclical
QTWO,"Q2 Holdings, Inc. Common Stock",56.470001220703125,35966640.57954941,3750011392.0,Technology
QXO,"QXO, Inc. Common Stock",12.015000343322754,239927730.1245504,12798277632.0,Industrials
R,"Ryder System, Inc. Common Stock",237.1999969482422,59269314.367175296,9378493440.0,Industrials
RACE,Ferrari N.V. Common Shares,387.5899963378906,166264528.63429108,71747018752.0,Consumer Cyclical
RAL,Ralliant Corporation Common Stock,74.03500366210938,96159628.05737534,7314411008.0,Technology
RAMP,"LiveRamp Holdings, Inc. Common Stock",37.67499923706055,50677088.81421089,2296530688.0,Technology
RBA,"RB Global, Inc. Common Stock",82.03500366210938,137790439.23238677,15107065856.0,Industrials
RBC,RBC Bearings Incorporated Common Stock,515.25,156065080.04539186,15092753408.0,Industrials
RBLX,Roblox Corporation Class A Common Stock,44.099998474121094,545451320.3771877,32082622464.0,Communication Services
RBRK,"Rubrik, Inc. Class A Common Stock",117.8499984741211,314053476.00079155,18872420352.0,Technology
RCI,"Rogers Communication, Inc. Common Stock",31.030000686645508,42668424.26565371,19669602304.0,Communication Services
RCL,Royal Caribbean Cruises Ltd. Common Stock,275.4200134277344,813310668.3444351,69270085632.0,Consumer Cyclical
RCUS,"Arcus Biosciences, Inc. Common Stock",24.135000228881836,44722023.65934019,3524587776.0,Healthcare
RDDT,"Reddit, Inc. Class A Common Stock",148.52000427246094,720674536.9783798,29661751296.0,Communication Services
RDN,Radian Group Inc. Common Stock,32.369998931884766,53669108.655815504,4768139776.0,Financial Services
RDW,Redwire Corporation Common Stock,10.814299583435059,146034102.83815408,2783667712.0,Industrials
RDY,Dr. Reddy's Laboratories Ltd Common Stock,12.225000381469727,37513082.04863987,9779281920.0,Healthcare
REXR,"Rexford Industrial Realty, Inc. Common Stock",36.8849983215332,108017345.15825157,8480086528.0,Real Estate
REZI,"Resideo Technologies, Inc. Common Stock ",18.729999542236328,38401228.38198547,2878266880.0,Industrials
RF,Regions Financial Corporation Common Stock,27.094999313354492,257338090.08081228,25238413312.0,Financial Services
RGA,"Reinsurance Group of America, Incorporated Common Stock",249.7949981689453,83489998.76853943,16100125696.0,Financial Services
RH,RH Common Stock,121.03500366210938,112407347.67009735,2639166976.0,Consumer Cyclical
RHI,Robert Half Inc. Common Stock,35.81999969482422,66093614.76856232,3919890432.0,Industrials
RHP,"Ryman Hospitality Properties, Inc. (REIT)",121.41500091552734,69852216.04285431,8448505856.0,Real Estate
RIG,Transocean Ltd (Switzerland) Common Stock,5.144999980926514,241829381.3993074,6343879168.0,Energy
RIO,Rio Tinto Plc Common Stock,93.66999816894531,168127479.73218766,161123418112.0,Basic Materials
RITM,Rithm Capital Corp. Common Stock,8.7608003616333,57616331.444894314,5419340288.0,Real Estate
RJF,"Raymond James Financial, Inc. Common Stock",158.22500610351562,209859829.40670472,33728702464.0,Financial Services
RKT,"Rocket Companies, Inc. Class A Common Stock",11.795000076293945,463198430.350412,36924616704.0,Financial Services
RL,Ralph Lauren Corporation Common Stock,362.1119079589844,229393774.51122743,20153395200.0,Consumer Cyclical
RLI,RLI Corp. Common Stock (DE),55.79999923706055,40872921.31457424,5617425408.0,Financial Services
RMD,ResMed Inc. Common Stock,219.83999633789062,267578746.73630065,31678527488.0,Healthcare
RNG,"RingCentral, Inc. Class A Common Stock",77.53980255126953,113278587.72741851,5784889344.0,Technology
RNR,RenaissanceRe Holdings Ltd. Common Stock,324.3999938964844,100834846.28775176,13477356544.0,Financial Services
RNST,Renasant Corporation Common Stock,39.869998931884766,28886806.522244833,3664176640.0,Financial Services
ROG,Rogers Corporation Common Stock,161.7100067138672,36926296.554317474,2356720640.0,Technology
ROK,"Rockwell Automation, Inc. Common Stock",451.510009765625,285236698.0923767,46206795776.0,Industrials
ROL,"Rollins, Inc. Common Stock",30.225000381469727,249746332.69299603,16791975936.0,Consumer Cyclical
RPM,RPM International Inc. Common Stock,98.94000244140625,91280111.86280671,12540924928.0,Basic Materials
RRC,Range Resources Corporation Common Stock,37.939998626708984,103521083.82034779,9622922240.0,Energy
RRX,Regal Rexnord Corporation Common Stock,161.3300018310547,175025789.4255516,10371350528.0,Industrials
RS,"Reliance, Inc. Common Stock",399.2850036621094,105060923.5956192,20048003072.0,Basic Materials
RSG,"Republic Services, Inc. Common Stock",208.52000427246094,336014067.9706062,68453916672.0,Industrials
RSI,"Rush Street Interactive, Inc. Class A Common Stock",20.28499984741211,84248155.73796329,6136717824.0,Consumer Cyclical
RTX,RTX Corporation Common Stock,184.83999633789062,740781745.1641114,266303651840.0,Industrials
RVTY,"Revvity, Inc. Common Stock",151.14999389648438,317207489.73515624,13511996416.0,Healthcare
RXO,"RXO, Inc. Common Stock",23.920000076293945,36619655.59502592,3237499648.0,Industrials
RY,Royal Bank Of Canada Common Stock,195.47500610351562,197879884.18884277,285947068416.0,Financial Services
RYAN,"Ryan Specialty Holdings, Inc. Class A Common Stock",37.654998779296875,82340724.83610153,10113654784.0,Financial Services
RYN,Rayonier Inc. REIT Common Stock,18.225000381469727,69006176.23301563,6058307072.0,Real Estate
S,"SentinelOne, Inc. Class A Common Stock",25.219999313354492,193167534.8595832,6814801920.0,Technology
SAH,"Sonic Automotive, Inc. Common Stock",63.41999816894531,23514823.1741127,2378539520.0,Consumer Cyclical
SAM,"Boston Beer Company, Inc. (The) Common Stock",166.0800018310547,45112402.42290573,1691247104.0,Consumer Defensive
SAN,"Banco Santander, S.A. Sponsored ADR (Spain)",13.3149995803833,103119820.96050271,212532477952.0,Financial Services
SAP,SAP  SE ADS,207.0,389700408.52408755,238666366976.0,Technology
SARO,"StandardAero, Inc. Common Stock",21.100000381469727,89887353.77407141,7958611968.0,Industrials
SBH,"Sally Beauty Holdings, Inc. (Name to be changed from Sally Holdings, Inc.) Common Stock",16.56999969482422,20969137.817691993,1491403136.0,Consumer Cyclical
SBSW,D/B/A Sibanye-Stillwater Limited ADS,9.944999694824219,57649131.570154384,9114466304.0,Basic Materials
SCCO,Southern Copper Corporation Common Stock,203.8300018310547,205919958.69400787,164638998528.0,Basic Materials
SCHW,Charles Schwab Corporation (The) Common Stock,97.06999969482422,861417657.3363888,185393430528.0,Financial Services
SCI,Service Corporation International Common Stock,77.15499877929688,77629199.16729736,10919682048.0,Consumer Cyclical
SDEV,Stablecoin Development Corporation Common Stock,7.009699821472168,99515118.55598506,350625961.3774681,
SDRL,Seadrill Limited Common Shares,44.290000915527344,27831218.127313994,2980725248.0,Energy
SEB,Seaboard Corporation Common Stock,4014.080078125,44532983.98725586,4136075008.0,Industrials
SECZ,Securitize Corp. Common Stock,12.805000305175781,62685827.45295038,2090617146.249733,
SEI,"Solaris Energy Infrastructure, Inc. Class A Common Stock",74.80999755859375,187857837.3929817,6486374912.0,Energy
SF,Stifel Financial Corporation Common Stock,70.4000015258789,104505896.13500138,12122418176.0,Financial Services
SFBS,"ServisFirst Bancshares, Inc. Common Stock",40.040000915527344,28791159.48856163,4560780800.0,Financial Services
SG,"Sweetgreen, Inc. Class A Common Stock",9.005000114440918,40657127.922369525,802933632.0,Consumer Cyclical
SGHC,Super Group (SGHC) Limited Ordinary Shares,11.335000038146973,34289053.92838459,6975894016.0,Consumer Cyclical
SGI,Somnigroup International Inc. Common Stock,62.724998474121094,200221806.6867546,13848360960.0,Consumer Cyclical
SHAK,"Shake Shack, Inc. Class A Common Stock",60.900001525878906,89607135.13539124,2701423360.0,Consumer Cyclical
SHO,"Sunstone Hotel Investors, Inc. Sunstone Hotel Investors, Inc. Common Shares",11.390000343322754,20872771.907781363,2043523840.0,Real Estate
SHW,Sherwin-Williams Company (The) Common Stock,319.4700012207031,543406713.7569427,76903358464.0,Basic Materials
SIG,Signet Jewelers Limited Common Shares,102.1449966430664,116657516.65607262,3672324608.0,Consumer Cyclical
SITE,"SiteOne Landscape Supply, Inc. Common Stock",89.80999755859375,97740158.23036957,4234758656.0,Industrials
SJM,The J.M. Smucker Company Common Stock,116.77999877929688,155535015.96884155,13067680768.0,Consumer Defensive
SKM,"SK Telecom Co., Ltd. Common Stock",36.6349983215332,40446346.990880966,14161703936.0,Communication Services
SKT,Tanger Inc. Common Stock,34.970001220703125,31731143.95675812,4384681472.0,Real Estate
SKY,"Champion Homes, Inc. Common Stock",87.69999694824219,44319566.07227936,4369279488.0,Consumer Cyclical
SLB,SLB Limited Common Shares,48.89849853515625,714341535.137471,82013749248.0,Energy
SLF,Sun Life Financial Inc. Common Stock,78.43499755859375,40118128.20156403,43777249280.0,Financial Services
SLG,SL Green Realty Corp Common Stock,49.060001373291016,43042746.042588234,4000609536.0,Real Estate
SLGN,Silgan Holdings Inc. Common Stock,35.13999938964844,47124561.638851166,4023842816.0,Consumer Cyclical
SM,SM Energy Company Common Stock,35.09000015258789,147149344.97688848,9012290560.0,Energy
SMA,"SmartStop Self Storage REIT, Inc. Common Stock",32.279998779296875,24236372.66383324,1772912384.0,Real Estate
SMG,Scotts Miracle-Gro Company (The) Common Stock,49.224998474121094,56873652.407217026,3256259840.0,Basic Materials
SMR,NuScale Power Corporation Class A Common Stock,7.84499979019165,329003590.77971566,4218516992.0,Industrials
SN,"SharkNinja, Inc. Ordinary Shares",181.6999969482422,345936100.5789711,23572742144.0,Consumer Cyclical
SNA,Snap-On Incorporated Common Stock,368.3450012207031,106826510.67862853,19337668608.0,Industrials
SNAP,Snap Inc. Class A Common Stock,5.715000152587891,177454192.31604987,9014252544.0,Communication Services
SNDR,"Schneider National, Inc. Common Stock",32.95500183105469,22103971.634540938,5956724224.0,Industrials
SNN,"Smith & Nephew SNATS, Inc. Common Stock",26.40999984741211,38165357.757740974,11621750784.0,Healthcare
SNOW,Snowflake Inc. Common Stock,339.2300109863281,1456398366.768814,119839105024.0,Technology
SNX,TD SYNNEX Corporation Common Stock,279.1000061035156,300067034.32186586,20662140928.0,Technology
SO,Southern Company (The) Common Stock,83.76000213623047,538441448.5343895,102083207168.0,Utilities
SOBO,South Bow Corporation Common Shares,33.810001373291016,26132085.82477379,7590521856.0,Energy
SOLV,Solventum Corporation Common Stock,88.41000366210938,74952289.53479004,15172040704.0,Healthcare
SON,Sonoco Products Company Common Stock,48.75,58151628.11930466,4779312640.0,Consumer Cyclical
SPB,"Spectrum Brands Holdings, Inc. Common Stock",78.67500305175781,24372556.777469635,1959684736.0,Consumer Defensive
SPG,"Simon Property Group, Inc. Common Stock",200.60000610351562,251641288.2357437,78441603072.0,Real Estate
SPGI,S&P Global Inc. Common Stock,384.05999755859375,759902353.0564331,122648592384.0,Financial Services
SPHR,Sphere Entertainment Co. Class A Common Stock,128.0,69661357.27318725,5012821504.0,Communication Services
SPNT,SiriusPoint Ltd. Common Shares,24.53499984741211,27133365.58534832,2828618240.0,Financial Services
SPOT,Spotify Technology S.A. Ordinary Shares,473.8500061035156,732546829.3262908,108032786432.0,Communication Services
SPXC,"SPX Technologies, Inc. Common Stock",173.38999938964844,108769427.6908081,9467153408.0,Industrials
SQM,Sociedad Quimica y Minera S.A. Common Stock,64.42500305175781,69678740.60983887,20675895296.0,Basic Materials
SR,Spire Inc. Common Stock,77.44000244140625,43175684.03849335,4815624704.0,Utilities
SRE,DBA Sempra Common Stock,78.55500030517578,273431789.5668629,55483445248.0,Utilities
SSB,SouthState Bank Corporation Common Stock,101.62000274658203,65158756.95144959,10146445312.0,Financial Services
SSD,"Simpson Manufacturing Company, Inc. Common Stock",174.42999267578125,52411310.85688476,7100595712.0,Basic Materials
ST,Sensata Technologies Holding plc Ordinary Shares,43.665000915527344,55559300.107465364,6064478720.0,Technology
STAG,"Stag Industrial, Inc. Common Stock",36.2400016784668,59053166.16212635,7323025408.0,Real Estate
STE,STERIS plc (Ireland) Ordinary Shares,208.13499450683594,136742672.2150116,20811399168.0,Healthcare
STM,STMicroelectronics N.V. Common Stock,56.79999923706055,449947437.7402725,44727738368.0,Technology
STN,Stantec Inc Common Stock,67.6449966430664,23501581.353630066,7914063360.0,Industrials
STNG,Scorpio Tankers Inc. Common Shares,85.95500183105469,96764412.44238739,4194313216.0,Energy
STT,State Street Corporation Common Stock,176.49000549316406,382188544.69086915,52750979072.0,Financial Services
STUB,"StubHub Holdings, Inc. Class A Common Stock",5.429999828338623,39646984.08712864,2279166720.0,Communication Services
STWD,"STARWOOD PROPERTY TRUST, INC. Starwood Property Trust Inc.",13.114999771118164,71470660.8277587,5930092032.0,Real Estate
STZ,"Constellation Brands, Inc. Common Stock",112.87000274658203,266335266.08306617,20879124480.0,Consumer Defensive
SU,Suncor Energy  Inc. Common Stock,69.5,287563384.523111,80441278464.0,Energy
SUI,"Sun Communities, Inc. Common Stock",110.5999984741211,120553195.63221893,14854868992.0,Real Estate
SUNB,"Sunbelt Rentals Holdings, Inc. Common Stock",76.9124984741211,471828260.99354744,59548389376.0,Industrials
SVM,Silvercorp Metals Inc. Common Shares,10.505000114440918,20281816.405336905,2696504832.0,Basic Materials
SW,Smurfit WestRock plc Ordinary Shares,42.650001525878906,189505547.952713,22197809152.0,Consumer Cyclical
SWK,"Stanley Black & Decker, Inc. Common Stock",90.76000213623047,152564581.07853317,13472194560.0,Industrials
SWX,"Southwest Gas Holdings, Inc. Common Stock (DE)",82.41999816894531,68048425.6958336,6376684032.0,Utilities
SXI,Standex International Corporation Common Stock,293.1700134277344,37928886.33729553,3242305536.0,Industrials
SXT,Sensient Technologies Corporation Common Stock,128.92999267578125,41817790.220062256,5615483904.0,Basic Materials
SYF,Synchrony Financial Common Stock,72.25499725341797,212043901.1564106,24510187520.0,Financial Services
SYK,Stryker Corporation Common Stock,275.760009765625,863660725.9529969,105480282112.0,Healthcare
SYY,Sysco Corporation Common Stock,77.48999786376953,382506053.13304293,39180472320.0,Consumer Defensive
T,AT&T Inc.,24.29990005493164,946624020.527558,175455338496.0,Communication Services
TAC,TransAlta Corporation Ordinary Shares,12.359999656677246,22684743.403191663,3825648640.0,Utilities
TALO,"Talos Energy, Inc. Common Stock",16.700000762939453,34713077.85000801,2886833152.0,Energy
TAP,Molson Coors Beverage Company Class B Common Stock,36.86000061035156,210860777.20046693,7087113728.0,Consumer Defensive
TBBB,BBB Foods Inc. Class A Common Shares,52.56999969482422,32505071.18398285,6164375040.0,Consumer Defensive
TD,Toronto Dominion Bank (The) Common Stock,117.6449966430664,178937238.62083244,194589573120.0,Financial Services
TDC,Teradata Corporation Common Stock,30.290000915527344,43299787.98880768,2560290048.0,Technology
TDG,Transdigm Group Incorporated Common Stock,1090.3299560546875,435614578.0946411,63256412160.0,Industrials
TDOC,"Teladoc Health, Inc. Common Stock",5.525000095367432,20052193.430298924,1117356672.0,Healthcare
TDS,"Telephone and Data Systems, Inc. Common Shares",35.46500015258789,58598764.25826816,4294978048.0,Communication Services
TDW,Tidewater Inc. Common Stock,82.18000030517578,48201267.55815353,4533290496.0,Energy
TDY,Teledyne Technologies Incorporated Common Stock,619.97998046875,165955980.87443846,27739338752.0,Technology
TECK,Teck Resources Ltd Ordinary Shares,67.91999816894531,199813066.04358292,31864469504.0,Basic Materials
TEL,TE Connectivity plc Ordinary Shares,220.9600067138672,378050241.0494499,58209939456.0,Technology
TEN,Tsakos Energy Navigation Ltd Common Shares,49.56999969482422,26997276.03006172,1378940416.0,Energy
TEVA,Teva Pharmaceutical Industries Limited Ordinary Shares,39.61000061035156,201968787.13281173,46196852301.07854,
TEX,Terex Corporation Common Stock,56.720001220703125,67227893.04392548,6865429504.0,Industrials
TFC,Truist Financial Corporation Common Stock,46.45000076293945,377543697.1980152,60800339968.0,Financial Services
TFII,TFI International Inc. Common Shares,118.58999633789062,30079246.901791383,10927974400.0,Industrials
TFX,Teleflex Incorporated Common Stock,124.43250274658203,104351114.50646324,5685952000.0,Healthcare
TGB,Trekor Metals Limited Common Shares,8.835000038146973,46262702.760817096,2992240896.0,Basic Materials
TGT,Target Corporation Common Stock,155.0399932861328,523571764.6466576,71164755968.0,Consumer Defensive
THC,Tenet Healthcare Corporation Common Stock,258.5625,190682481.34511107,21326260224.0,Healthcare
THG,Hanover Insurance Group Inc,220.23989868164062,70391541.60450745,7850740736.0,Financial Services
THO,"Thor Industries, Inc. Common Stock",70.08999633789062,62722050.19249115,3729910784.0,Consumer Cyclical
TJX,"TJX Companies, Inc. (The) Common Stock",132.84579467773438,1163497091.0417175,139493785600.0,Consumer Cyclical
TKO,"TKO Group Holdings, Inc. Class A Common Stock",176.05999755859375,224436425.787677,35820240896.0,Communication Services
TKR,Timken Company (The) Common Stock,122.30500030517578,111498491.40523186,8124951040.0,Industrials
TM,Toyota Motor Corporation Common Stock,181.1699981689453,57715751.5279335,228169056256.0,Consumer Cyclical
TMO,Thermo Fisher Scientific Inc Common Stock,653.772216796875,1477748308.6764648,221718970368.0,Healthcare
TNET,"TriNet Group, Inc. Common Stock",63.209999084472656,20308434.479537584,3054730496.0,Industrials
TNK,Teekay Tankers Ltd.,102.26499938964844,47221493.53947906,3337415936.0,Energy
TNL,Travel   Leisure Co. Common  Stock,62.79999923706055,45908534.07946396,3993447168.0,Consumer Cyclical
TOL,"Toll Brothers, Inc. Common Stock",136.75,155385211.52459106,12039005184.0,Consumer Cyclical
TOST,"Toast, Inc. Class A Common Stock",30.06999969482422,254793922.89419746,18787891200.0,Technology
TPB,"Turning Point Brands, Inc. Common Stock",56.36000061035156,26487815.036761474,1437458432.0,Consumer Defensive
TPC,Tutor Perini Corporation Common Stock,87.21499633789062,36161225.166426085,4557216768.0,Industrials
TPL,Texas Pacific Land Corporation Common Stock,337.3900146484375,138043578.75322264,25359230976.0,Energy
TPR,"Tapestry, Inc. Common Stock",117.51000213623047,360132971.0359581,23103514624.0,Consumer Cyclical
TREX,"Trex Company, Inc. Common Stock",43.904998779296875,70750160.77749176,4594401792.0,Industrials
TRGP,"Targa Resources, Inc. Common Stock",278.9750061035156,315105336.64788055,62135676928.0,Energy
TRLV,Trulieve Cannabis Corp. Subordinate Voting Shares,10.649999618530273,31618324.612580873,2283823360.0,Healthcare
TRNO,Terreno Realty Corporation Common Stock,64.69999694824219,49988145.03753586,7128837632.0,Real Estate
TRP,TC Energy Corporation Common Stock,58.779998779296875,205264677.30164108,64849989632.0,Energy
TRU,TransUnion Common Stock,64.33999633789062,204586071.37213898,14710090752.0,Financial Services
TRV,"The Travelers Companies, Inc. Common Stock",361.4100036621094,493342542.2616867,76367659008.0,Financial Services
TSM,Taiwan Semiconductor Manufacturing Company Ltd.,471.31500244140625,4387400252.559204,2207466913792.0,Technology
TSN,"Tyson Foods, Inc. Common Stock",51.685001373291016,191675833.3176031,18504759296.0,Consumer Defensive
TT,Trane Technologies plc,462.6499938964844,496529106.1392746,96372359168.0,Industrials
TTC,Toro Company (The) Common Stock,98.79000091552734,86603665.78340873,8917763072.0,Industrials
TTE,TotalEnergies SE Ordinary Shares,84.68000030517578,137347150.22950667,201294495744.0,Energy
TU,Telus Corporation Ordinary Shares,8.0649995803833,60474025.57864213,14592375808.0,Communication Services
TWLO,Twilio Inc. Class A Common Stock,294.8699951171875,700009364.4804382,35468963840.0,Technology
TXNM,"TXNM Energy, Inc. Common Stock",58.45000076293945,102453820.22619686,5957095936.0,Utilities
TXT,Textron Inc. Common Stock,77.25499725341797,149265651.74805298,13752878080.0,Industrials
TYL,"Tyler Technologies, Inc. Common Stock",323.6099853515625,239112521.2543091,14048062464.0,Technology
U,Unity Software Inc. Common Stock,44.04999923706055,420433033.3808554,18373711872.0,Technology
UBER,"Uber Technologies, Inc. Common Stock",68.25,1336520626.970616,144041328640.0,Technology
UBS,UBS Group AG Registered Ordinary Shares,47.790000915527344,110559577.74980621,165823954944.0,Financial Services
UCB,"United Community Banks, Inc. Common Stock",33.95500183105469,29508881.185569763,4183970048.0,Financial Services
UDR,"UDR, Inc. Common Stock",33.375,145823097.1528572,13108843520.0,Real Estate
UEC,Uranium Energy Corp. Common Stock,9.30620002746582,93155997.6211917,5455967744.0,Energy
UGI,UGI Corporation Common Stock,37.15999984741211,74596918.16195278,8223736832.0,Utilities
UHS,"Universal Health Services, Inc. Common Stock",174.22999572753906,136738432.033815,10247291904.0,Healthcare
UI,Ubiquiti Inc. Common Stock,609.8037109375,81848893.43840332,33658015744.0,Technology
ULS,UL Solutions Inc. Class A Common Stock,66.98999786376953,65820890.4287323,14518591488.0,Industrials
UMAC,"Unusual Machines, Inc. Common Stock",21.78499984741211,60694498.639351085,1251410432.0,Technology
UMC,United Microelectronics Corporation (NEW) Common Stock,26.21500015258789,255872644.5481348,55161450496.0,Technology
UNF,Unifirst Corporation Common Stock,249.5449981689453,99749563.26725158,4946744320.0,Industrials
UNFI,"United Natural Foods, Inc. Common Stock",45.369998931884766,32294920.751425363,2682747136.0,Consumer Defensive
UNH,UnitedHealth Group Incorporated Common Stock (DE),369.17999267578125,1897344652.313614,354507325440.0,Healthcare
UNM,Unum Group Common Stock,88.82499694824219,185057059.1625595,14830971904.0,Financial Services
UNP,Union Pacific Corporation Common Stock,277.489990234375,668221922.0113586,171165040640.0,Industrials
UPS,"United Parcel Service, Inc. Common Stock",92.91999816894531,455903807.16379166,84950540288.0,Industrials
URI,"United Rentals, Inc. Common Stock",1078.68994140625,487806669.2566406,61966753792.0,Industrials
USB,U.S. Bancorp Common Stock,57.599998474121094,473830190.32405585,96271998976.0,Financial Services
USFD,US Foods Holding Corp. Common Stock,97.24500274658203,247979834.74705774,20886730752.0,Consumer Defensive
UTI,Universal Technical Institute Inc Common Stock,19.635000228881836,38635731.089995384,1153694208.0,Consumer Defensive
UTZ,Utz Brands Inc Class A Common Stock ,14.270000457763672,21192757.395897865,1261409152.0,Consumer Defensive
UUUU,Energy Fuels Inc Ordinary Shares (Canada),10.744999885559082,84870190.08716449,3661818368.0,Energy
V,Visa Inc.,360.9949951171875,2217346055.602216,684160843776.0,Financial Services
VAC,Marriott Vacations Worldwide Corporation Common Stock,104.52999877929688,42617259.48438873,3492844800.0,Consumer Cyclical
VAL,Valaris Limited Common Shares,78.12000274658203,108902331.46726418,5845800960.0,Energy
VEEV,Veeva Systems Inc. Class A Common Stock,274.1300048828125,398472875.4590637,42418495488.0,Healthcare
VFC,V.F. Corporation Common Stock,14.164999961853027,109826890.12348136,4927941632.0,Consumer Cyclical
VG,"Venture Global, Inc. Class A common stock",13.232099533081055,205750809.02280006,38988951552.0,Energy
VGNT,Versigent PLC Ordinary Shares,46.707801818847656,34675031.02451706,3308559519.4055557,
VIA,"Via Transportation, Inc. Class A Common Stock",29.760000228881836,25610828.649632167,2146857984.0,Technology
VICI,VICI Properties Inc. Common Stock,22.764999389648438,258687454.93181723,27604013056.0,Real Estate
VIK,Viking Holdings Ltd Ordinary Shares,80.44000244140625,386173966.88473815,37678391296.0,Consumer Cyclical
VIRT,"Virtu Financial, Inc. Class A Common Stock",59.79999923706055,64140823.70883713,5465812480.0,Financial Services
VLO,Valero Energy Corporation Common Stock,406.7200012207031,1538280598.330745,110644764672.0,Energy
VLTO,Veralto Corp Common Stock ,94.83000183105469,161030323.65648574,22797115392.0,Industrials
VMC,Vulcan Materials Company (Holding Company) Common Stock,243.82000732421875,309524387.5979584,32123215872.0,Basic Materials
VMI,"Valmont Industries, Inc. Common Stock",481.3399963378906,83876883.76630402,9242062848.0,Industrials
VMRK,Vivmark Residential Common Shares of Beneficial Interest,59.95000076293945,388716724.27473414,50504560640.0,Real Estate
VNO,Vornado Realty Trust Common Stock,33.78499984741211,48011887.71395397,7105259008.0,Real Estate
VNT,Vontier Corporation Common Stock ,32.0,41465253.37363396,4252053504.0,Technology
VOYA,"Voya Financial, Inc. Common Stock",96.80000305175781,115434120.07811737,9325988864.0,Financial Services
VOYG,"Voyager Technologies, Inc. Class A Common Stock",30.670000076293945,85067464.58315401,2079870464.0,Industrials
VPG,"Vishay Precision Group, Inc. Common Stock",79.6500015258789,21471781.815465927,825600256.0,Technology
VRT,"Vertiv Holdings, LLC Class A Common Stock",251.3699951171875,1316276987.8232331,95523258368.0,Industrials
VSH,"Vishay Intertechnology, Inc. Common Stock",38.45989990234375,104585714.02380829,4721777664.0,Technology
VST,Vistra Corp. Common Stock,137.17999267578125,694974833.1792328,50253815808.0,Utilities
VSTS,Vestis Corporation Common Stock,13.960000038146973,22460658.296626043,1737958272.0,Industrials
VSXY,Victorias Secret & Co. Common Stock ,90.2300033569336,139902703.81811103,5797648896.0,Consumer Cyclical
VTR,"Ventas, Inc. Common Stock",84.37000274658203,322592000.4926872,46555013120.0,Real Estate
VVV,Valvoline Inc. Common Stock,30.924999237060547,86729031.92729835,3821620224.0,Consumer Cyclical
VVX,"V2X, Inc. Common Stock",70.54000091552734,53952896.07398643,2294793728.0,Industrials
VYLR,Vylor Inc. Common Stock,70.0,682719615.0396729,46703720000.0,
VYX,NCR Voyix Corporation Common Stock,6.735000133514404,22824408.799940895,1123198720.0,Technology
VZ,Verizon Communications Inc. Common Stock,45.90999984741211,1005295733.4962008,209005969408.0,Communication Services
W,Wayfair Inc. Class A Common Stock,101.26000213623047,241401818.56861,12845898752.0,Consumer Cyclical
WAB,Westinghouse Air Brake Technologies Corporation Common Stock,287.3999938964844,213938112.34888458,47129501696.0,Industrials
WAL,Western Alliance Bancorporation Common Stock (DE),76.3499984741211,87067736.35586509,8537142784.0,Financial Services
WAT,Waters Corporation Common Stock,426.2099914550781,292755150.92895967,39091228672.0,Healthcare
WBI,WaterBridge Infrastructure LLC Class A Shares Representing Limited Liability Company Interests,28.860000610351562,22437134.018090058,4016030208.0,Energy
WCC,"WESCO International, Inc. Common Stock",384.0224914550781,171762292.8912155,17042366464.0,Industrials
WCN,"Waste Connections, Inc. Common Shares",153.8699951171875,199415636.8978302,40638697472.0,Industrials
WEC,"WEC Energy Group, Inc. Common Stock",101.66999816894531,291867935.89510345,34709475328.0,Utilities
WELL,Welltower Inc. Common Stock,228.0399932861328,597221061.0358375,172375244800.0,Real Estate
WEX,WEX Inc. common stock,171.0800018310547,102201529.80931625,6402060288.0,Technology
WFC,Wells Fargo & Company Common Stock,80.31999969482422,1144415205.3293827,269801209856.0,Financial Services
WH,"Wyndham Hotels & Resorts, Inc. Common Stock ",71.30000305175781,84178124.9850212,5165093888.0,Consumer Cyclical
WHD,"Cactus, Inc. Class A Common Stock",63.869998931884766,49671837.71005402,4748828672.0,Energy
WHR,Whirlpool Corporation Common Stock,30.145000457763672,96807945.21003494,2306754048.0,Consumer Cyclical
WK,Workiva Inc. Class A Common Stock,71.22000122070312,76465229.94200745,4096784384.0,Technology
WKC,World Kinect Corporation Common Stock,35.79999923706055,40157036.92375946,1818184192.0,Energy
WLK,Westlake Corporation Common Stock,63.83000183105469,53907776.747693636,9090167808.0,Basic Materials
WLY,"John Wiley & Sons, Inc. Common Stock",47.72999954223633,25869650.06880474,2415601152.0,Communication Services
WM,"Waste Management, Inc. Common Stock",203.5,454605279.01155394,86594297856.0,Industrials
WMB,"Williams Companies, Inc. (The) Common Stock",70.16999816894531,520410191.3030136,89872228352.0,Energy
WMS,"Advanced Drainage Systems, Inc. Common Stock",128.41000366210938,98529797.48283386,9709116416.0,Industrials
WOLF,"Wolfspeed, Inc. Common Stock New",35.20000076293945,70198011.30595799,1316973056.0,Technology
WOR,"Worthington Enterprises, Inc. Common Shares",60.93000030517578,30612959.335030366,2852920832.0,Industrials
WPC,W. P. Carey Inc. REIT,64.4800033569336,109383395.98989066,16002320384.0,Real Estate
WPM,Wheaton Precious Metals Corp Common Shares (Canada),135.48500061035156,261777256.82680893,68728029184.0,Basic Materials
WRB,W.R. Berkley Corporation Common Stock,68.94000244140625,262702603.9262573,26082447360.0,Financial Services
WRBY,Warby Parker Inc. Class A Common Stock,27.434999465942383,89139671.78524761,2939399680.0,Healthcare
WSM,"Williams-Sonoma, Inc. Common Stock (DE)",232.02000427246094,255348221.26402742,26229878784.0,Consumer Cyclical
WSO,"Watsco, Inc. Common Stock",298.82000732421875,140559005.64813232,12593472512.0,Industrials
WST,"West Pharmaceutical Services, Inc. Common Stock",364.25,226924627.3039917,23418941440.0,Healthcare
WT,"WisdomTree, Inc. Common Stock",24.774999618530273,68536237.32192516,3643866112.0,Financial Services
WTM,"White Mountains Insurance Group, Ltd. Common Stock",2018.9649658203125,39527948.6097229,4911967232.0,Financial Services
WTRG,"Essential Utilities, Inc. Common Stock",39.220001220703125,102088617.6386879,12029374464.0,Utilities
WTS,"Watts Water Technologies, Inc. Class A Common Stock",364.2950134277344,67946694.63209686,11637664768.0,Industrials
WTTR,"Select Water Solutions, Inc. Class A common stock",20.139999389648438,37072156.953228,2906772992.0,Energy
WU,Western Union Company (The) Common Stock,6.03000020980835,56700910.181238055,2164689664.0,Financial Services
WY,Weyerhaeuser Company Common Stock,18.594999313354492,149960998.322052,15971509248.0,Real Estate
XOM,ExxonMobil Holdings Corporation Common Stock,164.10499572753906,2251099721.9112625,675874930688.0,Energy
XPO,"XPO, Inc. Common Stock",186.89999389648438,197808398.24796447,21514637312.0,Industrials
XYL,Xylem Inc. Common Stock New,101.73999786376953,297596203.907568,24810309632.0,Industrials
XYZ,"Block, Inc. Class A Common Stock,",74.87999725341797,293991920.5195057,47613005824.0,Technology
YELP,Yelp Inc. Common Stock,18.21500015258789,28495837.96239109,1112946816.0,Communication Services
YETI,"YETI Holdings, Inc. Common Stock",40.869998931884766,73151287.02339649,2913348096.0,Consumer Cyclical
YOU,"Clear Secure, Inc. Class A Common Stock",41.314998626708984,86510045.28392944,5839566336.0,Technology
YUM,"Yum! Brands, Inc.",136.90499877929688,319437638.5493485,39195418624.0,Consumer Cyclical
YUMC,"Yum China Holdings, Inc. Common Stock",39.77000045776367,53630559.073545456,14405273600.0,Consumer Cyclical
ZBH,"Zimmer Biomet Holdings, Inc. Common Stock",87.98500061035156,199689965.14798737,17735745536.0,Healthcare
ZETA,Zeta Global Holdings Corp. Class A Common Stock,32.47990036010742,162608630.84695798,7665955328.0,Technology
ZIM,ZIM Integrated Shipping Services Ltd. Ordinary Shares,29.540000915527344,50481093.810574725,3501698816.0,Industrials
ZTS,Zoetis Inc. Class A Common Stock,69.91500091552734,330231082.4157921,30062018560.0,Healthcare
ZWS,Zurn Elkay Water Solutions Corporation Common Stock,48.15999984741211,40312172.747338295,7599063552.0,Industrials
